"","Div","Date","HomeTeam","AwayTeam","FTHG","FTAG","FTR","HTHG","HTAG","HTR","PSH","PSD","PSA","HTCS","CS","HS","HST","AS","AST","HY","AY","HR","AR","HCO","ACO","HF","AF","TG","TC","TF","COSC","OV15","OV25","OV35","TY","TR","all_matchday"
"5287","B1",2025-07-25,"Antwerp","St. Gilloise",1,1,"D",1,0,"H",3.9,3.5,1.9,"1-0","1-1",8,4,17,8,3,3,0,0,2,5,9,16,2,7,25,"2-5","Y","N","N",6,0,1
"5288","B1",2025-07-26,"Dender","Cercle Brugge",0,0,"D",0,0,"D",2.75,3.4,2.3,"0-0","0-0",11,3,10,2,0,2,0,0,3,3,12,13,0,6,25,"3-3","N","N","N",2,0,1
"5289","B1",2025-07-26,"Waregem","Mechelen",1,1,"D",0,1,"A",3.1,3.5,2.1,"0-1","1-1",21,5,7,2,3,2,0,0,9,6,8,8,2,15,16,"9-6","Y","N","N",5,0,1
"5290","B1",2025-07-26,"RAAL La Louviere","Standard",0,2,"A",0,2,"A",2.5,3.25,2.63,"0-2","0-2",14,2,9,4,2,1,0,0,5,1,15,12,2,6,27,"5-1","Y","N","N",3,0,1
"5291","B1",2025-07-27,"Anderlecht","Westerlo",5,2,"H",2,0,"H",1.7,3.8,4.2,"2-0","5-2",25,10,10,4,4,3,0,0,8,3,14,14,7,11,28,"8-3","Y","Y","Y",7,0,1
"5292","B1",2025-07-27,"Oud-Heverlee Leuven","Charleroi",2,2,"D",1,0,"H",2.75,3.3,2.38,"1-0","2-2",7,3,15,7,2,2,0,0,4,8,15,14,4,12,29,"4-8","Y","Y","Y",4,0,1
"5293","B1",2025-07-27,"Club Brugge","Genk",2,1,"H",0,1,"A",1.73,3.7,4.2,"0-1","2-1",18,4,17,10,1,2,1,0,8,6,10,7,3,14,17,"8-6","Y","Y","N",3,1,1
"5294","B1",2025-07-27,"St Truiden","Gent",3,1,"H",0,0,"D",2.05,3.5,3.13,"0-0","3-1",14,5,12,2,1,1,0,0,4,6,13,10,4,10,23,"4-6","Y","Y","Y",2,0,1
"5295","B1",2025-08-01,"Mechelen","Club Brugge",2,1,"H",1,0,"H",3.75,3.9,1.83,"1-0","2-1",9,5,20,6,4,0,0,0,2,3,11,7,3,5,18,"2-3","Y","Y","N",4,0,2
"5296","B1",2025-08-02,"Westerlo","Waregem",3,1,"H",2,1,"H",1.8,3.8,3.7,"2-1","3-1",13,6,12,4,1,1,0,0,3,5,7,10,4,8,17,"3-5","Y","Y","Y",2,0,2
"5297","B1",2025-08-02,"Standard","Dender",1,1,"D",0,0,"D",1.87,3.3,3.9,"0-0","1-1",10,6,9,2,3,3,0,0,5,1,11,13,2,6,24,"5-1","Y","N","N",6,0,2
"5298","B1",2025-08-02,"Gent","RAAL La Louviere",1,0,"H",0,0,"D",1.67,3.75,4.4,"0-0","1-0",11,6,5,1,0,1,0,0,5,2,12,19,1,7,31,"5-2","N","N","N",1,0,2
"5299","B1",2025-08-03,"Genk","Antwerp",1,1,"D",1,1,"D",1.57,4,5,"1-1","1-1",15,3,6,5,0,2,0,0,4,2,11,10,2,6,21,"4-2","Y","N","N",2,0,2
"5300","B1",2025-08-03,"Cercle Brugge","Anderlecht",0,2,"A",0,1,"A",2.88,3.3,2.3,"0-1","0-2",12,2,9,5,2,2,0,0,5,3,7,21,2,8,28,"5-3","Y","N","N",4,0,2
"5301","B1",2025-08-03,"St. Gilloise","Oud-Heverlee Leuven",5,0,"H",2,0,"H",1.3,5,8.5,"2-0","5-0",19,10,6,0,1,2,0,0,4,7,12,9,5,11,21,"4-7","Y","Y","Y",3,0,2
"5302","B1",2025-08-03,"Charleroi","St Truiden",1,1,"D",1,1,"D",1.95,3.5,3.4,"1-1","1-1",4,2,14,4,5,1,1,0,1,7,18,14,2,8,32,"1-7","Y","N","N",6,1,2
"5303","B1",2025-08-08,"St Truiden","Dender",2,0,"H",1,0,"H",1.83,3.6,3.75,"1-0","2-0",14,3,6,2,3,0,0,1,4,2,18,7,2,6,25,"4-2","Y","N","N",3,1,3
"5304","B1",2025-08-09,"Club Brugge","Cercle Brugge",2,0,"H",0,0,"D",1.4,4.4,6.5,"0-0","2-0",14,5,10,2,2,3,0,1,9,5,15,11,2,14,26,"9-5","Y","N","N",5,1,3
"5305","B1",2025-08-09,"Westerlo","Mechelen",0,1,"A",0,0,"D",2.4,3.7,2.5,"0-0","0-1",18,2,6,3,1,1,0,0,8,5,9,7,1,13,16,"8-5","N","N","N",2,0,3
"5306","B1",2025-08-09,"Gent","St. Gilloise",2,3,"A",0,1,"A",5.25,3.9,1.55,"0-1","2-3",20,6,12,8,1,4,0,0,5,10,11,10,5,15,21,"5-10","Y","Y","Y",5,0,3
"5307","B1",2025-08-10,"RAAL La Louviere","Charleroi",1,0,"H",1,0,"H",3.25,3.25,2.1,"1-0","1-0",11,2,15,4,3,0,0,0,4,3,11,11,1,7,22,"4-3","N","N","N",3,0,3
"5308","B1",2025-08-10,"Anderlecht","Waregem",2,3,"A",0,1,"A",1.53,4,5.25,"0-1","2-3",20,7,9,6,0,3,0,0,6,5,11,11,5,11,22,"6-5","Y","Y","Y",3,0,3
"5309","B1",2025-08-10,"Standard","Genk",2,1,"H",1,0,"H",4.33,3.5,1.75,"1-0","2-1",7,5,19,5,3,3,0,0,2,6,11,16,3,8,27,"2-6","Y","Y","N",6,0,3
"5310","B1",2025-08-10,"Antwerp","Oud-Heverlee Leuven",3,1,"H",1,0,"H",1.87,3.5,3.7,"1-0","3-1",12,4,5,1,3,5,0,1,5,3,8,21,4,8,29,"5-3","Y","Y","Y",8,1,3
"5311","B1",2025-08-15,"Oud-Heverlee Leuven","Genk",1,2,"A",1,2,"A",5,3.9,1.62,"1-2","1-2",22,7,15,7,2,2,0,0,6,6,16,10,3,12,26,"6-6","Y","Y","N",4,0,4
"5312","B1",2025-08-16,"Waregem","Club Brugge",0,1,"A",0,0,"D",5.5,4.33,1.5,"0-0","0-1",5,1,19,4,2,2,0,0,3,9,9,9,1,12,18,"3-9","N","N","N",4,0,4
"5313","B1",2025-08-16,"Mechelen","Gent",1,1,"D",1,0,"H",1.9,3.7,3.4,"1-0","1-1",7,3,23,11,2,1,0,0,2,11,9,9,2,13,18,"2-11","Y","N","N",3,0,4
"5314","B1",2025-08-16,"St. Gilloise","Standard",3,0,"H",1,0,"H",1.3,4.75,9,"1-0","3-0",24,11,4,1,1,2,0,1,12,1,13,6,3,13,19,"12-1","Y","Y","N",3,1,4
"5315","B1",2025-08-17,"Dender","Anderlecht",0,2,"A",0,0,"D",3.6,3.5,1.9,"0-0","0-2",8,4,17,5,1,1,0,0,2,7,7,12,2,9,19,"2-7","Y","N","N",2,0,4
"5316","B1",2025-08-17,"St Truiden","RAAL La Louviere",2,1,"H",1,0,"H",1.62,3.7,5,"1-0","2-1",13,7,11,5,1,2,0,0,4,5,14,9,3,9,23,"4-5","Y","Y","N",3,0,4
"5317","B1",2025-08-17,"Charleroi","Antwerp",1,1,"D",1,1,"D",2.25,3.3,2.9,"1-1","1-1",13,4,10,5,3,3,0,0,4,1,18,17,2,5,35,"4-1","Y","N","N",6,0,4
"5318","B1",2025-08-17,"Cercle Brugge","Westerlo",4,1,"H",3,0,"H",2.15,3.6,2.9,"3-0","4-1",12,7,25,6,0,1,0,0,1,11,10,16,5,12,26,"1-11","Y","Y","Y",1,0,4
"5319","B1",2025-08-23,"Standard","Cercle Brugge",0,3,"A",0,3,"A",2.45,3.13,2.75,"0-3","0-3",15,3,18,9,1,3,0,0,4,3,4,12,3,7,16,"4-3","Y","Y","N",4,0,5
"5320","B1",2025-08-23,"Waregem","St Truiden",0,2,"A",0,0,"D",2.5,3.5,2.45,"0-0","0-2",6,2,18,4,2,0,1,0,2,11,10,14,2,13,24,"2-11","Y","N","N",2,1,5
"5321","B1",2025-08-24,"Antwerp","Mechelen",2,1,"H",1,1,"D",1.93,3.5,3.5,"1-1","2-1",9,2,25,8,0,3,1,0,6,13,13,8,3,19,21,"6-13","Y","Y","N",3,1,5
"5322","B1",2025-08-24,"RAAL La Louviere","St. Gilloise",0,0,"D",0,0,"D",NA,NA,NA,"0-0","0-0",5,1,10,5,2,3,0,0,5,2,6,15,0,7,21,"5-2","N","N","N",5,0,5
"5323","B1",2025-08-24,"Dender","Oud-Heverlee Leuven",0,1,"A",0,0,"D",2.2,3.3,3,"0-0","0-1",4,2,11,4,3,4,0,0,4,6,8,14,1,10,22,"4-6","N","N","N",7,0,5
"5324","B1",2025-08-29,"Cercle Brugge","St Truiden",1,1,"D",1,1,"D",2.15,3.5,3.13,"1-1","1-1",13,4,17,5,2,1,0,0,3,8,8,9,2,11,17,"3-8","Y","N","N",3,0,5
"5325","B1",2025-08-30,"Mechelen","RAAL La Louviere",3,2,"H",1,0,"H",1.6,3.8,5,"1-0","3-2",13,8,12,3,1,0,0,0,4,6,13,9,5,10,22,"4-6","Y","Y","Y",1,0,5
"5326","B1",2025-08-30,"Westerlo","Antwerp",2,0,"H",1,0,"H",2.45,3.5,2.55,"1-0","2-0",16,9,13,3,2,3,0,0,5,4,19,14,2,9,33,"5-4","Y","N","N",5,0,5
"5327","B1",2025-08-30,"Charleroi","Dender",3,1,"H",1,0,"H",1.7,3.6,4.5,"1-0","3-1",11,4,9,4,1,0,0,0,5,4,12,14,4,9,26,"5-4","Y","Y","Y",1,0,6
"5328","B1",2025-08-31,"Gent","Club Brugge",1,1,"D",0,0,"D",5,4,1.57,"0-0","1-1",14,2,14,6,4,2,0,0,6,7,12,11,2,13,23,"6-7","Y","N","N",6,0,6
"5329","B1",2025-08-31,"Oud-Heverlee Leuven","Standard",1,0,"H",0,0,"D",2.15,3.25,3.13,"0-0","1-0",9,3,7,1,3,3,0,0,4,4,12,11,1,8,23,"4-4","N","N","N",6,0,6
"5330","B1",2025-08-31,"St. Gilloise","Anderlecht",2,0,"H",1,0,"H",1.55,3.9,5.25,"1-0","2-0",16,5,9,4,1,6,0,2,5,5,7,17,2,10,24,"5-5","Y","N","N",7,2,6
"5331","B1",2025-08-31,"Genk","Waregem",3,2,"H",2,2,"D",1.36,4.75,7,"2-2","3-2",11,4,8,3,2,2,1,0,5,4,9,21,5,9,30,"5-4","Y","Y","Y",4,1,6
"5332","B1",2025-09-12,"Standard","Mechelen",1,1,"D",0,0,"D",2.3,3.3,3,"0-0","1-1",11,3,14,6,3,3,0,0,12,5,10,8,2,17,18,"12-5","Y","N","N",6,0,6
"5333","B1",2025-09-13,"Waregem","Oud-Heverlee Leuven",2,0,"H",2,0,"H",2.38,3.3,2.75,"2-0","2-0",12,8,25,6,3,4,0,0,2,6,14,18,2,8,32,"2-6","Y","N","N",7,0,6
"5334","B1",2025-09-13,"Dender","St. Gilloise",0,1,"A",0,0,"D",6.5,4.1,1.44,"0-0","0-1",5,2,18,4,0,0,0,0,1,6,5,12,1,7,17,"1-6","N","N","N",0,0,6
"5335","B1",2025-09-13,"RAAL La Louviere","Club Brugge",1,0,"H",1,0,"H",6,4.33,1.45,"1-0","1-0",13,4,21,6,0,1,0,0,5,6,15,10,1,11,25,"5-6","N","N","N",1,0,7
"5336","B1",2025-09-14,"Antwerp","Gent",1,2,"A",1,1,"D",2.38,3.4,2.7,"1-1","1-2",22,7,9,6,4,2,0,1,5,1,8,12,3,6,20,"5-1","Y","Y","N",6,1,7
"5337","B1",2025-09-14,"Cercle Brugge","Charleroi",2,3,"A",0,2,"A",2.1,3.4,3.13,"0-2","2-3",8,2,9,4,1,2,0,0,4,3,7,12,5,7,19,"4-3","Y","Y","Y",3,0,7
"5338","B1",2025-09-14,"Anderlecht","Genk",1,1,"D",0,0,"D",2.4,3.5,2.6,"0-0","1-1",9,3,18,3,2,3,1,0,3,7,16,7,2,10,23,"3-7","Y","N","N",5,1,7
"5339","B1",2025-09-14,"St Truiden","Westerlo",0,3,"A",0,1,"A",2.05,3.6,3.1,"0-1","0-3",17,3,12,6,1,2,0,0,8,3,11,14,3,11,25,"8-3","Y","Y","N",3,0,7
"5340","B1",2025-09-17,"Genk","Charleroi",0,1,"A",0,1,"A",1.67,3.8,4.4,"0-1","0-1",16,4,9,2,0,2,0,0,4,3,11,11,1,7,22,"4-3","N","N","N",2,0,7
"5341","B1",2025-09-19,"Gent","Dender",3,0,"H",1,0,"H",1.73,3.8,4.33,"1-0","3-0",15,3,15,4,1,1,0,0,2,5,8,5,3,7,13,"2-5","Y","Y","N",2,0,7
"5342","B1",2025-09-20,"Oud-Heverlee Leuven","RAAL La Louviere",1,2,"A",1,2,"A",1.95,3.25,3.7,"1-2","1-2",8,2,5,3,4,3,0,0,2,1,22,16,3,3,38,"2-1","Y","Y","N",7,0,7
"5343","B1",2025-09-20,"Charleroi","Waregem",1,2,"A",1,0,"H",1.73,3.7,4.2,"1-0","1-2",9,2,19,4,3,1,1,0,6,11,12,14,3,17,26,"6-11","Y","Y","N",4,1,8
"5344","B1",2025-09-20,"Anderlecht","Antwerp",0,0,"D",0,0,"D",1.65,3.75,4.6,"0-0","0-0",18,2,6,1,3,2,0,0,8,2,9,13,0,10,22,"8-2","N","N","N",5,0,8
"5345","B1",2025-09-21,"Genk","St. Gilloise",1,2,"A",0,1,"A",2.9,3.4,2.2,"0-1","1-2",15,7,11,6,2,4,0,0,8,5,11,12,3,13,23,"8-5","Y","Y","N",6,0,8
"5346","B1",2025-09-21,"Westerlo","Standard",0,2,"A",0,2,"A",1.83,3.5,3.9,"0-2","0-2",17,4,6,3,0,5,0,0,7,1,7,15,2,8,22,"7-1","Y","N","N",5,0,8
"5347","B1",2025-09-21,"Club Brugge","St Truiden",2,0,"H",1,0,"H",1.4,4.6,6.5,"1-0","2-0",20,9,7,3,1,2,0,0,5,0,10,11,2,5,21,"5-0","Y","N","N",3,0,8
"5348","B1",2025-09-21,"Mechelen","Cercle Brugge",0,0,"D",0,0,"D",2.45,3.5,2.55,"0-0","0-0",13,2,16,5,1,3,0,0,7,7,6,17,0,14,23,"7-7","N","N","N",4,0,8
"5349","B1",2025-09-23,"Anderlecht","Gent",1,0,"H",0,0,"D",1.67,4,4.6,"0-0","1-0",17,9,8,2,3,3,0,0,8,2,16,12,1,10,28,"8-2","N","N","N",6,0,8
"5350","B1",2025-09-24,"Club Brugge","Westerlo",5,5,"D",1,2,"A",1.29,5.5,8,"1-2","5-5",17,5,21,8,1,3,0,0,5,4,9,14,10,9,23,"5-4","Y","Y","Y",4,0,8
"5351","B1",2025-09-26,"Oud-Heverlee Leuven","Anderlecht",1,1,"D",0,0,"D",3.6,3.4,2,"0-0","1-1",17,8,10,2,4,3,0,0,2,5,16,7,2,7,23,"2-5","Y","N","N",7,0,9
"5352","B1",2025-09-27,"Waregem","Antwerp",2,0,"H",0,0,"D",2.55,3.3,2.55,"0-0","2-0",17,6,8,1,0,1,0,0,4,4,6,13,2,8,19,"4-4","Y","N","N",1,0,9
"5353","B1",2025-09-27,"Standard","Club Brugge",1,2,"A",1,1,"D",5.25,4,1.55,"1-1","1-2",18,5,15,5,4,2,1,0,7,8,13,7,3,15,20,"7-8","Y","Y","N",6,1,9
"5354","B1",2025-09-27,"St. Gilloise","Westerlo",2,0,"H",0,0,"D",1.3,5.25,7.5,"0-0","2-0",19,6,7,2,3,2,0,0,9,2,15,11,2,11,26,"9-2","Y","N","N",5,0,9
"5355","B1",2025-09-28,"St Truiden","Genk",1,2,"A",1,0,"H",3,3.5,2.1,"1-0","1-2",15,4,15,7,4,2,1,0,3,6,12,18,3,9,30,"3-6","Y","Y","N",6,1,9
"5356","B1",2025-09-28,"Cercle Brugge","Gent",2,4,"A",2,2,"D",2.1,3.5,3,"2-2","2-4",23,8,11,8,2,3,0,0,10,2,12,9,6,12,21,"10-2","Y","Y","Y",5,0,9
"5357","B1",2025-09-28,"Charleroi","Mechelen",0,2,"A",0,2,"A",2,3.6,3.25,"0-2","0-2",13,6,5,3,0,4,0,0,5,3,6,10,2,8,16,"5-3","Y","N","N",4,0,9
"5358","B1",2025-09-28,"Dender","RAAL La Louviere",0,0,"D",0,0,"D",NA,NA,NA,"0-0","0-0",10,2,10,2,1,3,0,0,4,2,8,7,0,6,15,"4-2","N","N","N",4,0,9
"5359","B1",2025-10-03,"Gent","Charleroi",2,1,"H",1,1,"D",2.05,3.6,3.3,"1-1","2-1",9,3,9,7,2,4,0,0,4,2,5,9,3,6,14,"4-2","Y","Y","N",6,0,10
"5360","B1",2025-10-04,"Mechelen","St Truiden",1,3,"A",1,0,"H",2.1,3.5,3,"1-0","1-3",10,3,19,9,3,1,0,0,5,9,18,14,4,14,32,"5-9","Y","Y","Y",4,0,10
"5361","B1",2025-10-04,"RAAL La Louviere","Waregem",0,0,"D",0,0,"D",2.3,3.25,2.88,"0-0","0-0",11,4,6,4,2,3,0,0,12,1,12,8,0,13,20,"12-1","N","N","N",5,0,10
"5362","B1",2025-10-04,"Antwerp","Cercle Brugge",1,1,"D",1,1,"D",2.3,3.4,2.75,"1-1","1-1",18,10,12,2,1,1,0,0,8,3,14,12,2,11,26,"8-3","Y","N","N",2,0,10
"5363","B1",2025-10-05,"Anderlecht","Standard",1,0,"H",0,0,"D",1.55,3.8,5.5,"0-0","1-0",16,6,9,1,3,3,0,1,6,4,18,12,1,10,30,"6-4","N","N","N",6,1,10
"5364","B1",2025-10-05,"Genk","Dender",2,1,"H",1,1,"D",1.33,4.8,8,"1-1","2-1",25,8,10,9,2,5,0,2,8,3,11,15,3,11,26,"8-3","Y","Y","N",7,2,10
"5365","B1",2025-10-05,"Club Brugge","St. Gilloise",1,0,"H",0,0,"D",2.2,3.5,2.88,"0-0","1-0",10,2,7,1,2,3,0,0,7,3,7,17,1,10,24,"7-3","N","N","N",5,0,10
"5366","B1",2025-10-05,"Westerlo","Oud-Heverlee Leuven",2,0,"H",1,0,"H",1.83,3.7,3.6,"1-0","2-0",17,5,8,4,2,2,0,0,6,6,13,27,2,12,40,"6-6","Y","N","N",4,0,10
"5367","B1",2025-10-18,"RAAL La Louviere","Westerlo",0,0,"D",0,0,"D",2.5,3.4,2.55,"0-0","0-0",8,1,7,0,0,1,0,0,2,2,11,15,0,4,26,"2-2","N","N","N",1,0,11
"5368","B1",2025-10-18,"Oud-Heverlee Leuven","Club Brugge",0,1,"A",0,0,"D",5,3.9,1.57,"0-0","0-1",17,5,11,4,2,1,0,0,4,11,16,12,1,15,28,"4-11","N","N","N",3,0,11
"5369","B1",2025-10-18,"St. Gilloise","Charleroi",3,1,"H",1,1,"D",1.36,4.5,7.5,"1-1","3-1",15,3,9,3,0,3,0,0,1,2,15,8,4,3,23,"1-2","Y","Y","Y",3,0,11
"5370","B1",2025-10-19,"Cercle Brugge","Genk",2,2,"D",1,1,"D",2.9,3.6,2.15,"1-1","2-2",18,7,16,5,3,2,0,0,4,4,10,9,4,8,19,"4-4","Y","Y","Y",5,0,11
"5371","B1",2025-10-19,"Dender","Mechelen",1,3,"A",0,1,"A",2.63,3.3,2.45,"0-1","1-3",19,6,11,6,1,0,0,0,4,4,16,12,4,8,28,"4-4","Y","Y","Y",1,0,11
"5372","B1",2025-10-19,"St Truiden","Anderlecht",2,2,"D",1,2,"A",2.88,3.4,2.25,"1-2","2-2",15,3,11,4,1,2,0,0,5,6,6,11,4,11,17,"5-6","Y","Y","Y",3,0,11
"5373","B1",2025-10-19,"Waregem","Gent",4,1,"H",3,0,"H",2.6,3.5,2.4,"3-0","4-1",15,8,14,5,0,2,0,0,3,12,7,16,5,15,23,"3-12","Y","Y","Y",2,0,11
"5374","B1",2025-10-20,"Standard","Antwerp",1,0,"H",1,0,"H",1.95,3.4,3.8,"1-0","1-0",11,4,16,3,2,3,1,0,4,5,19,19,1,9,38,"4-5","N","N","N",5,1,11
"5375","B1",2025-10-24,"Charleroi","Anderlecht",1,0,"H",0,0,"D",2.55,3.25,2.7,"0-0","1-0",8,3,15,2,2,2,0,0,5,9,8,18,1,14,26,"5-9","N","N","N",4,0,12
"5376","B1",2025-10-25,"Westerlo","Dender",1,1,"D",0,1,"A",1.7,3.8,4.2,"0-1","1-1",23,6,11,3,2,2,0,0,11,3,12,16,2,14,28,"11-3","Y","N","N",4,0,12
"5377","B1",2025-10-25,"Mechelen","Oud-Heverlee Leuven",1,1,"D",0,0,"D",2.1,3.4,3.13,"0-0","1-1",14,5,13,4,3,5,0,0,6,2,7,16,2,8,23,"6-2","Y","N","N",8,0,12
"5378","B1",2025-10-25,"Gent","Standard",4,0,"H",3,0,"H",1.87,3.5,3.75,"3-0","4-0",16,6,12,2,0,2,0,0,4,4,11,9,4,8,20,"4-4","Y","Y","Y",2,0,12
"5379","B1",2025-10-26,"Antwerp","Club Brugge",0,1,"A",0,1,"A",4.8,4.1,1.57,"0-1","0-1",11,4,10,4,2,1,0,0,1,5,9,11,1,6,20,"1-5","N","N","N",3,0,12
"5380","B1",2025-10-26,"Cercle Brugge","Waregem",1,1,"D",0,1,"A",1.75,3.75,4,"0-1","1-1",18,3,18,6,0,1,0,0,0,3,5,16,2,3,21,"0-3","Y","N","N",1,0,12
"5381","B1",2025-10-26,"Genk","RAAL La Louviere",1,1,"D",1,1,"D",NA,NA,NA,"1-1","1-1",17,7,10,2,1,3,0,0,9,3,13,18,2,12,31,"9-3","Y","N","N",4,0,12
"5382","B1",2025-10-26,"St. Gilloise","St Truiden",2,0,"H",0,0,"D",1.33,4.75,7.5,"0-0","2-0",17,6,11,2,1,2,0,0,5,6,7,11,2,11,18,"5-6","Y","N","N",3,0,12
"5383","B1",2025-10-31,"Standard","Charleroi",3,1,"H",1,1,"D",2.75,3.2,2.55,"1-1","3-1",8,5,12,4,2,3,0,0,4,5,10,14,4,9,24,"4-5","Y","Y","Y",5,0,13
"5384","B1",2025-11-01,"Waregem","St. Gilloise",1,4,"A",0,2,"A",4.5,3.8,1.65,"0-2","1-4",10,3,20,9,1,4,0,0,2,5,14,17,5,7,31,"2-5","Y","Y","Y",5,0,13
"5385","B1",2025-11-01,"Club Brugge","Dender",2,1,"H",2,0,"H",1.22,5.75,10,"2-0","2-1",19,5,14,5,1,1,0,0,7,4,10,13,3,11,23,"7-4","Y","Y","N",2,0,13
"5386","B1",2025-11-01,"Anderlecht","Mechelen",3,1,"H",2,1,"H",1.57,3.9,5,"2-1","3-1",19,7,7,1,1,1,0,0,9,2,14,7,4,11,21,"9-2","Y","Y","Y",2,0,13
"5387","B1",2025-11-02,"Westerlo","Genk",0,1,"A",0,1,"A",NA,NA,NA,"0-1","0-1",17,1,7,4,0,1,0,0,4,4,7,3,1,8,10,"4-4","N","N","N",1,0,13
"5388","B1",2025-11-02,"Oud-Heverlee Leuven","Gent",4,0,"H",2,0,"H",NA,NA,NA,"2-0","4-0",10,4,14,4,4,2,0,1,0,9,14,12,4,9,26,"0-9","Y","Y","Y",6,1,13
"5389","B1",2025-11-02,"St Truiden","Antwerp",1,0,"H",1,0,"H",NA,NA,NA,"1-0","1-0",22,9,5,1,3,2,0,1,6,4,12,12,1,10,24,"6-4","N","N","N",5,1,13
"5390","B1",2025-11-02,"RAAL La Louviere","Cercle Brugge",2,1,"H",1,0,"H",NA,NA,NA,"1-0","2-1",8,3,14,4,3,1,0,0,1,5,10,13,3,6,23,"1-5","Y","Y","N",4,0,13
"5391","B1",2025-11-07,"Dender","Waregem",2,2,"D",1,0,"H",2.4,3.5,2.7,"1-0","2-2",15,4,13,3,1,1,0,0,6,5,5,16,4,11,21,"6-5","Y","Y","Y",2,0,14
"5392","B1",2025-11-08,"Cercle Brugge","Oud-Heverlee Leuven",1,2,"A",1,0,"H",2,3.5,3.3,"1-0","1-2",17,5,9,4,1,1,0,0,8,3,10,18,3,11,28,"8-3","Y","Y","N",2,0,14
"5393","B1",2025-11-08,"Charleroi","Westerlo",2,0,"H",1,0,"H",2.05,3.5,3.13,"1-0","2-0",13,8,14,5,2,1,0,0,7,5,8,12,2,12,20,"7-5","Y","N","N",3,0,14
"5394","B1",2025-11-08,"Antwerp","RAAL La Louviere",3,1,"H",0,0,"D",2.15,3.13,3.25,"0-0","3-1",11,5,6,1,4,3,0,1,7,4,13,14,4,11,27,"7-4","Y","Y","Y",7,1,14
"5395","B1",2025-11-09,"Anderlecht","Club Brugge",1,0,"H",1,0,"H",2.8,3.5,2.25,"1-0","1-0",16,3,11,3,5,4,0,0,6,5,17,9,1,11,26,"6-5","N","N","N",9,0,14
"5396","B1",2025-11-09,"St Truiden","Standard",1,0,"H",0,0,"D",2,3.4,3.4,"0-0","1-0",16,2,4,3,0,1,0,0,9,1,8,11,1,10,19,"9-1","N","N","N",1,0,14
"5397","B1",2025-11-09,"Gent","Genk",1,1,"D",0,1,"A",2.9,3.6,2.15,"0-1","1-1",18,4,14,2,2,1,0,0,6,2,15,5,2,8,20,"6-2","Y","N","N",3,0,14
"5398","B1",2025-11-09,"Mechelen","St. Gilloise",1,1,"D",0,0,"D",5,3.9,1.57,"0-0","1-1",7,1,19,4,4,2,0,0,4,10,9,12,2,14,21,"4-10","Y","N","N",6,0,14
"5399","B1",2025-11-21,"Standard","Waregem",0,0,"D",0,0,"D",2.3,3.4,2.9,"0-0","0-0",21,8,6,2,2,1,1,1,5,3,13,12,0,8,25,"5-3","N","N","N",3,2,15
"5400","B1",2025-11-22,"St. Gilloise","Cercle Brugge",2,0,"H",1,0,"H",1.4,4.5,6.5,"1-0","2-0",17,6,8,1,2,4,0,0,7,4,17,10,2,11,27,"7-4","Y","N","N",6,0,15
"5401","B1",2025-11-22,"Westerlo","Gent",0,0,"D",0,0,"D",2.25,3.6,2.7,"0-0","0-0",20,5,10,3,3,3,0,0,9,2,10,11,0,11,21,"9-2","N","N","N",6,0,15
"5402","B1",2025-11-22,"Club Brugge","Charleroi",1,0,"H",0,0,"D",1.44,4.33,6,"0-0","1-0",17,5,11,1,2,1,0,0,6,11,5,9,1,17,14,"6-11","N","N","N",3,0,15
"5403","B1",2025-11-23,"Genk","Mechelen",0,1,"A",0,1,"A",1.5,4.33,5.25,"0-1","0-1",20,6,11,6,0,5,0,0,6,3,5,13,1,9,18,"6-3","N","N","N",5,0,15
"5404","B1",2025-11-23,"Antwerp","Dender",1,2,"A",0,0,"D",1.8,3.5,4,"0-0","1-2",15,6,9,2,1,4,0,0,5,3,15,14,3,8,29,"5-3","Y","Y","N",5,0,15
"5405","B1",2025-11-23,"RAAL La Louviere","Anderlecht",0,1,"A",0,0,"D",NA,NA,NA,"0-0","0-1",10,4,20,7,2,3,0,0,5,7,14,11,1,12,25,"5-7","N","N","N",5,0,15
"5406","B1",2025-11-23,"Oud-Heverlee Leuven","St Truiden",1,2,"A",1,2,"A",2.5,3.25,2.6,"1-2","1-2",19,6,8,4,3,2,0,0,10,1,15,13,3,11,28,"10-1","Y","Y","N",5,0,15
"5407","B1",2025-11-28,"Mechelen","Standard",0,1,"A",0,0,"D",2.25,3.4,3,"0-0","0-1",9,1,6,2,1,1,0,0,4,4,11,10,1,8,21,"4-4","N","N","N",2,0,16
"5408","B1",2025-11-29,"Dender","Westerlo",2,2,"D",1,0,"H",2.6,3.5,2.38,"1-0","2-2",8,4,19,5,4,1,0,0,2,4,16,13,4,6,29,"2-4","Y","Y","Y",5,0,16
"5409","B1",2025-11-29,"Waregem","Cercle Brugge",1,1,"D",1,0,"H",2.45,3.5,2.5,"1-0","1-1",7,2,13,4,1,2,0,0,6,7,13,13,2,13,26,"6-7","Y","N","N",3,0,16
"5410","B1",2025-11-29,"Charleroi","RAAL La Louviere",0,0,"D",0,0,"D",1.8,3.3,4.33,"0-0","0-0",17,5,6,0,0,1,0,0,6,5,12,13,0,11,25,"6-5","N","N","N",1,0,16
"5411","B1",2025-11-30,"Club Brugge","Antwerp",0,1,"A",0,0,"D",1.36,4.75,7,"0-0","0-1",27,6,12,5,0,3,0,0,9,4,11,15,1,13,26,"9-4","N","N","N",3,0,16
"5412","B1",2025-11-30,"Genk","Oud-Heverlee Leuven",2,1,"H",0,0,"D",1.5,4,5.75,"0-0","2-1",23,8,11,6,0,3,0,0,10,2,13,16,3,12,29,"10-2","Y","Y","N",3,0,16
"5413","B1",2025-11-30,"Anderlecht","St. Gilloise",1,0,"H",1,0,"H",2.9,3.3,2.25,"1-0","1-0",6,2,10,1,2,4,0,0,4,2,8,11,1,6,19,"4-2","N","N","N",6,0,16
"5414","B1",2025-11-30,"Gent","St Truiden",1,2,"A",1,0,"H",2.2,3.5,2.9,"1-0","1-2",19,4,14,4,2,2,0,0,5,6,9,10,3,11,19,"5-6","Y","Y","N",4,0,16
"5415","B1",2025-12-05,"RAAL La Louviere","Dender",1,2,"A",1,1,"D",2.15,3.2,3.4,"1-1","1-2",15,4,14,6,1,1,0,0,5,2,9,9,3,7,18,"5-2","Y","Y","N",2,0,17
"5416","B1",2025-12-06,"Cercle Brugge","Standard",1,2,"A",0,2,"A",1.87,3.5,3.7,"0-2","1-2",15,6,11,2,0,2,0,0,9,5,7,16,3,14,23,"9-5","Y","Y","N",2,0,17
"5417","B1",2025-12-06,"St. Gilloise","Gent",1,1,"D",0,1,"A",1.36,4.6,7,"0-1","1-1",20,10,6,4,1,1,0,0,8,0,13,6,2,8,19,"8-0","Y","N","N",2,0,17
"5418","B1",2025-12-06,"St Truiden","Club Brugge",3,2,"H",2,1,"H",3.7,3.8,1.8,"2-1","3-2",14,6,19,8,1,1,0,0,8,6,7,9,5,14,16,"8-6","Y","Y","Y",2,0,17
"5419","B1",2025-12-07,"Mechelen","Charleroi",1,0,"H",1,0,"H",2.8,3.4,2.3,"1-0","1-0",11,4,7,0,4,2,0,0,7,3,11,10,1,10,21,"7-3","N","N","N",6,0,17
"5420","B1",2025-12-07,"Westerlo","Anderlecht",4,0,"H",3,0,"H",2.8,3.6,2.2,"3-0","4-0",16,8,13,3,3,2,0,0,5,9,11,14,4,14,25,"5-9","Y","Y","Y",5,0,17
"5421","B1",2025-12-07,"Antwerp","Genk",3,0,"H",2,0,"H",3.25,3.4,2.05,"2-0","3-0",11,4,18,8,1,1,0,0,3,10,12,11,3,13,23,"3-10","Y","Y","N",2,0,17
"5422","B1",2025-12-07,"Oud-Heverlee Leuven","Waregem",1,1,"D",1,1,"D",2.05,3.4,3.2,"1-1","1-1",17,6,4,1,2,3,0,0,4,3,18,11,2,7,29,"4-3","Y","N","N",5,0,17
"5423","B1",2025-12-12,"Standard","Oud-Heverlee Leuven",0,1,"A",0,0,"D",2.3,3.2,3.13,"0-0","0-1",9,3,18,9,2,2,0,0,5,4,13,14,1,9,27,"5-4","N","N","N",4,0,18
"5424","B1",2025-12-13,"Cercle Brugge","Mechelen",2,3,"A",0,2,"A",1.75,3.7,4,"0-2","2-3",17,7,12,6,1,2,0,0,6,9,12,15,5,15,27,"6-9","Y","Y","Y",3,0,18
"5425","B1",2025-12-13,"Waregem","RAAL La Louviere",2,2,"D",1,1,"D",2.2,3.2,3.1,"1-1","2-2",9,4,8,4,1,2,0,0,3,2,12,13,4,5,25,"3-2","Y","Y","Y",3,0,18
"5426","B1",2025-12-13,"Anderlecht","St Truiden",2,1,"H",0,0,"D",1.87,3.6,3.6,"0-0","2-1",22,9,8,2,4,5,0,0,6,2,11,18,3,8,29,"6-2","Y","Y","N",9,0,18
"5427","B1",2025-12-14,"Gent","Antwerp",0,2,"A",0,1,"A",2.15,3.4,3,"0-1","0-2",15,3,13,5,0,1,1,0,5,1,7,9,2,6,16,"5-1","Y","N","N",1,1,18
"5428","B1",2025-12-14,"Dender","Club Brugge",1,5,"A",1,1,"D",5.25,4.2,1.5,"1-1","1-5",6,1,23,9,0,0,0,0,0,3,6,6,6,3,12,"0-3","Y","Y","Y",0,0,18
"5429","B1",2025-12-14,"Charleroi","St. Gilloise",1,1,"D",0,1,"A",4.1,3.4,1.8,"0-1","1-1",10,5,13,1,1,2,0,0,4,5,8,10,2,9,18,"4-5","Y","N","N",3,0,18
"5430","B1",2025-12-14,"Genk","Westerlo",1,1,"D",0,1,"A",1.65,4.1,4.2,"0-1","1-1",22,6,10,3,0,2,0,1,9,7,13,12,2,16,25,"9-7","Y","N","N",2,1,18
"5431","B1",2025-12-19,"Charleroi","Genk",2,2,"D",1,1,"D",2.8,3.25,2.45,"1-1","2-2",17,6,9,6,2,0,0,0,8,1,13,7,4,9,20,"8-1","Y","Y","Y",2,0,19
"5432","B1",2025-12-20,"Dender","Standard",0,1,"A",0,1,"A",2.55,3.2,2.6,"0-1","0-1",10,4,8,4,4,1,0,0,5,4,17,11,1,9,28,"5-4","N","N","N",5,0,19
"5433","B1",2025-12-20,"Westerlo","RAAL La Louviere",2,1,"H",1,0,"H",1.73,3.7,4.2,"1-0","2-1",14,4,14,3,1,0,0,0,4,5,10,5,3,9,15,"4-5","Y","Y","N",1,0,19
"5434","B1",2025-12-20,"St. Gilloise","Waregem",2,0,"H",1,0,"H",1.22,5.75,10.5,"1-0","2-0",8,5,9,0,1,2,0,0,5,3,10,9,2,8,19,"5-3","Y","N","N",3,0,19
"5435","B1",2025-12-21,"Club Brugge","Gent",2,1,"H",1,0,"H",1.4,4.6,6,"1-0","2-1",22,3,6,2,0,2,0,0,10,2,9,12,3,12,21,"10-2","Y","Y","N",2,0,19
"5436","B1",2025-12-21,"St Truiden","Mechelen",1,0,"H",1,0,"H",1.65,3.8,4.5,"1-0","1-0",9,5,10,2,2,2,0,0,2,6,12,9,1,8,21,"2-6","N","N","N",4,0,19
"5437","B1",2025-12-21,"Antwerp","Anderlecht",2,2,"D",2,0,"H",3.1,3.3,2.2,"2-0","2-2",23,9,12,3,0,3,0,0,6,5,12,12,4,11,24,"6-5","Y","Y","Y",3,0,19
"5438","B1",2025-12-21,"Oud-Heverlee Leuven","Cercle Brugge",0,2,"A",0,2,"A",2.5,3.4,2.55,"0-2","0-2",18,4,11,3,6,5,0,0,8,7,21,17,2,15,38,"8-7","Y","N","N",11,0,19
"5439","B1",2025-12-26,"Genk","Club Brugge",3,5,"A",1,3,"A",2.88,3.5,2.2,"1-3","3-5",22,7,8,6,3,3,0,0,9,2,13,12,8,11,25,"9-2","Y","Y","Y",6,0,20
"5440","B1",2025-12-26,"Cercle Brugge","St. Gilloise",1,1,"D",1,1,"D",3.7,3.5,1.87,"1-1","1-1",9,5,21,8,3,4,1,1,4,4,11,15,2,8,26,"4-4","Y","N","N",7,2,20
"5441","B1",2025-12-26,"Standard","St Truiden",1,2,"A",1,1,"D",2.7,3.3,2.4,"1-1","1-2",5,2,16,3,1,2,1,0,1,5,7,11,3,6,18,"1-5","Y","Y","N",3,1,20
"5442","B1",2025-12-26,"Anderlecht","Charleroi",1,2,"A",1,2,"A",1.7,3.5,4.6,"1-2","1-2",17,4,13,5,1,4,0,0,8,3,7,16,3,11,23,"8-3","Y","Y","N",5,0,20
"5443","B1",2025-12-27,"Antwerp","Waregem",2,1,"H",1,1,"D",2,3.4,3.4,"1-1","2-1",7,3,16,6,3,0,0,0,5,7,19,5,3,12,24,"5-7","Y","Y","N",3,0,20
"5444","B1",2025-12-27,"RAAL La Louviere","Oud-Heverlee Leuven",0,0,"D",0,0,"D",NA,NA,NA,"0-0","0-0",15,7,11,3,1,3,0,0,13,5,7,13,0,18,20,"13-5","N","N","N",4,0,20
"5445","B1",2025-12-27,"Mechelen","Dender",1,1,"D",1,0,"H",2.1,3.4,3.13,"1-0","1-1",14,6,17,9,2,5,0,1,5,6,13,11,2,11,24,"5-6","Y","N","N",7,1,20
"5446","B1",2025-12-27,"Gent","Westerlo",2,0,"H",2,0,"H",2.25,3.6,2.75,"2-0","2-0",18,5,14,5,1,1,0,0,4,3,17,15,2,7,32,"4-3","Y","N","N",2,0,20
"5447","B1",2026-01-16,"Club Brugge","RAAL La Louviere",2,3,"A",2,0,"H",1.3,5.5,9,"2-0","2-3",11,6,14,5,0,3,1,0,2,7,9,11,5,9,20,"2-7","Y","Y","Y",3,1,21
"5448","B1",2026-01-17,"Waregem","Genk",2,1,"H",0,0,"D",3.4,3.6,1.93,"0-0","2-1",22,10,7,5,2,2,0,0,4,0,9,14,3,4,23,"4-0","Y","Y","N",4,0,21
"5449","B1",2026-01-17,"Westerlo","Cercle Brugge",0,2,"A",0,2,"A",2.05,3.6,3.1,"0-2","0-2",17,6,8,2,0,4,0,0,7,4,11,11,2,11,22,"7-4","Y","N","N",4,0,21
"5450","B1",2026-01-17,"St. Gilloise","Mechelen",1,0,"H",1,0,"H",1.29,5,9,"1-0","1-0",15,6,4,1,4,2,0,0,7,0,16,13,1,7,29,"7-0","N","N","N",6,0,21
"5451","B1",2026-01-18,"Gent","Anderlecht",4,2,"H",1,2,"A",3,3.4,2.15,"1-2","4-2",18,6,10,4,4,3,0,0,9,8,12,18,6,17,30,"9-8","Y","Y","Y",7,0,21
"5452","B1",2026-01-18,"Dender","Antwerp",1,0,"H",1,0,"H",2.7,3.2,2.45,"1-0","1-0",10,1,7,0,2,0,0,0,2,5,14,9,1,7,23,"2-5","N","N","N",2,0,21
"5453","B1",2026-01-18,"Charleroi","Standard",2,0,"H",2,0,"H",1.75,3.3,4.5,"2-0","2-0",16,5,13,4,2,1,0,0,7,9,14,10,2,16,24,"7-9","Y","N","N",3,0,21
"5454","B1",2026-01-18,"St Truiden","Oud-Heverlee Leuven",1,0,"H",1,0,"H",1.73,3.6,4.33,"1-0","1-0",21,7,20,3,3,6,0,0,2,3,10,18,1,5,28,"2-3","N","N","N",9,0,21
"5455","B1",2026-01-23,"Standard","Gent",0,4,"A",0,2,"A",2.7,3.2,2.6,"0-2","0-4",13,1,15,7,2,0,0,0,8,4,13,11,4,12,24,"8-4","Y","Y","Y",2,0,22
"5456","B1",2026-01-24,"RAAL La Louviere","St Truiden",1,2,"A",0,0,"D",NA,NA,NA,"0-0","1-2",6,1,15,6,2,2,0,0,6,5,10,12,3,11,22,"6-5","Y","Y","N",4,0,22
"5457","B1",2026-01-24,"Club Brugge","Waregem",4,3,"H",1,2,"A",1.36,4.8,7,"1-2","4-3",17,7,5,4,3,3,0,0,7,0,11,13,7,7,24,"7-0","Y","Y","Y",6,0,22
"5458","B1",2026-01-24,"Oud-Heverlee Leuven","St. Gilloise",0,0,"D",0,0,"D",5,3.6,1.65,"0-0","0-0",17,5,13,2,3,2,0,0,4,9,16,15,0,13,31,"4-9","N","N","N",5,0,22
"5459","B1",2026-01-25,"Antwerp","Charleroi",0,2,"A",0,1,"A",NA,NA,NA,"0-1","0-2",11,4,12,3,2,2,0,0,4,6,13,15,2,10,28,"4-6","Y","N","N",4,0,22
"5460","B1",2026-01-25,"Genk","Cercle Brugge",1,1,"D",1,0,"H",NA,NA,NA,"1-0","1-1",14,6,11,2,1,0,0,0,4,2,9,9,2,6,18,"4-2","Y","N","N",1,0,22
"5461","B1",2026-01-25,"Anderlecht","Dender",0,0,"D",0,0,"D",NA,NA,NA,"0-0","0-0",20,3,9,2,2,4,0,0,6,6,13,16,0,12,29,"6-6","N","N","N",6,0,22
"5462","B1",2026-01-25,"Mechelen","Westerlo",1,1,"D",0,1,"A",NA,NA,NA,"0-1","1-1",14,2,12,4,3,1,0,0,9,5,10,10,2,14,20,"9-5","Y","N","N",4,0,22
"5463","B1",2026-01-30,"RAAL La Louviere","Gent",1,1,"D",0,0,"D",2.4,3.4,2.8,"0-0","1-1",6,2,8,3,0,0,0,0,6,5,13,12,2,11,25,"6-5","Y","N","N",0,0,23
"5464","B1",2026-01-31,"Cercle Brugge","Antwerp",0,4,"A",0,2,"A",NA,NA,NA,"0-2","0-4",3,0,15,9,1,1,1,0,2,5,10,13,4,7,23,"2-5","Y","Y","Y",2,1,23
"5465","B1",2026-01-31,"Waregem","Westerlo",0,1,"A",0,1,"A",NA,NA,NA,"0-1","0-1",19,5,7,4,1,2,0,0,7,3,8,11,1,10,19,"7-3","N","N","N",3,0,23
"5466","B1",2026-01-31,"St Truiden","Charleroi",0,2,"A",0,0,"D",NA,NA,NA,"0-0","0-2",13,2,15,5,2,3,1,0,6,6,6,16,2,12,22,"6-6","Y","N","N",5,1,23
"5467","B1",2026-02-01,"Standard","Anderlecht",2,0,"H",1,0,"H",NA,NA,NA,"1-0","2-0",9,3,15,4,2,4,0,0,9,4,10,19,2,13,29,"9-4","Y","N","N",6,0,23
"5468","B1",2026-02-01,"Dender","Genk",1,2,"A",0,2,"A",NA,NA,NA,"0-2","1-2",22,7,8,4,5,1,0,0,8,2,12,10,3,10,22,"8-2","Y","Y","N",6,0,23
"5469","B1",2026-02-01,"St. Gilloise","Club Brugge",1,0,"H",1,0,"H",NA,NA,NA,"1-0","1-0",13,5,8,2,3,2,0,0,5,5,12,11,1,10,23,"5-5","N","N","N",5,0,23
"5470","B1",2026-02-01,"Oud-Heverlee Leuven","Mechelen",2,2,"D",1,0,"H",NA,NA,NA,"1-0","2-2",16,5,13,7,3,6,0,0,7,5,19,14,4,12,33,"7-5","Y","Y","Y",9,0,23
"5471","B1",2026-02-06,"Westerlo","St Truiden",0,4,"A",0,3,"A",2.45,3.7,2.55,"0-3","0-4",8,1,17,6,3,1,1,0,6,5,13,12,4,11,25,"6-5","Y","Y","Y",4,1,24
"5472","B1",2026-02-07,"Waregem","Dender",1,0,"H",0,0,"D",2.1,3.4,3.2,"0-0","1-0",12,3,8,4,1,4,0,0,6,1,11,12,1,7,23,"6-1","N","N","N",5,0,24
"5473","B1",2026-02-07,"Charleroi","Cercle Brugge",3,4,"A",1,3,"A",1.95,3.4,3.5,"1-3","3-4",28,9,11,7,3,3,1,1,6,3,12,12,7,9,24,"6-3","Y","Y","Y",6,2,24
"5474","B1",2026-02-07,"Gent","Oud-Heverlee Leuven",1,3,"A",0,2,"A",1.75,3.6,4.1,"0-2","1-3",22,3,13,4,2,5,0,0,6,5,15,12,4,11,27,"6-5","Y","Y","Y",7,0,24
"5475","B1",2026-02-08,"Genk","Anderlecht",2,0,"H",0,0,"D",2,3.4,3.4,"0-0","2-0",18,8,11,3,2,1,0,0,5,7,10,20,2,12,30,"5-7","Y","N","N",3,0,24
"5476","B1",2026-02-08,"St. Gilloise","RAAL La Louviere",2,1,"H",1,1,"D",1.4,4.1,7.5,"1-1","2-1",16,8,6,1,4,4,0,0,9,1,13,11,3,10,24,"9-1","Y","Y","N",8,0,24
"5477","B1",2026-02-08,"Club Brugge","Standard",3,0,"H",3,0,"H",1.33,4.8,8,"3-0","3-0",22,11,5,0,0,2,0,0,7,0,8,10,3,7,18,"7-0","Y","Y","N",2,0,24
"5478","B1",2026-02-08,"Mechelen","Antwerp",2,0,"H",1,0,"H",2.45,3.3,2.63,"1-0","2-0",8,2,16,5,1,1,0,0,3,6,9,15,2,9,24,"3-6","Y","N","N",2,0,24
"5479","B1",2026-02-13,"Mechelen","Genk",2,3,"A",1,1,"D",3.25,3.4,2.05,"1-1","2-3",13,6,12,7,2,3,0,0,2,4,11,13,5,6,24,"2-4","Y","Y","Y",5,0,25
"5480","B1",2026-02-14,"Oud-Heverlee Leuven","Dender",3,2,"H",2,1,"H",1.93,3.3,3.75,"2-1","3-2",20,8,13,4,2,1,0,0,10,7,9,10,5,17,19,"10-7","Y","Y","Y",3,0,25
"5481","B1",2026-02-14,"Charleroi","Gent",2,3,"A",0,1,"A",2.1,3.3,3.2,"0-1","2-3",25,7,11,7,0,3,0,0,12,4,8,8,5,16,16,"12-4","Y","Y","Y",3,0,25
"5482","B1",2026-02-14,"Standard","St. Gilloise",1,1,"D",1,0,"H",5,3.5,1.65,"1-0","1-1",7,2,16,3,4,4,0,0,3,5,8,16,2,8,24,"3-5","Y","N","N",8,0,25
"5483","B1",2026-02-15,"Cercle Brugge","Club Brugge",1,2,"A",0,0,"D",4,3.75,1.75,"0-0","1-2",18,5,10,3,1,3,0,0,2,8,9,14,3,10,23,"2-8","Y","Y","N",4,0,25
"5484","B1",2026-02-15,"Antwerp","Westerlo",0,2,"A",0,1,"A",2.1,3.4,3.13,"0-1","0-2",5,1,12,8,2,4,0,0,4,2,16,15,2,6,31,"4-2","Y","N","N",6,0,25
"5485","B1",2026-02-15,"Anderlecht","RAAL La Louviere",0,0,"D",0,0,"D",1.8,3.4,4.2,"0-0","0-0",19,5,6,0,1,5,0,0,8,4,15,9,0,12,24,"8-4","N","N","N",6,0,25
"5486","B1",2026-02-15,"St Truiden","Waregem",3,2,"H",2,2,"D",1.7,3.7,4.33,"2-2","3-2",17,7,12,3,3,3,0,1,7,6,11,12,5,13,23,"7-6","Y","Y","Y",6,1,25
"5487","B1",2026-02-20,"Gent","Cercle Brugge",0,1,"A",0,1,"A",2.25,3.6,2.9,"0-1","0-1",5,1,23,4,0,4,1,0,4,10,7,10,1,14,17,"4-10","N","N","N",4,1,26
"5488","B1",2026-02-21,"Dender","St Truiden",1,4,"A",1,2,"A",3.25,3.4,2.05,"1-2","1-4",11,4,14,4,3,0,0,0,4,9,14,8,5,13,22,"4-9","Y","Y","Y",3,0,26
"5489","B1",2026-02-21,"Club Brugge","Oud-Heverlee Leuven",2,1,"H",0,0,"D",1.33,4.8,7.5,"0-0","2-1",22,10,12,3,0,1,0,0,12,4,8,14,3,16,22,"12-4","Y","Y","N",1,0,26
"5490","B1",2026-02-21,"St. Gilloise","Antwerp",2,1,"H",1,0,"H",1.4,4.1,7.5,"1-0","2-1",21,6,4,2,2,1,0,0,10,1,13,12,3,11,25,"10-1","Y","Y","N",3,0,26
"5491","B1",2026-02-22,"Genk","Standard",0,3,"A",0,2,"A",1.5,4,6,"0-2","0-3",20,7,12,3,0,0,0,0,9,5,5,7,3,14,12,"9-5","Y","Y","N",0,0,26
"5492","B1",2026-02-22,"RAAL La Louviere","Mechelen",0,2,"A",0,1,"A",2.2,3.25,3,"0-1","0-2",7,2,6,2,1,0,1,0,4,4,13,15,2,8,28,"4-4","Y","N","N",1,1,26
"5493","B1",2026-02-22,"Waregem","Anderlecht",2,4,"A",0,3,"A",3.13,3.4,2.1,"0-3","2-4",30,7,12,5,1,1,0,0,6,4,9,12,6,10,21,"6-4","Y","Y","Y",2,0,26
"5494","B1",2026-02-22,"Westerlo","Charleroi",2,1,"H",1,1,"D",2.3,3.4,2.75,"1-1","2-1",12,5,16,2,2,2,0,0,0,6,10,13,3,6,23,"0-6","Y","Y","N",4,0,26
"5495","B1",2026-02-27,"Standard","RAAL La Louviere",1,1,"D",1,1,"D",2.38,3.1,3.1,"1-1","1-1",9,2,12,3,1,3,0,0,4,3,12,14,2,7,26,"4-3","Y","N","N",4,0,27
"5496","B1",2026-02-28,"Mechelen","Waregem",2,1,"H",1,0,"H",2.1,3.4,3.1,"1-0","2-1",5,3,16,5,1,2,0,0,1,8,13,11,3,9,24,"1-8","Y","Y","N",3,0,27
"5497","B1",2026-02-28,"Antwerp","St Truiden",1,0,"H",0,0,"D",2.9,3.3,2.25,"0-0","1-0",12,6,10,3,2,1,0,0,3,4,11,7,1,7,18,"3-4","N","N","N",3,0,27
"5498","B1",2026-02-28,"Anderlecht","Oud-Heverlee Leuven",5,1,"H",1,1,"D",1.67,3.7,4.6,"1-1","5-1",14,6,7,2,4,4,0,0,9,8,17,13,6,17,30,"9-8","Y","Y","Y",8,0,27
"5499","B1",2026-03-01,"Genk","Gent",3,0,"H",1,0,"H",1.62,3.9,4.6,"1-0","3-0",16,6,14,2,2,0,0,0,7,8,9,9,3,15,18,"7-8","Y","Y","N",2,0,27
"5500","B1",2026-03-01,"Westerlo","St. Gilloise",0,0,"D",0,0,"D",4.4,3.8,1.67,"0-0","0-0",8,4,7,1,1,3,1,0,5,3,6,17,0,8,23,"5-3","N","N","N",4,1,27
"5501","B1",2026-03-01,"Charleroi","Club Brugge",1,2,"A",1,0,"H",3.75,3.6,1.83,"1-0","1-2",9,3,15,5,5,1,1,0,2,4,8,9,3,6,17,"2-4","Y","Y","N",6,1,27
"5502","B1",2026-03-01,"Cercle Brugge","Dender",0,0,"D",0,0,"D",1.7,3.6,4.4,"0-0","0-0",21,8,11,6,1,2,0,0,9,4,10,10,0,13,20,"9-4","N","N","N",3,0,27
"5503","B1",2026-03-06,"RAAL La Louviere","Antwerp",0,0,"D",0,0,"D",2.05,3.25,3.6,"0-0","0-0",21,10,5,5,1,3,0,1,7,3,9,21,0,10,30,"7-3","N","N","N",4,1,28
"5504","B1",2026-03-07,"Oud-Heverlee Leuven","Westerlo",0,1,"A",0,1,"A",2.25,3.5,2.75,"0-1","0-1",21,4,9,2,2,3,0,0,9,5,13,15,1,14,28,"9-5","N","N","N",5,0,28
"5505","B1",2026-03-07,"Dender","Charleroi",2,2,"D",2,1,"H",3.13,3.3,2.15,"2-1","2-2",15,5,22,7,1,1,0,0,5,13,9,11,4,18,20,"5-13","Y","Y","Y",2,0,28
"5506","B1",2026-03-07,"St. Gilloise","Genk",2,1,"H",1,0,"H",1.62,3.75,4.8,"1-0","2-1",12,4,5,3,3,2,0,0,5,1,9,9,3,6,18,"5-1","Y","Y","N",5,0,28
"5507","B1",2026-03-08,"Club Brugge","Anderlecht",2,2,"D",1,1,"D",1.57,4,5,"1-1","2-2",24,9,13,5,1,3,0,0,11,2,7,14,4,13,21,"11-2","Y","Y","Y",4,0,28
"5508","B1",2026-03-08,"Gent","Mechelen",3,1,"H",2,0,"H",1.93,3.6,3.4,"2-0","3-1",13,5,8,3,2,2,0,0,3,5,9,19,4,8,28,"3-5","Y","Y","Y",4,0,28
"5509","B1",2026-03-08,"Waregem","Standard",0,1,"A",0,0,"D",1.95,3.3,3.6,"0-0","0-1",19,5,9,4,0,2,0,0,3,2,10,9,1,5,19,"3-2","N","N","N",2,0,28
"5510","B1",2026-03-08,"St Truiden","Cercle Brugge",2,1,"H",1,0,"H",1.87,3.7,3.5,"1-0","2-1",15,7,18,6,0,4,0,0,7,5,8,12,3,12,20,"7-5","Y","Y","N",4,0,28
"5511","B1",2026-03-13,"Gent","Waregem",2,0,"H",1,0,"H",2.38,3.5,2.75,"1-0","2-0",11,5,5,1,2,1,0,0,2,6,13,13,2,8,26,"2-6","Y","N","N",3,0,29
"5512","B1",2026-03-14,"Charleroi","Oud-Heverlee Leuven",0,2,"A",0,0,"D",1.87,3.4,3.8,"0-0","0-2",19,5,10,5,1,1,0,0,10,3,6,15,2,13,21,"10-3","Y","N","N",2,0,29
"5513","B1",2026-03-14,"St. Gilloise","Dender",2,0,"H",0,0,"D",1.22,5.5,11.5,"0-0","2-0",9,3,5,1,0,1,0,0,5,5,10,8,2,10,18,"5-5","Y","N","N",1,0,29
"5514","B1",2026-03-14,"Westerlo","Club Brugge",1,2,"A",0,2,"A",4.8,4.33,1.53,"0-2","1-2",14,3,6,3,1,2,0,0,11,2,10,18,3,13,28,"11-2","Y","Y","N",3,0,29
"5515","B1",2026-03-15,"Genk","St Truiden",1,0,"H",1,0,"H",2.15,3.6,2.9,"1-0","1-0",13,4,8,1,2,0,0,0,5,8,10,8,1,13,18,"5-8","N","N","N",2,0,29
"5516","B1",2026-03-15,"Antwerp","Standard",1,1,"D",0,0,"D",2.05,3.2,3.4,"0-0","1-1",9,2,12,6,2,3,1,0,5,3,11,10,2,8,21,"5-3","Y","N","N",5,1,29
"5517","B1",2026-03-15,"Mechelen","Anderlecht",1,0,"H",0,0,"D",3.3,3.5,2,"0-0","1-0",13,5,17,4,2,8,0,1,5,4,9,19,1,9,28,"5-4","N","N","N",10,1,29
"5518","B1",2026-03-15,"Cercle Brugge","RAAL La Louviere",1,3,"A",0,1,"A",1.93,3.4,3.7,"0-1","1-3",25,10,15,5,2,2,0,0,5,7,8,11,4,12,19,"5-7","Y","Y","Y",4,0,29
"5519","B1",2026-03-22,"Anderlecht","Cercle Brugge",2,3,"A",1,3,"A",1.87,3.6,3.6,"1-3","2-3",16,8,14,5,1,2,0,0,8,7,14,11,5,15,25,"8-7","Y","Y","Y",3,0,30
"5520","B1",2026-03-22,"Club Brugge","Mechelen",4,1,"H",3,0,"H",1.25,5.5,9,"3-0","4-1",24,9,5,1,0,1,0,0,15,2,10,6,5,17,16,"15-2","Y","Y","Y",1,0,30
"5521","B1",2026-03-22,"Dender","Gent",1,3,"A",1,1,"D",3.5,3.5,1.95,"1-1","1-3",15,4,12,8,1,2,0,0,6,3,12,5,4,9,17,"6-3","Y","Y","Y",3,0,30
"5522","B1",2026-03-22,"Oud-Heverlee Leuven","Antwerp",1,0,"H",0,0,"D",2.15,3.3,3.13,"0-0","1-0",17,4,6,1,3,5,0,1,5,5,11,11,1,10,22,"5-5","N","N","N",8,1,30
"5523","B1",2026-03-22,"RAAL La Louviere","Genk",5,5,"D",2,3,"A",3.4,3.4,2,"2-3","5-5",18,8,14,7,2,1,0,0,10,3,10,9,10,13,19,"10-3","Y","Y","Y",3,0,30
"5524","B1",2026-03-22,"St Truiden","St. Gilloise",1,3,"A",0,2,"A",3.3,3.3,2.05,"0-2","1-3",9,2,18,8,0,0,0,0,5,5,2,4,4,10,6,"5-5","Y","Y","Y",0,0,30
"5525","B1",2026-03-22,"Standard","Westerlo",0,0,"D",0,0,"D",2.38,3.3,2.75,"0-0","0-0",7,1,21,3,3,1,0,0,6,9,14,6,0,15,20,"6-9","N","N","N",4,0,30
"5526","B1",2026-03-22,"Waregem","Charleroi",1,0,"H",1,0,"H",2.5,3.4,2.55,"1-0","1-0",10,3,12,4,1,2,0,0,4,10,7,9,1,14,16,"4-10","N","N","N",3,0,30
"5527","B1",2026-04-03,"Antwerp","Genk",1,2,"A",0,1,"A",3.4,3.5,2.05,"0-1","1-2",13,2,13,5,3,2,0,0,3,0,12,15,3,3,27,"3-0","Y","Y","N",5,0,31
"5528","B1",2026-04-04,"Waregem","Cercle Brugge",2,2,"D",0,1,"A",2.25,3.5,2.75,"0-1","2-2",6,2,10,5,2,3,0,0,8,3,12,16,4,11,28,"8-3","Y","Y","Y",5,0,31
"5529","B1",2026-04-04,"Oud-Heverlee Leuven","Standard",1,3,"A",0,0,"D",2.05,3.25,3.4,"0-0","1-3",14,4,12,7,0,0,0,0,7,4,7,12,4,11,19,"7-4","Y","Y","Y",0,0,31
"5530","B1",2026-04-04,"St. Gilloise","St Truiden",1,0,"H",0,0,"D",1.7,3.6,4.5,"0-0","1-0",16,4,6,0,3,1,0,0,7,5,9,6,1,12,15,"7-5","N","N","N",4,0,31
"5531","B1",2026-04-05,"Westerlo","Charleroi",2,0,"H",1,0,"H",2.4,3.5,2.6,"1-0","2-0",15,5,7,4,2,2,0,1,5,5,10,14,2,10,24,"5-5","Y","N","N",4,1,31
"5532","B1",2026-04-06,"Club Brugge","Anderlecht",4,2,"H",3,0,"H",1.45,4.4,5.75,"3-0","4-2",29,9,13,6,2,1,0,0,8,2,11,14,6,10,25,"8-2","Y","Y","Y",3,0,31
"5533","B1",2026-04-06,"RAAL La Louviere","Dender",0,1,"A",0,0,"D",1.75,3.4,4.33,"0-0","0-1",22,4,7,3,3,4,0,0,4,3,8,9,1,7,17,"4-3","N","N","N",7,0,31
"5534","B1",2026-04-06,"Gent","Mechelen",1,1,"D",1,0,"H",1.9,3.6,3.5,"1-0","1-1",6,4,8,6,1,0,0,0,5,10,9,7,2,15,16,"5-10","Y","N","N",1,0,31
"5535","B1",2026-04-10,"Charleroi","Antwerp",2,1,"H",1,0,"H",1.73,3.5,4.8,"1-0","2-1",13,5,12,3,3,2,0,0,2,9,12,14,3,11,26,"2-9","Y","Y","N",5,0,32
"5536","B1",2026-04-11,"Cercle Brugge","RAAL La Louviere",3,0,"H",2,0,"H",1.87,3.6,3.6,"2-0","3-0",20,6,10,4,1,1,0,0,9,5,6,8,3,14,14,"9-5","Y","Y","N",2,0,32
"5537","B1",2026-04-11,"Standard","Westerlo",1,2,"A",0,1,"A",2.5,3.25,2.63,"0-1","1-2",7,4,18,10,3,2,1,0,1,7,9,11,3,8,20,"1-7","Y","Y","N",5,1,32
"5538","B1",2026-04-11,"St Truiden","Club Brugge",1,2,"A",1,0,"H",3.5,3.9,1.83,"1-0","1-2",19,5,16,2,3,2,0,0,10,5,13,16,3,15,29,"10-5","Y","Y","N",5,0,32
"5539","B1",2026-04-12,"Mechelen","St. Gilloise",0,1,"A",0,1,"A",4.8,3.6,1.65,"0-1","0-1",4,0,18,8,1,4,0,0,2,9,7,17,1,11,24,"2-9","N","N","N",5,0,32
"5540","B1",2026-04-12,"Genk","Oud-Heverlee Leuven",0,0,"D",0,0,"D",1.62,3.9,4.6,"0-0","0-0",16,6,7,1,2,3,0,0,3,2,12,9,0,5,21,"3-2","N","N","N",5,0,32
"5541","B1",2026-04-12,"Anderlecht","Gent",3,1,"H",0,1,"A",1.9,3.6,3.5,"0-1","3-1",15,7,12,6,1,2,0,0,4,1,12,9,4,5,21,"4-1","Y","Y","Y",3,0,32
"5542","B1",2026-04-12,"Dender","Waregem",1,2,"A",0,0,"D",3,3.3,2.2,"0-0","1-2",15,5,24,9,2,0,0,0,2,6,12,9,3,8,21,"2-6","Y","Y","N",2,0,32
"3050","D1",2025-08-22,"Bayern Munich","RB Leipzig",6,0,"H",3,0,"H",1.2,7,11,"3-0","6-0",19,10,12,1,4,1,0,0,5,5,13,13,6,10,26,"5-5","Y","Y","Y",5,0,1
"3051","D1",2025-08-23,"Ein Frankfurt","Werder Bremen",4,1,"H",2,0,"H",1.65,3.9,4.2,"2-0","4-1",18,5,10,5,1,3,0,0,7,1,9,9,5,8,18,"7-1","Y","Y","Y",4,0,1
"3052","D1",2025-08-23,"Freiburg","Augsburg",1,3,"A",0,3,"A",1.8,3.4,4,"0-3","1-3",16,4,14,5,4,5,0,0,5,5,14,18,4,10,32,"5-5","Y","Y","Y",9,0,1
"3053","D1",2025-08-23,"Heidenheim","Wolfsburg",1,3,"A",1,1,"D",2.9,3.5,2.15,"1-1","1-3",7,2,15,5,2,3,0,0,2,5,12,12,4,7,24,"2-5","Y","Y","Y",5,0,1
"3054","D1",2025-08-23,"Leverkusen","Hoffenheim",1,2,"A",1,1,"D",1.5,4.2,5.25,"1-1","1-2",7,2,10,5,0,4,0,0,6,4,9,17,3,10,26,"6-4","Y","Y","N",4,0,1
"3055","D1",2025-08-23,"Union Berlin","Stuttgart",2,1,"H",2,0,"H",3.2,3.5,2,"2-0","2-1",8,2,21,6,4,4,0,0,5,11,21,13,3,16,34,"5-11","Y","Y","N",8,0,1
"3056","D1",2025-08-23,"St Pauli","Dortmund",3,3,"D",0,1,"A",4.4,3.6,1.67,"0-1","3-3",11,7,8,7,2,3,0,1,5,2,13,12,6,7,25,"5-2","Y","Y","Y",5,1,1
"3057","D1",2025-08-24,"Mainz","FC Koln",0,1,"A",0,0,"D",1.83,3.5,3.75,"0-0","0-1",19,2,12,2,0,2,1,0,8,3,7,9,1,11,16,"8-3","N","N","N",2,1,1
"3058","D1",2025-08-24,"Mgladbach","Hamburg",0,0,"D",0,0,"D",1.8,3.75,3.6,"0-0","0-0",17,4,7,2,2,1,0,0,7,6,10,10,0,13,20,"7-6","N","N","N",3,0,1
"3059","D1",2025-08-29,"Hamburg","St Pauli",0,2,"A",0,1,"A",2.4,3.3,2.9,"0-1","0-2",5,2,17,6,3,3,1,0,2,5,13,19,2,7,32,"2-5","Y","N","N",6,1,2
"3060","D1",2025-08-30,"Hoffenheim","Ein Frankfurt",1,3,"A",0,2,"A",2.7,3.7,2.2,"0-2","1-3",17,5,9,6,2,3,0,0,4,5,14,10,4,9,24,"4-5","Y","Y","Y",5,0,2
"3061","D1",2025-08-30,"RB Leipzig","Heidenheim",2,0,"H",0,0,"D",1.4,4.5,6,"0-0","2-0",19,5,5,3,2,5,0,0,4,3,7,13,2,7,20,"4-3","Y","N","N",7,0,2
"3062","D1",2025-08-30,"Stuttgart","Mgladbach",1,0,"H",0,0,"D",1.55,4.2,4.6,"0-0","1-0",13,5,15,6,2,1,0,0,6,10,5,13,1,16,18,"6-10","N","N","N",3,0,2
"3063","D1",2025-08-30,"Werder Bremen","Leverkusen",3,3,"D",1,2,"A",3.4,3.7,1.87,"1-2","3-3",12,5,10,4,4,3,1,0,3,7,11,10,6,10,21,"3-7","Y","Y","Y",7,1,2
"3064","D1",2025-08-30,"Augsburg","Bayern Munich",2,3,"A",0,2,"A",9.5,5.75,1.22,"0-2","2-3",10,3,20,10,3,4,0,0,7,5,14,11,5,12,25,"7-5","Y","Y","Y",7,0,2
"3065","D1",2025-08-31,"Wolfsburg","Mainz",1,1,"D",1,0,"H",1.95,3.5,3.3,"1-0","1-1",11,3,17,3,3,5,1,0,3,10,15,14,2,13,29,"3-10","Y","N","N",8,1,2
"3066","D1",2025-08-31,"Dortmund","Union Berlin",3,0,"H",1,0,"H",1.36,4.6,6.5,"1-0","3-0",11,6,12,3,0,0,0,0,4,6,14,7,3,10,21,"4-6","Y","Y","N",0,0,2
"3067","D1",2025-08-31,"FC Koln","Freiburg",4,1,"H",1,0,"H",2.45,3.2,2.63,"1-0","4-1",18,6,12,2,2,1,0,0,3,5,12,9,5,8,21,"3-5","Y","Y","Y",3,0,2
"3068","D1",2025-09-12,"Leverkusen","Ein Frankfurt",3,1,"H",2,0,"H",2.1,3.9,3,"2-0","3-1",18,8,13,2,5,3,2,0,4,8,10,9,4,12,19,"4-8","Y","Y","Y",8,2,3
"3069","D1",2025-09-13,"Freiburg","Stuttgart",3,1,"H",0,1,"A",2.7,3.5,2.25,"0-1","3-1",14,6,7,2,1,1,1,0,7,1,8,13,4,8,21,"7-1","Y","Y","Y",2,1,3
"3070","D1",2025-09-13,"Heidenheim","Dortmund",0,2,"A",0,2,"A",5,4.2,1.5,"0-2","0-2",6,1,17,8,2,3,1,0,5,4,5,9,2,9,14,"5-4","Y","N","N",5,1,3
"3071","D1",2025-09-13,"Mainz","RB Leipzig",0,1,"A",0,1,"A",2.45,3.5,2.45,"0-1","0-1",13,2,19,3,1,0,0,0,3,5,12,11,1,8,23,"3-5","N","N","N",1,0,3
"3072","D1",2025-09-13,"Union Berlin","Hoffenheim",2,4,"A",0,2,"A",2.5,3.3,2.55,"0-2","2-4",20,7,9,8,1,1,1,0,9,2,13,12,6,11,25,"9-2","Y","Y","Y",2,1,3
"3073","D1",2025-09-13,"Wolfsburg","FC Koln",3,3,"D",1,1,"D",1.93,3.5,3.4,"1-1","3-3",14,6,14,8,2,3,0,0,7,4,15,11,6,11,26,"7-4","Y","Y","Y",5,0,3
"3074","D1",2025-09-13,"Bayern Munich","Hamburg",5,0,"H",4,0,"H",1.06,9.5,21,"4-0","5-0",22,12,9,2,2,2,0,0,5,3,11,14,5,8,25,"5-3","Y","Y","Y",4,0,3
"3075","D1",2025-09-14,"St Pauli","Augsburg",2,1,"H",1,1,"D",2.1,3.2,3.2,"1-1","2-1",13,7,10,5,1,4,0,0,3,1,10,12,3,4,22,"3-1","Y","Y","N",5,0,3
"3076","D1",2025-09-14,"Mgladbach","Werder Bremen",0,4,"A",0,2,"A",1.93,3.75,3.2,"0-2","0-4",19,3,12,7,1,0,0,0,9,4,12,9,4,13,21,"9-4","Y","Y","Y",1,0,3
"3077","D1",2025-09-19,"Stuttgart","St Pauli",2,0,"H",1,0,"H",1.73,3.9,4.4,"1-0","2-0",17,8,9,2,0,2,0,0,8,4,13,15,2,12,28,"8-4","Y","N","N",2,0,4
"3078","D1",2025-09-20,"Augsburg","Mainz",1,4,"A",0,2,"A",2.6,3.25,2.5,"0-2","1-4",18,5,12,4,1,2,0,1,6,6,13,10,5,12,23,"6-6","Y","Y","Y",3,1,4
"3079","D1",2025-09-20,"Hamburg","Heidenheim",2,1,"H",1,0,"H",2,3.4,3.25,"1-0","2-1",22,9,20,8,5,1,0,0,1,12,15,10,3,13,25,"1-12","Y","Y","N",6,0,4
"3080","D1",2025-09-20,"Hoffenheim","Bayern Munich",1,4,"A",0,1,"A",7,5.25,1.3,"0-1","1-4",12,4,18,10,1,2,0,0,5,5,17,9,5,10,26,"5-5","Y","Y","Y",3,0,4
"3081","D1",2025-09-20,"Werder Bremen","Freiburg",0,3,"A",0,1,"A",2.3,3.5,2.63,"0-1","0-3",12,5,10,5,5,2,0,0,2,0,13,7,3,2,20,"2-0","Y","Y","N",7,0,4
"3082","D1",2025-09-20,"RB Leipzig","FC Koln",3,1,"H",3,1,"H",1.6,4,4.5,"3-1","3-1",18,8,13,2,1,1,0,0,9,5,10,8,4,14,18,"9-5","Y","Y","Y",2,0,4
"3083","D1",2025-09-21,"Ein Frankfurt","Union Berlin",3,4,"A",1,2,"A",1.53,4,5,"1-2","3-4",19,10,11,5,3,2,0,0,5,1,10,11,7,6,21,"5-1","Y","Y","Y",5,0,4
"3084","D1",2025-09-21,"Leverkusen","Mgladbach",1,1,"D",0,0,"D",1.5,4.2,5,"0-0","1-1",13,9,13,7,5,5,0,0,3,4,12,15,2,7,27,"3-4","Y","N","N",10,0,4
"3085","D1",2025-09-21,"Dortmund","Wolfsburg",1,0,"H",1,0,"H",1.44,4.4,5.5,"1-0","1-0",12,4,10,1,1,0,0,0,9,3,10,9,1,12,19,"9-3","N","N","N",1,0,4
"3086","D1",2025-09-26,"Bayern Munich","Werder Bremen",4,0,"H",2,0,"H",1.07,11.5,22,"2-0","4-0",26,13,9,3,2,0,0,0,7,6,9,4,4,13,13,"7-6","Y","Y","Y",2,0,5
"3087","D1",2025-09-27,"Heidenheim","Augsburg",2,1,"H",0,0,"D",2.6,3.4,2.38,"0-0","2-1",11,5,8,2,1,6,0,0,3,2,16,20,3,5,36,"3-2","Y","Y","N",7,0,5
"3088","D1",2025-09-27,"Mainz","Dortmund",0,2,"A",0,2,"A",3,3.6,2.05,"0-2","0-2",8,2,10,4,2,1,1,0,7,5,12,14,2,12,26,"7-5","Y","N","N",3,1,5
"3089","D1",2025-09-27,"St Pauli","Leverkusen",1,2,"A",1,1,"D",3.1,3.3,2.1,"1-1","1-2",13,6,5,4,3,5,0,0,13,1,13,11,3,14,24,"13-1","Y","Y","N",8,0,5
"3090","D1",2025-09-27,"Wolfsburg","RB Leipzig",0,1,"A",0,1,"A",2.45,3.6,2.4,"0-1","0-1",22,4,20,6,2,2,0,0,6,11,7,9,1,17,16,"6-11","N","N","N",4,0,5
"3091","D1",2025-09-27,"Mgladbach","Ein Frankfurt",4,6,"A",0,5,"A",2.8,3.7,2.1,"0-5","4-6",11,8,21,7,1,2,0,0,4,6,14,8,10,10,22,"4-6","Y","Y","Y",3,0,5
"3092","D1",2025-09-28,"Freiburg","Hoffenheim",1,1,"D",1,1,"D",2.15,3.5,2.88,"1-1","1-1",6,1,15,4,3,1,0,0,6,8,9,15,2,14,24,"6-8","Y","N","N",4,0,5
"3093","D1",2025-09-28,"FC Koln","Stuttgart",1,2,"A",1,1,"D",2.7,3.6,2.2,"1-1","1-2",14,6,15,5,2,2,0,0,8,8,12,12,3,16,24,"8-8","Y","Y","N",4,0,5
"3094","D1",2025-09-28,"Union Berlin","Hamburg",0,0,"D",0,0,"D",1.91,3.4,3.5,"0-0","0-0",11,2,16,6,2,2,0,1,5,3,18,17,0,8,35,"5-3","N","N","N",4,1,5
"3095","D1",2025-10-03,"Hoffenheim","FC Koln",0,1,"A",0,1,"A",1.93,3.8,3.5,"0-1","0-1",15,4,10,4,3,1,0,0,11,6,15,6,1,17,21,"11-6","N","N","N",4,0,6
"3096","D1",2025-10-04,"Augsburg","Wolfsburg",3,1,"H",1,0,"H",2.6,3.4,2.38,"1-0","3-1",10,5,14,4,2,1,0,0,10,5,9,7,4,15,16,"10-5","Y","Y","Y",3,0,6
"3097","D1",2025-10-04,"Dortmund","RB Leipzig",1,1,"D",1,1,"D",1.65,4.1,4,"1-1","1-1",15,3,13,3,1,3,0,0,7,7,13,14,2,14,27,"7-7","Y","N","N",4,0,6
"3098","D1",2025-10-04,"Leverkusen","Union Berlin",2,0,"H",1,0,"H",1.65,3.7,4.6,"1-0","2-0",20,3,10,3,1,3,0,0,4,4,11,13,2,8,24,"4-4","Y","N","N",4,0,6
"3099","D1",2025-10-04,"Werder Bremen","St Pauli",1,0,"H",1,0,"H",2.2,3.4,2.88,"1-0","1-0",15,5,13,3,3,1,0,0,4,1,8,9,1,5,17,"4-1","N","N","N",4,0,6
"3100","D1",2025-10-04,"Ein Frankfurt","Bayern Munich",0,3,"A",0,2,"A",5.75,4.8,1.4,"0-2","0-3",6,1,12,3,1,2,0,0,4,3,11,11,3,7,22,"4-3","Y","Y","N",3,0,6
"3101","D1",2025-10-05,"Stuttgart","Heidenheim",1,0,"H",0,0,"D",1.4,4.6,6,"0-0","1-0",18,6,5,1,1,1,0,0,1,1,11,12,1,2,23,"1-1","N","N","N",2,0,6
"3102","D1",2025-10-05,"Hamburg","Mainz",4,0,"H",2,0,"H",2.7,3.4,2.3,"2-0","4-0",15,9,11,4,2,3,0,0,1,4,14,13,4,5,27,"1-4","Y","Y","Y",5,0,6
"3103","D1",2025-10-05,"Mgladbach","Freiburg",0,0,"D",0,0,"D",2.25,3.4,2.8,"0-0","0-0",9,5,12,1,3,1,0,0,4,1,15,7,0,5,22,"4-1","N","N","N",4,0,6
"3104","D1",2025-10-17,"Union Berlin","Mgladbach",3,1,"H",2,1,"H",2.15,3.5,3.2,"2-1","3-1",16,5,8,2,5,3,0,0,6,6,21,15,4,12,36,"6-6","Y","Y","Y",8,0,7
"3105","D1",2025-10-18,"FC Koln","Augsburg",1,1,"D",0,0,"D",1.91,3.7,3.3,"0-0","1-1",9,2,10,4,2,2,0,0,5,2,10,17,2,7,27,"5-2","Y","N","N",4,0,7
"3106","D1",2025-10-18,"Heidenheim","Werder Bremen",2,2,"D",0,0,"D",2.7,3.5,2.25,"0-0","2-2",31,11,11,4,1,3,0,0,12,2,9,11,4,14,20,"12-2","Y","Y","Y",4,0,7
"3107","D1",2025-10-18,"Mainz","Leverkusen",3,4,"A",1,3,"A",2.63,3.4,2.38,"1-3","3-4",12,4,20,8,4,4,0,0,2,3,20,12,7,5,32,"2-3","Y","Y","Y",8,0,7
"3108","D1",2025-10-18,"RB Leipzig","Hamburg",2,1,"H",1,0,"H",1.4,4.75,6,"1-0","2-1",10,4,15,3,3,1,0,0,3,5,13,12,3,8,25,"3-5","Y","Y","N",4,0,7
"3109","D1",2025-10-18,"Wolfsburg","Stuttgart",0,3,"A",0,1,"A",2.5,3.5,2.4,"0-1","0-3",11,3,15,7,1,1,0,0,3,8,12,8,3,11,20,"3-8","Y","Y","N",2,0,7
"3110","D1",2025-10-18,"Bayern Munich","Dortmund",2,1,"H",1,0,"H",1.3,5.25,7,"1-0","2-1",15,7,8,1,1,3,0,0,4,3,12,17,3,7,29,"4-3","Y","Y","N",4,0,7
"3111","D1",2025-10-19,"Freiburg","Ein Frankfurt",2,2,"D",1,2,"A",2.4,3.5,2.5,"1-2","2-2",12,5,8,3,2,3,0,0,3,1,6,15,4,4,21,"3-1","Y","Y","Y",5,0,7
"3112","D1",2025-10-19,"St Pauli","Hoffenheim",0,3,"A",0,0,"D",2.38,3.4,2.63,"0-0","0-3",10,2,14,5,1,3,0,0,9,7,10,17,3,16,27,"9-7","Y","Y","N",4,0,7
"3113","D1",2025-10-24,"Werder Bremen","Union Berlin",1,0,"H",0,0,"D",2.25,3.6,2.9,"0-0","1-0",16,3,12,2,4,0,0,0,5,6,6,13,1,11,19,"5-6","N","N","N",4,0,8
"3114","D1",2025-10-25,"Augsburg","RB Leipzig",0,6,"A",0,4,"A",3,3.75,2,"0-4","0-6",15,2,15,8,3,1,0,0,2,3,9,10,6,5,19,"2-3","Y","Y","Y",4,0,8
"3115","D1",2025-10-25,"Ein Frankfurt","St Pauli",2,0,"H",1,0,"H",1.65,3.8,4.33,"1-0","2-0",10,6,9,1,0,1,0,0,1,3,11,6,2,4,17,"1-3","Y","N","N",1,0,8
"3116","D1",2025-10-25,"Hamburg","Wolfsburg",0,1,"A",0,1,"A",2.25,3.5,2.7,"0-1","0-1",27,6,6,2,1,5,0,0,11,1,8,18,1,12,26,"11-1","N","N","N",6,0,8
"3117","D1",2025-10-25,"Hoffenheim","Heidenheim",3,1,"H",2,0,"H",1.53,4.2,4.8,"2-0","3-1",14,7,12,3,1,1,0,0,7,5,14,13,4,12,27,"7-5","Y","Y","Y",2,0,8
"3118","D1",2025-10-25,"Mgladbach","Bayern Munich",0,3,"A",0,0,"D",10,6.5,1.18,"0-0","0-3",1,0,27,11,0,3,1,0,1,8,6,9,3,9,15,"1-8","Y","Y","N",3,1,8
"3119","D1",2025-10-25,"Dortmund","FC Koln",1,0,"H",0,0,"D",1.4,4.75,6,"0-0","1-0",27,9,5,0,2,2,0,0,17,2,10,8,1,19,18,"17-2","N","N","N",4,0,8
"3120","D1",2025-10-26,"Leverkusen","Freiburg",2,0,"H",1,0,"H",1.75,3.6,3.9,"1-0","2-0",19,4,10,3,1,2,0,1,2,3,9,8,2,5,17,"2-3","Y","N","N",3,1,8
"3121","D1",2025-10-26,"Stuttgart","Mainz",2,1,"H",1,1,"D",1.7,3.8,4,"1-1","2-1",19,8,13,2,4,3,0,0,7,5,11,12,3,12,23,"7-5","Y","Y","N",7,0,8
"3122","D1",2025-10-31,"Augsburg","Dortmund",0,1,"A",0,1,"A",5,4.4,1.57,"0-1","0-1",9,1,5,1,4,1,0,0,4,3,14,16,1,7,30,"4-3","N","N","N",5,0,9
"3123","D1",2025-11-01,"Heidenheim","Ein Frankfurt",1,1,"D",1,0,"H",3.4,3.8,1.83,"1-0","1-1",9,4,16,3,0,2,0,0,2,8,7,11,2,10,18,"2-8","Y","N","N",2,0,9
"3124","D1",2025-11-01,"Mainz","Werder Bremen",1,1,"D",1,0,"H",1.93,3.7,3.25,"1-0","1-1",10,5,5,3,1,3,0,0,2,0,19,11,2,2,30,"2-0","Y","N","N",4,0,9
"3125","D1",2025-11-01,"RB Leipzig","Stuttgart",3,1,"H",1,0,"H",1.91,3.8,3.2,"1-0","3-1",16,9,14,4,1,2,0,0,5,5,8,10,4,10,18,"5-5","Y","Y","Y",3,0,9
"3126","D1",2025-11-01,"St Pauli","Mgladbach",0,4,"A",0,2,"A",2.1,3.3,3.13,"0-2","0-4",16,4,15,11,4,0,0,0,8,1,11,8,4,9,19,"8-1","Y","Y","Y",4,0,9
"3127","D1",2025-11-01,"Union Berlin","Freiburg",0,0,"D",0,0,"D",2.45,3.13,2.7,"0-0","0-0",11,2,13,4,6,1,0,0,5,5,20,13,0,10,33,"5-5","N","N","N",7,0,9
"3128","D1",2025-11-01,"Bayern Munich","Leverkusen",3,0,"H",3,0,"H",1.18,6.5,10,"3-0","3-0",18,4,7,1,1,1,0,0,10,4,11,3,3,14,14,"10-4","Y","Y","N",2,0,9
"3129","D1",2025-11-02,"FC Koln","Hamburg",4,1,"H",1,0,"H",2.05,3.6,3,"1-0","4-1",23,10,11,5,1,6,0,2,2,3,8,18,5,5,26,"2-3","Y","Y","Y",7,2,9
"3130","D1",2025-11-02,"Wolfsburg","Hoffenheim",2,3,"A",1,1,"D",2.63,3.6,2.25,"1-1","2-3",12,6,10,4,0,2,0,0,2,2,10,17,5,4,27,"2-2","Y","Y","Y",2,0,9
"3131","D1",2025-11-07,"Werder Bremen","Wolfsburg",2,1,"H",0,1,"A",2.15,3.6,3.1,"0-1","2-1",20,7,7,4,2,0,0,0,13,3,13,8,3,16,21,"13-3","Y","Y","N",2,0,10
"3132","D1",2025-11-08,"Hamburg","Dortmund",1,1,"D",0,0,"D",4.2,4,1.65,"0-0","1-1",9,3,17,1,1,1,0,0,2,6,14,8,2,8,22,"2-6","Y","N","N",2,0,10
"3133","D1",2025-11-08,"Hoffenheim","RB Leipzig",3,1,"H",2,1,"H",2.5,3.75,2.3,"2-1","3-1",12,4,17,5,3,2,0,0,5,5,13,5,4,10,18,"5-5","Y","Y","Y",5,0,10
"3134","D1",2025-11-08,"Leverkusen","Heidenheim",6,0,"H",5,0,"H",1.36,4.6,6.5,"5-0","6-0",25,10,1,0,0,1,0,0,11,1,5,7,6,12,12,"11-1","Y","Y","Y",1,0,10
"3135","D1",2025-11-08,"Union Berlin","Bayern Munich",2,2,"D",1,1,"D",11,6,1.18,"1-1","2-2",12,4,12,4,2,4,0,0,6,5,8,8,4,11,16,"6-5","Y","Y","Y",6,0,10
"3136","D1",2025-11-08,"Mgladbach","FC Koln",3,1,"H",1,0,"H",2.1,3.6,2.9,"1-0","3-1",9,4,19,5,2,3,0,0,2,6,11,13,4,8,24,"2-6","Y","Y","Y",5,0,10
"3137","D1",2025-11-09,"Freiburg","St Pauli",2,1,"H",1,0,"H",1.8,3.4,4.1,"1-0","2-1",8,4,7,2,2,2,0,0,9,3,8,12,3,12,20,"9-3","Y","Y","N",4,0,10
"3138","D1",2025-11-09,"Stuttgart","Augsburg",3,2,"H",2,2,"D",1.45,4.2,5.5,"2-2","3-2",17,6,17,6,2,3,0,0,4,4,13,10,5,8,23,"4-4","Y","Y","Y",5,0,10
"3139","D1",2025-11-09,"Ein Frankfurt","Mainz",1,0,"H",0,0,"D",1.8,3.75,3.6,"0-0","1-0",14,4,3,0,0,5,0,0,4,3,8,14,1,7,22,"4-3","N","N","N",5,0,10
"3140","D1",2025-11-21,"Mainz","Hoffenheim",1,1,"D",0,1,"A",2.45,3.7,2.6,"0-1","1-1",17,3,19,5,3,2,1,0,7,4,13,13,2,11,26,"7-4","Y","N","N",5,1,11
"3141","D1",2025-11-22,"Augsburg","Hamburg",1,0,"H",0,0,"D",2.25,3.4,2.75,"0-0","1-0",13,6,15,6,2,3,1,0,4,3,13,10,1,7,23,"4-3","N","N","N",5,1,11
"3142","D1",2025-11-22,"Bayern Munich","Freiburg",6,2,"H",2,2,"D",1.15,6.5,12,"2-2","6-2",22,8,8,2,1,0,0,0,3,5,9,7,8,8,16,"3-5","Y","Y","Y",1,0,11
"3143","D1",2025-11-22,"Dortmund","Stuttgart",3,3,"D",2,0,"H",1.7,3.9,3.9,"2-0","3-3",14,6,16,6,1,1,0,0,2,4,12,10,6,6,22,"2-4","Y","Y","Y",2,0,11
"3144","D1",2025-11-22,"Heidenheim","Mgladbach",0,3,"A",0,1,"A",3,3.5,2.1,"0-1","0-3",7,2,16,4,2,0,0,0,4,5,13,12,3,9,25,"4-5","Y","Y","N",2,0,11
"3145","D1",2025-11-22,"Wolfsburg","Leverkusen",1,3,"A",0,3,"A",3.3,3.6,1.93,"0-3","1-3",21,10,7,3,2,1,0,0,9,1,12,7,4,10,19,"9-1","Y","Y","Y",3,0,11
"3146","D1",2025-11-22,"FC Koln","Ein Frankfurt",3,4,"A",1,2,"A",2.8,3.6,2.15,"1-2","3-4",11,5,11,7,0,0,0,0,3,3,6,5,7,6,11,"3-3","Y","Y","Y",0,0,11
"3147","D1",2025-11-23,"RB Leipzig","Werder Bremen",2,0,"H",0,0,"D",1.4,4.75,5.75,"0-0","2-0",22,13,15,6,1,2,0,0,13,7,5,7,2,20,12,"13-7","Y","N","N",3,0,11
"3148","D1",2025-11-23,"St Pauli","Union Berlin",0,1,"A",0,1,"A",2.4,3.13,2.75,"0-1","0-1",12,3,8,3,1,1,0,0,8,2,10,8,1,10,18,"8-2","N","N","N",2,0,11
"3149","D1",2025-11-28,"Mgladbach","RB Leipzig",0,0,"D",0,0,"D",2.8,3.9,2.2,"0-0","0-0",8,1,20,4,0,3,0,0,5,6,9,9,0,11,18,"5-6","N","N","N",3,0,12
"3150","D1",2025-11-29,"Bayern Munich","St Pauli",3,1,"H",1,1,"D",1.07,9,18,"1-1","3-1",19,4,10,1,1,1,0,0,10,2,5,8,4,12,13,"10-2","Y","Y","Y",2,0,12
"3151","D1",2025-11-29,"Hoffenheim","Augsburg",3,0,"H",3,0,"H",1.6,4,4.4,"3-0","3-0",17,3,14,4,1,0,0,0,7,2,17,9,3,9,26,"7-2","Y","Y","N",1,0,12
"3152","D1",2025-11-29,"Union Berlin","Heidenheim",1,2,"A",1,0,"H",1.6,3.7,4.8,"1-0","1-2",9,2,10,2,3,2,0,0,5,5,13,10,3,10,23,"5-5","Y","Y","N",5,0,12
"3153","D1",2025-11-29,"Werder Bremen","FC Koln",1,1,"D",1,0,"H",2.15,3.6,2.8,"1-0","1-1",17,4,10,2,2,4,1,0,4,0,11,11,2,4,22,"4-0","Y","N","N",6,1,12
"3154","D1",2025-11-29,"Leverkusen","Dortmund",1,2,"A",0,1,"A",2.4,3.5,2.5,"0-1","1-2",14,4,7,4,3,4,0,0,10,3,7,9,3,13,16,"10-3","Y","Y","N",7,0,12
"3155","D1",2025-11-30,"Hamburg","Stuttgart",2,1,"H",1,0,"H",2.9,3.6,2.1,"1-0","2-1",9,2,14,3,2,4,1,0,4,6,16,12,3,10,28,"4-6","Y","Y","N",6,1,12
"3156","D1",2025-11-30,"Ein Frankfurt","Wolfsburg",1,1,"D",0,0,"D",1.67,4,4,"0-0","1-1",15,3,10,3,1,4,0,0,14,1,7,9,2,15,16,"14-1","Y","N","N",5,0,12
"3157","D1",2025-11-30,"Freiburg","Mainz",4,0,"H",2,0,"H",1.85,3.4,3.8,"2-0","4-0",23,10,1,1,0,2,0,1,6,2,9,12,4,8,21,"6-2","Y","Y","Y",2,1,12
"3158","D1",2025-12-05,"Mainz","Mgladbach",0,1,"A",0,0,"D",2.55,3.5,2.55,"0-0","0-1",8,2,14,5,2,1,0,0,8,6,12,4,1,14,16,"8-6","N","N","N",3,0,13
"3159","D1",2025-12-06,"Augsburg","Leverkusen",2,0,"H",2,0,"H",3.5,3.7,1.83,"2-0","2-0",13,6,20,2,4,3,0,0,5,7,12,6,2,12,18,"5-7","Y","N","N",7,0,13
"3160","D1",2025-12-06,"FC Koln","St Pauli",1,1,"D",0,0,"D",1.91,3.4,3.5,"0-0","1-1",11,8,5,1,0,1,0,0,5,4,6,6,2,9,12,"5-4","Y","N","N",1,0,13
"3161","D1",2025-12-06,"Heidenheim","Freiburg",2,1,"H",0,1,"A",3.75,3.4,1.85,"0-1","2-1",16,3,16,2,2,1,0,0,8,6,11,10,3,14,21,"8-6","Y","Y","N",3,0,13
"3162","D1",2025-12-06,"Stuttgart","Bayern Munich",0,5,"A",0,1,"A",5.25,4.6,1.44,"0-1","0-5",13,1,19,11,2,4,1,0,3,4,6,11,5,7,17,"3-4","Y","Y","Y",6,1,13
"3163","D1",2025-12-06,"Wolfsburg","Union Berlin",3,1,"H",2,0,"H",2.05,3.3,3.2,"2-0","3-1",4,3,21,6,4,1,0,0,0,11,13,10,4,11,23,"0-11","Y","Y","Y",5,0,13
"3164","D1",2025-12-06,"RB Leipzig","Ein Frankfurt",6,0,"H",2,0,"H",1.65,4,3.8,"2-0","6-0",16,7,8,2,1,2,0,0,4,0,9,17,6,4,26,"4-0","Y","Y","Y",3,0,13
"3165","D1",2025-12-07,"Hamburg","Werder Bremen",3,2,"H",0,1,"A",2.2,3.5,2.8,"0-1","3-2",12,6,10,3,1,6,0,0,5,3,8,13,5,8,21,"5-3","Y","Y","Y",7,0,13
"3166","D1",2025-12-07,"Dortmund","Hoffenheim",2,0,"H",1,0,"H",1.55,4.1,4.75,"1-0","2-0",8,4,11,3,0,2,0,0,7,5,7,9,2,12,16,"7-5","Y","N","N",2,0,13
"3167","D1",2025-12-12,"Union Berlin","RB Leipzig",3,1,"H",0,0,"D",3.13,3.4,2.2,"0-0","3-1",12,6,9,3,2,2,0,0,4,6,7,8,4,10,15,"4-6","Y","Y","Y",4,0,14
"3168","D1",2025-12-13,"Ein Frankfurt","Augsburg",1,0,"H",0,0,"D",1.65,3.9,4.2,"0-0","1-0",11,4,12,1,2,3,0,0,2,6,14,10,1,8,24,"2-6","N","N","N",5,0,14
"3169","D1",2025-12-13,"Hoffenheim","Hamburg",4,1,"H",2,0,"H",1.65,3.9,4.2,"2-0","4-1",10,6,14,5,1,3,0,0,3,3,16,10,5,6,26,"3-3","Y","Y","Y",4,0,14
"3170","D1",2025-12-13,"Mgladbach","Wolfsburg",1,3,"A",1,3,"A",1.91,3.7,3.3,"1-3","1-3",14,4,11,6,0,1,0,0,6,3,6,8,4,9,14,"6-3","Y","Y","Y",1,0,14
"3171","D1",2025-12-13,"St Pauli","Heidenheim",2,1,"H",1,0,"H",1.91,3.2,3.75,"1-0","2-1",8,5,20,7,2,3,1,0,4,11,6,15,3,15,21,"4-11","Y","Y","N",5,1,14
"3172","D1",2025-12-13,"Leverkusen","FC Koln",2,0,"H",0,0,"D",1.5,4.2,5,"0-0","2-0",17,6,6,4,2,1,0,0,8,3,8,6,2,11,14,"8-3","Y","N","N",3,0,14
"3173","D1",2025-12-14,"Freiburg","Dortmund",1,1,"D",0,1,"A",3.1,3.3,2.1,"0-1","1-1",21,6,9,4,3,2,0,1,6,0,11,10,2,6,21,"6-0","Y","N","N",5,1,14
"3174","D1",2025-12-14,"Bayern Munich","Mainz",2,2,"D",1,1,"D",1.07,9,18,"1-1","2-2",24,11,5,2,2,2,0,0,7,0,7,8,4,7,15,"7-0","Y","Y","Y",4,0,14
"3175","D1",2025-12-14,"Werder Bremen","Stuttgart",0,4,"A",0,2,"A",2.8,3.6,2.15,"0-2","0-4",9,3,24,12,2,0,1,0,0,9,11,6,4,9,17,"0-9","Y","Y","Y",2,1,14
"3176","D1",2025-12-19,"Dortmund","Mgladbach",2,0,"H",1,0,"H",1.53,4.5,5.25,"1-0","2-0",10,4,6,1,2,1,0,0,6,4,15,13,2,10,28,"6-4","Y","N","N",3,0,15
"3177","D1",2025-12-20,"Augsburg","Werder Bremen",0,0,"D",0,0,"D",2.2,3.4,2.88,"0-0","0-0",14,6,9,0,3,4,0,0,6,11,10,20,0,17,30,"6-11","N","N","N",7,0,15
"3178","D1",2025-12-20,"FC Koln","Union Berlin",0,1,"A",0,0,"D",2.25,3.25,2.88,"0-0","0-1",13,2,11,3,2,5,1,0,3,6,9,18,1,9,27,"3-6","N","N","N",7,1,15
"3179","D1",2025-12-20,"Hamburg","Ein Frankfurt",1,1,"D",1,1,"D",2.55,3.4,2.4,"1-1","1-1",9,3,9,3,0,0,0,0,5,5,8,12,2,10,20,"5-5","Y","N","N",0,0,15
"3180","D1",2025-12-20,"Stuttgart","Hoffenheim",0,0,"D",0,0,"D",1.95,3.75,3.13,"0-0","0-0",10,3,4,1,3,2,0,0,4,2,10,17,0,6,27,"4-2","N","N","N",5,0,15
"3181","D1",2025-12-20,"Wolfsburg","Freiburg",3,4,"A",1,1,"D",2.4,3.3,2.6,"1-1","3-4",13,6,15,8,1,1,0,0,2,6,16,8,7,8,24,"2-6","Y","Y","Y",2,0,15
"3182","D1",2025-12-20,"RB Leipzig","Leverkusen",1,3,"A",1,2,"A",2.05,3.6,3,"1-2","1-3",19,7,15,8,1,2,0,0,2,8,10,12,4,10,22,"2-8","Y","Y","Y",3,0,15
"3183","D1",2025-12-21,"Mainz","St Pauli",0,0,"D",0,0,"D",1.9,3.2,3.8,"0-0","0-0",13,1,5,1,1,1,0,0,9,5,5,9,0,14,14,"9-5","N","N","N",2,0,15
"3184","D1",2025-12-21,"Heidenheim","Bayern Munich",0,4,"A",0,2,"A",15,8,1.1,"0-2","0-4",8,1,23,11,0,0,0,0,0,6,8,6,4,6,14,"0-6","Y","Y","Y",0,0,15
"3185","D1",2026-01-09,"Ein Frankfurt","Dortmund",3,3,"D",1,1,"D",3.4,3.75,2,"1-1","3-3",12,6,16,6,3,3,0,0,2,5,14,6,6,7,20,"2-5","Y","Y","Y",6,0,16
"3186","D1",2026-01-10,"Freiburg","Hamburg",2,1,"H",0,0,"D",1.73,3.6,4.1,"0-0","2-1",20,7,10,5,3,5,0,1,0,3,13,11,3,3,24,"0-3","Y","Y","N",8,1,16
"3187","D1",2026-01-10,"Heidenheim","FC Koln",2,2,"D",2,1,"H",2.75,3.4,2.25,"2-1","2-2",14,6,21,9,2,1,0,0,5,4,9,7,4,9,16,"5-4","Y","Y","Y",3,0,16
"3188","D1",2026-01-10,"Union Berlin","Mainz",2,2,"D",0,1,"A",2.05,3.13,3.4,"0-1","2-2",17,5,9,6,2,0,0,0,2,1,9,8,4,3,17,"2-1","Y","Y","Y",2,0,16
"3189","D1",2026-01-10,"Leverkusen","Stuttgart",1,4,"A",0,4,"A",1.87,3.8,3.3,"0-4","1-4",16,4,10,7,4,2,0,0,5,3,13,11,5,8,24,"5-3","Y","Y","Y",6,0,16
"3190","D1",2026-01-11,"Mgladbach","Augsburg",4,0,"H",3,0,"H",1.83,3.5,3.7,"3-0","4-0",12,7,17,2,0,1,0,0,2,2,16,9,4,4,25,"2-2","Y","Y","Y",1,0,16
"3191","D1",2026-01-11,"Bayern Munich","Wolfsburg",8,1,"H",2,1,"H",1.07,9.5,17,"2-1","8-1",16,10,8,3,0,1,0,0,6,2,7,6,9,8,13,"6-2","Y","Y","Y",1,0,16
"3192","D1",2026-01-13,"Stuttgart","Ein Frankfurt",3,2,"H",2,1,"H",1.7,4.2,4.2,"2-1","3-2",20,11,12,5,2,2,0,0,10,2,8,15,5,12,23,"10-2","Y","Y","Y",4,0,16
"3193","D1",2026-01-13,"Dortmund","Werder Bremen",3,0,"H",1,0,"H",1.36,5,7.5,"1-0","3-0",18,8,6,3,2,0,0,0,3,3,14,8,3,6,22,"3-3","Y","Y","N",2,0,16
"3194","D1",2026-01-13,"Mainz","Heidenheim",2,1,"H",1,0,"H",1.75,3.8,4.4,"1-0","2-1",13,6,15,4,2,2,0,0,4,1,11,10,3,5,21,"4-1","Y","Y","N",4,0,17
"3195","D1",2026-01-14,"Wolfsburg","St Pauli",2,1,"H",1,1,"D",1.87,3.4,3.7,"1-1","2-1",13,5,9,4,1,2,0,0,7,4,10,9,3,11,19,"7-4","Y","Y","N",3,0,17
"3196","D1",2026-01-14,"FC Koln","Bayern Munich",1,3,"A",1,1,"D",10,6.5,1.18,"1-1","1-3",8,3,19,8,0,0,0,0,4,6,3,4,4,10,7,"4-6","Y","Y","Y",0,0,17
"3197","D1",2026-01-14,"Hoffenheim","Mgladbach",5,1,"H",4,0,"H",1.8,3.7,3.6,"4-0","5-1",18,10,7,5,1,1,0,0,6,2,16,10,6,8,26,"6-2","Y","Y","Y",2,0,17
"3198","D1",2026-01-14,"RB Leipzig","Freiburg",2,0,"H",0,0,"D",1.67,3.8,4.1,"0-0","2-0",21,7,3,1,0,4,0,0,7,2,12,16,2,9,28,"7-2","Y","N","N",4,0,17
"3199","D1",2026-01-15,"Augsburg","Union Berlin",1,1,"D",1,0,"H",2.5,3,2.7,"1-0","1-1",9,5,16,3,1,0,0,1,3,3,9,18,2,6,27,"3-3","Y","N","N",1,1,17
"3200","D1",2026-01-16,"Werder Bremen","Ein Frankfurt",3,3,"D",1,1,"D",2.63,3.6,2.45,"1-1","3-3",13,4,8,4,1,4,0,0,4,1,8,15,6,5,23,"4-1","Y","Y","Y",5,0,17
"3201","D1",2026-01-17,"Dortmund","St Pauli",3,2,"H",1,0,"H",1.29,4.75,9,"1-0","3-2",10,6,9,5,3,1,0,0,5,5,9,11,5,10,20,"5-5","Y","Y","Y",4,0,17
"3202","D1",2026-01-17,"FC Koln","Mainz",2,1,"H",0,1,"A",2.1,3.4,3,"0-1","2-1",20,6,11,7,4,4,0,0,9,5,6,10,3,14,16,"9-5","Y","Y","N",8,0,17
"3203","D1",2026-01-17,"Hamburg","Mgladbach",0,0,"D",0,0,"D",2.3,3.4,2.7,"0-0","0-0",25,12,6,0,1,2,0,0,2,5,16,18,0,7,34,"2-5","N","N","N",3,0,18
"3204","D1",2026-01-17,"Hoffenheim","Leverkusen",1,0,"H",1,0,"H",2.3,3.7,2.55,"1-0","1-0",19,8,8,2,2,1,0,0,3,5,17,7,1,8,24,"3-5","N","N","N",3,0,18
"3205","D1",2026-01-17,"Wolfsburg","Heidenheim",1,1,"D",0,1,"A",1.62,3.9,4.5,"0-1","1-1",13,4,13,3,4,3,0,0,9,6,10,12,2,15,22,"9-6","Y","N","N",7,0,18
"3206","D1",2026-01-17,"RB Leipzig","Bayern Munich",1,5,"A",1,0,"H",4.75,4.5,1.5,"1-0","1-5",17,4,19,12,1,0,0,0,5,9,7,6,6,14,13,"5-9","Y","Y","Y",1,0,18
"3207","D1",2026-01-18,"Stuttgart","Union Berlin",1,1,"D",0,0,"D",1.6,3.7,4.8,"0-0","1-1",13,4,20,3,1,1,0,0,3,8,6,11,2,11,17,"3-8","Y","N","N",2,0,18
"3208","D1",2026-01-18,"Augsburg","Freiburg",2,2,"D",0,0,"D",2.7,3.25,2.38,"0-0","2-2",13,5,12,5,3,2,0,0,9,6,11,14,4,15,25,"9-6","Y","Y","Y",5,0,18
"3209","D1",2026-01-23,"St Pauli","Hamburg",0,0,"D",0,0,"D",2.88,3,2.63,"0-0","0-0",8,3,5,2,1,1,0,0,5,4,15,13,0,9,28,"5-4","N","N","N",2,0,18
"3210","D1",2026-01-24,"Bayern Munich","Augsburg",1,2,"A",1,0,"H",1.06,9.5,19,"1-0","1-2",15,6,16,6,1,1,0,0,9,3,10,5,3,12,15,"9-3","Y","Y","N",2,0,18
"3211","D1",2026-01-24,"Ein Frankfurt","Hoffenheim",1,3,"A",1,0,"H",2.63,3.6,2.25,"1-0","1-3",9,3,10,5,0,4,0,0,6,6,8,16,4,12,24,"6-6","Y","Y","Y",4,0,18
"3212","D1",2026-01-24,"Heidenheim","RB Leipzig",0,3,"A",0,0,"D",4.8,4.2,1.53,"0-0","0-3",7,2,11,8,1,0,0,0,4,0,10,9,3,4,19,"4-0","Y","Y","N",1,0,19
"3213","D1",2026-01-24,"Leverkusen","Werder Bremen",1,0,"H",1,0,"H",1.55,4.1,4.75,"1-0","1-0",13,4,17,3,2,3,0,0,5,5,6,9,1,10,15,"5-5","N","N","N",5,0,19
"3214","D1",2026-01-24,"Mainz","Wolfsburg",3,1,"H",0,1,"A",2.25,3.4,2.8,"0-1","3-1",20,9,7,2,3,2,0,0,15,1,8,11,4,16,19,"15-1","Y","Y","Y",5,0,19
"3215","D1",2026-01-24,"Union Berlin","Dortmund",0,3,"A",0,1,"A",3.4,3.3,2,"0-1","0-3",10,3,15,5,0,1,0,0,7,2,10,16,3,9,26,"7-2","Y","Y","N",1,0,19
"3216","D1",2026-01-25,"Mgladbach","Stuttgart",0,3,"A",0,1,"A",2.75,3.6,2.2,"0-1","0-3",12,3,17,8,1,1,0,0,1,4,11,7,3,5,18,"1-4","Y","Y","N",2,0,19
"3217","D1",2026-01-25,"Freiburg","FC Koln",2,1,"H",2,1,"H",1.87,3.5,3.6,"2-1","2-1",13,5,19,4,1,2,0,0,5,5,5,9,3,10,14,"5-5","Y","Y","N",3,0,19
"3218","D1",2026-01-27,"St Pauli","RB Leipzig",1,1,"D",0,0,"D",4.5,3.5,1.8,"0-0","1-1",7,2,12,5,0,1,0,0,4,3,6,8,2,7,14,"4-3","Y","N","N",1,0,19
"3219","D1",2026-01-27,"Werder Bremen","Hoffenheim",0,2,"A",0,1,"A",3.4,3.7,2,"0-1","0-2",26,3,12,3,2,2,0,1,6,7,7,10,2,13,17,"6-7","Y","N","N",4,1,19
"3220","D1",2026-01-30,"FC Koln","Wolfsburg",1,0,"H",1,0,"H",1.95,3.8,3.4,"1-0","1-0",15,3,14,3,1,4,0,0,3,4,8,16,1,7,24,"3-4","N","N","N",5,0,19
"3221","D1",2026-01-31,"Augsburg","St Pauli",2,1,"H",1,1,"D",1.93,3.13,3.8,"1-1","2-1",12,6,17,5,3,1,0,0,5,5,15,13,3,10,28,"5-5","Y","Y","N",4,0,20
"3222","D1",2026-01-31,"Ein Frankfurt","Leverkusen",1,3,"A",0,2,"A",2.88,3.6,2.1,"0-2","1-3",11,4,11,4,3,1,1,0,8,3,11,10,4,11,21,"8-3","Y","Y","Y",4,1,20
"3223","D1",2026-01-31,"Hoffenheim","Union Berlin",3,1,"H",2,0,"H",1.73,3.6,4.2,"2-0","3-1",9,4,16,3,2,2,0,0,3,10,11,18,4,13,29,"3-10","Y","Y","Y",4,0,20
"3224","D1",2026-01-31,"RB Leipzig","Mainz",1,2,"A",1,1,"D",1.5,4.2,5,"1-1","1-2",15,4,11,4,0,4,0,0,5,4,4,13,3,9,17,"5-4","Y","Y","N",4,0,20
"3225","D1",2026-01-31,"Werder Bremen","Mgladbach",1,1,"D",0,0,"D",2.3,3.5,2.7,"0-0","1-1",18,6,7,2,0,1,0,0,7,3,10,14,2,10,24,"7-3","Y","N","N",1,0,20
"3226","D1",2026-01-31,"Hamburg","Bayern Munich",2,2,"D",1,1,"D",8.5,5.75,1.25,"1-1","2-2",14,4,13,7,6,4,0,0,3,9,12,16,4,12,28,"3-9","Y","Y","Y",10,0,20
"3227","D1",2026-02-01,"Stuttgart","Freiburg",1,0,"H",0,0,"D",1.62,3.9,4.4,"0-0","1-0",18,7,11,2,3,1,0,0,6,2,14,14,1,8,28,"6-2","N","N","N",4,0,20
"3228","D1",2026-02-01,"Dortmund","Heidenheim",3,2,"H",1,1,"D",1.2,5.75,10.5,"1-1","3-2",19,5,12,3,2,2,0,0,12,3,11,11,5,15,22,"12-3","Y","Y","Y",4,0,20
"3229","D1",2026-02-06,"Union Berlin","Ein Frankfurt",1,1,"D",0,0,"D",2.05,3.5,3.5,"0-0","1-1",11,3,3,1,4,3,0,1,5,2,9,11,2,7,20,"5-2","Y","N","N",7,1,20
"3230","D1",2026-02-07,"Freiburg","Werder Bremen",1,0,"H",1,0,"H",1.75,3.6,4,"1-0","1-0",7,2,17,5,0,1,1,0,4,8,9,12,1,12,21,"4-8","N","N","N",1,1,21
"3231","D1",2026-02-07,"Heidenheim","Hamburg",0,2,"A",0,1,"A",2.7,3.4,2.3,"0-1","0-2",20,4,14,5,0,2,0,0,10,8,6,11,2,18,17,"10-8","Y","N","N",2,0,21
"3232","D1",2026-02-07,"Mainz","Augsburg",2,0,"H",1,0,"H",2,3.4,3.3,"1-0","2-0",10,6,14,6,2,2,0,0,6,4,12,10,2,10,22,"6-4","Y","N","N",4,0,21
"3233","D1",2026-02-07,"St Pauli","Stuttgart",2,1,"H",1,0,"H",4.1,3.5,1.75,"1-0","2-1",15,7,7,3,0,2,0,0,5,5,9,10,3,10,19,"5-5","Y","Y","N",2,0,21
"3234","D1",2026-02-07,"Wolfsburg","Dortmund",1,2,"A",0,1,"A",4.1,3.9,1.67,"0-1","1-2",12,2,21,4,1,1,0,0,4,8,13,10,3,12,23,"4-8","Y","Y","N",2,0,21
"3235","D1",2026-02-07,"Mgladbach","Leverkusen",1,1,"D",1,1,"D",3.25,3.6,1.95,"1-1","1-1",9,6,10,2,2,3,0,0,2,2,7,11,2,4,18,"2-2","Y","N","N",5,0,21
"3236","D1",2026-02-08,"FC Koln","RB Leipzig",1,2,"A",0,1,"A",3,3.75,2,"0-1","1-2",10,3,19,4,1,4,0,0,4,3,7,13,3,7,20,"4-3","Y","Y","N",5,0,21
"3237","D1",2026-02-08,"Bayern Munich","Hoffenheim",5,1,"H",3,1,"H",1.22,6,8.5,"3-1","5-1",27,14,9,4,2,2,0,1,8,3,11,9,6,11,20,"8-3","Y","Y","Y",4,1,21
"3238","D1",2026-02-13,"Dortmund","Mainz",4,0,"H",3,0,"H",1.5,4.1,5.25,"3-0","4-0",14,8,10,5,3,2,0,0,7,2,10,5,4,9,15,"7-2","Y","Y","Y",5,0,21
"3239","D1",2026-02-14,"Ein Frankfurt","Mgladbach",3,0,"H",2,0,"H",1.87,3.5,3.6,"2-0","3-0",12,9,20,3,3,2,0,0,2,8,11,11,3,10,22,"2-8","Y","Y","N",5,0,22
"3240","D1",2026-02-14,"Hamburg","Union Berlin",3,2,"H",2,1,"H",2.45,3.13,2.7,"2-1","3-2",13,4,12,5,3,0,0,0,6,3,12,7,5,9,19,"6-3","Y","Y","Y",3,0,22
"3241","D1",2026-02-14,"Hoffenheim","Freiburg",3,0,"H",0,0,"D",1.67,3.7,4.33,"0-0","3-0",25,7,13,3,3,1,0,0,6,6,8,6,3,12,14,"6-6","Y","Y","N",4,0,22
"3242","D1",2026-02-14,"Leverkusen","St Pauli",4,0,"H",2,0,"H",1.44,4,6.5,"2-0","4-0",12,7,11,1,0,1,0,0,8,3,7,11,4,11,18,"8-3","Y","Y","Y",1,0,22
"3243","D1",2026-02-14,"Werder Bremen","Bayern Munich",0,3,"A",0,2,"A",8,5.75,1.25,"0-2","0-3",14,3,11,8,3,1,0,0,2,4,10,6,3,6,16,"2-4","Y","Y","N",4,0,22
"3244","D1",2026-02-14,"Stuttgart","FC Koln",3,1,"H",1,0,"H",1.4,4.6,6,"1-0","3-1",13,4,10,3,4,1,0,0,2,5,10,10,4,7,20,"2-5","Y","Y","Y",5,0,22
"3245","D1",2026-02-15,"Augsburg","Heidenheim",1,0,"H",0,0,"D",1.75,3.6,3.9,"0-0","1-0",12,4,16,2,1,2,0,0,4,5,9,9,1,9,18,"4-5","N","N","N",3,0,22
"3246","D1",2026-02-15,"RB Leipzig","Wolfsburg",2,2,"D",0,0,"D",1.4,4.75,5.75,"0-0","2-2",20,10,10,3,1,2,0,0,6,2,6,10,4,8,16,"6-2","Y","Y","Y",3,0,22
"3247","D1",2026-02-20,"Mainz","Hamburg",1,1,"D",1,0,"H",2.05,3.6,3.4,"1-0","1-1",17,3,14,5,3,2,0,0,7,2,16,13,2,9,29,"7-2","Y","N","N",5,0,22
"3248","D1",2026-02-21,"Bayern Munich","Ein Frankfurt",3,2,"H",2,0,"H",1.1,8,15,"2-0","3-2",24,11,9,3,0,3,0,0,8,2,9,10,5,10,19,"8-2","Y","Y","Y",3,0,23
"3249","D1",2026-02-21,"FC Koln","Hoffenheim",2,2,"D",1,1,"D",3.1,3.6,2,"1-1","2-2",9,4,18,6,1,3,0,0,3,10,6,12,4,13,18,"3-10","Y","Y","Y",4,0,23
"3250","D1",2026-02-21,"Union Berlin","Leverkusen",1,0,"H",1,0,"H",2.88,3.25,2.25,"1-0","1-0",8,4,16,1,5,2,0,0,4,5,15,7,1,9,22,"4-5","N","N","N",7,0,23
"3251","D1",2026-02-21,"Wolfsburg","Augsburg",2,3,"A",1,0,"H",2,3.5,3.2,"1-0","2-3",10,4,15,6,3,4,0,0,4,10,10,16,5,14,26,"4-10","Y","Y","Y",7,0,23
"3252","D1",2026-02-21,"RB Leipzig","Dortmund",2,2,"D",2,0,"H",2.1,3.75,2.8,"2-0","2-2",13,3,11,5,3,4,0,0,6,2,11,17,4,8,28,"6-2","Y","Y","Y",7,0,23
"3253","D1",2026-02-22,"Freiburg","Mgladbach",2,1,"H",1,0,"H",1.91,3.25,3.7,"1-0","2-1",10,6,12,2,1,2,0,0,3,3,9,8,3,6,17,"3-3","Y","Y","N",3,0,23
"3254","D1",2026-02-22,"St Pauli","Werder Bremen",2,1,"H",0,0,"D",2.6,3,2.6,"0-0","2-1",5,4,13,4,2,6,0,0,1,5,6,10,3,6,16,"1-5","Y","Y","N",8,0,23
"3255","D1",2026-02-22,"Heidenheim","Stuttgart",3,3,"D",2,2,"D",4.2,3.9,1.65,"2-2","3-3",10,6,12,8,1,2,0,0,3,4,13,7,6,7,20,"3-4","Y","Y","Y",3,0,23
"3256","D1",2026-02-27,"Augsburg","FC Koln",2,0,"H",0,0,"D",2.2,3.5,3.1,"0-0","2-0",14,4,10,3,4,1,0,0,6,9,15,4,2,15,19,"6-9","Y","N","N",5,0,23
"3257","D1",2026-02-28,"Hoffenheim","St Pauli",0,1,"A",0,1,"A",1.44,4.1,6,"0-1","0-1",20,11,11,3,1,2,0,0,10,3,13,7,1,13,20,"10-3","N","N","N",3,0,24
"3258","D1",2026-02-28,"Leverkusen","Mainz",1,1,"D",0,0,"D",1.65,3.8,4.33,"0-0","1-1",12,5,8,4,1,2,0,0,6,2,9,13,2,8,22,"6-2","Y","N","N",3,0,24
"3259","D1",2026-02-28,"Mgladbach","Union Berlin",1,0,"H",0,0,"D",2.3,3.13,2.88,"0-0","1-0",21,7,6,2,4,5,0,0,6,2,5,18,1,8,23,"6-2","N","N","N",9,0,24
"3260","D1",2026-02-28,"Werder Bremen","Heidenheim",2,0,"H",0,0,"D",1.73,3.7,4,"0-0","2-0",17,6,9,0,1,0,0,0,3,2,14,9,2,5,23,"3-2","Y","N","N",1,0,24
"3261","D1",2026-02-28,"Dortmund","Bayern Munich",2,3,"A",1,0,"H",4.33,4.33,1.57,"1-0","2-3",10,2,14,6,1,0,0,0,5,2,15,10,5,7,25,"5-2","Y","Y","Y",1,0,24
"3262","D1",2026-03-01,"Stuttgart","Wolfsburg",4,0,"H",3,0,"H",1.45,4.4,5.25,"3-0","4-0",24,11,10,3,1,0,0,0,7,3,5,17,4,10,22,"7-3","Y","Y","Y",1,0,24
"3263","D1",2026-03-01,"Ein Frankfurt","Freiburg",2,0,"H",0,0,"D",2.1,3.4,3,"0-0","2-0",15,7,4,2,1,2,0,0,5,6,9,11,2,11,20,"5-6","Y","N","N",3,0,24
"3264","D1",2026-03-01,"Hamburg","RB Leipzig",1,2,"A",1,1,"D",3,3.6,2.05,"1-1","1-2",7,3,13,5,3,2,0,0,4,9,8,12,3,13,20,"4-9","Y","Y","N",5,0,24
"3265","D1",2026-03-04,"Hamburg","Leverkusen",0,1,"A",0,0,"D",3.2,3.5,2,"0-0","0-1",10,3,14,4,0,2,0,0,2,7,12,11,1,9,23,"2-7","N","N","N",2,0,24
"3266","D1",2026-03-06,"Bayern Munich","Mgladbach",4,1,"H",2,0,"H",1.17,7.5,13,"2-0","4-1",18,9,10,5,1,0,0,1,7,1,7,12,5,8,19,"7-1","Y","Y","Y",1,1,25
"3267","D1",2026-03-07,"Freiburg","Leverkusen",3,3,"D",2,2,"D",2.75,3.3,2.3,"2-2","3-3",21,9,17,5,3,3,0,0,5,2,7,8,6,7,15,"5-2","Y","Y","Y",6,0,25
"3268","D1",2026-03-07,"Heidenheim","Hoffenheim",2,4,"A",0,2,"A",4.8,4.2,1.53,"0-2","2-4",8,2,16,7,0,0,0,0,4,3,7,15,6,7,22,"4-3","Y","Y","Y",0,0,25
"3269","D1",2026-03-07,"Mainz","Stuttgart",2,2,"D",1,0,"H",3,3.6,2.05,"1-0","2-2",18,6,11,4,0,2,0,0,5,6,7,12,4,11,19,"5-6","Y","Y","Y",2,0,25
"3270","D1",2026-03-07,"RB Leipzig","Augsburg",2,1,"H",0,1,"A",1.4,4.6,6,"0-1","2-1",17,8,16,5,0,2,0,0,6,8,8,9,3,14,17,"6-8","Y","Y","N",2,0,25
"3271","D1",2026-03-07,"Wolfsburg","Hamburg",1,2,"A",1,1,"D",2.25,3.4,2.75,"1-1","1-2",14,4,10,7,3,3,1,0,7,3,18,6,3,10,24,"7-3","Y","Y","N",6,1,25
"3272","D1",2026-03-07,"FC Koln","Dortmund",1,2,"A",0,1,"A",4,3.8,1.7,"0-1","1-2",14,4,13,5,1,1,1,0,9,4,9,13,3,13,22,"9-4","Y","Y","N",2,1,25
"3273","D1",2026-03-08,"St Pauli","Ein Frankfurt",0,0,"D",0,0,"D",2.63,3.2,2.45,"0-0","0-0",11,2,8,2,2,1,0,0,6,5,13,8,0,11,21,"6-5","N","N","N",3,0,25
"3274","D1",2026-03-08,"Union Berlin","Werder Bremen",1,4,"A",1,2,"A",2.15,3.2,3.1,"1-2","1-4",9,2,15,5,1,3,1,0,1,3,5,13,5,4,18,"1-3","Y","Y","Y",4,1,25
"3275","D1",2026-03-13,"Mgladbach","St Pauli",2,0,"H",1,0,"H",1.91,3.3,4.2,"1-0","2-0",10,4,8,1,1,2,0,0,2,2,9,7,2,4,16,"2-2","Y","N","N",3,0,26
"3276","D1",2026-03-14,"Dortmund","Augsburg",2,0,"H",1,0,"H",1.36,4.6,6.5,"1-0","2-0",16,5,7,3,0,0,0,0,12,2,7,7,2,14,14,"12-2","Y","N","N",0,0,26
"3277","D1",2026-03-14,"Ein Frankfurt","Heidenheim",1,0,"H",0,0,"D",1.5,4.1,5.25,"0-0","1-0",12,4,3,1,3,2,1,0,5,4,5,9,1,9,14,"5-4","N","N","N",5,1,26
"3278","D1",2026-03-14,"Hoffenheim","Wolfsburg",1,1,"D",0,0,"D",1.4,4.6,6,"0-0","1-1",21,6,4,2,0,3,0,0,16,4,10,10,2,20,20,"16-4","Y","N","N",3,0,26
"3279","D1",2026-03-14,"Leverkusen","Bayern Munich",1,1,"D",1,0,"H",4.8,4.4,1.5,"1-0","1-1",21,7,11,5,3,4,0,2,4,1,12,13,2,5,25,"4-1","Y","N","N",7,2,26
"3280","D1",2026-03-14,"Hamburg","FC Koln",1,1,"D",1,1,"D",2.05,3.4,3.13,"1-1","1-1",5,1,10,2,2,4,0,0,1,8,11,12,2,9,23,"1-8","Y","N","N",6,0,26
"3281","D1",2026-03-15,"Werder Bremen","Mainz",0,2,"A",0,1,"A",2.1,3.4,3,"0-1","0-2",16,3,11,2,2,1,0,0,9,4,7,7,2,13,14,"9-4","Y","N","N",3,0,26
"3282","D1",2026-03-15,"Freiburg","Union Berlin",0,1,"A",0,0,"D",2.05,3.2,3.3,"0-0","0-1",19,6,9,4,0,2,0,0,6,2,6,19,1,8,25,"6-2","N","N","N",2,0,26
"3283","D1",2026-03-15,"Stuttgart","RB Leipzig",1,0,"H",0,0,"D",2.2,3.8,2.6,"0-0","1-0",13,4,9,4,1,2,0,0,5,6,5,16,1,11,21,"5-6","N","N","N",3,0,26
"3284","D1",2026-03-20,"RB Leipzig","Hoffenheim",5,0,"H",4,0,"H",1.93,4.1,3.3,"4-0","5-0",14,9,8,2,1,1,0,0,1,3,8,16,5,4,24,"1-3","Y","Y","Y",2,0,27
"3285","D1",2026-03-21,"Bayern Munich","Union Berlin",4,0,"H",2,0,"H",1.13,7,13,"2-0","4-0",31,9,5,1,1,2,0,0,12,1,5,8,4,13,13,"12-1","Y","Y","Y",3,0,27
"3286","D1",2026-03-21,"FC Koln","Mgladbach",3,3,"D",2,2,"D",2.2,3.4,2.88,"2-2","3-3",12,5,9,3,8,2,1,0,5,3,8,14,6,8,22,"5-3","Y","Y","Y",10,1,27
"3287","D1",2026-03-21,"Heidenheim","Leverkusen",3,3,"D",0,2,"A",5,4.1,1.53,"0-2","3-3",9,5,14,5,4,4,0,0,2,5,11,12,6,7,23,"2-5","Y","Y","Y",8,0,27
"3288","D1",2026-03-21,"Wolfsburg","Werder Bremen",0,1,"A",0,0,"D",2.25,3.4,2.75,"0-0","0-1",11,4,8,3,3,0,1,0,8,4,16,6,1,12,22,"8-4","N","N","N",3,1,27
"3289","D1",2026-03-21,"Dortmund","Hamburg",3,2,"H",0,2,"A",1.36,4.6,6.5,"0-2","3-2",24,8,4,4,2,3,0,0,11,3,10,8,5,14,18,"11-3","Y","Y","Y",5,0,27
"3290","D1",2026-03-22,"Mainz","Ein Frankfurt",2,1,"H",1,1,"D",2.05,3.4,3.13,"1-1","2-1",8,5,12,4,2,1,0,0,5,3,12,5,3,8,17,"5-3","Y","Y","N",3,0,27
"3291","D1",2026-03-22,"St Pauli","Freiburg",1,2,"A",1,0,"H",2.6,3,2.63,"1-0","1-2",12,5,15,6,1,1,0,0,3,2,9,6,3,5,15,"3-2","Y","Y","N",2,0,27
"3292","D1",2026-03-22,"Augsburg","Stuttgart",2,5,"A",0,3,"A",3.3,3.6,1.93,"0-3","2-5",13,7,13,8,1,3,0,0,2,5,11,14,7,7,25,"2-5","Y","Y","Y",4,0,27
"3293","D1",2026-04-04,"Freiburg","Bayern Munich",2,3,"A",0,0,"D",6.5,5,1.33,"0-0","2-3",13,4,21,9,3,3,0,0,5,8,9,13,5,13,22,"5-8","Y","Y","Y",6,0,28
"3294","D1",2026-04-04,"Hamburg","Augsburg",1,1,"D",0,1,"A",2.15,3.4,2.9,"0-1","1-1",18,4,18,3,2,3,1,0,9,2,12,12,2,11,24,"9-2","Y","N","N",5,1,28
"3295","D1",2026-04-04,"Hoffenheim","Mainz",1,2,"A",1,1,"D",1.62,3.9,4.33,"1-1","1-2",16,5,9,5,4,1,0,0,7,3,11,5,3,10,16,"7-3","Y","Y","N",5,0,28
"3296","D1",2026-04-04,"Leverkusen","Wolfsburg",6,3,"H",2,3,"A",1.36,4.75,6.5,"2-3","6-3",25,11,11,5,1,3,0,0,12,2,8,11,9,14,19,"12-2","Y","Y","Y",4,0,28
"3297","D1",2026-04-04,"Mgladbach","Heidenheim",2,2,"D",1,1,"D",1.53,4,5,"1-1","2-2",15,7,15,7,4,0,0,0,2,3,12,11,4,5,23,"2-3","Y","Y","Y",4,0,28
"3298","D1",2026-04-04,"Werder Bremen","RB Leipzig",1,2,"A",0,1,"A",3.3,3.8,1.87,"0-1","1-2",13,5,7,2,2,1,0,0,1,0,13,14,3,1,27,"1-0","Y","Y","N",3,0,28
"3299","D1",2026-04-04,"Stuttgart","Dortmund",0,2,"A",0,0,"D",2.2,3.75,2.63,"0-0","0-2",13,3,5,3,2,4,0,0,5,2,10,12,2,7,22,"5-2","Y","N","N",6,0,28
"3300","D1",2026-04-05,"Union Berlin","St Pauli",1,1,"D",0,1,"A",2.05,3,3.6,"0-1","1-1",16,8,9,2,0,2,0,1,7,2,10,8,2,9,18,"7-2","Y","N","N",2,1,28
"3301","D1",2026-04-05,"Ein Frankfurt","FC Koln",2,2,"D",0,0,"D",1.95,3.5,3.3,"0-0","2-2",20,7,14,9,1,2,0,0,8,0,10,7,4,8,17,"8-0","Y","Y","Y",3,0,28
"3302","D1",2026-04-10,"Augsburg","Hoffenheim",2,2,"D",2,2,"D",3.3,3.8,2,"2-2","2-2",17,8,13,4,5,3,0,0,4,4,6,18,4,8,24,"4-4","Y","Y","Y",8,0,29
"3303","D1",2026-04-11,"Dortmund","Leverkusen",0,1,"A",0,1,"A",1.91,3.7,3.25,"0-1","0-1",14,1,11,4,3,0,0,0,5,5,5,6,1,10,11,"5-5","N","N","N",3,0,29
"3304","D1",2026-04-11,"Heidenheim","Union Berlin",3,1,"H",2,0,"H",2.8,3.3,2.25,"2-0","3-1",7,3,10,3,0,2,0,0,3,5,7,13,4,8,20,"3-5","Y","Y","Y",2,0,29
"3305","D1",2026-04-11,"RB Leipzig","Mgladbach",1,0,"H",0,0,"D",1.45,4.4,5.5,"0-0","1-0",24,11,15,3,4,1,0,0,11,4,9,6,1,15,15,"11-4","N","N","N",5,0,29
"3306","D1",2026-04-11,"Wolfsburg","Ein Frankfurt",1,2,"A",0,2,"A",2.5,3.4,2.5,"0-2","1-2",22,7,10,4,2,1,0,0,7,7,9,8,3,14,17,"7-7","Y","Y","N",3,0,29
"3307","D1",2026-04-11,"St Pauli","Bayern Munich",0,5,"A",0,1,"A",7.5,4.8,1.33,"0-1","0-5",6,3,20,8,1,2,0,0,3,4,9,7,5,7,16,"3-4","Y","Y","Y",3,0,29
"3308","D1",2026-04-12,"FC Koln","Werder Bremen",3,1,"H",1,0,"H",2.1,3.4,3,"1-0","3-1",25,8,6,2,3,2,0,1,8,5,16,7,4,13,23,"8-5","Y","Y","Y",5,1,29
"3309","D1",2026-04-12,"Stuttgart","Hamburg",4,0,"H",2,0,"H",1.36,4.75,6.5,"2-0","4-0",23,11,9,5,2,1,0,0,8,2,10,14,4,10,24,"8-2","Y","Y","Y",3,0,29
"3310","D1",2026-04-12,"Mainz","Freiburg",0,1,"A",0,0,"D",2.15,3.3,3,"0-0","0-1",10,3,8,3,1,3,0,0,6,4,10,13,1,10,23,"6-4","N","N","N",4,0,29
"3311","D2",2025-08-01,"Schalke 04","Hertha",2,1,"H",2,0,"H",2.88,3.4,2.3,"2-0","2-1",14,6,9,3,7,1,1,0,5,10,19,12,3,15,31,"5-10","Y","Y","N",8,1,1
"3312","D2",2025-08-02,"Darmstadt","Bochum",4,1,"H",2,1,"H",2.15,3.6,2.88,"2-1","4-1",20,7,10,3,2,3,0,0,5,8,12,14,5,13,26,"5-8","Y","Y","Y",5,0,1
"3313","D2",2025-08-02,"Elversberg","Nurnberg",1,0,"H",0,0,"D",2.05,3.7,3,"0-0","1-0",12,4,11,4,2,3,0,0,2,4,16,23,1,6,39,"2-4","N","N","N",5,0,1
"3314","D2",2025-08-02,"Karlsruhe","Preußen Münster",3,2,"H",2,1,"H",1.85,3.6,3.7,"2-1","3-2",13,4,11,3,3,3,0,1,6,5,17,17,5,11,34,"6-5","Y","Y","Y",6,1,1
"3315","D2",2025-08-02,"Paderborn","Holstein Kiel",2,1,"H",1,0,"H",2.15,3.6,2.88,"1-0","2-1",9,3,6,2,1,3,0,0,3,0,13,12,3,3,25,"3-0","Y","Y","N",4,0,1
"3316","D2",2025-08-02,"Bielefeld","Fortuna Dusseldorf",5,1,"H",1,1,"D",2.25,3.5,2.8,"1-1","5-1",15,9,11,3,4,4,0,1,8,3,12,14,6,11,26,"8-3","Y","Y","Y",8,1,1
"3317","D2",2025-08-03,"Greuther Furth","Dresden",3,2,"H",2,1,"H",2.2,3.6,2.8,"2-1","3-2",10,5,21,4,1,0,0,0,4,10,8,11,5,14,19,"4-10","Y","Y","Y",1,0,1
"3318","D2",2025-08-03,"Hannover","Kaiserslautern",1,0,"H",0,0,"D",1.9,3.6,3.5,"0-0","1-0",14,5,9,0,2,3,0,0,5,5,13,14,1,10,27,"5-5","N","N","N",5,0,1
"3319","D2",2025-08-03,"Magdeburg","Braunschweig",0,1,"A",0,0,"D",1.8,3.6,3.9,"0-0","0-1",19,3,9,4,4,1,0,1,12,2,17,11,1,14,28,"12-2","N","N","N",5,1,1
"3320","D2",2025-08-08,"Nurnberg","Darmstadt",0,1,"A",0,0,"D",2.8,3.6,2.2,"0-0","0-1",12,3,14,5,2,2,0,0,4,5,11,15,1,9,26,"4-5","N","N","N",4,0,2
"3321","D2",2025-08-08,"Preußen Münster","Paderborn",1,1,"D",0,1,"A",3,3.3,2.2,"0-1","1-1",7,3,16,8,0,0,0,0,5,5,10,17,2,10,27,"5-5","Y","N","N",0,0,2
"3322","D2",2025-08-09,"Braunschweig","Greuther Furth",3,2,"H",2,1,"H",2.3,3.3,2.88,"2-1","3-2",9,4,20,4,2,3,0,0,3,9,11,11,5,12,22,"3-9","Y","Y","Y",5,0,2
"3323","D2",2025-08-09,"Dresden","Magdeburg",1,2,"A",1,2,"A",2.4,3.6,2.55,"1-2","1-2",23,2,9,6,1,3,0,0,6,5,10,14,3,11,24,"6-5","Y","Y","N",4,0,2
"3324","D2",2025-08-09,"Fortuna Dusseldorf","Hannover",0,2,"A",0,0,"D",2.5,3.4,2.5,"0-0","0-2",9,1,10,3,6,4,0,0,5,2,18,14,2,7,32,"5-2","Y","N","N",10,0,2
"3325","D2",2025-08-09,"Kaiserslautern","Schalke 04",1,0,"H",0,0,"D",2.25,3.5,2.8,"0-0","1-0",11,2,9,4,4,4,0,0,5,3,8,16,1,8,24,"5-3","N","N","N",8,0,2
"3326","D2",2025-08-10,"Bochum","Elversberg",2,0,"H",0,0,"D",1.93,3.6,3.4,"0-0","2-0",16,6,3,1,8,5,0,1,10,0,24,11,2,10,35,"10-0","Y","N","N",13,1,2
"3327","D2",2025-08-10,"Hertha","Karlsruhe",0,0,"D",0,0,"D",1.8,3.7,3.9,"0-0","0-0",15,4,19,2,0,1,0,0,5,10,8,11,0,15,19,"5-10","N","N","N",1,0,2
"3328","D2",2025-08-10,"Holstein Kiel","Bielefeld",0,2,"A",0,2,"A",2.15,3.6,2.9,"0-2","0-2",15,7,12,4,0,6,0,1,9,7,13,15,2,16,28,"9-7","Y","N","N",6,1,2
"3329","D2",2025-08-22,"Elversberg","Kaiserslautern",2,1,"H",1,0,"H",2,3.5,3.5,"1-0","2-1",11,5,11,4,3,2,0,0,4,8,22,10,3,12,32,"4-8","Y","Y","N",5,0,3
"3330","D2",2025-08-22,"Preußen Münster","Nurnberg",2,1,"H",2,0,"H",2.3,3.4,2.9,"2-0","2-1",12,6,8,3,3,6,0,0,1,7,20,13,3,8,33,"1-7","Y","Y","N",9,0,3
"3331","D2",2025-08-23,"Hannover","Magdeburg",3,1,"H",2,0,"H",1.93,3.6,3.4,"2-0","3-1",23,8,14,6,3,4,0,0,4,2,22,11,4,6,33,"4-2","Y","Y","Y",7,0,3
"3332","D2",2025-08-23,"Karlsruhe","Braunschweig",2,0,"H",1,0,"H",1.8,3.7,3.8,"1-0","2-0",9,5,9,2,3,4,0,1,5,2,23,14,2,7,37,"5-2","Y","N","N",7,1,3
"3333","D2",2025-08-23,"Paderborn","Fortuna Dusseldorf",1,2,"A",0,2,"A",1.75,3.7,4,"0-2","1-2",17,4,14,6,2,2,1,0,9,7,12,8,3,16,20,"9-7","Y","Y","N",4,1,3
"3334","D2",2025-08-23,"Schalke 04","Bochum",2,1,"H",0,0,"D",2.38,3.4,2.7,"0-0","2-1",15,8,14,3,0,3,0,0,8,9,6,6,3,17,12,"8-9","Y","Y","N",3,0,3
"3335","D2",2025-08-24,"Bielefeld","Dresden",1,2,"A",0,1,"A",1.87,3.6,3.6,"0-1","1-2",12,2,21,7,3,3,1,0,4,5,13,17,3,9,30,"4-5","Y","Y","N",6,1,3
"3336","D2",2025-08-24,"Darmstadt","Hertha",0,0,"D",0,0,"D",2.05,3.6,3.1,"0-0","0-0",14,4,15,1,1,1,0,0,7,2,12,17,0,9,29,"7-2","N","N","N",2,0,3
"3337","D2",2025-08-24,"Greuther Furth","Holstein Kiel",0,2,"A",0,1,"A",2.6,3.4,2.45,"0-1","0-2",15,2,17,4,3,8,0,0,6,3,13,18,2,9,31,"6-3","Y","N","N",11,0,3
"3338","D2",2025-08-29,"Hertha","Elversberg",0,2,"A",0,1,"A",2.2,3.25,3.2,"0-1","0-2",7,2,16,6,6,2,1,0,4,4,15,7,2,8,22,"4-4","Y","N","N",8,1,4
"3339","D2",2025-08-29,"Nurnberg","Paderborn",0,0,"D",0,0,"D",3,3.6,2.15,"0-0","0-0",14,3,15,3,3,4,0,0,7,5,12,10,0,12,22,"7-5","N","N","N",7,0,4
"3340","D2",2025-08-30,"Bochum","Preußen Münster",1,2,"A",1,1,"D",1.95,3.4,3.5,"1-1","1-2",16,4,5,2,3,3,0,0,6,4,21,13,3,10,34,"6-4","Y","Y","N",6,0,4
"3341","D2",2025-08-30,"Braunschweig","Bielefeld",1,1,"D",0,0,"D",2.8,3.5,2.25,"0-0","1-1",8,3,13,6,3,3,0,0,3,7,16,12,2,10,28,"3-7","Y","N","N",6,0,4
"3342","D2",2025-08-30,"Holstein Kiel","Hannover",1,2,"A",1,0,"H",2.55,3.5,2.45,"1-0","1-2",9,3,12,4,2,3,0,0,1,5,23,16,3,6,39,"1-5","Y","Y","N",5,0,4
"3343","D2",2025-08-30,"Fortuna Dusseldorf","Karlsruhe",0,0,"D",0,0,"D",2.2,3.6,2.8,"0-0","0-0",16,2,9,2,1,3,0,0,4,2,9,10,0,6,19,"4-2","N","N","N",4,0,4
"3344","D2",2025-08-31,"Dresden","Schalke 04",0,1,"A",0,0,"D",2.3,3.5,2.7,"0-0","0-1",6,3,16,5,1,4,0,0,1,6,11,10,1,7,21,"1-6","N","N","N",5,0,4
"3345","D2",2025-08-31,"Kaiserslautern","Darmstadt",3,1,"H",0,0,"D",2.45,3.5,2.5,"0-0","3-1",17,8,17,5,2,2,0,0,3,5,8,11,4,8,19,"3-5","Y","Y","Y",4,0,4
"3346","D2",2025-08-31,"Magdeburg","Greuther Furth",4,5,"A",1,1,"D",1.8,3.8,3.7,"1-1","4-5",19,7,13,7,5,4,1,0,2,3,16,10,9,5,26,"2-3","Y","Y","Y",9,1,4
"3347","D2",2025-09-12,"Bielefeld","Magdeburg",2,0,"H",0,0,"D",2.1,3.7,3,"0-0","2-0",13,5,17,3,1,2,0,0,5,5,13,12,2,10,25,"5-5","Y","N","N",3,0,5
"3348","D2",2025-09-12,"Paderborn","Bochum",1,0,"H",0,0,"D",1.83,3.75,3.8,"0-0","1-0",20,5,15,4,1,4,0,0,3,7,7,11,1,10,18,"3-7","N","N","N",5,0,5
"3349","D2",2025-09-13,"Darmstadt","Braunschweig",2,1,"H",0,1,"A",1.6,3.9,4.8,"0-1","2-1",10,4,13,5,2,2,0,1,2,5,11,11,3,7,22,"2-5","Y","Y","N",4,1,5
"3350","D2",2025-09-13,"Karlsruhe","Nurnberg",2,1,"H",1,1,"D",1.93,3.5,3.5,"1-1","2-1",10,7,24,10,2,1,0,0,6,10,8,9,3,16,17,"6-10","Y","Y","N",3,0,5
"3351","D2",2025-09-13,"Schalke 04","Holstein Kiel",0,1,"A",0,1,"A",2.15,3.4,3,"0-1","0-1",12,4,10,5,0,3,0,0,8,3,17,13,1,11,30,"8-3","N","N","N",3,0,5
"3352","D2",2025-09-13,"Hannover","Hertha",0,3,"A",0,0,"D",1.8,3.7,3.8,"0-0","0-3",21,3,9,3,2,5,0,0,15,0,13,19,3,15,32,"15-0","Y","Y","N",7,0,5
"3353","D2",2025-09-14,"Elversberg","Dresden",2,2,"D",1,2,"A",1.95,3.5,3.4,"1-2","2-2",23,7,11,4,0,4,0,0,7,5,8,12,4,12,20,"7-5","Y","Y","Y",4,0,5
"3354","D2",2025-09-14,"Greuther Furth","Kaiserslautern",0,3,"A",0,1,"A",2.3,3.6,2.63,"0-1","0-3",8,3,14,6,1,6,1,0,4,5,9,15,3,9,24,"4-5","Y","Y","N",7,1,5
"3355","D2",2025-09-14,"Preußen Münster","Fortuna Dusseldorf",1,2,"A",1,0,"H",2.5,3.3,2.6,"1-0","1-2",21,6,10,2,3,2,0,0,8,2,14,9,3,10,23,"8-2","Y","Y","N",5,0,5
"3356","D2",2025-09-19,"Bielefeld","Greuther Furth",1,3,"A",0,1,"A",1.75,4,3.9,"0-1","1-3",15,5,11,7,2,1,0,0,6,3,11,22,4,9,33,"6-3","Y","Y","Y",3,0,6
"3357","D2",2025-09-19,"Kaiserslautern","Preußen Münster",4,1,"H",3,0,"H",2.25,3.4,3,"3-0","4-1",15,6,14,6,3,4,0,0,4,0,19,12,5,4,31,"4-0","Y","Y","Y",7,0,6
"3358","D2",2025-09-20,"Braunschweig","Elversberg",1,4,"A",1,2,"A",2.9,3.4,2.2,"1-2","1-4",10,2,22,8,4,6,1,0,4,9,13,15,5,13,28,"4-9","Y","Y","Y",10,1,6
"3359","D2",2025-09-20,"Hertha","Paderborn",0,2,"A",0,1,"A",2.6,3.5,2.4,"0-1","0-2",9,3,17,6,4,1,0,0,7,4,12,8,2,11,20,"7-4","Y","N","N",5,0,6
"3360","D2",2025-09-20,"Magdeburg","Schalke 04",0,2,"A",0,1,"A",2.15,3.6,2.9,"0-1","0-2",8,2,10,2,2,1,0,0,3,2,15,14,2,5,29,"3-2","Y","N","N",3,0,6
"3361","D2",2025-09-20,"Nurnberg","Bochum",2,1,"H",0,0,"D",2.38,3.5,2.63,"0-0","2-1",20,8,13,1,1,5,0,0,8,5,9,12,3,13,21,"8-5","Y","Y","N",6,0,6
"3362","D2",2025-09-21,"Dresden","Hannover",2,2,"D",2,2,"D",3,3.4,2.15,"2-2","2-2",8,4,17,6,3,1,1,0,5,8,15,12,4,13,27,"5-8","Y","Y","Y",4,1,6
"3363","D2",2025-09-21,"Fortuna Dusseldorf","Darmstadt",0,3,"A",0,0,"D",2.4,3.5,2.6,"0-0","0-3",11,1,18,10,0,0,0,0,6,6,11,15,3,12,26,"6-6","Y","Y","N",0,0,6
"3364","D2",2025-09-21,"Holstein Kiel","Karlsruhe",3,0,"H",2,0,"H",1.95,3.6,3.3,"2-0","3-0",11,4,13,4,5,3,0,0,4,5,14,15,3,9,29,"4-5","Y","Y","N",8,0,6
"3365","D2",2025-09-26,"Darmstadt","Dresden",2,0,"H",1,0,"H",1.65,4.1,4.4,"1-0","2-0",11,4,12,0,2,1,0,0,6,4,15,13,2,10,28,"6-4","Y","N","N",3,0,7
"3366","D2",2025-09-26,"Schalke 04","Greuther Furth",1,0,"H",0,0,"D",1.83,3.75,3.9,"0-0","1-0",24,7,7,2,2,2,0,0,10,6,8,15,1,16,23,"10-6","N","N","N",4,0,7
"3367","D2",2025-09-27,"Elversberg","Holstein Kiel",1,0,"H",0,0,"D",2.1,3.6,3,"0-0","1-0",19,4,12,3,4,2,0,0,9,4,11,14,1,13,25,"9-4","N","N","N",6,0,7
"3368","D2",2025-09-27,"Karlsruhe","Magdeburg",1,0,"H",0,0,"D",2.1,3.7,2.9,"0-0","1-0",16,6,21,6,1,6,0,0,8,5,10,13,1,13,23,"8-5","N","N","N",7,0,7
"3369","D2",2025-09-27,"Paderborn","Kaiserslautern",2,0,"H",0,0,"D",1.87,3.7,3.5,"0-0","2-0",25,11,9,3,2,0,0,1,8,2,9,9,2,10,18,"8-2","Y","N","N",2,1,7
"3370","D2",2025-09-27,"Bochum","Fortuna Dusseldorf",0,1,"A",0,1,"A",2.1,3.6,3,"0-1","0-1",23,4,7,3,5,3,0,0,4,3,15,14,1,7,29,"4-3","N","N","N",8,0,7
"3371","D2",2025-09-28,"Hannover","Bielefeld",3,1,"H",0,1,"A",1.8,3.8,3.7,"0-1","3-1",13,4,11,1,2,1,0,0,4,2,16,11,4,6,27,"4-2","Y","Y","Y",3,0,7
"3372","D2",2025-09-28,"Nurnberg","Hertha",0,3,"A",0,2,"A",2.2,3.5,2.88,"0-2","0-3",12,4,14,4,2,3,0,0,6,1,12,22,3,7,34,"6-1","Y","Y","N",5,0,7
"3373","D2",2025-09-28,"Preußen Münster","Braunschweig",3,1,"H",1,0,"H",1.95,3.6,3.3,"1-0","3-1",11,4,12,5,3,4,0,0,3,9,16,16,4,12,32,"3-9","Y","Y","Y",7,0,7
"3374","D2",2025-10-03,"Braunschweig","Paderborn",1,2,"A",0,1,"A",3.8,3.7,1.85,"0-1","1-2",7,2,16,3,3,2,0,0,4,4,16,14,3,8,30,"4-4","Y","Y","N",5,0,8
"3375","D2",2025-10-03,"Fortuna Dusseldorf","Nurnberg",2,3,"A",0,1,"A",2.3,3.6,2.75,"0-1","2-3",12,7,17,7,3,2,0,0,1,2,14,11,5,3,25,"1-2","Y","Y","Y",5,0,8
"3376","D2",2025-10-04,"Hertha","Preußen Münster",2,1,"H",1,0,"H",1.95,3.5,3.4,"1-0","2-1",17,7,17,6,4,3,0,0,5,4,12,9,3,9,21,"5-4","Y","Y","N",7,0,8
"3377","D2",2025-10-04,"Holstein Kiel","Darmstadt",1,1,"D",0,0,"D",2.38,3.5,2.63,"0-0","1-1",22,7,8,1,1,1,0,0,5,0,9,13,2,5,22,"5-0","Y","N","N",2,0,8
"3378","D2",2025-10-04,"Kaiserslautern","Bochum",3,2,"H",1,1,"D",2.05,3.6,3.1,"1-1","3-2",22,10,10,2,2,5,0,0,11,2,9,13,5,13,22,"11-2","Y","Y","Y",7,0,8
"3379","D2",2025-10-04,"Dresden","Karlsruhe",3,3,"D",1,2,"A",2.2,3.6,2.8,"1-2","3-3",13,4,22,6,1,1,0,0,3,7,10,12,6,10,22,"3-7","Y","Y","Y",2,0,8
"3380","D2",2025-10-05,"Bielefeld","Schalke 04",1,2,"A",0,2,"A",2.25,3.5,2.8,"0-2","1-2",11,4,11,4,3,2,0,0,6,2,16,13,3,8,29,"6-2","Y","Y","N",5,0,8
"3381","D2",2025-10-05,"Greuther Furth","Hannover",2,2,"D",1,1,"D",3.3,3.7,1.93,"1-1","2-2",12,5,10,6,2,1,0,0,3,6,9,14,4,9,23,"3-6","Y","Y","Y",3,0,8
"3382","D2",2025-10-05,"Magdeburg","Elversberg",0,4,"A",0,2,"A",2.5,3.6,2.45,"0-2","0-4",15,5,20,8,1,2,0,0,7,13,12,6,4,20,18,"7-13","Y","Y","Y",3,0,8
"3383","D2",2025-10-17,"Fortuna Dusseldorf","Braunschweig",1,2,"A",0,2,"A",1.87,3.7,3.7,"0-2","1-2",14,5,14,5,1,2,0,0,9,2,12,10,3,11,22,"9-2","Y","Y","N",3,0,9
"3384","D2",2025-10-17,"Hannover","Schalke 04",0,3,"A",0,2,"A",1.9,3.6,3.7,"0-2","0-3",13,3,16,5,0,2,0,0,9,7,7,20,3,16,27,"9-7","Y","Y","N",2,0,9
"3385","D2",2025-10-18,"Karlsruhe","Kaiserslautern",2,3,"A",0,1,"A",2.4,3.5,2.55,"0-1","2-3",18,10,12,4,6,4,0,0,7,1,17,13,5,8,30,"7-1","Y","Y","Y",10,0,9
"3386","D2",2025-10-18,"Paderborn","Bielefeld",4,3,"H",1,2,"A",1.73,3.8,4,"1-2","4-3",20,9,16,4,5,3,0,0,8,5,20,15,7,13,35,"8-5","Y","Y","Y",8,0,9
"3387","D2",2025-10-18,"Preußen Münster","Dresden",2,2,"D",0,1,"A",2.25,3.5,2.8,"0-1","2-2",12,3,14,6,2,3,0,1,4,3,23,13,4,7,36,"4-3","Y","Y","Y",5,1,9
"3388","D2",2025-10-18,"Bochum","Hertha",3,2,"H",2,0,"H",2.25,3.6,2.7,"2-0","3-2",10,3,13,6,3,3,0,0,1,6,22,9,5,7,31,"1-6","Y","Y","Y",6,0,9
"3389","D2",2025-10-19,"Darmstadt","Magdeburg",0,0,"D",0,0,"D",1.73,4,3.8,"0-0","0-0",11,6,13,2,2,1,1,0,1,5,15,16,0,6,31,"1-5","N","N","N",3,1,9
"3390","D2",2025-10-19,"Elversberg","Greuther Furth",6,0,"H",1,0,"H",1.55,4.2,4.8,"1-0","6-0",18,8,10,5,1,3,0,0,6,3,10,11,6,9,21,"6-3","Y","Y","Y",4,0,9
"3391","D2",2025-10-19,"Nurnberg","Holstein Kiel",1,1,"D",1,0,"H",2.5,3.4,2.55,"1-0","1-1",16,6,12,4,3,1,0,0,3,7,8,16,2,10,24,"3-7","Y","N","N",4,0,9
"3392","D2",2025-10-24,"Greuther Furth","Karlsruhe",1,4,"A",0,2,"A",2.75,3.7,2.25,"0-2","1-4",16,5,13,8,0,3,0,0,9,5,7,18,5,14,25,"9-5","Y","Y","Y",3,0,10
"3393","D2",2025-10-24,"Schalke 04","Darmstadt",1,0,"H",1,0,"H",2.15,3.5,3.13,"1-0","1-0",10,2,7,1,5,1,0,0,6,4,16,13,1,10,29,"6-4","N","N","N",6,0,10
"3394","D2",2025-10-25,"Bielefeld","Elversberg",2,0,"H",2,0,"H",2.75,3.7,2.2,"2-0","2-0",10,2,16,2,2,2,0,0,3,6,13,12,2,9,25,"3-6","Y","N","N",4,0,10
"3395","D2",2025-10-25,"Dresden","Paderborn",1,2,"A",1,1,"D",3.13,3.6,2.05,"1-1","1-2",8,3,12,4,2,2,0,0,10,4,9,14,3,14,23,"10-4","Y","Y","N",4,0,10
"3396","D2",2025-10-25,"Holstein Kiel","Bochum",1,1,"D",0,0,"D",1.85,3.7,3.6,"0-0","1-1",19,8,12,2,1,5,0,0,9,7,7,18,2,16,25,"9-7","Y","N","N",6,0,10
"3397","D2",2025-10-25,"Hertha","Fortuna Dusseldorf",1,0,"H",0,0,"D",1.85,3.7,3.6,"0-0","1-0",11,4,18,4,2,2,0,0,6,7,12,7,1,13,19,"6-7","N","N","N",4,0,10
"3398","D2",2025-10-26,"Braunschweig","Hannover",0,3,"A",0,2,"A",3.6,3.6,1.87,"0-2","0-3",8,3,24,12,2,5,1,0,2,5,9,17,3,7,26,"2-5","Y","Y","N",7,1,10
"3399","D2",2025-10-26,"Kaiserslautern","Nurnberg",1,1,"D",1,0,"H",2,3.6,3.25,"1-0","1-1",14,7,11,4,3,3,0,0,4,8,17,16,2,12,33,"4-8","Y","N","N",6,0,10
"3400","D2",2025-10-26,"Magdeburg","Preußen Münster",2,0,"H",0,0,"D",1.87,3.75,3.5,"0-0","2-0",12,5,10,4,1,4,0,0,2,5,15,15,2,7,30,"2-5","Y","N","N",5,0,10
"3401","D2",2025-10-31,"Elversberg","Hannover",2,2,"D",1,1,"D",2.25,3.6,2.8,"1-1","2-2",13,7,10,2,3,2,0,0,5,4,13,15,4,9,28,"5-4","Y","Y","Y",5,0,11
"3402","D2",2025-10-31,"Preußen Münster","Holstein Kiel",2,1,"H",0,1,"A",3.2,3.5,2.1,"0-1","2-1",12,5,17,4,5,4,0,0,4,7,18,18,3,11,36,"4-7","Y","Y","N",9,0,11
"3403","D2",2025-11-01,"Hertha","Dresden",2,0,"H",2,0,"H",1.9,3.7,3.4,"2-0","2-0",11,6,13,4,0,0,0,0,3,5,16,9,2,8,25,"3-5","Y","N","N",0,0,11
"3404","D2",2025-11-01,"Karlsruhe","Schalke 04",2,1,"H",0,0,"D",2.6,3.4,2.45,"0-0","2-1",8,3,11,4,4,5,0,0,2,7,13,15,3,9,28,"2-7","Y","Y","N",9,0,11
"3405","D2",2025-11-01,"Nurnberg","Braunschweig",2,1,"H",2,1,"H",1.73,3.7,4.1,"2-1","2-1",5,2,12,4,2,3,0,1,1,9,13,13,3,10,26,"1-9","Y","Y","N",5,1,11
"3406","D2",2025-11-01,"Darmstadt","Bielefeld",2,2,"D",2,1,"H",1.83,3.75,3.6,"2-1","2-2",19,8,10,3,4,1,0,0,9,9,14,12,4,18,26,"9-9","Y","Y","Y",5,0,11
"3407","D2",2025-11-02,"Bochum","Magdeburg",2,0,"H",1,0,"H",NA,NA,NA,"1-0","2-0",24,9,15,6,2,4,0,0,8,7,10,5,2,15,15,"8-7","Y","N","N",6,0,11
"3408","D2",2025-11-02,"Fortuna Dusseldorf","Kaiserslautern",1,1,"D",0,0,"D",NA,NA,NA,"0-0","1-1",11,2,16,8,4,2,0,0,2,4,14,12,2,6,26,"2-4","Y","N","N",6,0,11
"3409","D2",2025-11-02,"Paderborn","Greuther Furth",2,1,"H",1,0,"H",NA,NA,NA,"1-0","2-1",14,6,19,7,1,3,0,0,5,5,15,18,3,10,33,"5-5","Y","Y","N",4,0,11
"3410","D2",2025-11-07,"Dresden","Nurnberg",1,2,"A",1,1,"D",2.5,3.5,2.55,"1-1","1-2",9,1,9,4,3,3,0,0,5,5,12,18,3,10,30,"5-5","Y","Y","N",6,0,12
"3411","D2",2025-11-07,"Greuther Furth","Preußen Münster",1,0,"H",0,0,"D",2.45,3.5,2.6,"0-0","1-0",7,2,12,3,1,4,0,0,4,7,9,12,1,11,21,"4-7","N","N","N",5,0,12
"3412","D2",2025-11-08,"Bielefeld","Karlsruhe",4,0,"H",1,0,"H",2.2,3.6,2.8,"1-0","4-0",19,6,8,2,0,2,0,0,3,5,7,11,4,8,18,"3-5","Y","Y","Y",2,0,12
"3413","D2",2025-11-08,"Hannover","Darmstadt",2,3,"A",2,1,"H",1.95,3.6,3.3,"2-1","2-3",20,10,16,8,2,1,0,0,5,5,16,12,5,10,28,"5-5","Y","Y","Y",3,0,12
"3414","D2",2025-11-08,"Schalke 04","Elversberg",1,0,"H",1,0,"H",2.2,3.4,2.9,"1-0","1-0",7,2,6,0,4,2,0,0,1,5,17,12,1,6,29,"1-5","N","N","N",6,0,12
"3415","D2",2025-11-08,"Kaiserslautern","Hertha",0,1,"A",0,1,"A",2.2,3.7,2.75,"0-1","0-1",16,9,9,3,2,3,0,0,7,4,9,13,1,11,22,"7-4","N","N","N",5,0,12
"3416","D2",2025-11-09,"Braunschweig","Bochum",0,2,"A",0,1,"A",2.8,3.5,2.25,"0-1","0-2",23,6,13,4,3,3,0,0,10,9,10,10,2,19,20,"10-9","Y","N","N",6,0,12
"3417","D2",2025-11-09,"Holstein Kiel","Fortuna Dusseldorf",1,0,"H",0,0,"D",1.87,3.6,3.6,"0-0","1-0",13,4,17,6,1,3,0,0,3,5,9,16,1,8,25,"3-5","N","N","N",4,0,12
"3418","D2",2025-11-09,"Magdeburg","Paderborn",0,1,"A",0,1,"A",3.13,3.7,2,"0-1","0-1",17,3,12,6,4,4,0,0,3,5,10,14,1,8,24,"3-5","N","N","N",8,0,12
"3419","D2",2025-11-21,"Bochum","Dresden",1,2,"A",0,2,"A",1.91,3.7,3.6,"0-2","1-2",23,4,10,4,0,3,0,0,13,8,1,10,3,21,11,"13-8","Y","Y","N",3,0,13
"3420","D2",2025-11-21,"Hertha","Braunschweig",1,0,"H",0,0,"D",1.57,4,5.25,"0-0","1-0",15,5,15,3,1,3,0,0,6,5,14,12,1,11,26,"6-5","N","N","N",4,0,13
"3421","D2",2025-11-22,"Fortuna Dusseldorf","Magdeburg",2,1,"H",1,0,"H",2.2,3.7,2.75,"1-0","2-1",11,5,25,9,4,1,0,0,3,11,17,10,3,14,27,"3-11","Y","Y","N",5,0,13
"3422","D2",2025-11-22,"Paderborn","Hannover",0,2,"A",0,2,"A",2.1,3.6,3,"0-2","0-2",16,4,15,9,0,1,0,0,11,4,12,5,2,15,17,"11-4","Y","N","N",1,0,13
"3423","D2",2025-11-22,"Preußen Münster","Schalke 04",0,0,"D",0,0,"D",3.2,3.25,2.1,"0-0","0-0",5,2,14,6,1,5,1,0,4,6,7,20,0,10,27,"4-6","N","N","N",6,1,13
"3424","D2",2025-11-22,"Darmstadt","Greuther Furth",4,2,"H",1,1,"D",1.53,4.2,5,"1-1","4-2",18,9,14,8,2,3,0,0,5,2,13,9,6,7,22,"5-2","Y","Y","Y",5,0,13
"3425","D2",2025-11-23,"Kaiserslautern","Holstein Kiel",4,1,"H",4,1,"H",2.25,3.5,2.8,"4-1","4-1",28,9,8,2,2,5,0,1,10,3,14,16,5,13,30,"10-3","Y","Y","Y",7,1,13
"3426","D2",2025-11-23,"Karlsruhe","Elversberg",2,3,"A",0,1,"A",2.9,3.6,2.15,"0-1","2-3",11,4,26,8,3,1,0,0,4,9,15,13,5,13,28,"4-9","Y","Y","Y",4,0,13
"3427","D2",2025-11-23,"Nurnberg","Bielefeld",2,0,"H",0,0,"D",2.3,3.5,2.7,"0-0","2-0",11,6,16,1,3,3,0,0,6,13,12,12,2,19,24,"6-13","Y","N","N",6,0,13
"3428","D2",2025-11-28,"Hannover","Karlsruhe",3,0,"H",0,0,"D",1.45,4.75,5.75,"0-0","3-0",18,7,9,2,2,1,0,0,4,1,12,8,3,5,20,"4-1","Y","Y","N",3,0,14
"3429","D2",2025-11-28,"Schalke 04","Paderborn",2,1,"H",1,1,"D",2.5,3.25,2.75,"1-1","2-1",14,5,8,1,2,4,0,0,3,3,7,14,3,6,21,"3-3","Y","Y","N",6,0,14
"3430","D2",2025-11-29,"Braunschweig","Kaiserslautern",2,0,"H",1,0,"H",2.8,3.6,2.2,"1-0","2-0",16,6,10,5,2,5,0,0,5,6,16,18,2,11,34,"5-6","Y","N","N",7,0,14
"3431","D2",2025-11-29,"Greuther Furth","Bochum",0,3,"A",0,3,"A",2.88,3.6,2.15,"0-3","0-3",10,1,14,6,2,0,0,0,6,9,13,13,3,15,26,"6-9","Y","Y","N",2,0,14
"3432","D2",2025-11-29,"Holstein Kiel","Hertha",0,1,"A",0,0,"D",2.4,3.4,2.63,"0-0","0-1",9,0,10,2,2,6,0,0,8,3,13,14,1,11,27,"8-3","N","N","N",8,0,14
"3433","D2",2025-11-29,"Magdeburg","Nurnberg",3,0,"H",0,0,"D",2.25,3.6,2.7,"0-0","3-0",19,8,7,1,3,3,0,1,6,5,12,7,3,11,19,"6-5","Y","Y","N",6,1,14
"3434","D2",2025-11-30,"Bielefeld","Preußen Münster",1,2,"A",1,1,"D",1.8,3.6,3.9,"1-1","1-2",17,2,12,6,3,6,0,0,13,2,16,18,3,15,34,"13-2","Y","Y","N",9,0,14
"3435","D2",2025-11-30,"Dresden","Fortuna Dusseldorf",2,1,"H",1,0,"H",2.3,3.5,2.7,"1-0","2-1",16,4,13,2,1,2,0,0,4,0,12,13,3,4,25,"4-0","Y","Y","N",3,0,14
"3436","D2",2025-11-30,"Elversberg","Darmstadt",0,0,"D",0,0,"D",2.05,3.6,3.1,"0-0","0-0",14,3,11,2,0,1,0,0,6,5,8,12,0,11,20,"6-5","N","N","N",1,0,14
"3437","D2",2025-12-05,"Fortuna Dusseldorf","Schalke 04",0,2,"A",0,1,"A",3.13,3.4,2.15,"0-1","0-2",14,1,14,7,7,1,1,0,1,4,15,8,2,5,23,"1-4","Y","N","N",8,1,15
"3438","D2",2025-12-05,"Preußen Münster","Hannover",2,2,"D",0,1,"A",4.2,3.9,1.73,"0-1","2-2",19,4,5,2,4,3,0,0,5,2,13,17,4,7,30,"5-2","Y","Y","Y",7,0,15
"3439","D2",2025-12-06,"Bochum","Bielefeld",1,0,"H",0,0,"D",2.2,3.5,2.8,"0-0","1-0",13,6,15,6,5,2,0,0,4,5,22,12,1,9,34,"4-5","N","N","N",7,0,15
"3440","D2",2025-12-06,"Kaiserslautern","Dresden",3,1,"H",1,0,"H",1.87,3.7,3.5,"1-0","3-1",12,3,9,2,3,4,0,0,7,3,11,9,4,10,20,"7-3","Y","Y","Y",7,0,15
"3441","D2",2025-12-06,"Paderborn","Elversberg",1,2,"A",0,1,"A",2.25,3.5,2.8,"0-1","1-2",9,3,16,5,4,1,1,0,3,10,19,5,3,13,24,"3-10","Y","Y","N",5,1,15
"3442","D2",2025-12-06,"Darmstadt","Karlsruhe",3,2,"H",1,1,"D",1.67,3.9,4.2,"1-1","3-2",25,10,10,3,1,2,0,0,8,9,6,10,5,17,16,"8-9","Y","Y","Y",3,0,15
"3443","D2",2025-12-07,"Braunschweig","Holstein Kiel",1,1,"D",1,1,"D",2.8,3.5,2.25,"1-1","1-1",20,3,11,2,1,5,1,1,2,4,13,17,2,6,30,"2-4","Y","N","N",6,2,15
"3444","D2",2025-12-07,"Hertha","Magdeburg",0,2,"A",0,0,"D",1.8,3.8,3.7,"0-0","0-2",19,5,18,5,0,3,0,0,7,5,16,7,2,12,23,"7-5","Y","N","N",3,0,15
"3445","D2",2025-12-07,"Nurnberg","Greuther Furth",2,2,"D",0,0,"D",1.73,3.9,3.9,"0-0","2-2",13,3,9,5,2,3,0,0,5,3,12,17,4,8,29,"5-3","Y","Y","Y",5,0,15
"3446","D2",2025-12-12,"Dresden","Braunschweig",2,3,"A",0,2,"A",2.2,3.4,3.13,"0-2","2-3",10,8,17,5,3,4,0,0,7,8,8,13,5,15,21,"7-8","Y","Y","Y",7,0,16
"3447","D2",2025-12-12,"Greuther Furth","Hertha",3,3,"D",1,2,"A",3.7,3.7,1.87,"1-2","3-3",14,6,17,7,2,3,0,0,2,4,13,12,6,6,25,"2-4","Y","Y","Y",5,0,16
"3448","D2",2025-12-13,"Bielefeld","Kaiserslautern",0,0,"D",0,0,"D",2.1,3.6,3,"0-0","0-0",16,3,4,1,1,1,0,0,10,4,19,10,0,14,29,"10-4","N","N","N",2,0,16
"3449","D2",2025-12-13,"Karlsruhe","Paderborn",0,4,"A",0,0,"D",3.25,3.6,2,"0-0","0-4",6,1,27,11,5,2,2,0,1,6,14,8,4,7,22,"1-6","Y","Y","Y",7,2,16
"3450","D2",2025-12-13,"Magdeburg","Holstein Kiel",3,3,"D",2,1,"H",2.2,3.6,2.8,"2-1","3-3",18,8,14,6,2,3,0,0,6,4,11,14,6,10,25,"6-4","Y","Y","Y",5,0,16
"3451","D2",2025-12-13,"Hannover","Bochum",0,0,"D",0,0,"D",1.7,3.9,4.1,"0-0","0-0",20,7,8,3,0,4,0,0,7,0,4,17,0,7,21,"7-0","N","N","N",4,0,16
"3452","D2",2025-12-14,"Darmstadt","Preußen Münster",1,0,"H",0,0,"D",1.62,3.9,4.6,"0-0","1-0",15,4,15,1,2,2,0,0,7,4,10,9,1,11,19,"7-4","N","N","N",4,0,16
"3453","D2",2025-12-14,"Elversberg","Fortuna Dusseldorf",1,0,"H",0,0,"D",1.5,4.33,5.25,"0-0","1-0",15,3,17,5,1,3,0,0,8,6,7,20,1,14,27,"8-6","N","N","N",4,0,16
"3454","D2",2025-12-14,"Schalke 04","Nurnberg",1,0,"H",0,0,"D",1.73,3.6,4.33,"0-0","1-0",7,3,5,3,3,3,0,0,0,7,18,16,1,7,34,"0-7","N","N","N",6,0,16
"3455","D2",2025-12-19,"Hertha","Bielefeld",1,1,"D",0,0,"D",1.93,3.7,3.5,"0-0","1-1",10,2,11,6,3,2,1,0,3,4,12,16,2,7,28,"3-4","Y","N","N",5,1,17
"3456","D2",2025-12-19,"Paderborn","Darmstadt",2,2,"D",0,2,"A",2.1,3.6,3.13,"0-2","2-2",18,7,9,2,2,1,0,0,7,3,14,9,4,10,23,"7-3","Y","Y","Y",3,0,17
"3457","D2",2025-12-20,"Bochum","Karlsruhe",2,2,"D",1,0,"H",1.7,3.9,4.2,"1-0","2-2",11,4,11,6,2,0,0,0,3,3,7,10,4,6,17,"3-3","Y","Y","Y",2,0,17
"3458","D2",2025-12-20,"Fortuna Dusseldorf","Greuther Furth",2,1,"H",1,0,"H",1.85,3.7,3.6,"1-0","2-1",15,7,10,3,4,2,0,0,6,4,11,5,3,10,16,"6-4","Y","Y","N",6,0,17
"3459","D2",2025-12-20,"Kaiserslautern","Magdeburg",2,3,"A",0,2,"A",2.1,3.7,2.9,"0-2","2-3",15,4,20,10,6,5,0,0,4,4,9,16,5,8,25,"4-4","Y","Y","Y",11,0,17
"3460","D2",2025-12-20,"Holstein Kiel","Dresden",2,1,"H",1,1,"D",1.85,3.6,3.6,"1-1","2-1",12,4,19,8,0,1,0,0,7,9,7,8,3,16,15,"7-9","Y","Y","N",1,0,17
"3461","D2",2025-12-21,"Braunschweig","Schalke 04",2,1,"H",0,0,"D",3.2,3.2,2.15,"0-0","2-1",13,5,10,3,0,1,0,0,3,4,13,13,3,7,26,"3-4","Y","Y","N",1,0,17
"3462","D2",2025-12-21,"Nurnberg","Hannover",2,1,"H",1,1,"D",3.13,3.6,2.05,"1-1","2-1",10,5,15,8,4,2,0,0,3,6,14,9,3,9,23,"3-6","Y","Y","N",6,0,17
"3463","D2",2025-12-21,"Preußen Münster","Elversberg",1,1,"D",0,1,"A",3.25,3.5,2,"0-1","1-1",19,7,10,5,2,2,0,0,5,6,19,11,2,11,30,"5-6","Y","N","N",4,0,17
"3464","D2",2026-01-16,"Braunschweig","Magdeburg",0,3,"A",0,1,"A",2.63,3.6,2.4,"0-1","0-3",6,2,21,8,3,3,0,0,1,9,12,12,3,10,24,"1-9","Y","Y","N",6,0,18
"3465","D2",2026-01-16,"Fortuna Dusseldorf","Bielefeld",1,0,"H",0,0,"D",2.5,3.4,2.63,"0-0","1-0",12,3,6,1,0,0,0,0,2,2,12,17,1,4,29,"2-2","N","N","N",0,0,18
"3466","D2",2026-01-17,"Dresden","Greuther Furth",2,0,"H",1,0,"H",1.83,3.75,3.6,"1-0","2-0",12,4,9,0,3,3,0,0,7,3,11,14,2,10,25,"7-3","Y","N","N",6,0,18
"3467","D2",2026-01-17,"Nurnberg","Elversberg",3,2,"H",0,1,"A",2.88,3.4,2.25,"0-1","3-2",27,12,13,7,5,1,0,0,7,3,10,13,5,10,23,"7-3","Y","Y","Y",6,0,18
"3468","D2",2026-01-17,"Preußen Münster","Karlsruhe",0,2,"A",0,0,"D",1.93,3.5,3.5,"0-0","0-2",16,7,14,2,0,3,1,0,7,9,11,11,2,16,22,"7-9","Y","N","N",3,1,18
"3469","D2",2026-01-17,"Hertha","Schalke 04",0,0,"D",0,0,"D",2.5,3.2,2.63,"0-0","0-0",11,6,6,0,4,2,0,0,6,3,10,13,0,9,23,"6-3","N","N","N",6,0,18
"3470","D2",2026-01-18,"Bochum","Darmstadt",3,3,"D",2,2,"D",2.3,3.5,2.7,"2-2","3-3",20,6,8,3,1,2,0,0,8,6,10,8,6,14,18,"8-6","Y","Y","Y",3,0,18
"3471","D2",2026-01-18,"Holstein Kiel","Paderborn",2,0,"H",1,0,"H",2.7,3.5,2.3,"1-0","2-0",7,3,18,6,3,3,0,0,1,11,12,18,2,12,30,"1-11","Y","N","N",6,0,18
"3472","D2",2026-01-18,"Kaiserslautern","Hannover",3,1,"H",0,0,"D",3.1,3.5,2.1,"0-0","3-1",16,8,11,2,1,2,0,1,5,6,12,14,4,11,26,"5-6","Y","Y","Y",3,1,18
"3473","D2",2026-01-23,"Bielefeld","Holstein Kiel",2,2,"D",0,2,"A",2.15,3.3,3.3,"0-2","2-2",14,5,8,1,1,3,0,1,5,6,10,16,4,11,26,"5-6","Y","Y","Y",4,1,19
"3474","D2",2026-01-23,"Darmstadt","Nurnberg",2,0,"H",0,0,"D",1.95,3.5,3.6,"0-0","2-0",10,5,18,5,1,0,0,0,3,6,8,7,2,9,15,"3-6","Y","N","N",1,0,19
"3475","D2",2026-01-24,"Greuther Furth","Braunschweig",0,0,"D",0,0,"D",2.5,3.4,2.55,"0-0","0-0",4,0,19,2,3,2,1,0,2,10,11,18,0,12,29,"2-10","N","N","N",5,1,19
"3476","D2",2026-01-24,"Hannover","Fortuna Dusseldorf",2,1,"H",1,0,"H",1.6,3.9,4.8,"1-0","2-1",10,4,7,2,2,4,0,1,5,2,17,10,3,7,27,"5-2","Y","Y","N",6,1,19
"3477","D2",2026-01-24,"Karlsruhe","Hertha",2,2,"D",2,1,"H",3.25,3.5,2,"2-1","2-2",14,6,18,6,3,2,0,0,3,5,7,13,4,8,20,"3-5","Y","Y","Y",5,0,19
"3478","D2",2026-01-24,"Magdeburg","Dresden",1,2,"A",1,2,"A",1.73,3.9,3.9,"1-2","1-2",21,5,13,3,2,0,0,0,10,5,9,9,3,15,18,"10-5","Y","Y","N",2,0,19
"3479","D2",2026-01-25,"Elversberg","Bochum",1,1,"D",0,1,"A",1.95,3.6,3.25,"0-1","1-1",22,6,7,3,0,0,0,0,9,2,9,12,2,11,21,"9-2","Y","N","N",0,0,19
"3480","D2",2026-01-25,"Paderborn","Preußen Münster",2,1,"H",0,1,"A",1.67,3.8,4.4,"0-1","2-1",28,8,8,2,1,3,0,1,7,6,9,10,3,13,19,"7-6","Y","Y","N",4,1,19
"3481","D2",2026-01-25,"Schalke 04","Kaiserslautern",2,2,"D",0,0,"D",1.95,3.4,3.5,"0-0","2-2",17,5,8,3,1,1,0,0,10,2,12,16,4,12,28,"10-2","Y","Y","Y",2,0,19
"3482","D2",2026-01-30,"Magdeburg","Hannover",1,2,"A",0,1,"A",2.38,3.6,2.7,"0-1","1-2",13,4,12,3,1,4,0,0,6,3,11,18,3,9,29,"6-3","Y","Y","N",5,0,20
"3483","D2",2026-01-30,"Nurnberg","Preußen Münster",1,1,"D",0,0,"D",1.95,3.5,3.6,"0-0","1-1",17,5,10,4,2,4,0,0,7,2,7,15,2,9,22,"7-2","Y","N","N",6,0,20
"3484","D2",2026-01-31,"Bochum","Schalke 04",2,0,"H",2,0,"H",2.45,3.2,2.7,"2-0","2-0",10,6,12,2,4,0,0,0,2,4,15,13,2,6,28,"2-4","Y","N","N",4,0,20
"3485","D2",2026-01-31,"Braunschweig","Karlsruhe",1,0,"H",1,0,"H",2.15,3.4,3,"1-0","1-0",14,5,9,0,4,5,0,0,6,4,10,9,1,10,19,"6-4","N","N","N",9,0,20
"3486","D2",2026-01-31,"Holstein Kiel","Greuther Furth",1,2,"A",0,0,"D",1.65,3.8,4.5,"0-0","1-2",13,3,5,2,4,1,0,0,6,2,13,17,3,8,30,"6-2","Y","Y","N",5,0,20
"3487","D2",2026-01-31,"Kaiserslautern","Elversberg",1,3,"A",1,1,"D",NA,NA,NA,"1-1","1-3",6,1,18,9,4,3,1,0,2,2,10,15,4,4,25,"2-2","Y","Y","Y",7,1,20
"3488","D2",2026-02-01,"Dresden","Bielefeld",1,1,"D",1,0,"H",NA,NA,NA,"1-0","1-1",12,5,17,6,2,3,1,0,3,5,13,12,2,8,25,"3-5","Y","N","N",5,1,20
"3489","D2",2026-02-01,"Fortuna Dusseldorf","Paderborn",2,1,"H",0,1,"A",NA,NA,NA,"0-1","2-1",8,5,10,4,2,3,0,1,7,1,10,12,3,8,22,"7-1","Y","Y","N",5,1,20
"3490","D2",2026-02-01,"Hertha","Darmstadt",2,2,"D",2,1,"H",NA,NA,NA,"2-1","2-2",13,6,15,4,0,4,1,0,4,6,9,15,4,10,24,"4-6","Y","Y","Y",4,1,20
"3491","D2",2026-02-06,"Greuther Furth","Magdeburg",4,5,"A",3,5,"A",3.8,3.6,1.87,"3-5","4-5",14,5,13,7,1,2,0,0,9,1,13,17,9,10,30,"9-1","Y","Y","Y",3,0,21
"3492","D2",2026-02-06,"Preußen Münster","Bochum",1,1,"D",1,0,"H",2.5,3.4,2.6,"1-0","1-1",9,3,15,7,2,2,0,0,3,6,15,14,2,9,29,"3-6","Y","N","N",4,0,21
"3493","D2",2026-02-07,"Elversberg","Hertha",0,3,"A",0,1,"A",2.05,3.6,3.1,"0-1","0-3",20,4,6,5,1,2,0,0,7,5,9,13,3,12,22,"7-5","Y","Y","N",3,0,21
"3494","D2",2026-02-07,"Paderborn","Nurnberg",2,1,"H",2,0,"H",1.83,3.6,3.75,"2-0","2-1",15,7,7,3,2,3,0,1,6,5,16,14,3,11,30,"6-5","Y","Y","N",5,1,21
"3495","D2",2026-02-07,"Schalke 04","Dresden",2,2,"D",0,0,"D",1.7,3.5,4.6,"0-0","2-2",16,5,9,2,2,2,0,0,7,1,15,9,4,8,24,"7-1","Y","Y","Y",4,0,21
"3496","D2",2026-02-07,"Darmstadt","Kaiserslautern",4,0,"H",3,0,"H",1.83,3.7,3.6,"3-0","4-0",15,9,16,2,1,2,0,0,6,6,8,17,4,12,25,"6-6","Y","Y","Y",3,0,21
"3497","D2",2026-02-08,"Bielefeld","Braunschweig",3,2,"H",2,2,"D",1.95,3.3,3.6,"2-2","3-2",20,8,10,4,1,3,0,0,9,1,13,11,5,10,24,"9-1","Y","Y","Y",4,0,21
"3498","D2",2026-02-08,"Hannover","Holstein Kiel",3,1,"H",2,0,"H",1.73,3.7,4.1,"2-0","3-1",20,8,8,4,0,3,0,0,10,4,12,18,4,14,30,"10-4","Y","Y","Y",3,0,21
"3499","D2",2026-02-08,"Karlsruhe","Fortuna Dusseldorf",1,1,"D",0,1,"A",2.7,3.6,2.25,"0-1","1-1",6,2,19,5,1,2,0,0,3,3,13,15,2,6,28,"3-3","Y","N","N",3,0,21
"3500","D2",2026-02-13,"Fortuna Dusseldorf","Preußen Münster",0,0,"D",0,0,"D",1.95,3.5,3.4,"0-0","0-0",12,3,6,2,3,4,0,0,2,2,9,12,0,4,21,"2-2","N","N","N",7,0,22
"3501","D2",2026-02-13,"Nurnberg","Karlsruhe",5,1,"H",3,0,"H",1.7,3.8,4.2,"3-0","5-1",12,8,12,2,1,3,0,0,4,6,11,14,6,10,25,"4-6","Y","Y","Y",4,0,22
"3502","D2",2026-02-14,"Braunschweig","Darmstadt",2,2,"D",2,0,"H",2.88,3.5,2.2,"2-0","2-2",15,6,12,5,1,1,0,0,6,7,10,7,4,13,17,"6-7","Y","Y","Y",2,0,22
"3503","D2",2026-02-14,"Hertha","Hannover",2,3,"A",0,2,"A",2.6,3.5,2.4,"0-2","2-3",15,7,12,7,1,0,0,0,5,6,14,11,5,11,25,"5-6","Y","Y","Y",1,0,22
"3504","D2",2026-02-14,"Kaiserslautern","Greuther Furth",1,0,"H",1,0,"H",1.6,4,4.6,"1-0","1-0",13,3,14,2,2,3,0,0,1,6,14,14,1,7,28,"1-6","N","N","N",5,0,22
"3505","D2",2026-02-14,"Dresden","Elversberg",1,2,"A",1,0,"H",3,3.4,2.15,"1-0","1-2",14,4,12,5,3,3,0,0,5,6,14,13,3,11,27,"5-6","Y","Y","N",6,0,22
"3506","D2",2026-02-15,"Bochum","Paderborn",0,0,"D",0,0,"D",2.45,3.5,2.5,"0-0","0-0",22,9,7,3,2,3,0,0,4,6,15,9,0,10,24,"4-6","N","N","N",5,0,22
"3507","D2",2026-02-15,"Holstein Kiel","Schalke 04",1,2,"A",0,2,"A",2.7,3.2,2.45,"0-2","1-2",10,4,21,8,3,1,0,0,9,6,19,12,3,15,31,"9-6","Y","Y","N",4,0,22
"3508","D2",2026-02-15,"Magdeburg","Bielefeld",0,2,"A",0,1,"A",2.05,3.7,3,"0-1","0-2",19,3,14,4,2,2,0,0,4,4,8,14,2,8,22,"4-4","Y","N","N",4,0,22
"3509","D2",2026-02-20,"Bochum","Nurnberg",1,1,"D",0,1,"A",2.15,3.5,3.1,"0-1","1-1",8,3,9,4,1,3,0,0,3,3,13,9,2,6,22,"3-3","Y","N","N",4,0,23
"3510","D2",2026-02-20,"Greuther Furth","Bielefeld",2,1,"H",1,1,"D",3.7,3.6,1.9,"1-1","2-1",5,3,15,3,2,3,0,0,0,10,11,18,3,10,29,"0-10","Y","Y","N",5,0,23
"3511","D2",2026-02-21,"Darmstadt","Fortuna Dusseldorf",2,1,"H",1,1,"D",1.87,3.6,3.6,"1-1","2-1",14,4,18,9,4,0,0,1,4,11,12,14,3,15,26,"4-11","Y","Y","N",4,1,23
"3512","D2",2026-02-21,"Elversberg","Braunschweig",3,1,"H",2,1,"H",1.53,3.9,5.5,"2-1","3-1",12,4,7,4,1,1,0,0,4,0,7,12,4,4,19,"4-0","Y","Y","Y",2,0,23
"3513","D2",2026-02-21,"Karlsruhe","Holstein Kiel",3,1,"H",1,0,"H",2.55,3.5,2.45,"1-0","3-1",14,7,15,4,5,5,0,0,3,4,23,12,4,7,35,"3-4","Y","Y","Y",10,0,23
"3514","D2",2026-02-21,"Schalke 04","Magdeburg",5,3,"H",2,1,"H",2.15,3.4,3,"2-1","5-3",22,13,15,4,2,0,0,0,4,2,19,8,8,6,27,"4-2","Y","Y","Y",2,0,23
"3515","D2",2026-02-22,"Hannover","Dresden",0,0,"D",0,0,"D",1.5,4.1,5.5,"0-0","0-0",12,3,6,2,2,3,0,0,9,2,15,13,0,11,28,"9-2","N","N","N",5,0,23
"3516","D2",2026-02-22,"Paderborn","Hertha",5,2,"H",3,1,"H",2.15,3.5,2.9,"3-1","5-2",17,9,8,3,0,1,0,0,4,7,9,15,7,11,24,"4-7","Y","Y","Y",1,0,23
"3517","D2",2026-02-22,"Preußen Münster","Kaiserslautern",2,3,"A",1,3,"A",2.3,3.4,2.75,"1-3","2-3",20,8,17,7,3,3,0,0,6,5,18,13,5,11,31,"6-5","Y","Y","Y",6,0,23
"3518","D2",2026-02-27,"Dresden","Darmstadt",3,1,"H",2,0,"H",2.75,3.4,2.38,"2-0","3-1",19,7,17,7,3,1,1,1,1,8,18,13,4,9,31,"1-8","Y","Y","Y",4,2,24
"3519","D2",2026-02-27,"Fortuna Dusseldorf","Bochum",2,1,"H",1,0,"H",2.2,3.5,3,"1-0","2-1",20,9,10,3,1,1,0,0,10,3,10,13,3,13,23,"10-3","Y","Y","N",2,0,24
"3520","D2",2026-02-28,"Bielefeld","Hannover",0,1,"A",0,0,"D",2.8,3.5,2.25,"0-0","0-1",22,7,6,1,3,4,0,0,9,3,19,13,1,12,32,"9-3","N","N","N",7,0,24
"3521","D2",2026-02-28,"Holstein Kiel","Elversberg",1,1,"D",0,0,"D",3,3.5,2.1,"0-0","1-1",10,3,7,3,2,2,0,0,5,7,16,16,2,12,32,"5-7","Y","N","N",4,0,24
"3522","D2",2026-02-28,"Kaiserslautern","Paderborn",1,2,"A",0,1,"A",2.88,3.6,2.15,"0-1","1-2",10,2,15,5,2,3,0,0,3,2,12,24,3,5,36,"3-2","Y","Y","N",5,0,24
"3523","D2",2026-02-28,"Greuther Furth","Schalke 04",1,1,"D",1,0,"H",4.33,3.7,1.7,"1-0","1-1",6,1,16,4,2,4,0,0,4,5,7,10,2,9,17,"4-5","Y","N","N",6,0,24
"3524","D2",2026-03-01,"Braunschweig","Preußen Münster",1,2,"A",0,0,"D",2.3,3.25,2.88,"0-0","1-2",11,3,8,3,2,3,0,1,7,0,8,12,3,7,20,"7-0","Y","Y","N",5,1,24
"3525","D2",2026-03-01,"Hertha","Nurnberg",2,1,"H",1,1,"D",1.95,3.6,3.3,"1-1","2-1",14,5,5,1,0,2,0,0,3,6,11,13,3,9,24,"3-6","Y","Y","N",2,0,24
"3526","D2",2026-03-01,"Magdeburg","Karlsruhe",1,3,"A",0,1,"A",1.67,4.2,4,"0-1","1-3",23,9,8,7,2,4,0,0,6,2,9,12,4,8,21,"6-2","Y","Y","Y",6,0,24
"3527","D2",2026-03-06,"Elversberg","Magdeburg",1,0,"H",0,0,"D",1.87,3.9,3.5,"0-0","1-0",15,4,14,3,0,2,0,0,11,5,4,11,1,16,15,"11-5","N","N","N",2,0,25
"3528","D2",2026-03-06,"Schalke 04","Bielefeld",1,0,"H",1,0,"H",1.87,3.5,3.9,"1-0","1-0",24,8,12,3,0,2,0,0,9,2,7,13,1,11,20,"9-2","N","N","N",2,0,25
"3529","D2",2026-03-07,"Darmstadt","Holstein Kiel",2,0,"H",0,0,"D",1.91,3.6,3.5,"0-0","2-0",15,3,7,1,4,2,0,1,1,5,12,12,2,6,24,"1-5","Y","N","N",6,1,25
"3530","D2",2026-03-07,"Nurnberg","Fortuna Dusseldorf",0,1,"A",0,0,"D",2.2,3.4,2.9,"0-0","0-1",9,2,17,7,1,2,0,0,3,5,10,9,1,8,19,"3-5","N","N","N",3,0,25
"3531","D2",2026-03-07,"Paderborn","Braunschweig",1,1,"D",0,0,"D",1.44,4.2,6.5,"0-0","1-1",18,5,6,3,1,2,0,1,9,5,9,18,2,14,27,"9-5","Y","N","N",3,1,25
"3532","D2",2026-03-07,"Bochum","Kaiserslautern",3,2,"H",1,1,"D",1.91,3.6,3.5,"1-1","3-2",17,9,9,2,3,4,0,0,5,6,13,11,5,11,24,"5-6","Y","Y","Y",7,0,25
"3533","D2",2026-03-08,"Hannover","Greuther Furth",1,2,"A",0,1,"A",1.36,4.75,7,"0-1","1-2",24,9,14,7,2,1,0,0,17,5,10,9,3,22,19,"17-5","Y","Y","N",3,0,25
"3534","D2",2026-03-08,"Karlsruhe","Dresden",3,3,"D",1,3,"A",2.45,3.5,2.55,"1-3","3-3",22,6,12,6,2,0,0,0,7,5,10,10,6,12,20,"7-5","Y","Y","Y",2,0,25
"3535","D2",2026-03-08,"Preußen Münster","Hertha",1,2,"A",0,1,"A",3,3.4,2.15,"0-1","1-2",11,4,15,5,2,2,0,0,4,8,10,9,3,12,19,"4-8","Y","Y","N",4,0,25
"3536","D2",2026-03-13,"Greuther Furth","Elversberg",2,0,"H",1,0,"H",4.33,3.9,1.7,"1-0","2-0",8,4,13,4,1,2,0,0,2,6,13,12,2,8,25,"2-6","Y","N","N",3,0,26
"3537","D2",2026-03-13,"Magdeburg","Darmstadt",1,1,"D",0,0,"D",2.38,3.75,2.6,"0-0","1-1",17,4,10,3,3,1,0,0,8,1,6,10,2,9,16,"8-1","Y","N","N",4,0,26
"3538","D2",2026-03-14,"Bielefeld","Paderborn",2,2,"D",1,0,"H",2.6,3.4,2.45,"1-0","2-2",26,9,7,4,3,2,0,0,4,1,14,12,4,5,26,"4-1","Y","Y","Y",5,0,26
"3539","D2",2026-03-14,"Braunschweig","Fortuna Dusseldorf",1,0,"H",0,0,"D",3,3.4,2.15,"0-0","1-0",16,5,9,2,2,3,0,0,4,5,10,14,1,9,24,"4-5","N","N","N",5,0,26
"3540","D2",2026-03-14,"Holstein Kiel","Nurnberg",2,3,"A",2,2,"D",2.3,3.5,2.7,"2-2","2-3",21,7,9,5,3,5,0,0,7,1,18,13,5,8,31,"7-1","Y","Y","Y",8,0,26
"3541","D2",2026-03-14,"Hertha","Bochum",1,1,"D",1,0,"H",2.05,3.6,3.13,"1-0","1-1",11,2,8,2,2,3,0,0,5,6,12,13,2,11,25,"5-6","Y","N","N",5,0,26
"3542","D2",2026-03-15,"Dresden","Preußen Münster",6,0,"H",3,0,"H",2.05,3.5,3.2,"3-0","6-0",18,8,13,3,1,2,0,0,5,4,5,13,6,9,18,"5-4","Y","Y","Y",3,0,26
"3543","D2",2026-03-15,"Kaiserslautern","Karlsruhe",3,0,"H",2,0,"H",1.9,3.7,3.4,"2-0","3-0",18,8,13,2,1,3,0,0,5,2,8,14,3,7,22,"5-2","Y","Y","N",4,0,26
"3544","D2",2026-03-15,"Schalke 04","Hannover",2,2,"D",2,0,"H",2.25,3.4,2.88,"2-0","2-2",10,4,10,6,1,2,1,0,4,2,15,11,4,6,26,"4-2","Y","Y","Y",3,1,26
"3545","D2",2026-03-20,"Hannover","Braunschweig",1,0,"H",1,0,"H",1.45,4.4,6,"1-0","1-0",10,3,16,4,3,3,0,0,10,6,13,15,1,16,28,"10-6","N","N","N",6,0,27
"3546","D2",2026-03-20,"Karlsruhe","Greuther Furth",3,1,"H",0,1,"A",2.1,3.6,3.1,"0-1","3-1",12,4,10,2,4,1,0,0,3,4,16,6,4,7,22,"3-4","Y","Y","Y",5,0,27
"3547","D2",2026-03-21,"Elversberg","Bielefeld",3,1,"H",1,0,"H",1.9,3.6,3.5,"1-0","3-1",28,10,4,2,0,0,0,1,9,1,7,7,4,10,14,"9-1","Y","Y","Y",0,1,27
"3548","D2",2026-03-21,"Nurnberg","Kaiserslautern",3,0,"H",1,0,"H",2.1,3.6,3,"1-0","3-0",21,5,6,2,1,3,0,0,11,1,10,14,3,12,24,"11-1","Y","Y","N",4,0,27
"3549","D2",2026-03-21,"Paderborn","Dresden",2,1,"H",0,1,"A",1.73,3.75,4.1,"0-1","2-1",22,4,16,8,1,1,0,0,4,5,8,8,3,9,16,"4-5","Y","Y","N",2,0,27
"3550","D2",2026-03-21,"Darmstadt","Schalke 04",1,1,"D",1,1,"D",2.5,3.4,2.55,"1-1","1-1",10,4,16,7,1,2,0,0,11,5,15,16,2,16,31,"11-5","Y","N","N",3,0,27
"3551","D2",2026-03-22,"Bochum","Holstein Kiel",2,3,"A",1,2,"A",1.95,3.6,3.3,"1-2","2-3",20,10,10,4,4,5,1,1,2,3,11,22,5,5,33,"2-3","Y","Y","Y",9,2,27
"3552","D2",2026-03-22,"Fortuna Dusseldorf","Hertha",2,5,"A",1,4,"A",2.25,3.5,2.8,"1-4","2-5",16,5,12,9,3,2,0,0,6,1,12,7,7,7,19,"6-1","Y","Y","Y",5,0,27
"3553","D2",2026-03-22,"Preußen Münster","Magdeburg",1,3,"A",0,1,"A",2.88,3.5,2.2,"0-1","1-3",14,2,8,6,2,2,0,0,6,3,11,19,4,9,30,"6-3","Y","Y","Y",4,0,27
"3554","D2",2026-04-04,"Bielefeld","Darmstadt",2,1,"H",0,1,"A",2.25,3.6,2.75,"0-1","2-1",25,8,7,2,2,5,0,0,8,4,10,16,3,12,26,"8-4","Y","Y","N",7,0,28
"3555","D2",2026-04-04,"Kaiserslautern","Fortuna Dusseldorf",3,0,"H",0,0,"D",2.38,3.6,2.55,"0-0","3-0",23,9,9,0,0,0,0,1,9,6,10,6,3,15,16,"9-6","Y","Y","N",0,1,28
"3556","D2",2026-04-04,"Magdeburg","Bochum",4,1,"H",2,0,"H",2.05,3.7,3,"2-0","4-1",12,6,18,6,2,3,0,0,4,3,9,11,5,7,20,"4-3","Y","Y","Y",5,0,28
"3557","D2",2026-04-04,"Dresden","Hertha",0,1,"A",0,0,"D",2.5,3.5,2.45,"0-0","0-1",13,5,10,5,2,2,0,1,6,3,11,14,1,9,25,"6-3","N","N","N",4,1,28
"3558","D2",2026-04-05,"Braunschweig","Nurnberg",1,1,"D",0,1,"A",2.5,3.4,2.55,"0-1","1-1",16,5,10,1,1,2,0,0,9,4,13,23,2,13,36,"9-4","Y","N","N",3,0,28
"3559","D2",2026-04-05,"Greuther Furth","Paderborn",0,2,"A",0,0,"D",3.7,3.8,1.8,"0-0","0-2",16,4,15,4,1,3,0,0,3,4,10,12,2,7,22,"3-4","Y","N","N",4,0,28
"3560","D2",2026-04-05,"Hannover","Elversberg",1,1,"D",1,0,"H",2.15,3.6,2.9,"1-0","1-1",11,6,12,4,3,3,0,0,10,4,13,11,2,14,24,"10-4","Y","N","N",6,0,28
"3561","D2",2026-04-05,"Holstein Kiel","Preußen Münster",0,0,"D",0,0,"D",1.87,3.6,3.6,"0-0","0-0",13,0,6,1,3,3,0,0,11,3,15,12,0,14,27,"11-3","N","N","N",6,0,28
"3562","D2",2026-04-05,"Schalke 04","Karlsruhe",1,0,"H",0,0,"D",1.45,4.33,6,"0-0","1-0",24,5,4,1,3,1,0,0,2,3,13,8,1,5,21,"2-3","N","N","N",4,0,28
"3563","D2",2026-04-10,"Fortuna Dusseldorf","Holstein Kiel",1,2,"A",0,0,"D",2.1,3.6,3.13,"0-0","1-2",14,5,11,3,2,4,0,0,7,3,13,13,3,10,26,"7-3","Y","Y","N",6,0,29
"3564","D2",2026-04-10,"Karlsruhe","Bielefeld",4,1,"H",1,1,"D",3.13,3.7,2.05,"1-1","4-1",12,6,22,5,2,1,0,0,4,13,9,11,5,17,20,"4-13","Y","Y","Y",3,0,29
"3565","D2",2026-04-11,"Hertha","Kaiserslautern",0,1,"A",0,0,"D",1.7,3.9,4.1,"0-0","0-1",19,6,11,4,2,0,0,0,5,5,11,12,1,10,23,"5-5","N","N","N",2,0,29
"3566","D2",2026-04-11,"Nurnberg","Dresden",0,2,"A",0,0,"D",2.05,3.5,3.13,"0-0","0-2",16,2,9,2,1,1,0,0,5,4,9,11,2,9,20,"5-4","Y","N","N",2,0,29
"3567","D2",2026-04-11,"Preußen Münster","Greuther Furth",0,0,"D",0,0,"D",2.15,3.3,3.1,"0-0","0-0",12,3,6,5,0,0,0,0,6,4,12,14,0,10,26,"6-4","N","N","N",0,0,29
"3568","D2",2026-04-11,"Darmstadt","Hannover",0,2,"A",0,1,"A",2.6,3.6,2.38,"0-1","0-2",16,3,11,6,0,2,0,0,2,6,9,11,2,8,20,"2-6","Y","N","N",2,0,29
"3569","D2",2026-04-12,"Bochum","Braunschweig",4,1,"H",2,0,"H",1.73,3.75,4.1,"2-0","4-1",15,6,15,2,6,1,0,0,2,5,15,4,5,7,19,"2-5","Y","Y","Y",7,0,29
"3570","D2",2026-04-12,"Elversberg","Schalke 04",1,2,"A",1,1,"D",1.95,3.5,3.4,"1-1","1-2",11,5,9,3,1,3,0,1,8,2,13,9,3,10,22,"8-2","Y","Y","N",4,1,29
"3571","D2",2026-04-12,"Paderborn","Magdeburg",4,3,"H",3,2,"H",1.83,3.9,3.5,"3-2","4-3",10,5,16,9,2,1,0,0,4,7,15,11,7,11,26,"4-7","Y","Y","Y",3,0,29
"1","E0",2025-08-15,"Liverpool","Bournemouth",4,2,"H",1,0,"H",1.3,6,8.5,"1-0","4-2",19,10,10,3,1,2,0,0,6,7,7,10,6,13,17,"6-7","Y","Y","Y",3,0,1
"2","E0",2025-08-16,"Aston Villa","Newcastle",0,0,"D",0,0,"D",2.3,3.5,3,"0-0","0-0",3,3,16,3,1,1,1,0,3,6,13,11,0,9,24,"3-6","N","N","N",2,1,1
"3","E0",2025-08-16,"Brighton","Fulham",1,1,"D",0,0,"D",1.91,3.6,3.9,"0-0","1-1",10,4,7,2,3,3,0,0,4,3,16,15,2,7,31,"4-3","Y","N","N",6,0,1
"4","E0",2025-08-16,"Sunderland","West Ham",3,0,"H",0,0,"D",3.2,3.3,2.3,"0-0","3-0",10,5,12,4,0,1,0,0,5,7,8,10,3,12,18,"5-7","Y","Y","N",1,0,1
"5","E0",2025-08-16,"Tottenham","Burnley",3,0,"H",1,0,"H",1.33,4.6,8,"1-0","3-0",16,6,14,4,0,0,0,0,6,5,14,8,3,11,22,"6-5","Y","Y","N",0,0,1
"6","E0",2025-08-16,"Wolves","Man City",0,4,"A",0,2,"A",7,4.5,1.44,"0-2","0-4",9,3,15,4,1,2,0,0,4,6,13,7,4,10,20,"4-6","Y","Y","Y",3,0,1
"7","E0",2025-08-17,"Chelsea","Crystal Palace",0,0,"D",0,0,"D",1.6,4.1,5,"0-0","0-0",19,3,12,4,2,3,0,0,11,2,10,12,0,13,22,"11-2","N","N","N",5,0,1
"8","E0",2025-08-17,"Nottm Forest","Brentford",3,1,"H",3,0,"H",2.15,3.2,3.4,"3-0","3-1",11,5,10,3,1,2,0,0,5,5,7,15,4,10,22,"5-5","Y","Y","Y",3,0,1
"9","E0",2025-08-17,"Man United","Arsenal",0,1,"A",0,1,"A",3.6,3.5,1.95,"0-1","0-1",22,7,9,3,1,4,0,0,3,4,10,19,1,7,29,"3-4","N","N","N",5,0,1
"10","E0",2025-08-18,"Leeds","Everton",1,0,"H",0,0,"D",2.38,3.25,2.9,"0-0","1-0",21,3,7,1,0,2,0,0,7,2,6,8,1,9,14,"7-2","N","N","N",2,0,1
"11","E0",2025-08-22,"West Ham","Chelsea",1,5,"A",1,3,"A",4.6,4,1.7,"1-3","1-5",12,4,12,7,0,1,0,0,7,5,7,10,6,12,17,"7-5","Y","Y","Y",1,0,2
"12","E0",2025-08-23,"Man City","Tottenham",0,2,"A",0,2,"A",1.45,4.8,6.5,"0-2","0-2",10,4,12,5,1,4,0,0,7,2,7,12,2,9,19,"7-2","Y","N","N",5,0,2
"13","E0",2025-08-23,"Bournemouth","Wolves",1,0,"H",1,0,"H",1.75,3.9,4.33,"1-0","1-0",14,4,6,1,2,4,0,1,8,3,13,16,1,11,29,"8-3","N","N","N",6,1,2
"14","E0",2025-08-23,"Brentford","Aston Villa",1,0,"H",1,0,"H",3.1,3.6,2.2,"1-0","1-0",9,2,17,2,1,2,0,0,2,9,11,9,1,11,20,"2-9","N","N","N",3,0,2
"15","E0",2025-08-23,"Burnley","Sunderland",2,0,"H",0,0,"D",2.2,3.1,3.6,"0-0","2-0",7,2,9,1,0,1,0,0,4,3,9,5,2,7,14,"4-3","Y","N","N",1,0,2
"16","E0",2025-08-23,"Arsenal","Leeds",5,0,"H",2,0,"H",1.25,6,11.5,"2-0","5-0",18,5,3,1,0,2,0,0,2,2,8,11,5,4,19,"2-2","Y","Y","Y",2,0,2
"17","E0",2025-08-24,"Crystal Palace","Nottm Forest",1,1,"D",1,0,"H",2.3,3.25,3,"1-0","1-1",8,4,9,1,3,3,0,0,1,3,11,11,2,4,22,"1-3","Y","N","N",6,0,2
"18","E0",2025-08-24,"Everton","Brighton",2,0,"H",1,0,"H",3.1,3.3,2.25,"1-0","2-0",11,3,13,4,4,3,0,0,2,2,7,15,2,4,22,"2-2","Y","N","N",7,0,2
"19","E0",2025-08-24,"Fulham","Man United",1,1,"D",0,0,"D",3.2,3.5,2.1,"0-0","1-1",13,4,10,3,1,1,0,0,9,6,12,10,2,15,22,"9-6","Y","N","N",2,0,2
"20","E0",2025-08-25,"Newcastle","Liverpool",2,3,"A",0,1,"A",3.2,3.8,2,"0-1","2-3",10,3,5,4,2,3,1,0,7,1,17,15,5,8,32,"7-1","Y","Y","Y",5,1,2
"21","E0",2025-08-30,"Chelsea","Fulham",2,0,"H",1,0,"H",1.55,4.2,5.75,"1-0","2-0",13,6,11,3,2,2,0,0,6,4,11,17,2,10,28,"6-4","Y","N","N",4,0,3
"22","E0",2025-08-30,"Man United","Burnley",3,2,"H",1,0,"H",1.33,5.25,9,"1-0","3-2",26,6,6,3,1,5,0,0,7,1,9,9,5,8,18,"7-1","Y","Y","Y",6,0,3
"23","E0",2025-08-30,"Sunderland","Brentford",2,1,"H",0,0,"D",2.9,3.3,2.45,"0-0","2-1",12,3,7,4,3,2,0,0,3,4,11,12,3,7,23,"3-4","Y","Y","N",5,0,3
"24","E0",2025-08-30,"Tottenham","Bournemouth",0,1,"A",0,1,"A",1.73,4.1,4.33,"0-1","0-1",5,1,20,6,2,4,0,0,0,8,17,13,1,8,30,"0-8","N","N","N",6,0,3
"25","E0",2025-08-30,"Wolves","Everton",2,3,"A",1,2,"A",2.63,3.25,2.7,"1-2","2-3",12,4,10,4,0,1,0,0,2,2,15,10,5,4,25,"2-2","Y","Y","Y",1,0,3
"26","E0",2025-08-30,"Leeds","Newcastle",0,0,"D",0,0,"D",3.3,3.6,2.1,"0-0","0-0",10,1,8,2,1,1,0,0,5,5,10,15,0,10,25,"5-5","N","N","N",2,0,3
"27","E0",2025-08-31,"Brighton","Man City",2,1,"H",0,1,"A",3.7,3.8,1.85,"0-1","2-1",12,7,12,3,2,2,0,0,3,2,16,14,3,5,30,"3-2","Y","Y","N",4,0,3
"28","E0",2025-08-31,"Nottm Forest","West Ham",0,3,"A",0,0,"D",1.65,3.7,5,"0-0","0-3",11,3,12,8,0,0,0,0,9,7,14,6,3,16,20,"9-7","Y","Y","N",0,0,3
"29","E0",2025-08-31,"Liverpool","Arsenal",1,0,"H",0,0,"D",2.15,3.5,3.1,"0-0","1-0",9,3,11,1,2,2,0,0,3,8,7,10,1,11,17,"3-8","N","N","N",4,0,3
"30","E0",2025-08-31,"Aston Villa","Crystal Palace",0,3,"A",0,1,"A",1.83,3.5,4.1,"0-1","0-3",13,4,6,4,2,3,0,0,10,1,7,14,3,11,21,"10-1","Y","Y","N",5,0,3
"31","E0",2025-09-13,"Arsenal","Nottm Forest",3,0,"H",1,0,"H",1.36,5,8.5,"1-0","3-0",16,5,5,1,1,1,0,0,8,4,8,11,3,12,19,"8-4","Y","Y","N",2,0,4
"32","E0",2025-09-13,"Bournemouth","Brighton",2,1,"H",1,0,"H",2.38,3.6,2.8,"1-0","2-1",13,5,6,2,4,4,0,0,4,4,16,10,3,8,26,"4-4","Y","Y","N",8,0,4
"33","E0",2025-09-13,"Crystal Palace","Sunderland",0,0,"D",0,0,"D",1.65,3.75,5.5,"0-0","0-0",14,6,6,0,1,1,0,0,5,3,10,8,0,8,18,"5-3","N","N","N",2,0,4
"34","E0",2025-09-13,"Everton","Aston Villa",0,0,"D",0,0,"D",2.45,3.2,3,"0-0","0-0",20,2,7,1,3,3,0,0,10,3,17,15,0,13,32,"10-3","N","N","N",6,0,4
"35","E0",2025-09-13,"Fulham","Leeds",1,0,"H",0,0,"D",1.95,3.5,3.9,"0-0","1-0",5,3,10,3,1,2,0,0,3,3,20,15,1,6,35,"3-3","N","N","N",3,0,4
"36","E0",2025-09-13,"Newcastle","Wolves",1,0,"H",1,0,"H",1.4,4.6,8,"1-0","1-0",16,4,8,3,1,4,0,0,10,4,10,17,1,14,27,"10-4","N","N","N",5,0,4
"37","E0",2025-09-13,"West Ham","Tottenham",0,3,"A",0,0,"D",3.3,3.6,2.1,"0-0","0-3",7,4,14,5,0,1,1,0,2,13,8,7,3,15,15,"2-13","Y","Y","N",1,1,4
"38","E0",2025-09-13,"Brentford","Chelsea",2,2,"D",1,0,"H",4.6,3.9,1.73,"1-0","2-2",7,4,16,6,3,2,0,0,5,6,13,9,4,11,22,"5-6","Y","Y","Y",5,0,4
"39","E0",2025-09-14,"Burnley","Liverpool",0,1,"A",0,0,"D",8.5,5.25,1.3,"0-0","0-1",3,0,27,4,0,2,0,0,1,13,9,9,1,14,18,"1-13","N","N","N",2,0,4
"40","E0",2025-09-14,"Man City","Man United",3,0,"H",1,0,"H",1.73,4,4.1,"1-0","3-0",13,6,12,2,0,0,0,0,2,4,8,8,3,6,16,"2-4","Y","Y","N",0,0,4
"41","E0",2025-09-20,"Liverpool","Everton",2,1,"H",2,0,"H",1.44,4.75,7,"2-0","2-1",11,3,9,2,2,3,0,0,5,4,11,10,3,9,21,"5-4","Y","Y","N",5,0,5
"42","E0",2025-09-20,"Brighton","Tottenham",2,2,"D",2,1,"H",2.25,3.6,3,"2-1","2-2",12,4,11,3,1,2,0,0,2,10,10,13,4,12,23,"2-10","Y","Y","Y",3,0,5
"43","E0",2025-09-20,"Burnley","Nottm Forest",1,1,"D",1,1,"D",3.4,3.25,2.2,"1-1","1-1",12,5,17,8,1,1,0,0,4,5,12,11,2,9,23,"4-5","Y","N","N",2,0,5
"44","E0",2025-09-20,"West Ham","Crystal Palace",1,2,"A",0,1,"A",3,3.3,2.38,"0-1","1-2",8,3,18,3,3,3,0,0,8,8,15,5,3,16,20,"8-8","Y","Y","N",6,0,5
"45","E0",2025-09-20,"Wolves","Leeds",1,3,"A",1,3,"A",2.7,3.2,2.7,"1-3","1-3",16,6,6,4,1,1,0,0,4,0,11,9,4,4,20,"4-0","Y","Y","Y",2,0,5
"46","E0",2025-09-20,"Man United","Chelsea",2,1,"H",2,0,"H",2.63,3.75,2.45,"2-0","2-1",11,4,5,1,0,5,1,1,5,5,13,14,3,10,27,"5-5","Y","Y","N",5,2,5
"47","E0",2025-09-20,"Fulham","Brentford",3,1,"H",2,1,"H",2,3.5,3.7,"2-1","3-1",14,3,8,3,4,1,0,0,2,10,11,13,4,12,24,"2-10","Y","Y","Y",5,0,5
"48","E0",2025-09-21,"Bournemouth","Newcastle",0,0,"D",0,0,"D",2.4,3.4,2.75,"0-0","0-0",11,2,4,1,2,1,0,0,5,2,7,10,0,7,17,"5-2","N","N","N",3,0,5
"49","E0",2025-09-21,"Sunderland","Aston Villa",1,1,"D",0,0,"D",3.5,3.25,2.1,"0-0","1-1",14,4,12,2,2,1,1,0,6,5,14,8,2,11,22,"6-5","Y","N","N",3,1,5
"50","E0",2025-09-21,"Arsenal","Man City",1,1,"D",0,1,"A",1.85,3.6,3.9,"0-1","1-1",12,3,5,3,1,2,0,0,11,2,11,10,2,13,21,"11-2","Y","N","N",3,0,5
"51","E0",2025-09-27,"Brentford","Man United",3,1,"H",2,1,"H",3.5,3.75,2,"2-1","3-1",10,8,14,6,2,2,0,0,4,2,14,10,4,6,24,"4-2","Y","Y","Y",4,0,6
"52","E0",2025-09-27,"Chelsea","Brighton",1,3,"A",1,0,"H",1.87,3.9,3.8,"1-0","1-3",13,3,12,3,3,5,1,0,5,7,9,16,4,12,25,"5-7","Y","Y","Y",8,1,6
"53","E0",2025-09-27,"Crystal Palace","Liverpool",2,1,"H",1,0,"H",3.8,3.75,1.9,"1-0","2-1",16,7,20,4,1,3,0,0,2,6,10,8,3,8,18,"2-6","Y","Y","N",4,0,6
"54","E0",2025-09-27,"Leeds","Bournemouth",2,2,"D",1,1,"D",3.1,3.2,2.4,"1-1","2-2",19,8,12,5,2,2,0,0,7,4,12,13,4,11,25,"7-4","Y","Y","Y",4,0,6
"55","E0",2025-09-27,"Man City","Burnley",5,1,"H",1,1,"D",1.15,7.5,17,"1-1","5-1",21,8,9,2,1,3,0,0,10,2,5,7,6,12,12,"10-2","Y","Y","Y",4,0,6
"56","E0",2025-09-27,"Nottm Forest","Sunderland",0,1,"A",0,1,"A",1.75,3.7,4.75,"0-1","0-1",22,6,11,3,4,2,0,0,7,4,11,6,1,11,17,"7-4","N","N","N",6,0,6
"57","E0",2025-09-27,"Tottenham","Wolves",1,1,"D",0,0,"D",1.45,4.5,6.5,"0-0","1-1",10,3,9,3,3,2,0,0,10,9,9,11,2,19,20,"10-9","Y","N","N",5,0,6
"58","E0",2025-09-28,"Aston Villa","Fulham",3,1,"H",1,1,"D",2.25,3.3,3.25,"1-1","3-1",9,4,11,4,1,4,0,0,2,8,10,13,4,10,23,"2-8","Y","Y","Y",5,0,6
"59","E0",2025-09-28,"Newcastle","Arsenal",1,2,"A",1,0,"H",3.4,3.3,2.1,"1-0","1-2",8,3,20,7,2,1,0,0,7,12,8,9,3,19,17,"7-12","Y","Y","N",3,0,6
"60","E0",2025-09-29,"Everton","West Ham",1,1,"D",1,0,"H",1.7,3.6,4.75,"1-0","1-1",12,6,14,3,3,4,0,0,3,5,7,16,2,8,23,"3-5","Y","N","N",7,0,6
"61","E0",2025-10-03,"Bournemouth","Fulham",3,1,"H",0,0,"D",2,3.5,3.7,"0-0","3-1",11,6,12,4,0,1,0,0,4,3,8,10,4,7,18,"4-3","Y","Y","Y",1,0,7
"62","E0",2025-10-04,"Leeds","Tottenham",1,2,"A",1,1,"D",2.75,3.4,2.5,"1-1","1-2",16,4,9,3,2,3,0,0,4,1,10,12,3,5,22,"4-1","Y","Y","N",5,0,7
"63","E0",2025-10-04,"Arsenal","West Ham",2,0,"H",1,0,"H",1.17,7,17,"1-0","2-0",21,5,4,0,0,2,0,0,8,3,14,14,2,11,28,"8-3","Y","N","N",2,0,7
"64","E0",2025-10-04,"Man United","Sunderland",2,0,"H",2,0,"H",1.5,4.4,6,"2-0","2-0",15,6,8,3,1,4,0,0,2,3,10,12,2,5,22,"2-3","Y","N","N",5,0,7
"65","E0",2025-10-04,"Chelsea","Liverpool",2,1,"H",1,0,"H",2.88,3.8,2.25,"1-0","2-1",12,6,12,2,0,2,0,0,7,2,9,8,3,9,17,"7-2","Y","Y","N",2,0,7
"66","E0",2025-10-05,"Aston Villa","Burnley",2,1,"H",1,0,"H",1.57,4,6,"1-0","2-1",15,7,5,2,3,1,0,0,6,4,9,15,3,10,24,"6-4","Y","Y","N",4,0,7
"67","E0",2025-10-05,"Everton","Crystal Palace",2,1,"H",0,1,"A",2.5,3.25,2.9,"0-1","2-1",14,7,15,8,2,3,0,0,2,4,13,16,3,6,29,"2-4","Y","Y","N",5,0,7
"68","E0",2025-10-05,"Newcastle","Nottm Forest",2,0,"H",0,0,"D",1.57,4.2,5.5,"0-0","2-0",18,9,5,4,0,4,0,0,8,1,16,15,2,9,31,"8-1","Y","N","N",4,0,7
"69","E0",2025-10-05,"Wolves","Brighton",1,1,"D",1,0,"H",3.6,3.6,2,"1-0","1-1",6,3,17,6,2,4,0,0,2,8,13,9,2,10,22,"2-8","Y","N","N",6,0,7
"70","E0",2025-10-05,"Brentford","Man City",0,1,"A",0,1,"A",4.75,4.1,1.62,"0-1","0-1",6,1,10,4,3,2,0,0,3,2,10,6,1,5,16,"3-2","N","N","N",5,0,7
"71","E0",2025-10-18,"Nottm Forest","Chelsea",0,3,"A",0,0,"D",3.7,3.75,1.95,"0-0","0-3",12,2,17,6,2,2,0,1,5,2,13,16,3,7,29,"5-2","Y","Y","N",4,1,8
"72","E0",2025-10-18,"Brighton","Newcastle",2,1,"H",1,0,"H",2.63,3.5,2.6,"1-0","2-1",13,5,16,3,0,1,0,0,8,4,9,9,3,12,18,"8-4","Y","Y","N",1,0,8
"73","E0",2025-10-18,"Burnley","Leeds",2,0,"H",1,0,"H",3.3,3.25,2.25,"1-0","2-0",4,3,19,4,2,1,0,0,1,5,10,7,2,6,17,"1-5","Y","N","N",3,0,8
"74","E0",2025-10-18,"Crystal Palace","Bournemouth",3,3,"D",0,2,"A",2.25,3.4,3.13,"0-2","3-3",20,7,8,5,1,4,0,0,6,5,8,16,6,11,24,"6-5","Y","Y","Y",5,0,8
"75","E0",2025-10-18,"Man City","Everton",2,0,"H",0,0,"D",1.36,5,8.5,"0-0","2-0",19,7,5,1,0,2,0,0,11,3,8,14,2,14,22,"11-3","Y","N","N",2,0,8
"76","E0",2025-10-18,"Sunderland","Wolves",2,0,"H",1,0,"H",2.45,3.1,3.1,"1-0","2-0",8,2,16,3,0,0,0,0,3,2,5,12,2,5,17,"3-2","Y","N","N",0,0,8
"77","E0",2025-10-18,"Fulham","Arsenal",0,1,"A",0,0,"D",6.5,4,1.53,"0-0","0-1",9,0,16,5,0,0,0,0,6,10,11,4,1,16,15,"6-10","N","N","N",0,0,8
"78","E0",2025-10-19,"Tottenham","Aston Villa",1,2,"A",1,1,"D",2,3.5,3.5,"1-1","1-2",9,3,8,2,2,0,0,0,6,6,11,7,3,12,18,"6-6","Y","Y","N",2,0,8
"79","E0",2025-10-19,"Liverpool","Man United",1,2,"A",0,1,"A",1.57,4.33,4.8,"0-1","1-2",19,6,12,4,0,2,0,0,9,4,8,14,3,13,22,"9-4","Y","Y","N",2,0,8
"80","E0",2025-10-20,"West Ham","Brentford",0,2,"A",0,1,"A",2.4,3.4,2.75,"0-1","0-2",7,1,22,7,1,1,0,0,6,10,10,10,2,16,20,"6-10","Y","N","N",2,0,8
"81","E0",2025-10-24,"Leeds","West Ham",2,1,"H",2,0,"H",1.8,3.6,4.6,"2-0","2-1",13,5,9,3,3,3,0,0,3,4,12,11,3,7,23,"3-4","Y","Y","N",6,0,9
"82","E0",2025-10-25,"Chelsea","Sunderland",1,2,"A",1,1,"D",1.36,5,8.5,"1-1","1-2",16,7,10,4,1,1,0,0,9,1,15,13,3,10,28,"9-1","Y","Y","N",2,0,9
"83","E0",2025-10-25,"Newcastle","Fulham",2,1,"H",1,0,"H",1.62,3.9,5.5,"1-0","2-1",18,7,12,5,0,2,0,0,4,3,11,18,3,7,29,"4-3","Y","Y","N",2,0,9
"84","E0",2025-10-25,"Man United","Brighton",4,2,"H",2,0,"H",2,3.9,3.4,"2-0","4-2",13,9,17,5,2,2,0,0,1,6,4,13,6,7,17,"1-6","Y","Y","Y",4,0,9
"85","E0",2025-10-25,"Brentford","Liverpool",3,2,"H",2,1,"H",4.33,4.1,1.73,"2-1","3-2",17,8,18,5,3,2,0,0,5,4,7,10,5,9,17,"5-4","Y","Y","Y",5,0,9
"86","E0",2025-10-26,"Arsenal","Crystal Palace",1,0,"H",1,0,"H",1.4,4.4,7.5,"1-0","1-0",10,3,7,1,0,0,0,0,4,3,6,11,1,7,17,"4-3","N","N","N",0,0,9
"87","E0",2025-10-26,"Aston Villa","Man City",1,0,"H",1,0,"H",4,3.7,1.8,"1-0","1-0",9,3,18,4,1,4,0,0,5,6,8,16,1,11,24,"5-6","N","N","N",5,0,9
"88","E0",2025-10-26,"Bournemouth","Nottm Forest",2,0,"H",2,0,"H",1.75,3.7,4.33,"2-0","2-0",13,5,8,4,3,1,0,0,6,4,17,7,2,10,24,"6-4","Y","N","N",4,0,9
"89","E0",2025-10-26,"Wolves","Burnley",2,3,"A",2,2,"D",1.95,3.25,3.9,"2-2","2-3",15,7,11,7,1,0,0,0,5,3,12,7,5,8,19,"5-3","Y","Y","Y",1,0,9
"90","E0",2025-10-26,"Everton","Tottenham",0,3,"A",0,2,"A",2.3,3.4,2.9,"0-2","0-3",12,2,7,4,2,0,0,0,9,8,9,8,3,17,17,"9-8","Y","Y","N",2,0,9
"91","E0",2025-11-01,"Brighton","Leeds",3,0,"H",1,0,"H",1.87,3.7,4,"1-0","3-0",14,7,5,2,0,1,0,0,4,7,10,7,3,11,17,"4-7","Y","Y","N",1,0,10
"92","E0",2025-11-01,"Burnley","Arsenal",0,2,"A",0,2,"A",12,5.75,1.25,"0-2","0-2",3,0,12,8,2,1,0,0,1,6,10,13,2,7,23,"1-6","Y","N","N",3,0,10
"93","E0",2025-11-01,"Crystal Palace","Brentford",2,0,"H",1,0,"H",1.91,3.75,3.8,"1-0","2-0",9,2,6,2,0,3,0,0,6,5,7,11,2,11,18,"6-5","Y","N","N",3,0,10
"94","E0",2025-11-01,"Fulham","Wolves",3,0,"H",1,0,"H",1.85,3.4,4.5,"1-0","3-0",19,6,5,2,1,3,0,1,10,1,13,14,3,11,27,"10-1","Y","Y","N",4,1,10
"95","E0",2025-11-01,"Nottm Forest","Man United",2,2,"D",0,1,"A",3.4,3.7,2.05,"0-1","2-2",17,3,18,7,1,1,0,0,8,5,10,7,4,13,17,"8-5","Y","Y","Y",2,0,10
"96","E0",2025-11-01,"Tottenham","Chelsea",0,1,"A",0,1,"A",2.63,3.6,2.5,"0-1","0-1",3,1,15,9,4,2,0,0,6,5,14,12,1,11,26,"6-5","N","N","N",6,0,10
"97","E0",2025-11-01,"Liverpool","Aston Villa",2,0,"H",1,0,"H",1.6,4.33,5,"1-0","2-0",16,4,10,3,2,3,0,0,1,4,13,11,2,5,24,"1-4","Y","N","N",5,0,10
"98","E0",2025-11-02,"West Ham","Newcastle",3,1,"H",2,1,"H",5.25,3.9,1.6,"2-1","3-1",15,9,12,4,1,2,0,0,7,6,5,10,4,13,15,"7-6","Y","Y","Y",3,0,10
"99","E0",2025-11-02,"Man City","Bournemouth",3,1,"H",2,1,"H",1.5,4.4,5.75,"2-1","3-1",15,8,8,5,2,2,0,0,10,4,8,11,4,14,19,"10-4","Y","Y","Y",4,0,10
"100","E0",2025-11-03,"Sunderland","Everton",1,1,"D",0,1,"A",2.7,3.1,2.63,"0-1","1-1",17,3,8,2,3,2,0,0,4,1,10,12,2,5,22,"4-1","Y","N","N",5,0,10
"101","E0",2025-11-08,"Tottenham","Man United",2,2,"D",0,1,"A",2.63,3.7,2.5,"0-1","2-2",10,4,5,2,5,1,0,0,5,3,10,8,4,8,18,"5-3","Y","Y","Y",6,0,11
"102","E0",2025-11-08,"Everton","Fulham",2,0,"H",1,0,"H",2.2,3.3,3.4,"1-0","2-0",14,5,8,4,2,2,0,0,7,5,11,14,2,12,25,"7-5","Y","N","N",4,0,11
"103","E0",2025-11-08,"West Ham","Burnley",3,2,"H",1,1,"D",1.93,3.5,4,"1-1","3-2",15,6,16,7,2,2,0,0,7,4,15,13,5,11,28,"7-4","Y","Y","Y",4,0,11
"104","E0",2025-11-08,"Sunderland","Arsenal",2,2,"D",1,0,"H",8,4.6,1.4,"1-0","2-2",6,2,17,7,2,1,0,0,2,2,13,13,4,4,26,"2-2","Y","Y","Y",3,0,11
"105","E0",2025-11-08,"Chelsea","Wolves",3,0,"H",0,0,"D",1.36,5,8.5,"0-0","3-0",20,8,3,0,1,2,0,0,10,1,12,14,3,11,26,"10-1","Y","Y","N",3,0,11
"106","E0",2025-11-09,"Aston Villa","Bournemouth",4,0,"H",2,0,"H",2.2,3.5,3.2,"2-0","4-0",16,8,13,4,2,2,0,0,6,9,8,20,4,15,28,"6-9","Y","Y","Y",4,0,11
"107","E0",2025-11-09,"Brentford","Newcastle",3,1,"H",0,1,"A",2.88,3.5,2.38,"0-1","3-1",15,7,5,1,2,1,0,0,6,2,10,13,4,8,23,"6-2","Y","Y","Y",3,0,11
"108","E0",2025-11-09,"Crystal Palace","Brighton",0,0,"D",0,0,"D",2.25,3.6,3,"0-0","0-0",10,2,7,3,1,4,0,0,4,8,10,12,0,12,22,"4-8","N","N","N",5,0,11
"109","E0",2025-11-09,"Nottm Forest","Leeds",3,1,"H",1,1,"D",2.2,3.4,3.25,"1-1","3-1",14,6,10,3,2,1,0,0,6,4,10,11,4,10,21,"6-4","Y","Y","Y",3,0,11
"110","E0",2025-11-09,"Man City","Liverpool",3,0,"H",2,0,"H",1.85,3.9,3.6,"2-0","3-0",14,6,7,1,2,4,0,0,7,7,14,15,3,14,29,"7-7","Y","Y","N",6,0,11
"111","E0",2025-11-22,"Burnley","Chelsea",0,2,"A",0,1,"A",6.5,4.2,1.5,"0-1","0-2",8,2,15,5,2,3,0,0,1,9,13,8,2,10,21,"1-9","Y","N","N",5,0,12
"112","E0",2025-11-22,"Bournemouth","West Ham",2,2,"D",0,2,"A",1.62,4.1,5.25,"0-2","2-2",28,10,5,2,3,2,0,0,9,2,9,10,4,11,19,"9-2","Y","Y","Y",5,0,12
"113","E0",2025-11-22,"Brighton","Brentford",2,1,"H",0,1,"A",1.93,3.75,3.75,"0-1","2-1",14,5,10,4,4,2,0,0,7,4,10,9,3,11,19,"7-4","Y","Y","N",6,0,12
"114","E0",2025-11-22,"Fulham","Sunderland",1,0,"H",0,0,"D",2,3.3,3.9,"0-0","1-0",24,6,4,2,3,3,0,0,7,4,5,13,1,11,18,"7-4","N","N","N",6,0,12
"115","E0",2025-11-22,"Liverpool","Nottm Forest",0,3,"A",0,1,"A",1.4,5,7,"0-1","0-3",21,4,15,7,2,0,0,0,8,6,11,8,3,14,19,"8-6","Y","Y","N",2,0,12
"116","E0",2025-11-22,"Wolves","Crystal Palace",0,2,"A",0,0,"D",3.9,3.5,1.95,"0-0","0-2",8,1,10,4,2,3,0,0,1,4,13,9,2,5,22,"1-4","Y","N","N",5,0,12
"117","E0",2025-11-22,"Newcastle","Man City",2,1,"H",0,0,"D",3.6,3.75,1.95,"0-0","2-1",9,5,17,4,1,3,0,0,5,9,13,8,3,14,21,"5-9","Y","Y","N",4,0,12
"118","E0",2025-11-23,"Leeds","Aston Villa",1,2,"A",1,0,"H",2.9,3.25,2.38,"1-0","1-2",14,5,14,3,5,1,0,0,3,3,18,16,3,6,34,"3-3","Y","Y","N",6,0,12
"119","E0",2025-11-23,"Arsenal","Tottenham",4,1,"H",2,0,"H",1.36,4.5,8,"2-0","4-1",17,8,3,2,1,3,0,0,4,1,11,15,5,5,26,"4-1","Y","Y","Y",4,0,12
"120","E0",2025-11-24,"Man United","Everton",0,1,"A",0,1,"A",1.7,3.8,4.5,"0-1","0-1",25,6,3,1,2,0,0,1,9,1,12,9,1,10,21,"9-1","N","N","N",2,1,12
"121","E0",2025-11-29,"Brentford","Burnley",3,1,"H",0,0,"D",1.44,4.5,7,"0-0","3-1",14,4,6,2,0,2,0,0,5,6,7,7,4,11,14,"5-6","Y","Y","Y",2,0,13
"122","E0",2025-11-29,"Man City","Leeds",3,2,"H",2,0,"H",1.22,6.5,12,"2-0","3-2",18,9,9,4,4,1,0,0,8,1,17,11,5,9,28,"8-1","Y","Y","Y",5,0,13
"123","E0",2025-11-29,"Sunderland","Bournemouth",3,2,"H",1,2,"A",3.1,3.4,2.3,"1-2","3-2",12,6,18,6,5,5,0,1,6,3,14,13,5,9,27,"6-3","Y","Y","Y",10,1,13
"124","E0",2025-11-29,"Everton","Newcastle",1,4,"A",0,3,"A",2.7,3.4,2.55,"0-3","1-4",10,2,13,8,0,0,0,0,8,7,4,6,5,15,10,"8-7","Y","Y","Y",0,0,13
"125","E0",2025-11-29,"Tottenham","Fulham",1,2,"A",0,2,"A",2.2,3.5,3.2,"0-2","1-2",14,2,7,3,3,2,0,0,8,2,11,7,3,10,18,"8-2","Y","Y","N",5,0,13
"126","E0",2025-11-30,"Crystal Palace","Man United",1,2,"A",1,0,"H",2.25,3.5,2.9,"1-0","1-2",14,3,14,6,3,2,0,0,4,4,14,14,3,8,28,"4-4","Y","Y","N",5,0,13
"127","E0",2025-11-30,"Aston Villa","Wolves",1,0,"H",0,0,"D",1.45,4.33,6.5,"0-0","1-0",16,6,9,4,0,4,0,0,7,3,13,21,1,10,34,"7-3","N","N","N",4,0,13
"128","E0",2025-11-30,"Nottm Forest","Brighton",0,2,"A",0,1,"A",2.63,3.4,2.5,"0-1","0-2",19,3,17,6,0,1,0,0,9,2,11,10,2,11,21,"9-2","Y","N","N",1,0,13
"129","E0",2025-11-30,"West Ham","Liverpool",0,2,"A",0,0,"D",4.33,4.1,1.67,"0-0","0-2",7,0,9,5,1,0,1,0,7,2,12,14,2,9,26,"7-2","Y","N","N",1,1,13
"130","E0",2025-11-30,"Chelsea","Arsenal",1,1,"D",0,0,"D",3.2,3.4,2.05,"0-0","1-1",11,4,8,4,1,6,1,0,3,3,12,13,2,6,25,"3-3","Y","N","N",7,1,13
"131","E0",2025-12-02,"Bournemouth","Everton",0,1,"A",0,0,"D",2.2,3.25,3.4,"0-0","0-1",5,2,13,3,3,3,0,0,1,6,14,14,1,7,28,"1-6","N","N","N",6,0,14
"132","E0",2025-12-02,"Fulham","Man City",4,5,"A",1,3,"A",4.75,4.1,1.67,"1-3","4-5",12,6,11,4,0,1,0,0,7,2,9,7,9,9,16,"7-2","Y","Y","Y",1,0,14
"133","E0",2025-12-02,"Newcastle","Tottenham",2,2,"D",0,0,"D",1.8,3.8,4.2,"0-0","2-2",19,7,8,2,0,3,0,0,11,8,5,12,4,19,17,"11-8","Y","Y","Y",3,0,14
"134","E0",2025-12-03,"Arsenal","Brentford",2,0,"H",1,0,"H",1.36,4.8,9,"1-0","2-0",15,7,6,1,0,1,0,0,4,8,7,9,2,12,16,"4-8","Y","N","N",1,0,14
"135","E0",2025-12-03,"Brighton","Aston Villa",3,4,"A",2,2,"D",2.15,3.5,3.3,"2-2","3-4",16,7,14,10,2,2,0,0,5,6,10,9,7,11,19,"5-6","Y","Y","Y",4,0,14
"136","E0",2025-12-03,"Burnley","Crystal Palace",0,1,"A",0,1,"A",4.75,3.7,1.75,"0-1","0-1",11,4,3,3,0,0,0,0,3,4,9,8,1,7,17,"3-4","N","N","N",0,0,14
"137","E0",2025-12-03,"Wolves","Nottm Forest",0,1,"A",0,0,"D",3.25,3.3,2.25,"0-0","0-1",5,1,10,3,2,2,0,0,3,9,19,11,1,12,30,"3-9","N","N","N",4,0,14
"138","E0",2025-12-03,"Leeds","Chelsea",3,1,"H",2,0,"H",4.5,3.8,1.75,"2-0","3-1",17,5,14,2,1,1,0,0,4,2,10,13,4,6,23,"4-2","Y","Y","Y",2,0,14
"139","E0",2025-12-03,"Liverpool","Sunderland",1,1,"D",0,0,"D",1.33,5.25,8.5,"0-0","1-1",23,4,9,6,1,1,0,0,7,3,10,5,2,10,15,"7-3","Y","N","N",2,0,14
"140","E0",2025-12-04,"Man United","West Ham",1,1,"D",0,0,"D",1.4,4.75,6.5,"0-0","1-1",17,4,11,3,2,2,0,0,6,6,13,9,2,12,22,"6-6","Y","N","N",4,0,14
"141","E0",2025-12-06,"Aston Villa","Arsenal",2,1,"H",1,0,"H",4.1,3.5,1.9,"1-0","2-1",15,6,15,9,0,2,0,0,3,3,10,8,3,6,18,"3-3","Y","Y","N",2,0,15
"142","E0",2025-12-06,"Bournemouth","Chelsea",0,0,"D",0,0,"D",3.13,3.7,2.15,"0-0","0-0",13,5,11,4,0,2,0,0,5,0,15,13,0,5,28,"5-0","N","N","N",2,0,15
"143","E0",2025-12-06,"Everton","Nottm Forest",3,0,"H",2,0,"H",2.2,3.3,3.4,"2-0","3-0",11,5,7,3,4,3,0,0,6,3,17,15,3,9,32,"6-3","Y","Y","N",7,0,15
"144","E0",2025-12-06,"Man City","Sunderland",3,0,"H",2,0,"H",1.22,6.5,12,"2-0","3-0",18,6,8,1,1,0,0,1,6,5,9,10,3,11,19,"6-5","Y","Y","N",1,1,15
"145","E0",2025-12-06,"Newcastle","Burnley",2,1,"H",2,0,"H",1.25,6,11.5,"2-0","2-1",17,7,9,3,2,2,0,1,9,9,9,11,3,18,20,"9-9","Y","Y","N",4,1,15
"146","E0",2025-12-06,"Tottenham","Brentford",2,0,"H",2,0,"H",2.3,3.5,3,"2-0","2-0",15,7,4,1,3,4,0,0,7,6,8,9,2,13,17,"7-6","Y","N","N",7,0,15
"147","E0",2025-12-06,"Leeds","Liverpool",3,3,"D",0,0,"D",3.9,3.8,1.85,"0-0","3-3",12,5,16,7,3,3,0,0,5,4,14,14,6,9,28,"5-4","Y","Y","Y",6,0,15
"148","E0",2025-12-07,"Brighton","West Ham",1,1,"D",0,0,"D",1.53,4.4,5.75,"0-0","1-1",22,4,14,5,2,2,0,0,10,6,12,8,2,16,20,"10-6","Y","N","N",4,0,15
"149","E0",2025-12-07,"Fulham","Crystal Palace",1,2,"A",1,1,"D",2.5,3.25,2.7,"1-1","1-2",12,4,11,5,0,0,0,0,6,4,5,8,3,10,13,"6-4","Y","Y","N",0,0,15
"150","E0",2025-12-08,"Wolves","Man United",1,4,"A",1,1,"D",4.2,3.8,1.75,"1-1","1-4",8,2,27,10,3,2,0,0,1,9,17,12,5,10,29,"1-9","Y","Y","Y",5,0,15
"151","E0",2025-12-13,"Chelsea","Everton",2,0,"H",2,0,"H",1.65,3.9,5.25,"2-0","2-0",17,5,11,2,1,0,0,0,4,7,13,11,2,11,24,"4-7","Y","N","N",1,0,16
"152","E0",2025-12-13,"Liverpool","Brighton",2,0,"H",1,0,"H",1.67,4.2,4.6,"1-0","2-0",18,4,14,1,1,2,0,0,2,2,8,15,2,4,23,"2-2","Y","N","N",3,0,16
"153","E0",2025-12-13,"Burnley","Fulham",2,3,"A",1,2,"A",4,3.5,1.93,"1-2","2-3",16,8,6,4,1,2,0,0,10,4,8,8,5,14,16,"10-4","Y","Y","Y",3,0,16
"154","E0",2025-12-13,"Arsenal","Wolves",2,1,"H",0,0,"D",1.1,9,26,"0-0","2-1",16,2,3,2,0,4,0,0,8,0,7,15,3,8,22,"8-0","Y","Y","N",4,0,16
"155","E0",2025-12-14,"Crystal Palace","Man City",0,3,"A",0,1,"A",3.9,3.8,1.8,"0-1","0-3",16,4,7,6,2,0,0,0,2,2,9,6,3,4,15,"2-2","Y","Y","N",2,0,16
"156","E0",2025-12-14,"Nottm Forest","Tottenham",3,0,"H",1,0,"H",2.5,3.3,2.7,"1-0","3-0",15,6,6,1,1,3,0,0,3,3,9,13,3,6,22,"3-3","Y","Y","N",4,0,16
"157","E0",2025-12-14,"Sunderland","Newcastle",1,0,"H",0,0,"D",3.2,3.4,2.15,"0-0","1-0",5,1,6,2,5,4,0,0,3,6,10,10,1,9,20,"3-6","N","N","N",9,0,16
"158","E0",2025-12-14,"West Ham","Aston Villa",2,3,"A",2,1,"H",3.5,3.5,2,"2-1","2-3",10,3,7,4,1,2,0,0,5,3,18,13,5,8,31,"5-3","Y","Y","Y",3,0,16
"159","E0",2025-12-14,"Brentford","Leeds",1,1,"D",0,0,"D",1.9,3.5,3.8,"0-0","1-1",7,2,18,4,0,0,0,0,0,3,8,9,2,3,17,"0-3","Y","N","N",0,0,16
"160","E0",2025-12-15,"Man United","Bournemouth",4,4,"D",2,1,"H",1.8,3.9,3.8,"2-1","4-4",25,9,14,9,2,3,0,0,5,4,15,12,8,9,27,"5-4","Y","Y","Y",5,0,16
"161","E0",2025-12-20,"Newcastle","Chelsea",2,2,"D",2,0,"H",2.7,3.6,2.45,"2-0","2-2",11,5,13,4,3,6,0,0,6,4,13,14,4,10,27,"6-4","Y","Y","Y",9,0,17
"162","E0",2025-12-20,"Bournemouth","Burnley",1,1,"D",0,0,"D",1.45,4.5,7,"0-0","1-1",16,1,4,1,1,1,0,0,5,3,11,11,2,8,22,"5-3","Y","N","N",2,0,17
"163","E0",2025-12-20,"Brighton","Sunderland",0,0,"D",0,0,"D",1.65,3.9,5.25,"0-0","0-0",16,4,14,6,2,2,0,0,3,4,11,15,0,7,26,"3-4","N","N","N",4,0,17
"164","E0",2025-12-20,"Man City","West Ham",3,0,"H",2,0,"H",1.18,7.5,13,"2-0","3-0",17,8,7,3,1,1,0,0,6,0,16,10,3,6,26,"6-0","Y","Y","N",2,0,17
"165","E0",2025-12-20,"Wolves","Brentford",0,2,"A",0,0,"D",3.6,3.5,2.05,"0-0","0-2",9,2,7,6,2,4,0,0,3,4,12,15,2,7,27,"3-4","Y","N","N",6,0,17
"166","E0",2025-12-20,"Tottenham","Liverpool",1,2,"A",0,0,"D",3.4,3.75,2,"0-0","1-2",15,4,8,4,3,3,2,0,2,6,9,7,3,8,16,"2-6","Y","Y","N",6,2,17
"167","E0",2025-12-20,"Everton","Arsenal",0,1,"A",0,1,"A",6.5,3.9,1.55,"0-1","0-1",5,1,13,2,2,2,0,0,2,3,4,5,1,5,9,"2-3","N","N","N",4,0,17
"168","E0",2025-12-20,"Leeds","Crystal Palace",4,1,"H",2,0,"H",2.6,3.3,2.7,"2-0","4-1",20,8,9,3,1,3,0,0,9,5,5,10,5,14,15,"9-5","Y","Y","Y",4,0,17
"169","E0",2025-12-21,"Aston Villa","Man United",2,1,"H",1,1,"D",2.05,3.6,3.2,"1-1","2-1",12,4,15,6,1,2,0,0,5,5,11,14,3,10,25,"5-5","Y","Y","N",3,0,17
"170","E0",2025-12-22,"Fulham","Nottm Forest",1,0,"H",1,0,"H",2.38,3.25,2.88,"1-0","1-0",11,1,12,2,5,4,0,0,1,5,5,9,1,6,14,"1-5","N","N","N",9,0,17
"171","E0",2025-12-26,"Man United","Newcastle",1,0,"H",1,0,"H",2.45,3.6,2.55,"1-0","1-0",10,4,16,3,2,1,0,0,2,11,9,5,1,13,14,"2-11","N","N","N",3,0,18
"172","E0",2025-12-27,"Nottm Forest","Man City",1,2,"A",0,0,"D",5.25,4.1,1.57,"0-0","1-2",7,2,16,5,1,2,0,0,5,5,5,13,3,10,18,"5-5","Y","Y","N",3,0,18
"173","E0",2025-12-27,"Arsenal","Brighton",2,1,"H",1,0,"H",1.36,4.75,7.5,"1-0","2-1",24,6,8,3,2,3,0,0,7,2,7,13,3,9,20,"7-2","Y","Y","N",5,0,18
"174","E0",2025-12-27,"Brentford","Bournemouth",4,1,"H",2,0,"H",2.2,3.6,2.9,"2-0","4-1",15,7,20,10,2,2,0,0,2,15,9,8,5,17,17,"2-15","Y","Y","Y",4,0,18
"175","E0",2025-12-27,"Burnley","Everton",0,0,"D",0,0,"D",3.9,3.25,1.95,"0-0","0-0",16,0,15,6,0,2,0,0,6,5,8,8,0,11,16,"6-5","N","N","N",2,0,18
"176","E0",2025-12-27,"Liverpool","Wolves",2,1,"H",2,0,"H",1.22,6,12,"2-0","2-1",14,4,9,4,0,1,0,0,6,4,5,13,3,10,18,"6-4","Y","Y","N",1,0,18
"177","E0",2025-12-27,"West Ham","Fulham",0,1,"A",0,0,"D",2.6,3.4,2.5,"0-0","0-1",11,2,15,4,1,3,0,0,5,4,8,8,1,9,16,"5-4","N","N","N",4,0,18
"178","E0",2025-12-27,"Chelsea","Aston Villa",1,2,"A",1,0,"H",1.8,3.75,4,"1-0","1-2",14,3,11,8,5,3,0,0,6,7,16,8,3,13,24,"6-7","Y","Y","N",8,0,18
"179","E0",2025-12-28,"Sunderland","Leeds",1,1,"D",1,0,"H",2.55,3.13,2.75,"1-0","1-1",8,3,17,6,1,0,0,0,3,9,7,9,2,12,16,"3-9","Y","N","N",1,0,18
"180","E0",2025-12-28,"Crystal Palace","Tottenham",0,1,"A",0,1,"A",2.25,3.3,3.1,"0-1","0-1",15,2,8,4,3,2,0,0,3,2,7,5,1,5,12,"3-2","N","N","N",5,0,18
"181","E0",2025-12-30,"Burnley","Newcastle",1,3,"A",1,2,"A",5.75,4.1,1.57,"1-2","1-3",15,4,20,9,2,1,0,0,3,4,9,3,4,7,12,"3-4","Y","Y","Y",3,0,19
"182","E0",2025-12-30,"Chelsea","Bournemouth",2,2,"D",2,2,"D",1.5,4.6,5.75,"2-2","2-2",17,3,17,6,1,1,0,0,12,3,5,12,4,15,17,"12-3","Y","Y","Y",2,0,19
"183","E0",2025-12-30,"Nottm Forest","Everton",0,2,"A",0,1,"A",2.1,3.25,3.7,"0-1","0-2",21,6,11,3,1,0,0,0,9,2,11,9,2,11,20,"9-2","Y","N","N",1,0,19
"184","E0",2025-12-30,"West Ham","Brighton",2,2,"D",2,1,"H",3.4,3.7,2.05,"2-1","2-2",10,4,16,6,3,5,0,0,5,5,11,18,4,10,29,"5-5","Y","Y","Y",8,0,19
"185","E0",2025-12-30,"Arsenal","Aston Villa",4,1,"H",0,0,"D",1.4,5,7,"0-0","4-1",22,7,11,3,2,3,0,0,3,3,18,9,5,6,27,"3-3","Y","Y","Y",5,0,19
"186","E0",2025-12-30,"Man United","Wolves",1,1,"D",1,1,"D",1.36,5,8,"1-1","1-1",15,6,11,4,0,2,0,0,8,4,9,12,2,12,21,"8-4","Y","N","N",2,0,19
"187","E0",2026-01-01,"Crystal Palace","Fulham",1,1,"D",1,0,"H",2.15,3.4,3.4,"1-0","1-1",11,2,17,5,0,5,0,0,6,3,7,10,2,9,17,"6-3","Y","N","N",5,0,19
"188","E0",2026-01-01,"Liverpool","Leeds",0,0,"D",0,0,"D",1.53,4.4,5.75,"0-0","0-0",19,4,4,2,0,2,0,0,8,3,10,8,0,11,18,"8-3","N","N","N",2,0,19
"189","E0",2026-01-01,"Brentford","Tottenham",0,0,"D",0,0,"D",2.15,3.5,3.3,"0-0","0-0",7,2,9,3,1,2,0,0,3,1,8,10,0,4,18,"3-1","N","N","N",3,0,19
"190","E0",2026-01-01,"Sunderland","Man City",0,0,"D",0,0,"D",8,5,1.36,"0-0","0-0",10,4,14,4,1,1,0,0,3,5,9,6,0,8,15,"3-5","N","N","N",2,0,19
"191","E0",2026-01-03,"Aston Villa","Nottm Forest",3,1,"H",1,0,"H",1.73,3.8,4.6,"1-0","3-1",11,4,10,5,1,2,0,0,4,4,10,20,4,8,30,"4-4","Y","Y","Y",3,0,20
"192","E0",2026-01-03,"Brighton","Burnley",2,0,"H",1,0,"H",1.5,4.4,6.5,"1-0","2-0",15,4,5,3,0,4,0,0,4,4,7,17,2,8,24,"4-4","Y","N","N",4,0,20
"193","E0",2026-01-03,"Wolves","West Ham",3,0,"H",3,0,"H",2.5,3.4,2.8,"3-0","3-0",11,8,6,0,1,0,0,0,6,7,11,10,3,13,21,"6-7","Y","Y","N",1,0,20
"194","E0",2026-01-03,"Bournemouth","Arsenal",2,3,"A",1,1,"D",6.5,4.5,1.45,"1-1","2-3",15,3,12,5,3,1,0,0,7,5,13,8,5,12,21,"7-5","Y","Y","Y",4,0,20
"195","E0",2026-01-04,"Leeds","Man United",1,1,"D",0,0,"D",2.63,3.5,2.6,"0-0","1-1",11,3,15,2,0,1,0,0,6,4,9,9,2,10,18,"6-4","Y","N","N",1,0,20
"196","E0",2026-01-04,"Everton","Brentford",2,4,"A",0,1,"A",2.3,3.2,3,"0-1","2-4",14,6,11,7,0,2,0,0,4,5,9,8,6,9,17,"4-5","Y","Y","Y",2,0,20
"197","E0",2026-01-04,"Newcastle","Crystal Palace",2,0,"H",0,0,"D",1.65,3.8,4.8,"0-0","2-0",12,7,11,1,1,3,0,0,8,6,5,12,2,14,17,"8-6","Y","N","N",4,0,20
"198","E0",2026-01-04,"Tottenham","Sunderland",1,1,"D",1,0,"H",1.8,3.5,4.4,"1-0","1-1",13,5,10,3,2,3,0,0,3,5,10,6,2,8,16,"3-5","Y","N","N",5,0,20
"199","E0",2026-01-04,"Fulham","Liverpool",2,2,"D",1,0,"H",3.7,3.6,1.91,"1-0","2-2",8,2,10,2,1,1,0,0,3,8,11,4,4,11,15,"3-8","Y","Y","Y",2,0,20
"200","E0",2026-01-04,"Man City","Chelsea",1,1,"D",1,0,"H",1.62,4.2,4.6,"1-0","1-1",14,3,8,3,3,3,0,0,8,2,12,14,2,10,26,"8-2","Y","N","N",6,0,20
"201","E0",2026-01-06,"West Ham","Nottm Forest",1,2,"A",1,0,"H",3.1,3.4,2.3,"1-0","1-2",14,3,13,5,3,0,0,0,6,5,15,9,3,11,24,"6-5","Y","Y","N",3,0,21
"202","E0",2026-01-07,"Bournemouth","Tottenham",3,2,"H",2,1,"H",2.1,3.7,3.25,"2-1","3-2",11,3,16,4,3,3,0,0,3,7,19,10,5,10,29,"3-7","Y","Y","Y",6,0,21
"203","E0",2026-01-07,"Brentford","Sunderland",3,0,"H",1,0,"H",1.83,3.6,4.33,"1-0","3-0",18,6,11,3,2,1,0,0,7,4,13,13,3,11,26,"7-4","Y","Y","N",3,0,21
"204","E0",2026-01-07,"Crystal Palace","Aston Villa",0,0,"D",0,0,"D",3,3.5,2.3,"0-0","0-0",11,5,15,3,2,0,0,0,3,5,8,3,0,8,11,"3-5","N","N","N",2,0,21
"205","E0",2026-01-07,"Everton","Wolves",1,1,"D",1,0,"H",1.75,3.6,4.8,"1-0","1-1",13,2,13,4,1,3,2,0,2,7,13,15,2,9,28,"2-7","Y","N","N",4,2,21
"206","E0",2026-01-07,"Fulham","Chelsea",2,1,"H",0,0,"D",3.4,3.6,2.05,"0-0","2-1",16,5,14,6,3,3,0,1,2,11,11,6,3,13,17,"2-11","Y","Y","N",6,1,21
"207","E0",2026-01-07,"Man City","Brighton",1,1,"D",1,0,"H",1.36,5.25,7.5,"1-0","1-1",22,6,6,3,1,6,0,0,6,2,6,16,2,8,22,"6-2","Y","N","N",7,0,21
"208","E0",2026-01-07,"Burnley","Man United",2,2,"D",1,0,"H",4.8,4,1.67,"1-0","2-2",7,1,30,10,2,0,0,0,2,6,9,8,4,8,17,"2-6","Y","Y","Y",2,0,21
"209","E0",2026-01-07,"Newcastle","Leeds",4,3,"H",1,2,"A",1.67,3.9,5,"1-2","4-3",18,8,14,6,3,2,0,0,8,4,11,10,7,12,21,"8-4","Y","Y","Y",5,0,21
"210","E0",2026-01-08,"Arsenal","Liverpool",0,0,"D",0,0,"D",1.57,4,5.25,"0-0","0-0",9,4,8,0,2,2,0,0,3,0,10,9,0,3,19,"3-0","N","N","N",4,0,21
"211","E0",2026-01-17,"Man United","Man City",2,0,"H",0,0,"D",3.5,4,1.93,"0-0","2-0",11,7,7,1,2,3,0,0,1,6,13,8,2,7,21,"1-6","Y","N","N",5,0,22
"212","E0",2026-01-17,"Chelsea","Brentford",2,0,"H",1,0,"H",1.7,4,4.6,"1-0","2-0",6,2,15,5,3,2,0,0,3,9,7,10,2,12,17,"3-9","Y","N","N",5,0,22
"213","E0",2026-01-17,"Leeds","Fulham",1,0,"H",0,0,"D",2.15,3.4,3.4,"0-0","1-0",14,5,8,1,1,5,0,0,7,3,6,11,1,10,17,"7-3","N","N","N",6,0,22
"214","E0",2026-01-17,"Liverpool","Burnley",1,1,"D",1,0,"H",1.22,6.5,13,"1-0","1-1",32,11,7,1,1,2,0,0,9,1,8,10,2,10,18,"9-1","Y","N","N",3,0,22
"215","E0",2026-01-17,"Sunderland","Crystal Palace",2,1,"H",1,1,"D",2.7,3.2,2.7,"1-1","2-1",13,7,6,2,3,3,0,0,3,4,8,15,3,7,23,"3-4","Y","Y","N",6,0,22
"216","E0",2026-01-17,"Tottenham","West Ham",1,2,"A",0,1,"A",1.7,3.9,4.75,"0-1","1-2",21,6,17,4,5,3,0,0,11,5,12,17,3,16,29,"11-5","Y","Y","N",8,0,22
"217","E0",2026-01-17,"Nottm Forest","Arsenal",0,0,"D",0,0,"D",6.5,4.1,1.53,"0-0","0-0",6,0,15,3,1,1,0,0,4,9,8,14,0,13,22,"4-9","N","N","N",2,0,22
"218","E0",2026-01-18,"Wolves","Newcastle",0,0,"D",0,0,"D",4.6,3.9,1.67,"0-0","0-0",6,2,12,2,2,2,0,0,4,7,14,8,0,11,22,"4-7","N","N","N",4,0,22
"219","E0",2026-01-18,"Aston Villa","Everton",0,1,"A",0,0,"D",1.65,3.75,5,"0-0","0-1",18,5,9,3,1,2,0,0,6,4,15,13,1,10,28,"6-4","N","N","N",3,0,22
"220","E0",2026-01-19,"Brighton","Bournemouth",1,1,"D",0,1,"A",1.85,3.9,3.6,"0-1","1-1",17,5,11,2,2,3,0,0,11,6,7,6,2,17,13,"11-6","Y","N","N",5,0,22
"221","E0",2026-01-24,"West Ham","Sunderland",3,1,"H",3,0,"H",2.5,3.25,2.88,"3-0","3-1",13,5,7,2,2,4,0,0,3,3,9,16,4,6,25,"3-3","Y","Y","Y",6,0,23
"222","E0",2026-01-24,"Burnley","Tottenham",2,2,"D",1,1,"D",3.7,3.4,2.05,"1-1","2-2",9,4,18,11,1,0,0,0,1,3,8,9,4,4,17,"1-3","Y","Y","Y",1,0,23
"223","E0",2026-01-24,"Fulham","Brighton",2,1,"H",0,1,"A",2.5,3.5,2.7,"0-1","2-1",12,4,13,5,1,1,0,0,6,6,10,6,3,12,16,"6-6","Y","Y","N",2,0,23
"224","E0",2026-01-24,"Man City","Wolves",2,0,"H",2,0,"H",1.22,6.5,12,"2-0","2-0",11,4,11,1,1,3,0,0,4,6,16,14,2,10,30,"4-6","Y","N","N",4,0,23
"225","E0",2026-01-24,"Bournemouth","Liverpool",3,2,"H",2,1,"H",3.7,3.9,1.9,"2-1","3-2",12,5,14,4,1,1,0,0,3,11,7,7,5,14,14,"3-11","Y","Y","Y",2,0,23
"226","E0",2026-01-25,"Brentford","Nottm Forest",0,2,"A",0,1,"A",1.87,3.5,3.9,"0-1","0-2",10,1,7,2,1,0,0,0,6,5,11,10,2,11,21,"6-5","Y","N","N",1,0,23
"227","E0",2026-01-25,"Crystal Palace","Chelsea",1,3,"A",0,1,"A",3.5,3.6,1.95,"0-1","1-3",13,7,10,6,2,2,1,0,4,5,11,10,4,9,21,"4-5","Y","Y","Y",4,1,23
"228","E0",2026-01-25,"Newcastle","Aston Villa",0,2,"A",0,1,"A",1.95,3.7,3.4,"0-1","0-2",15,4,14,8,1,2,0,0,6,5,7,12,2,11,19,"6-5","Y","N","N",3,0,23
"229","E0",2026-01-25,"Arsenal","Man United",2,3,"A",1,1,"D",1.5,4.2,5.75,"1-1","2-3",15,4,10,3,2,0,0,0,9,2,11,9,5,11,20,"9-2","Y","Y","Y",2,0,23
"230","E0",2026-01-26,"Everton","Leeds",1,1,"D",0,1,"A",2.45,3.13,2.88,"0-1","1-1",10,3,14,4,0,3,0,0,4,4,9,13,2,8,22,"4-4","Y","N","N",3,0,23
"231","E0",2026-01-31,"Brighton","Everton",1,1,"D",0,0,"D",1.87,3.6,4.1,"0-0","1-1",11,2,7,4,1,2,0,0,5,2,13,14,2,7,27,"5-2","Y","N","N",3,0,24
"232","E0",2026-01-31,"Leeds","Arsenal",0,4,"A",0,2,"A",6.5,4.1,1.53,"0-2","0-4",3,1,14,8,1,1,0,0,4,12,10,7,4,16,17,"4-12","Y","Y","Y",2,0,24
"233","E0",2026-01-31,"Wolves","Bournemouth",0,2,"A",0,1,"A",2.9,3.6,2.3,"0-1","0-2",17,7,9,4,3,3,0,0,5,6,11,15,2,11,26,"5-6","Y","N","N",6,0,24
"234","E0",2026-01-31,"Chelsea","West Ham",3,2,"H",0,2,"A",1.5,4.5,6,"0-2","3-2",14,6,11,6,3,2,0,1,9,3,11,13,5,12,24,"9-3","Y","Y","Y",5,1,24
"235","E0",2026-01-31,"Liverpool","Newcastle",4,1,"H",2,1,"H",1.75,4,4.2,"2-1","4-1",17,7,8,2,1,3,0,0,7,11,11,7,5,18,18,"7-11","Y","Y","Y",4,0,24
"236","E0",2026-02-01,"Aston Villa","Brentford",0,1,"A",0,1,"A",2.05,3.6,3.4,"0-1","0-1",27,5,6,2,0,3,0,0,12,1,8,8,1,13,16,"12-1","N","N","N",3,0,24
"237","E0",2026-02-01,"Man United","Fulham",3,2,"H",1,0,"H",1.57,4.2,5.5,"1-0","3-2",13,6,14,6,2,1,0,0,3,7,6,9,5,10,15,"3-7","Y","Y","Y",3,0,24
"238","E0",2026-02-01,"Nottm Forest","Crystal Palace",1,1,"D",1,1,"D",1.95,3.5,3.9,"1-1","1-1",9,1,14,3,1,3,0,0,5,7,4,12,2,12,16,"5-7","Y","N","N",4,0,24
"239","E0",2026-02-01,"Tottenham","Man City",2,2,"D",0,2,"A",4.4,4,1.67,"0-2","2-2",12,6,15,3,3,3,0,0,3,4,15,12,4,7,27,"3-4","Y","Y","Y",6,0,24
"240","E0",2026-02-02,"Sunderland","Burnley",3,0,"H",2,0,"H",1.8,3.4,4.6,"2-0","3-0",14,5,5,0,1,4,0,0,1,2,12,10,3,3,22,"1-2","Y","Y","N",5,0,24
"241","E0",2026-02-06,"Leeds","Nottm Forest",3,1,"H",2,0,"H",2.2,3.2,3.5,"2-0","3-1",14,5,16,6,1,1,0,0,5,10,9,12,4,15,21,"5-10","Y","Y","Y",2,0,25
"242","E0",2026-02-07,"Man United","Tottenham",2,0,"H",1,0,"H",1.55,4.6,5.25,"1-0","2-0",23,10,7,1,1,2,0,1,7,0,12,11,2,7,23,"7-0","Y","N","N",3,1,25
"243","E0",2026-02-07,"Arsenal","Sunderland",3,0,"H",1,0,"H",1.2,6.5,15,"1-0","3-0",16,5,5,3,1,2,0,0,5,2,11,8,3,7,19,"5-2","Y","Y","N",3,0,25
"244","E0",2026-02-07,"Bournemouth","Aston Villa",1,1,"D",0,1,"A",2.7,3.6,2.45,"0-1","1-1",20,9,7,4,1,1,0,0,11,4,4,11,2,15,15,"11-4","Y","N","N",2,0,25
"245","E0",2026-02-07,"Burnley","West Ham",0,2,"A",0,2,"A",3.3,3.5,2.15,"0-2","0-2",18,5,6,4,3,1,0,0,5,2,11,10,2,7,21,"5-2","Y","N","N",4,0,25
"246","E0",2026-02-07,"Fulham","Everton",1,2,"A",1,0,"H",2.1,3.3,3.6,"1-0","1-2",13,3,16,3,1,5,0,0,6,6,11,12,3,12,23,"6-6","Y","Y","N",6,0,25
"247","E0",2026-02-07,"Wolves","Chelsea",1,3,"A",0,3,"A",5,4,1.65,"0-3","1-3",11,3,15,6,1,1,0,0,3,4,9,10,4,7,19,"3-4","Y","Y","Y",2,0,25
"248","E0",2026-02-07,"Newcastle","Brentford",2,3,"A",1,2,"A",2.05,3.6,3.5,"1-2","2-3",16,4,11,5,2,2,0,0,9,3,14,18,5,12,32,"9-3","Y","Y","Y",4,0,25
"249","E0",2026-02-08,"Brighton","Crystal Palace",0,1,"A",0,0,"D",1.93,3.6,3.6,"0-0","0-1",7,2,7,4,1,3,0,0,3,4,12,9,1,7,21,"3-4","N","N","N",4,0,25
"250","E0",2026-02-08,"Liverpool","Man City",1,2,"A",0,0,"D",2.3,3.7,2.75,"0-0","1-2",15,4,17,7,2,4,1,0,5,4,13,16,3,9,29,"5-4","Y","Y","N",6,1,25
"251","E0",2026-02-10,"Chelsea","Leeds",2,2,"D",1,0,"H",1.53,4.4,5.75,"1-0","2-2",19,4,4,2,4,4,0,0,4,1,9,13,4,5,22,"4-1","Y","Y","Y",8,0,26
"252","E0",2026-02-10,"Everton","Bournemouth",1,2,"A",1,0,"H",2.4,3.3,3,"1-0","1-2",16,6,11,4,1,3,1,0,7,2,14,15,3,9,29,"7-2","Y","Y","N",4,1,26
"253","E0",2026-02-10,"Tottenham","Newcastle",1,2,"A",0,1,"A",3.25,3.4,2.2,"0-1","1-2",16,2,21,5,3,2,0,0,2,12,15,11,3,14,26,"2-12","Y","Y","N",5,0,26
"254","E0",2026-02-10,"West Ham","Man United",1,1,"D",0,0,"D",4.4,4.2,1.7,"0-0","1-1",7,3,9,3,1,1,0,0,5,3,10,4,2,8,14,"5-3","Y","N","N",2,0,26
"255","E0",2026-02-11,"Aston Villa","Brighton",1,0,"H",0,0,"D",1.93,3.7,3.8,"0-0","1-0",15,1,9,3,2,3,0,0,7,5,9,15,1,12,24,"7-5","N","N","N",5,0,26
"256","E0",2026-02-11,"Crystal Palace","Burnley",2,3,"A",2,3,"A",1.53,4,6.5,"2-3","2-3",21,3,8,3,2,1,0,0,8,2,11,8,5,10,19,"8-2","Y","Y","Y",3,0,26
"257","E0",2026-02-11,"Man City","Fulham",3,0,"H",3,0,"H",1.33,5.25,8.5,"3-0","3-0",13,5,14,3,3,1,0,0,4,4,8,10,3,8,18,"4-4","Y","Y","N",4,0,26
"258","E0",2026-02-11,"Nottm Forest","Wolves",0,0,"D",0,0,"D",1.7,3.75,5,"0-0","0-0",35,10,7,3,0,2,0,0,8,2,12,13,0,10,25,"8-2","N","N","N",2,0,26
"259","E0",2026-02-11,"Sunderland","Liverpool",0,1,"A",0,0,"D",4.75,3.9,1.7,"0-0","0-1",11,2,23,3,1,0,0,0,3,11,8,10,1,14,18,"3-11","N","N","N",1,0,26
"260","E0",2026-02-12,"Brentford","Arsenal",1,1,"D",0,0,"D",4.75,3.75,1.67,"0-0","1-1",12,3,7,2,3,2,0,0,6,4,12,11,2,10,23,"6-4","Y","N","N",5,0,26
"261","E0",2026-02-18,"Wolves","Arsenal",2,2,"D",0,1,"A",12,5.75,1.25,"0-1","2-2",5,2,10,4,2,1,0,0,1,3,6,8,4,4,14,"1-3","Y","Y","Y",3,0,27
"262","E0",2026-02-21,"Aston Villa","Leeds",1,1,"D",0,1,"A",1.83,3.7,4.2,"0-1","1-1",16,4,14,4,1,4,0,0,7,2,11,16,2,9,27,"7-2","Y","N","N",5,0,27
"263","E0",2026-02-21,"Brentford","Brighton",0,2,"A",0,2,"A",2,3.7,3.5,"0-2","0-2",13,3,11,7,1,2,0,0,6,4,9,14,2,10,23,"6-4","Y","N","N",3,0,27
"264","E0",2026-02-21,"Chelsea","Burnley",1,1,"D",1,0,"H",1.18,7,15,"1-0","1-1",12,2,12,4,2,2,1,0,9,5,13,11,2,14,24,"9-5","Y","N","N",4,1,27
"265","E0",2026-02-21,"West Ham","Bournemouth",0,0,"D",0,0,"D",2.4,3.6,2.75,"0-0","0-0",20,3,10,5,1,1,0,0,9,5,10,11,0,14,21,"9-5","N","N","N",2,0,27
"266","E0",2026-02-21,"Man City","Newcastle",2,1,"H",2,1,"H",1.45,5,6,"2-1","2-1",15,7,13,7,2,5,0,0,5,5,12,13,3,10,25,"5-5","Y","Y","N",7,0,27
"267","E0",2026-02-22,"Crystal Palace","Wolves",1,0,"H",0,0,"D",1.62,3.9,5.5,"0-0","1-0",14,3,12,7,5,1,0,1,7,3,19,13,1,10,32,"7-3","N","N","N",6,1,27
"268","E0",2026-02-22,"Nottm Forest","Liverpool",0,1,"A",0,0,"D",4.2,3.8,1.8,"0-0","0-1",18,2,10,4,2,0,0,0,7,2,13,9,1,9,22,"7-2","N","N","N",2,0,27
"269","E0",2026-02-22,"Sunderland","Fulham",1,3,"A",0,0,"D",2.7,3.25,2.63,"0-0","1-3",12,2,12,4,1,1,0,0,6,4,6,13,4,10,19,"6-4","Y","Y","Y",2,0,27
"270","E0",2026-02-22,"Tottenham","Arsenal",1,4,"A",1,1,"D",5.75,4,1.53,"1-1","1-4",6,5,20,7,2,1,0,0,2,5,17,11,5,7,28,"2-5","Y","Y","Y",3,0,27
"271","E0",2026-02-23,"Everton","Man United",0,1,"A",0,0,"D",3.6,3.6,1.93,"0-0","0-1",12,4,11,3,2,3,0,0,10,1,12,7,1,11,19,"10-1","N","N","N",5,0,28
"272","E0",2026-02-27,"Wolves","Aston Villa",2,0,"H",0,0,"D",4.2,3.7,1.83,"0-0","2-0",9,2,14,5,3,3,0,0,0,5,13,19,2,5,32,"0-5","Y","N","N",6,0,28
"273","E0",2026-02-28,"Bournemouth","Sunderland",1,1,"D",0,1,"A",1.75,3.8,4.5,"0-1","1-1",21,5,8,4,4,2,0,0,7,3,15,12,2,10,27,"7-3","Y","N","N",6,0,28
"274","E0",2026-02-28,"Burnley","Brentford",3,4,"A",1,3,"A",4.75,3.8,1.73,"1-3","3-4",12,3,16,7,2,2,0,0,4,8,9,9,7,12,18,"4-8","Y","Y","Y",4,0,28
"275","E0",2026-02-28,"Liverpool","West Ham",5,2,"H",3,0,"H",1.4,5,7,"3-0","5-2",18,7,11,4,2,2,0,0,10,5,12,11,7,15,23,"10-5","Y","Y","Y",4,0,28
"276","E0",2026-02-28,"Newcastle","Everton",2,3,"A",1,2,"A",1.67,4,4.8,"1-2","2-3",17,7,9,5,2,3,0,0,7,2,15,7,5,9,22,"7-2","Y","Y","Y",5,0,28
"277","E0",2026-02-28,"Leeds","Man City",0,1,"A",0,1,"A",5.25,4.2,1.6,"0-1","0-1",14,2,14,5,0,3,0,0,5,3,10,8,1,8,18,"5-3","N","N","N",3,0,28
"278","E0",2026-03-01,"Brighton","Nottm Forest",2,1,"H",2,1,"H",2,3.5,3.4,"2-1","2-1",14,7,13,4,3,1,0,0,4,4,12,13,3,8,25,"4-4","Y","Y","N",4,0,28
"279","E0",2026-03-01,"Fulham","Tottenham",2,1,"H",2,0,"H",2.05,3.6,3.25,"2-0","2-1",18,4,13,1,3,3,0,0,5,8,11,14,3,13,25,"5-8","Y","Y","N",6,0,28
"280","E0",2026-03-01,"Man United","Crystal Palace",2,1,"H",0,1,"A",1.53,4.2,5.5,"0-1","2-1",20,11,8,3,2,2,0,1,7,1,13,12,3,8,25,"7-1","Y","Y","N",4,1,28
"281","E0",2026-03-01,"Arsenal","Chelsea",2,1,"H",1,1,"D",1.57,4,5.25,"1-1","2-1",12,5,9,3,1,3,0,1,5,10,11,14,3,15,25,"5-10","Y","Y","N",4,1,29
"282","E0",2026-03-03,"Bournemouth","Brentford",0,0,"D",0,0,"D",2.5,3.5,2.7,"0-0","0-0",13,2,5,2,2,1,0,0,4,3,9,10,0,7,19,"4-3","N","N","N",3,0,29
"283","E0",2026-03-03,"Everton","Burnley",2,0,"H",1,0,"H",1.55,4,6,"1-0","2-0",14,5,5,2,0,1,0,0,6,3,10,12,2,9,22,"6-3","Y","N","N",1,0,29
"284","E0",2026-03-03,"Leeds","Sunderland",0,1,"A",0,0,"D",1.87,3.5,4.2,"0-0","0-1",18,4,3,1,1,3,0,0,9,2,15,19,1,11,34,"9-2","N","N","N",4,0,29
"285","E0",2026-03-03,"Wolves","Liverpool",2,1,"H",0,0,"D",6.5,4.75,1.45,"0-0","2-1",4,3,19,7,2,1,0,0,2,11,10,13,3,13,23,"2-11","Y","Y","N",3,0,29
"286","E0",2026-03-04,"Aston Villa","Chelsea",1,4,"A",1,2,"A",2.7,3.6,2.45,"1-2","1-4",9,4,15,8,3,2,0,0,3,8,10,9,5,11,19,"3-8","Y","Y","Y",5,0,29
"287","E0",2026-03-04,"Brighton","Arsenal",0,1,"A",0,1,"A",5.25,3.9,1.65,"0-1","0-1",11,3,7,2,4,1,0,0,4,3,14,12,1,7,26,"4-3","N","N","N",5,0,29
"288","E0",2026-03-04,"Fulham","West Ham",0,1,"A",0,0,"D",2,3.7,3.5,"0-0","0-1",13,5,9,3,2,4,0,0,7,5,14,12,1,12,26,"7-5","N","N","N",6,0,29
"289","E0",2026-03-04,"Man City","Nottm Forest",2,2,"D",1,0,"H",1.36,5,8,"1-0","2-2",21,7,9,4,0,4,0,0,6,1,10,6,4,7,16,"6-1","Y","Y","Y",4,0,29
"290","E0",2026-03-04,"Newcastle","Man United",2,1,"H",1,1,"D",2.55,3.8,2.5,"1-1","2-1",12,5,14,5,2,3,1,0,2,4,15,16,3,6,31,"2-4","Y","Y","N",5,1,29
"291","E0",2026-03-05,"Tottenham","Crystal Palace",1,3,"A",1,3,"A",2.3,3.4,2.9,"1-3","1-3",12,4,9,4,3,2,0,0,6,3,14,14,4,9,28,"6-3","Y","Y","Y",5,0,30
"292","E0",2026-03-14,"Burnley","Bournemouth",0,0,"D",0,0,"D",4.1,3.8,1.83,"0-0","0-0",15,2,22,3,1,0,0,0,5,8,11,5,0,13,16,"5-8","N","N","N",1,0,30
"293","E0",2026-03-14,"Sunderland","Brighton",0,1,"A",0,0,"D",3.25,3.3,2.25,"0-0","0-1",14,4,12,4,1,2,0,0,7,3,7,12,1,10,19,"7-3","N","N","N",3,0,30
"294","E0",2026-03-14,"Arsenal","Everton",2,0,"H",0,0,"D",1.36,4.6,9.5,"0-0","2-0",25,7,9,3,0,0,0,0,8,3,11,12,2,11,23,"8-3","Y","N","N",0,0,30
"295","E0",2026-03-14,"Chelsea","Newcastle",0,1,"A",0,1,"A",1.8,4.1,3.9,"0-1","0-1",22,3,7,5,2,2,0,0,8,1,9,10,1,9,19,"8-1","N","N","N",4,0,30
"296","E0",2026-03-14,"West Ham","Man City",1,1,"D",1,1,"D",4.5,4.1,1.7,"1-1","1-1",1,1,24,6,2,2,0,0,1,15,14,5,2,16,19,"1-15","Y","N","N",4,0,30
"297","E0",2026-03-15,"Crystal Palace","Leeds",0,0,"D",0,0,"D",2.45,3.3,2.88,"0-0","0-0",12,0,10,3,2,1,0,1,8,3,12,11,0,11,23,"8-3","N","N","N",3,1,30
"298","E0",2026-03-15,"Man United","Aston Villa",3,1,"H",0,0,"D",1.7,4,4.6,"0-0","3-1",16,6,9,2,3,2,0,0,6,6,10,5,4,12,15,"6-6","Y","Y","Y",5,0,30
"299","E0",2026-03-15,"Nottm Forest","Fulham",0,0,"D",0,0,"D",2.2,3.5,3.2,"0-0","0-0",11,2,5,0,2,3,0,0,5,4,8,10,0,9,18,"5-4","N","N","N",5,0,30
"300","E0",2026-03-15,"Liverpool","Tottenham",1,1,"D",1,0,"H",1.25,5.75,9.5,"1-0","1-1",17,4,13,7,0,0,0,0,3,4,8,13,2,7,21,"3-4","Y","N","N",0,0,30
"301","E0",2026-03-16,"Brentford","Wolves",2,2,"D",2,1,"H",1.53,4.1,5.75,"2-1","2-2",10,3,13,4,2,4,0,0,1,5,12,10,4,6,22,"1-5","Y","Y","Y",6,0,31
"302","E0",2026-03-20,"Bournemouth","Man United",2,2,"D",0,0,"D",3.2,3.8,2.1,"0-0","2-2",16,5,14,5,2,2,0,1,6,8,10,9,4,14,19,"6-8","Y","Y","Y",4,1,31
"303","E0",2026-03-21,"Brighton","Liverpool",2,1,"H",1,1,"D",3,3.6,2.25,"1-1","2-1",16,7,12,5,5,5,0,0,4,8,11,11,3,12,22,"4-8","Y","Y","N",10,0,31
"304","E0",2026-03-21,"Fulham","Burnley",3,1,"H",0,0,"D",1.5,4.33,6.5,"0-0","3-1",22,6,9,5,2,2,0,1,6,6,6,9,4,12,15,"6-6","Y","Y","Y",4,1,31
"305","E0",2026-03-21,"Everton","Chelsea",3,0,"H",1,0,"H",3.3,3.6,2.1,"1-0","3-0",10,9,12,4,0,2,0,0,3,9,6,7,3,12,13,"3-9","Y","Y","N",2,0,31
"306","E0",2026-03-21,"Leeds","Brentford",0,0,"D",0,0,"D",2.45,3.5,2.8,"0-0","0-0",14,4,6,2,2,0,0,0,6,2,6,9,0,8,15,"6-2","N","N","N",2,0,31
"307","E0",2026-03-22,"Newcastle","Sunderland",1,2,"A",1,0,"H",1.65,3.7,5,"1-0","1-2",16,4,17,7,1,6,0,0,9,5,8,19,3,14,27,"9-5","Y","Y","N",7,0,31
"308","E0",2026-03-22,"Aston Villa","West Ham",2,0,"H",1,0,"H",1.93,3.6,3.6,"1-0","2-0",23,7,9,1,0,1,0,0,6,6,3,7,2,12,10,"6-6","Y","N","N",1,0,31
"309","E0",2026-03-22,"Tottenham","Nottm Forest",0,3,"A",0,1,"A",2.2,3.4,3.1,"0-1","0-3",14,3,8,7,1,2,0,0,13,3,13,13,3,16,26,"13-3","Y","Y","N",3,0,31
"310","E0",2026-04-10,"West Ham","Wolves",4,0,"H",1,0,"H",1.75,3.8,4.5,"1-0","4-0",18,7,14,3,2,2,0,0,5,2,11,7,4,7,18,"5-2","Y","Y","Y",4,0,31
"311","E0",2026-04-11,"Arsenal","Bournemouth",1,2,"A",1,1,"D",1.44,4.75,7,"1-1","1-2",15,3,8,3,1,3,0,0,10,1,12,18,3,11,30,"10-1","Y","Y","N",4,0,32
"312","E0",2026-04-11,"Brentford","Everton",2,2,"D",1,1,"D",2.15,3.25,3.5,"1-1","2-2",17,4,14,7,0,2,0,0,2,3,6,7,4,5,13,"2-3","Y","Y","Y",2,0,32
"313","E0",2026-04-11,"Burnley","Brighton",0,2,"A",0,1,"A",4.6,3.9,1.73,"0-1","0-2",10,5,13,6,2,1,0,0,8,2,7,11,2,10,18,"8-2","Y","N","N",3,0,32
"314","E0",2026-04-11,"Liverpool","Fulham",2,0,"H",2,0,"H",1.65,4.2,4.8,"2-0","2-0",18,5,19,4,0,0,0,0,6,9,10,4,2,15,14,"6-9","Y","N","N",0,0,32
"315","E0",2026-04-12,"Crystal Palace","Newcastle",2,1,"H",0,1,"A",3.1,3.6,2.2,"0-1","2-1",11,5,7,3,0,3,0,0,2,4,17,12,3,6,29,"2-4","Y","Y","N",3,0,32
"316","E0",2026-04-12,"Nottm Forest","Aston Villa",1,1,"D",1,1,"D",2.63,3.4,2.63,"1-1","1-1",15,4,12,5,2,2,0,0,7,3,15,10,2,10,25,"7-3","Y","N","N",4,0,32
"317","E0",2026-04-12,"Sunderland","Tottenham",1,0,"H",0,0,"D",2.63,3.4,2.63,"0-0","1-0",13,2,11,7,3,3,0,0,2,6,14,15,1,8,29,"2-6","N","N","N",6,0,32
"318","E0",2026-04-12,"Chelsea","Man City",0,3,"A",0,0,"D",3,3.7,2.1,"0-0","0-3",12,3,18,8,3,1,0,0,4,12,10,14,3,16,24,"4-12","Y","Y","N",4,0,32
"319","E0",2026-04-13,"Man United","Leeds",1,2,"A",0,2,"A",1.57,4,5.25,"0-2","1-2",20,9,15,6,3,2,1,0,11,4,12,15,3,15,27,"11-4","Y","Y","N",5,1,32
"320","E1",2025-08-08,"Birmingham","Ipswich",1,1,"D",0,0,"D",2.45,3.3,2.9,"0-0","1-1",11,3,7,1,2,3,0,0,1,4,16,22,2,5,38,"1-4","Y","N","N",5,0,1
"321","E1",2025-08-09,"Charlton","Watford",1,0,"H",0,0,"D",2.5,3.25,2.88,"0-0","1-0",12,5,10,1,1,2,0,0,3,2,6,16,1,5,22,"3-2","N","N","N",3,0,1
"322","E1",2025-08-09,"Coventry","Hull",0,0,"D",0,0,"D",1.73,3.75,4.6,"0-0","0-0",18,3,7,3,3,3,0,0,8,2,7,11,0,10,18,"8-2","N","N","N",6,0,1
"323","E1",2025-08-09,"Southampton","Wrexham",2,1,"H",0,1,"A",1.7,3.75,4.8,"0-1","2-1",27,10,10,2,2,2,0,0,7,4,12,13,3,11,25,"7-4","Y","Y","N",4,0,1
"324","E1",2025-08-09,"Middlesbrough","Swansea",1,0,"H",0,0,"D",2,3.3,3.5,"0-0","1-0",6,3,3,1,2,5,0,0,7,2,15,15,1,9,30,"7-2","N","N","N",7,0,1
"325","E1",2025-08-09,"Norwich","Millwall",1,2,"A",0,0,"D",2,3.2,3.6,"0-0","1-2",15,3,15,3,1,4,0,0,6,5,5,15,3,11,20,"6-5","Y","Y","N",5,0,1
"326","E1",2025-08-09,"Oxford","Portsmouth",0,1,"A",0,1,"A",2.5,3.2,2.63,"0-1","0-1",18,4,9,4,1,2,0,0,8,4,15,10,1,12,25,"8-4","N","N","N",3,0,1
"327","E1",2025-08-09,"QPR","Preston",1,1,"D",1,0,"H",2.25,3.1,3.1,"1-0","1-1",13,3,11,3,0,3,0,0,5,4,7,9,2,9,16,"5-4","Y","N","N",3,0,1
"328","E1",2025-08-09,"Stoke","Derby",3,1,"H",0,0,"D",2.25,3,3.2,"0-0","3-1",12,7,3,2,1,2,0,0,7,3,12,14,4,10,26,"7-3","Y","Y","Y",3,0,1
"329","E1",2025-08-09,"West Brom","Blackburn",1,0,"H",1,0,"H",1.8,3.3,4.33,"1-0","1-0",13,5,10,1,2,0,1,0,3,7,13,13,1,10,26,"3-7","N","N","N",2,1,1
"330","E1",2025-08-09,"Sheffield United","Bristol City",1,4,"A",1,2,"A",1.7,3.6,4.5,"1-2","1-4",20,6,9,5,0,0,0,0,14,3,10,10,5,17,20,"14-3","Y","Y","Y",0,0,1
"331","E1",2025-08-10,"Leicester","Sheffield Weds",2,1,"H",0,1,"A",1.11,7.5,18,"0-1","2-1",27,13,7,3,0,0,0,1,13,3,6,13,3,16,19,"13-3","Y","Y","N",0,1,1
"332","E1",2025-08-16,"Derby","Coventry",3,5,"A",2,2,"D",3.1,3.13,2.38,"2-2","3-5",13,4,20,10,2,5,0,0,6,5,14,11,8,11,25,"6-5","Y","Y","Y",7,0,2
"333","E1",2025-08-16,"Portsmouth","Norwich",1,2,"A",0,2,"A",2.45,3.4,2.8,"0-2","1-2",19,3,11,5,3,3,0,0,9,0,8,13,3,9,21,"9-0","Y","Y","N",6,0,2
"334","E1",2025-08-16,"Wrexham","West Brom",2,3,"A",1,1,"D",2.8,3.2,2.55,"1-1","2-3",15,3,17,5,2,0,0,0,5,5,5,7,5,10,12,"5-5","Y","Y","Y",2,0,2
"335","E1",2025-08-16,"Blackburn","Birmingham",1,2,"A",0,0,"D",3.2,3.2,2.3,"0-0","1-2",5,2,8,4,1,2,0,0,3,5,14,13,3,8,27,"3-5","Y","Y","N",3,0,2
"336","E1",2025-08-16,"Bristol City","Charlton",0,0,"D",0,0,"D",1.93,3.4,4.1,"0-0","0-0",14,1,8,2,0,1,0,0,4,6,9,13,0,10,22,"4-6","N","N","N",1,0,2
"337","E1",2025-08-16,"Millwall","Middlesbrough",0,3,"A",0,0,"D",2.2,3.2,3.4,"0-0","0-3",11,1,12,5,4,5,0,0,6,10,16,11,3,16,27,"6-10","Y","Y","N",9,0,2
"338","E1",2025-08-16,"Preston","Leicester",2,1,"H",1,0,"H",3.7,3.2,2.1,"1-0","2-1",14,4,14,2,2,0,0,0,6,4,11,7,3,10,18,"6-4","Y","Y","N",2,0,2
"339","E1",2025-08-16,"Sheffield Weds","Stoke",0,3,"A",0,1,"A",3.8,3.5,1.95,"0-1","0-3",15,5,12,6,0,3,0,0,6,7,12,10,3,13,22,"6-7","Y","Y","N",3,0,2
"340","E1",2025-08-16,"Swansea","Sheffield United",1,0,"H",0,0,"D",2.8,3.2,2.55,"0-0","1-0",13,4,8,0,1,3,0,0,4,8,13,14,1,12,27,"4-8","N","N","N",4,0,2
"341","E1",2025-08-16,"Watford","QPR",2,1,"H",2,1,"H",2.15,3.3,3.4,"2-1","2-1",17,4,13,3,1,2,1,0,2,4,9,9,3,6,18,"2-4","Y","Y","N",3,1,2
"342","E1",2025-08-17,"Ipswich","Southampton",1,1,"D",1,1,"D",2.1,3.5,3.4,"1-1","1-1",14,1,11,3,2,2,0,0,4,5,7,20,2,9,27,"4-5","Y","N","N",4,0,2
"343","E1",2025-08-17,"Hull","Oxford",3,2,"H",2,2,"D",1.87,3.2,4.1,"2-2","3-2",19,7,11,6,1,1,0,0,10,4,7,8,5,14,15,"10-4","Y","Y","Y",2,0,2
"344","E1",2025-08-22,"Derby","Bristol City",1,1,"D",0,1,"A",3.1,3.13,2.4,"0-1","1-1",5,2,11,3,3,0,0,0,4,5,15,5,2,9,20,"4-5","Y","N","N",3,0,3
"345","E1",2025-08-23,"Charlton","Leicester",0,1,"A",0,0,"D",3.3,3.3,2.2,"0-0","0-1",20,7,6,2,2,1,0,0,13,4,18,9,1,17,27,"13-4","N","N","N",3,0,3
"346","E1",2025-08-23,"Hull","Blackburn",0,3,"A",0,1,"A",2.38,3.13,3.1,"0-1","0-3",8,2,14,6,3,3,0,0,2,1,18,19,3,3,37,"2-1","Y","Y","N",6,0,3
"347","E1",2025-08-23,"Swansea","Watford",1,1,"D",0,1,"A",2.05,3.3,3.75,"0-1","1-1",11,2,9,4,3,5,0,0,7,2,11,17,2,9,28,"7-2","Y","N","N",8,0,3
"348","E1",2025-08-23,"Birmingham","Oxford",1,0,"H",1,0,"H",1.44,4.33,7.5,"1-0","1-0",16,1,6,1,0,0,0,0,4,1,11,17,1,5,28,"4-1","N","N","N",0,0,3
"349","E1",2025-08-23,"Coventry","QPR",7,1,"H",5,0,"H",1.53,4,6.5,"5-0","7-1",19,8,10,1,1,2,0,0,9,4,15,8,8,13,23,"9-4","Y","Y","Y",3,0,3
"350","E1",2025-08-23,"Norwich","Middlesbrough",1,2,"A",0,2,"A",2.3,3.4,3,"0-2","1-2",14,3,11,4,0,3,1,0,5,3,11,14,3,8,25,"5-3","Y","Y","N",3,1,3
"351","E1",2025-08-23,"Preston","Ipswich",1,0,"H",1,0,"H",3.7,3.4,2.05,"1-0","1-0",2,1,15,2,6,2,0,0,3,6,14,5,1,9,19,"3-6","N","N","N",8,0,3
"352","E1",2025-08-23,"Sheffield United","Millwall",0,1,"A",0,1,"A",2.05,3.3,3.75,"0-1","0-1",14,4,17,6,3,2,0,0,8,7,11,16,1,15,27,"8-7","N","N","N",5,0,3
"353","E1",2025-08-23,"Southampton","Stoke",1,2,"A",0,0,"D",1.73,3.7,4.75,"0-0","1-2",18,2,12,4,1,3,0,1,7,3,6,12,3,10,18,"7-3","Y","Y","N",4,1,3
"354","E1",2025-08-23,"West Brom","Portsmouth",1,1,"D",1,0,"H",1.73,3.7,4.8,"1-0","1-1",13,3,8,4,2,5,0,0,2,3,10,16,2,5,26,"2-3","Y","N","N",7,0,3
"355","E1",2025-08-23,"Wrexham","Sheffield Weds",2,2,"D",2,0,"H",1.53,4.1,6,"2-0","2-2",11,4,21,7,0,0,0,0,3,9,7,8,4,12,15,"3-9","Y","Y","Y",0,0,3
"356","E1",2025-08-29,"Leicester","Birmingham",2,0,"H",1,0,"H",2.45,3.25,2.9,"1-0","2-0",5,2,11,1,3,3,0,0,1,7,11,16,2,8,27,"1-7","Y","N","N",6,0,4
"357","E1",2025-08-30,"Middlesbrough","Sheffield United",1,0,"H",0,0,"D",2.25,3.4,3.13,"0-0","1-0",15,6,8,0,0,3,0,0,5,9,5,13,1,14,18,"5-9","N","N","N",3,0,4
"358","E1",2025-08-30,"QPR","Charlton",3,1,"H",1,0,"H",2.9,3.25,2.45,"1-0","3-1",13,6,13,3,2,2,0,0,1,2,16,7,4,3,23,"1-2","Y","Y","Y",4,0,4
"359","E1",2025-08-30,"Stoke","West Brom",0,1,"A",0,1,"A",2.63,3.25,2.7,"0-1","0-1",13,3,12,3,1,2,0,0,5,5,7,11,1,10,18,"5-5","N","N","N",3,0,4
"360","E1",2025-08-30,"Blackburn","Norwich",0,2,"A",0,1,"A",2.38,3.3,3,"0-1","0-2",12,3,15,4,2,0,1,0,3,9,9,7,2,12,16,"3-9","Y","N","N",2,1,4
"361","E1",2025-08-30,"Bristol City","Hull",4,2,"H",3,1,"H",1.9,3.5,4.1,"3-1","4-2",29,5,20,9,1,1,0,0,8,5,7,8,6,13,15,"8-5","Y","Y","Y",2,0,4
"362","E1",2025-08-30,"Ipswich","Derby",2,2,"D",1,0,"H",1.53,3.9,6,"1-0","2-2",18,5,10,2,2,7,0,0,6,3,14,14,4,9,28,"6-3","Y","Y","Y",9,0,4
"363","E1",2025-08-30,"Millwall","Wrexham",0,2,"A",0,0,"D",2.05,3.4,3.6,"0-0","0-2",21,2,6,3,1,3,0,0,5,2,10,13,2,7,23,"5-2","Y","N","N",4,0,4
"364","E1",2025-08-30,"Oxford","Coventry",2,2,"D",1,2,"A",4.75,3.6,1.75,"1-2","2-2",14,3,15,6,1,2,0,0,0,5,13,10,4,5,23,"0-5","Y","Y","Y",3,0,4
"365","E1",2025-08-30,"Portsmouth","Preston",1,0,"H",1,0,"H",2.25,3.3,3.25,"1-0","1-0",10,2,13,2,1,2,0,0,6,4,11,7,1,10,18,"6-4","N","N","N",3,0,4
"366","E1",2025-08-30,"Sheffield Weds","Swansea",0,2,"A",0,0,"D",3.2,3.25,2.25,"0-0","0-2",9,1,17,8,0,2,0,0,2,7,14,10,2,9,24,"2-7","Y","N","N",2,0,4
"367","E1",2025-08-30,"Watford","Southampton",2,2,"D",0,1,"A",2.9,3.4,2.4,"0-1","2-2",10,4,12,7,2,5,0,0,4,5,14,12,4,9,26,"4-5","Y","Y","Y",7,0,4
"368","E1",2025-09-12,"Ipswich","Sheffield United",5,0,"H",1,0,"H",1.8,3.7,4.33,"1-0","5-0",21,11,10,2,0,2,0,0,3,5,11,15,5,8,26,"3-5","Y","Y","Y",2,0,5
"369","E1",2025-09-13,"Charlton","Millwall",1,1,"D",1,0,"H",2.4,3.1,3.1,"1-0","1-1",14,3,15,3,1,1,1,0,3,4,12,18,2,7,30,"3-4","Y","N","N",2,1,5
"370","E1",2025-09-13,"Oxford","Leicester",2,2,"D",2,1,"H",4.2,3.5,1.87,"2-1","2-2",19,2,8,5,1,2,0,1,4,4,10,11,4,8,21,"4-4","Y","Y","Y",3,1,5
"371","E1",2025-09-13,"Preston","Middlesbrough",2,2,"D",1,0,"H",3.1,3.3,2.3,"1-0","2-2",7,2,14,3,1,3,0,0,3,4,13,7,4,7,20,"3-4","Y","Y","Y",4,0,5
"372","E1",2025-09-13,"Coventry","Norwich",1,1,"D",0,1,"A",1.73,3.9,4.5,"0-1","1-1",28,4,4,1,2,6,0,0,11,2,12,7,2,13,19,"11-2","Y","N","N",8,0,5
"373","E1",2025-09-13,"Sheffield Weds","Bristol City",0,3,"A",0,3,"A",3.75,3.6,1.95,"0-3","0-3",6,0,9,4,2,0,0,0,4,1,19,9,3,5,28,"4-1","Y","Y","N",2,0,5
"374","E1",2025-09-13,"Stoke","Birmingham",1,0,"H",1,0,"H",3,3.2,2.4,"1-0","1-0",8,3,7,0,3,1,0,0,5,3,11,11,1,8,22,"5-3","N","N","N",4,0,5
"375","E1",2025-09-13,"Swansea","Hull",2,2,"D",1,1,"D",1.8,3.6,4.4,"1-1","2-2",9,2,15,6,1,1,0,0,5,2,8,5,4,7,13,"5-2","Y","Y","Y",2,0,5
"376","E1",2025-09-13,"Watford","Blackburn",0,1,"A",0,0,"D",2.25,3.25,3.25,"0-0","0-1",14,1,14,5,1,2,0,0,5,7,12,14,1,12,26,"5-7","N","N","N",3,0,5
"377","E1",2025-09-13,"West Brom","Derby",0,1,"A",0,0,"D",1.75,3.5,5,"0-0","0-1",18,3,4,1,1,2,0,0,11,0,8,10,1,11,18,"11-0","N","N","N",3,0,5
"378","E1",2025-09-13,"Wrexham","QPR",1,3,"A",0,2,"A",1.9,3.6,3.9,"0-2","1-3",21,8,15,6,1,0,0,0,12,9,5,10,4,21,15,"12-9","Y","Y","Y",1,0,5
"379","E1",2025-09-14,"Southampton","Portsmouth",0,0,"D",0,0,"D",1.73,3.8,4.6,"0-0","0-0",9,1,10,1,4,2,0,0,7,5,16,14,0,12,30,"7-5","N","N","N",6,0,5
"380","E1",2025-09-19,"Middlesbrough","West Brom",2,1,"H",1,0,"H",2.2,3.4,3.25,"1-0","2-1",9,4,15,3,0,0,0,0,2,3,3,7,3,5,10,"2-3","Y","Y","N",0,0,6
"381","E1",2025-09-20,"Birmingham","Swansea",1,0,"H",0,0,"D",1.87,3.3,4.5,"0-0","1-0",23,7,9,2,5,4,0,0,7,2,13,11,1,9,24,"7-2","N","N","N",9,0,6
"382","E1",2025-09-20,"Leicester","Coventry",0,0,"D",0,0,"D",2.45,3.6,2.7,"0-0","0-0",17,9,11,3,0,3,0,0,10,3,8,11,0,13,19,"10-3","N","N","N",3,0,6
"383","E1",2025-09-20,"QPR","Stoke",1,0,"H",0,0,"D",2.7,3.25,2.63,"0-0","1-0",14,7,7,1,5,3,0,0,3,6,8,13,1,9,21,"3-6","N","N","N",8,0,6
"384","E1",2025-09-20,"Derby","Preston",0,1,"A",0,1,"A",2.38,3,3.25,"0-1","0-1",7,2,10,6,2,2,0,0,3,4,10,7,1,7,17,"3-4","N","N","N",4,0,6
"385","E1",2025-09-20,"Hull","Southampton",3,1,"H",1,0,"H",3,3.5,2.25,"1-0","3-1",11,4,14,4,5,3,0,0,1,6,15,10,4,7,25,"1-6","Y","Y","Y",8,0,6
"386","E1",2025-09-20,"Norwich","Wrexham",2,3,"A",1,0,"H",1.75,3.8,4.33,"1-0","2-3",14,5,11,8,1,3,0,0,2,3,6,9,5,5,15,"2-3","Y","Y","Y",4,0,6
"387","E1",2025-09-20,"Portsmouth","Sheffield Weds",0,2,"A",0,1,"A",1.53,4.1,6,"0-1","0-2",25,5,13,8,1,5,0,0,11,5,5,10,2,16,15,"11-5","Y","N","N",6,0,6
"388","E1",2025-09-20,"Sheffield United","Charlton",0,1,"A",0,0,"D",1.83,3.5,4.4,"0-0","0-1",13,1,13,4,1,3,0,0,6,1,14,18,1,7,32,"6-1","N","N","N",4,0,6
"389","E1",2025-09-21,"Bristol City","Oxford",1,3,"A",0,2,"A",1.55,3.8,5.5,"0-2","1-3",12,2,18,6,4,1,0,0,8,5,15,14,4,13,29,"8-5","Y","Y","Y",5,0,6
"390","E1",2025-09-22,"Millwall","Watford",1,0,"H",1,0,"H",2.05,3.13,3.5,"1-0","1-0",9,2,11,4,1,0,0,0,7,4,11,9,1,11,20,"7-4","N","N","N",1,0,6
"391","E1",2025-09-26,"West Brom","Leicester",1,1,"D",1,0,"H",2.2,3.25,3.3,"1-0","1-1",11,5,13,1,2,5,0,0,3,3,13,16,2,6,29,"3-3","Y","N","N",7,0,6
"392","E1",2025-09-27,"Coventry","Birmingham",3,0,"H",1,0,"H",2.1,3.5,3.4,"1-0","3-0",14,5,5,0,1,2,0,1,3,4,11,12,3,7,23,"3-4","Y","Y","N",3,1,7
"393","E1",2025-09-27,"Swansea","Millwall",1,1,"D",1,1,"D",2.15,3.2,3.5,"1-1","1-1",13,2,11,3,1,2,0,0,6,4,7,20,2,10,27,"6-4","Y","N","N",3,0,7
"394","E1",2025-09-27,"Wrexham","Derby",1,1,"D",0,0,"D",2.15,3.2,3.6,"0-0","1-1",10,5,5,3,1,5,0,0,4,3,9,16,2,7,25,"4-3","Y","N","N",6,0,7
"395","E1",2025-09-27,"Charlton","Blackburn",3,0,"H",1,0,"H",2.38,3.2,3.13,"1-0","3-0",16,7,9,2,4,2,0,0,3,3,15,11,3,6,26,"3-3","Y","Y","N",6,0,7
"396","E1",2025-09-27,"Ipswich","Portsmouth",2,1,"H",2,0,"H",1.53,4.2,6,"2-0","2-1",14,5,8,4,1,2,0,0,5,4,15,11,3,9,26,"5-4","Y","Y","N",3,0,7
"397","E1",2025-09-27,"Oxford","Sheffield United",0,1,"A",0,0,"D",3.1,3.3,2.3,"0-0","0-1",14,3,6,2,1,1,0,0,3,5,10,13,1,8,23,"3-5","N","N","N",2,0,7
"398","E1",2025-09-27,"Preston","Bristol City",0,0,"D",0,0,"D",2.6,3.3,2.7,"0-0","0-0",7,2,19,7,4,1,0,0,2,9,9,10,0,11,19,"2-9","N","N","N",5,0,7
"399","E1",2025-09-27,"Sheffield Weds","QPR",1,1,"D",1,0,"H",2.8,3.3,2.5,"1-0","1-1",14,5,14,4,2,2,0,0,5,4,12,19,2,9,31,"5-4","Y","N","N",4,0,7
"400","E1",2025-09-27,"Southampton","Middlesbrough",1,1,"D",0,0,"D",2.3,3.5,2.9,"0-0","1-1",14,2,7,1,2,6,0,0,6,3,11,17,2,9,28,"6-3","Y","N","N",8,0,7
"401","E1",2025-09-27,"Stoke","Norwich",1,1,"D",0,1,"A",2,3.5,3.6,"0-1","1-1",23,6,6,3,0,3,0,0,12,2,11,9,2,14,20,"12-2","Y","N","N",3,0,7
"402","E1",2025-09-27,"Watford","Hull",2,1,"H",0,1,"A",2.25,3.4,3.1,"0-1","2-1",21,8,11,4,1,5,0,0,6,6,7,16,3,12,23,"6-6","Y","Y","N",6,0,7
"403","E1",2025-09-30,"Birmingham","Sheffield Weds",2,2,"D",1,1,"D",1.45,4.33,7,"1-1","2-2",20,5,5,3,3,2,0,0,10,4,15,11,4,14,26,"10-4","Y","Y","Y",5,0,7
"404","E1",2025-09-30,"Blackburn","Swansea",1,2,"A",1,1,"D",2.63,3.2,2.7,"1-1","1-2",14,3,7,4,3,2,0,0,7,3,15,13,3,10,28,"7-3","Y","Y","N",5,0,8
"405","E1",2025-09-30,"Bristol City","Ipswich",1,1,"D",1,0,"H",2.75,3.4,2.5,"1-0","1-1",13,3,15,3,4,2,0,0,3,6,14,11,2,9,25,"3-6","Y","N","N",6,0,8
"406","E1",2025-09-30,"Hull","Preston",2,2,"D",0,2,"A",2.15,3.3,3.4,"0-2","2-2",10,5,13,5,0,1,0,0,5,3,11,9,4,8,20,"5-3","Y","Y","Y",1,0,8
"407","E1",2025-09-30,"Leicester","Wrexham",1,1,"D",1,0,"H",1.65,3.8,5.25,"1-0","1-1",16,1,9,1,3,1,0,0,7,1,9,7,2,8,16,"7-1","Y","N","N",4,0,8
"408","E1",2025-09-30,"Middlesbrough","Stoke",0,0,"D",0,0,"D",1.83,3.5,4.33,"0-0","0-0",12,4,18,5,2,0,0,0,5,8,8,5,0,13,13,"5-8","N","N","N",2,0,8
"409","E1",2025-09-30,"Sheffield United","Southampton",1,2,"A",1,0,"H",2.38,3.4,2.9,"1-0","1-2",8,3,12,5,3,4,0,0,4,5,14,19,3,9,33,"4-5","Y","Y","N",7,0,8
"410","E1",2025-09-30,"Derby","Charlton",1,1,"D",0,1,"A",2.63,3,2.88,"0-1","1-1",18,3,11,3,2,0,0,0,5,2,11,10,2,7,21,"5-2","Y","N","N",2,0,8
"411","E1",2025-10-01,"Millwall","Coventry",0,4,"A",0,1,"A",2.9,3.4,2.38,"0-1","0-4",13,3,13,5,2,2,0,0,3,3,9,9,4,6,18,"3-3","Y","Y","Y",4,0,8
"412","E1",2025-10-01,"Norwich","West Brom",0,1,"A",0,1,"A",2.75,3.4,2.5,"0-1","0-1",16,5,5,1,1,4,0,0,4,3,8,9,1,7,17,"4-3","N","N","N",5,0,8
"413","E1",2025-10-01,"Portsmouth","Watford",2,2,"D",1,0,"H",2.2,3.3,3.3,"1-0","2-2",15,5,12,6,2,5,0,0,3,3,9,15,4,6,24,"3-3","Y","Y","Y",7,0,8
"414","E1",2025-10-01,"QPR","Oxford",0,0,"D",0,0,"D",2.1,3.4,3.5,"0-0","0-0",13,1,9,0,3,1,0,0,9,1,12,11,0,10,23,"9-1","N","N","N",4,0,8
"415","E1",2025-10-03,"Wrexham","Birmingham",1,1,"D",1,0,"H",2.9,3.25,2.45,"1-0","1-1",12,4,8,3,0,2,0,0,5,5,4,8,2,10,12,"5-5","Y","N","N",2,0,8
"416","E1",2025-10-04,"Blackburn","Stoke",1,1,"D",0,0,"D",2.55,3.2,2.8,"0-0","1-1",17,5,11,6,1,1,0,0,7,6,5,9,2,13,14,"7-6","Y","N","N",2,0,9
"417","E1",2025-10-04,"Hull","Sheffield United",1,0,"H",1,0,"H",2.63,3.4,2.6,"1-0","1-0",5,2,13,4,2,2,0,0,4,9,13,13,1,13,26,"4-9","N","N","N",4,0,9
"418","E1",2025-10-04,"Sheffield Weds","Coventry",0,5,"A",0,3,"A",5.75,4.2,1.45,"0-3","0-5",9,0,21,10,1,1,0,0,13,8,9,3,5,21,12,"13-8","Y","Y","Y",2,0,9
"419","E1",2025-10-04,"Bristol City","QPR",1,2,"A",1,0,"H",1.8,3.75,4.2,"1-0","1-2",11,1,8,2,5,1,0,0,4,1,9,8,3,5,17,"4-1","Y","Y","N",6,0,9
"420","E1",2025-10-04,"Derby","Southampton",1,1,"D",1,1,"D",3.4,3.3,2.15,"1-1","1-1",9,5,13,6,4,2,0,0,3,5,11,9,2,8,20,"3-5","Y","N","N",6,0,9
"421","E1",2025-10-04,"Millwall","West Brom",3,0,"H",1,0,"H",2.8,3.13,2.6,"1-0","3-0",11,4,10,1,1,2,0,0,4,5,17,8,3,9,25,"4-5","Y","Y","N",3,0,9
"422","E1",2025-10-04,"Portsmouth","Middlesbrough",1,0,"H",1,0,"H",3,3.4,2.3,"1-0","1-0",8,1,12,1,2,1,0,0,2,8,13,6,1,10,19,"2-8","N","N","N",3,0,9
"423","E1",2025-10-04,"Preston","Charlton",2,0,"H",0,0,"D",2.55,3.2,2.88,"0-0","2-0",15,3,8,0,0,2,0,0,3,4,6,9,2,7,15,"3-4","Y","N","N",2,0,9
"424","E1",2025-10-04,"Swansea","Leicester",1,3,"A",0,1,"A",2.63,3.25,2.7,"0-1","1-3",13,7,17,7,2,1,0,0,2,5,10,11,4,7,21,"2-5","Y","Y","Y",3,0,9
"425","E1",2025-10-04,"Watford","Oxford",2,1,"H",2,1,"H",2,3.4,3.75,"2-1","2-1",27,10,15,5,3,4,0,0,9,3,6,9,3,12,15,"9-3","Y","Y","N",7,0,9
"426","E1",2025-10-05,"Ipswich","Norwich",3,1,"H",2,1,"H",1.57,4.1,5.5,"2-1","3-1",19,9,12,4,1,3,0,0,8,8,9,15,4,16,24,"8-8","Y","Y","Y",4,0,9
"427","E1",2025-10-17,"Middlesbrough","Ipswich",2,1,"H",1,0,"H",2.8,3.25,2.55,"1-0","2-1",15,5,17,5,3,1,0,0,5,9,12,14,3,14,26,"5-9","Y","Y","N",4,0,9
"428","E1",2025-10-18,"Oxford","Derby",1,0,"H",1,0,"H",2.55,3,3,"1-0","1-0",19,7,6,1,4,1,0,0,4,12,9,12,1,16,21,"4-12","N","N","N",5,0,10
"429","E1",2025-10-18,"QPR","Millwall",1,2,"A",0,2,"A",2.6,3.13,2.8,"0-2","1-2",20,3,5,5,2,4,0,0,8,3,8,13,3,11,21,"8-3","Y","Y","N",6,0,10
"430","E1",2025-10-18,"Southampton","Swansea",0,0,"D",0,0,"D",1.93,3.5,3.9,"0-0","0-0",21,8,6,1,0,4,0,0,5,3,11,14,0,8,25,"5-3","N","N","N",4,0,10
"431","E1",2025-10-18,"Birmingham","Hull",2,3,"A",1,2,"A",1.73,3.7,4.75,"1-2","2-3",29,8,14,7,2,7,1,0,9,7,7,14,5,16,21,"9-7","Y","Y","Y",9,1,10
"432","E1",2025-10-18,"Charlton","Sheffield Weds",2,1,"H",2,0,"H",1.67,3.6,5.5,"2-0","2-1",12,5,12,4,1,2,0,1,2,4,9,11,3,6,20,"2-4","Y","Y","N",3,1,10
"433","E1",2025-10-18,"Coventry","Blackburn",2,0,"H",0,0,"D",1.55,4.2,5.75,"0-0","2-0",14,5,17,3,0,2,0,0,2,7,7,15,2,9,22,"2-7","Y","N","N",2,0,10
"434","E1",2025-10-18,"Norwich","Bristol City",0,1,"A",0,0,"D",2.5,3.5,2.7,"0-0","0-1",11,4,21,6,2,3,0,0,3,9,11,14,1,12,25,"3-9","N","N","N",5,0,10
"435","E1",2025-10-18,"Sheffield United","Watford",1,0,"H",0,0,"D",2,3.4,3.75,"0-0","1-0",18,6,13,1,0,1,0,0,7,3,5,8,1,10,13,"7-3","N","N","N",1,0,10
"436","E1",2025-10-18,"Stoke","Wrexham",1,0,"H",1,0,"H",1.93,3.5,3.9,"1-0","1-0",12,3,5,3,2,0,0,0,6,4,8,5,1,10,13,"6-4","N","N","N",2,0,10
"437","E1",2025-10-18,"West Brom","Preston",2,1,"H",1,0,"H",1.75,3.5,4.8,"1-0","2-1",16,6,17,5,2,1,0,0,8,4,10,9,3,12,19,"8-4","Y","Y","N",3,0,10
"438","E1",2025-10-18,"Leicester","Portsmouth",1,1,"D",1,0,"H",1.7,3.75,4.8,"1-0","1-1",19,6,8,3,1,2,0,0,14,4,15,9,2,18,24,"14-4","Y","N","N",3,0,10
"439","E1",2025-10-21,"Blackburn","Sheffield United",1,3,"A",1,0,"H",2.4,3.25,3,"1-0","1-3",12,3,11,5,1,1,0,0,5,5,6,10,4,10,16,"5-5","Y","Y","Y",2,0,10
"440","E1",2025-10-21,"Derby","Norwich",1,0,"H",0,0,"D",2.5,3.2,2.88,"0-0","1-0",8,3,17,3,2,1,0,0,5,13,13,7,1,18,20,"5-13","N","N","N",3,0,11
"441","E1",2025-10-21,"Hull","Leicester",2,1,"H",2,0,"H",3.3,3.5,2.1,"2-0","2-1",9,6,18,4,1,2,0,0,1,7,8,12,3,8,20,"1-7","Y","Y","N",3,0,11
"442","E1",2025-10-21,"Ipswich","Charlton",0,3,"A",0,0,"D",1.62,3.75,5.75,"0-0","0-3",31,5,15,8,0,3,0,0,16,3,7,11,3,19,18,"16-3","Y","Y","N",3,0,11
"443","E1",2025-10-21,"Millwall","Stoke",2,0,"H",2,0,"H",2.38,3.2,3.13,"2-0","2-0",15,7,10,3,2,1,0,0,3,2,13,7,2,5,20,"3-2","Y","N","N",3,0,11
"444","E1",2025-10-21,"Portsmouth","Coventry",1,2,"A",0,1,"A",4,3.75,1.83,"0-1","1-2",15,5,19,7,1,1,0,0,6,5,5,12,3,11,17,"6-5","Y","Y","N",2,0,11
"445","E1",2025-10-21,"Preston","Birmingham",0,1,"A",0,1,"A",2.88,3.2,2.5,"0-1","0-1",17,6,9,2,2,5,0,0,9,3,8,14,1,12,22,"9-3","N","N","N",7,0,11
"446","E1",2025-10-21,"Bristol City","Southampton",3,1,"H",1,1,"D",2.45,3.4,2.8,"1-1","3-1",13,4,14,7,1,2,0,0,2,3,10,11,4,5,21,"2-3","Y","Y","Y",3,0,11
"447","E1",2025-10-22,"Swansea","QPR",0,1,"A",0,1,"A",2.15,3.3,3.4,"0-1","0-1",11,2,15,4,1,4,1,0,6,3,8,9,1,9,17,"6-3","N","N","N",5,1,11
"448","E1",2025-10-22,"Watford","West Brom",2,1,"H",1,1,"D",2.75,3.2,2.63,"1-1","2-1",19,5,9,4,0,2,0,0,4,5,12,8,3,9,20,"4-5","Y","Y","N",2,0,11
"449","E1",2025-10-22,"Wrexham","Oxford",1,0,"H",1,0,"H",2,3.5,3.7,"1-0","1-0",11,6,6,2,3,1,1,0,6,3,12,12,1,9,24,"6-3","N","N","N",4,1,11
"450","E1",2025-10-22,"Sheffield Weds","Middlesbrough",0,1,"A",0,1,"A",4.8,3.75,1.7,"0-1","0-1",11,3,19,7,3,1,0,0,6,5,8,4,1,11,12,"6-5","N","N","N",4,0,11
"451","E1",2025-10-24,"Preston","Sheffield United",3,2,"H",1,2,"A",2.63,3,2.88,"1-2","3-2",15,3,12,3,4,1,0,0,2,4,14,11,5,6,25,"2-4","Y","Y","Y",5,0,11
"452","E1",2025-10-25,"Coventry","Watford",3,1,"H",3,0,"H",1.45,4.6,6.5,"3-0","3-1",12,3,13,8,3,2,0,1,5,7,10,8,4,12,18,"5-7","Y","Y","Y",5,1,12
"453","E1",2025-10-25,"Ipswich","West Brom",1,0,"H",0,0,"D",1.75,3.7,4.6,"0-0","1-0",15,4,10,1,1,1,0,0,4,5,12,8,1,9,20,"4-5","N","N","N",2,0,12
"454","E1",2025-10-25,"Portsmouth","Stoke",0,1,"A",0,0,"D",2.7,3.3,2.6,"0-0","0-1",14,3,11,2,2,3,0,0,6,2,8,15,1,8,23,"6-2","N","N","N",5,0,12
"455","E1",2025-10-25,"Blackburn","Southampton",2,1,"H",0,1,"A",3,3.3,2.38,"0-1","2-1",18,6,12,5,3,1,0,1,6,5,13,7,3,11,20,"6-5","Y","Y","N",4,1,12
"456","E1",2025-10-25,"Bristol City","Birmingham",1,0,"H",1,0,"H",2.25,3.3,3.25,"1-0","1-0",5,1,13,1,2,1,0,0,0,6,9,6,1,6,15,"0-6","N","N","N",3,0,12
"457","E1",2025-10-25,"Derby","QPR",1,0,"H",1,0,"H",2.6,3.25,2.7,"1-0","1-0",12,4,6,1,2,2,0,0,5,2,13,10,1,7,23,"5-2","N","N","N",4,0,12
"458","E1",2025-10-25,"Hull","Charlton",1,1,"D",0,0,"D",2.5,3.3,2.8,"0-0","1-1",15,4,11,5,2,1,0,0,6,2,8,9,2,8,17,"6-2","Y","N","N",3,0,12
"459","E1",2025-10-25,"Middlesbrough","Wrexham",1,1,"D",0,1,"A",1.73,3.7,4.75,"0-1","1-1",14,4,6,2,0,5,0,0,4,4,8,17,2,8,25,"4-4","Y","N","N",5,0,12
"460","E1",2025-10-25,"Millwall","Leicester",1,0,"H",1,0,"H",2.63,3.25,2.7,"1-0","1-0",9,4,12,3,1,2,0,0,5,9,12,8,1,14,20,"5-9","N","N","N",3,0,12
"461","E1",2025-10-25,"Sheffield Weds","Oxford",1,2,"A",0,2,"A",2.75,3.3,2.55,"0-2","1-2",17,5,11,4,0,0,0,0,8,3,11,11,3,11,22,"8-3","Y","Y","N",0,0,12
"462","E1",2025-10-25,"Swansea","Norwich",2,1,"H",1,1,"D",2.2,3.4,3.2,"1-1","2-1",9,3,7,3,3,1,0,0,2,3,13,12,3,5,25,"2-3","Y","Y","N",4,0,12
"463","E1",2025-10-31,"Wrexham","Coventry",3,2,"H",0,1,"A",3.8,3.5,1.95,"0-1","3-2",13,7,18,5,2,1,0,0,3,6,9,10,5,9,19,"3-6","Y","Y","Y",3,0,12
"464","E1",2025-11-01,"Leicester","Blackburn",0,2,"A",0,1,"A",1.8,3.6,4.5,"0-1","0-2",12,1,9,5,0,1,0,0,7,4,9,12,2,11,21,"7-4","Y","N","N",1,0,13
"465","E1",2025-11-01,"Norwich","Hull",0,2,"A",0,0,"D",2.1,3.6,3.25,"0-0","0-2",15,3,9,4,1,2,0,0,6,4,8,12,2,10,20,"6-4","Y","N","N",3,0,13
"466","E1",2025-11-01,"West Brom","Sheffield Weds",0,0,"D",0,0,"D",1.5,4.2,6.5,"0-0","0-0",13,6,5,2,1,1,0,0,8,3,17,14,0,11,31,"8-3","N","N","N",2,0,13
"467","E1",2025-11-01,"Birmingham","Portsmouth",4,0,"H",1,0,"H",1.8,3.5,4.6,"1-0","4-0",19,7,5,0,1,2,0,0,9,5,12,10,4,14,22,"9-5","Y","Y","Y",3,0,13
"468","E1",2025-11-01,"Charlton","Swansea",1,1,"D",0,0,"D",2.1,3.25,3.6,"0-0","1-1",11,4,11,2,0,0,0,0,4,7,10,8,2,11,18,"4-7","Y","N","N",0,0,13
"469","E1",2025-11-01,"Oxford","Millwall",2,2,"D",1,1,"D",2.8,3.2,2.6,"1-1","2-2",14,6,11,4,0,0,0,0,5,8,5,14,4,13,19,"5-8","Y","Y","Y",0,0,13
"470","E1",2025-11-01,"QPR","Ipswich",1,4,"A",1,1,"D",3.6,3.5,2,"1-1","1-4",12,5,12,7,4,0,0,0,3,2,16,10,5,5,26,"3-2","Y","Y","Y",4,0,13
"471","E1",2025-11-01,"Sheffield United","Derby",1,3,"A",0,1,"A",1.83,3.4,4.5,"0-1","1-3",15,5,12,4,2,1,0,0,9,4,10,11,4,13,21,"9-4","Y","Y","Y",3,0,13
"472","E1",2025-11-01,"Southampton","Preston",0,2,"A",0,1,"A",1.7,3.8,4.8,"0-1","0-2",10,2,12,3,1,3,0,0,8,2,11,18,2,10,29,"8-2","Y","N","N",4,0,13
"473","E1",2025-11-01,"Stoke","Bristol City",5,1,"H",3,0,"H",2.4,3.25,3,"3-0","5-1",13,8,16,5,3,0,0,0,4,10,13,10,6,14,23,"4-10","Y","Y","Y",3,0,13
"474","E1",2025-11-01,"Watford","Middlesbrough",3,0,"H",2,0,"H",2.75,3.3,2.55,"2-0","3-0",9,4,14,4,2,1,0,0,1,7,15,11,3,8,26,"1-7","Y","Y","N",3,0,13
"475","E1",2025-11-04,"Birmingham","Millwall",4,0,"H",2,0,"H",1.87,3.4,4.33,"2-0","4-0",12,6,4,2,0,0,0,0,2,3,3,12,4,5,15,"2-3","Y","Y","Y",0,0,13
"476","E1",2025-11-04,"Bristol City","Blackburn",0,1,"A",0,1,"A",2.1,3.4,3.4,"0-1","0-1",12,0,16,5,0,3,0,0,6,3,8,10,1,9,18,"6-3","N","N","N",3,0,14
"477","E1",2025-11-04,"Charlton","West Brom",1,0,"H",0,0,"D",2.55,3.1,2.9,"0-0","1-0",11,3,13,1,0,0,0,0,4,3,13,12,1,7,25,"4-3","N","N","N",0,0,14
"478","E1",2025-11-04,"Derby","Hull",2,1,"H",1,0,"H",2.2,3.3,3.3,"1-0","2-1",9,3,8,2,1,0,0,0,6,5,13,7,3,11,20,"6-5","Y","Y","N",1,0,14
"479","E1",2025-11-04,"Ipswich","Watford",1,1,"D",1,1,"D",1.7,3.6,5.25,"1-1","1-1",16,4,4,2,1,2,0,0,2,5,2,14,2,7,16,"2-5","Y","N","N",3,0,14
"480","E1",2025-11-04,"Leicester","Middlesbrough",1,1,"D",1,0,"H",2.2,3.4,3.2,"1-0","1-1",6,2,17,4,6,1,0,1,3,6,18,11,2,9,29,"3-6","Y","N","N",7,1,14
"481","E1",2025-11-04,"Oxford","Stoke",0,3,"A",0,2,"A",3.1,3.3,2.3,"0-2","0-3",16,1,14,6,1,3,0,0,10,7,6,13,3,17,19,"10-7","Y","Y","N",4,0,14
"482","E1",2025-11-04,"Coventry","Sheffield United",3,1,"H",0,1,"A",1.57,4.2,5.5,"0-1","3-1",17,8,11,4,3,2,0,0,6,13,5,14,4,19,19,"6-13","Y","Y","Y",5,0,14
"483","E1",2025-11-05,"Preston","Swansea",2,1,"H",1,0,"H",2.25,3.2,3.3,"1-0","2-1",4,3,18,5,3,1,0,0,2,8,12,5,3,10,17,"2-8","Y","Y","N",4,0,14
"484","E1",2025-11-05,"QPR","Southampton",1,2,"A",0,0,"D",2.75,3.4,2.5,"0-0","1-2",20,5,9,2,1,3,0,0,12,1,12,14,3,13,26,"12-1","Y","Y","N",4,0,14
"485","E1",2025-11-05,"Sheffield Weds","Norwich",1,1,"D",1,0,"H",3.25,3.5,2.15,"1-0","1-1",15,6,13,3,0,4,0,0,9,4,9,8,2,13,17,"9-4","Y","N","N",4,0,14
"486","E1",2025-11-05,"Portsmouth","Wrexham",0,0,"D",0,0,"D",2.5,3.25,2.88,"0-0","0-0",19,7,8,3,3,3,0,0,10,3,9,8,0,13,17,"10-3","N","N","N",6,0,14
"487","E1",2025-11-07,"Watford","Bristol City",1,1,"D",1,1,"D",2.1,3.3,3.6,"1-1","1-1",16,10,10,4,2,1,0,0,6,4,10,9,2,10,19,"6-4","Y","N","N",3,0,14
"488","E1",2025-11-08,"Blackburn","Derby",1,2,"A",0,2,"A",1.95,3.3,4.1,"0-2","1-2",8,3,6,4,1,3,0,0,13,3,6,11,3,16,17,"13-3","Y","Y","N",4,0,15
"489","E1",2025-11-08,"Hull","Portsmouth",3,2,"H",2,2,"D",2.1,3.5,3.4,"2-2","3-2",13,4,13,5,1,3,0,0,5,5,6,14,5,10,20,"5-5","Y","Y","Y",4,0,15
"490","E1",2025-11-08,"Millwall","Preston",1,1,"D",1,1,"D",2.2,3.2,3.4,"1-1","1-1",14,4,8,6,2,2,0,0,10,6,11,10,2,16,21,"10-6","Y","N","N",4,0,15
"491","E1",2025-11-08,"Middlesbrough","Birmingham",2,1,"H",2,1,"H",2.63,3.2,2.75,"2-1","2-1",8,4,13,5,1,1,0,0,3,5,9,13,3,8,22,"3-5","Y","Y","N",2,0,15
"492","E1",2025-11-08,"Norwich","Leicester",1,2,"A",0,0,"D",3,3.5,2.25,"0-0","1-2",8,3,14,7,1,1,0,0,6,3,17,10,3,9,27,"6-3","Y","Y","N",2,0,15
"493","E1",2025-11-08,"Sheffield United","QPR",0,0,"D",0,0,"D",2,3.5,3.6,"0-0","0-0",20,3,13,4,0,2,0,0,14,5,6,7,0,19,13,"14-5","N","N","N",2,0,15
"494","E1",2025-11-08,"Southampton","Sheffield Weds",3,1,"H",2,1,"H",1.4,4.75,7.5,"2-1","3-1",12,7,11,3,2,2,0,0,4,5,8,16,4,9,24,"4-5","Y","Y","Y",4,0,15
"495","E1",2025-11-08,"Stoke","Coventry",0,1,"A",0,0,"D",2.9,3.5,2.3,"0-0","0-1",10,2,17,3,3,3,0,0,3,6,9,9,1,9,18,"3-6","N","N","N",6,0,15
"496","E1",2025-11-08,"Swansea","Ipswich",1,4,"A",0,1,"A",3.6,3.4,2.05,"0-1","1-4",9,4,11,4,5,3,0,0,4,5,13,14,5,9,27,"4-5","Y","Y","Y",8,0,15
"497","E1",2025-11-08,"West Brom","Oxford",2,1,"H",0,0,"D",1.73,3.6,4.8,"0-0","2-1",26,6,9,4,0,0,0,0,11,5,6,6,3,16,12,"11-5","Y","Y","N",0,0,15
"498","E1",2025-11-08,"Wrexham","Charlton",1,0,"H",0,0,"D",2.25,3.25,3.25,"0-0","1-0",18,6,11,4,1,4,0,0,8,2,9,10,1,10,19,"8-2","N","N","N",5,0,15
"499","E1",2025-11-21,"Preston","Blackburn",1,2,"A",1,1,"D",2.45,3,3.1,"1-1","1-2",15,4,12,6,1,0,0,0,3,7,11,3,3,10,14,"3-7","Y","Y","N",1,0,15
"500","E1",2025-11-22,"Bristol City","Swansea",3,0,"H",2,0,"H",2.15,3.3,3.4,"2-0","3-0",15,8,17,5,2,0,0,0,5,6,10,7,3,11,17,"5-6","Y","Y","N",2,0,16
"501","E1",2025-11-22,"Charlton","Southampton",1,5,"A",1,5,"A",2.7,3.25,2.63,"1-5","1-5",12,2,23,8,4,0,0,0,3,4,15,6,6,7,21,"3-4","Y","Y","Y",4,0,16
"502","E1",2025-11-22,"Coventry","West Brom",3,2,"H",1,2,"A",1.75,3.7,4.6,"1-2","3-2",24,11,7,5,2,1,0,1,8,1,10,9,5,9,19,"8-1","Y","Y","Y",3,1,16
"503","E1",2025-11-22,"Birmingham","Norwich",4,1,"H",3,1,"H",1.67,3.8,5,"3-1","4-1",16,6,15,7,1,2,0,0,3,8,10,8,5,11,18,"3-8","Y","Y","Y",3,0,16
"504","E1",2025-11-22,"Derby","Watford",2,3,"A",1,0,"H",2.55,3.13,2.88,"1-0","2-3",9,2,14,4,2,1,0,0,9,3,8,15,5,12,23,"9-3","Y","Y","Y",3,0,16
"505","E1",2025-11-22,"Ipswich","Wrexham",0,0,"D",0,0,"D",1.55,4,6,"0-0","0-0",19,8,2,0,2,3,0,0,5,2,9,17,0,7,26,"5-2","N","N","N",5,0,16
"506","E1",2025-11-22,"Leicester","Stoke",2,1,"H",2,0,"H",2,3.5,3.6,"2-0","2-1",6,2,11,5,6,2,0,0,0,10,16,11,3,10,27,"0-10","Y","Y","N",8,0,16
"507","E1",2025-11-22,"Oxford","Middlesbrough",1,1,"D",1,0,"H",3.6,3.4,2.05,"1-0","1-1",9,2,19,3,3,2,0,0,1,8,16,12,2,9,28,"1-8","Y","N","N",5,0,16
"508","E1",2025-11-22,"Portsmouth","Millwall",3,1,"H",1,0,"H",2.63,3.2,2.75,"1-0","3-1",15,7,7,2,2,1,0,1,3,4,10,12,4,7,22,"3-4","Y","Y","Y",3,1,16
"509","E1",2025-11-22,"QPR","Hull",3,2,"H",1,1,"D",2.1,3.5,3.4,"1-1","3-2",26,8,8,4,0,1,0,0,9,5,8,9,5,14,17,"9-5","Y","Y","Y",1,0,16
"510","E1",2025-11-23,"Sheffield Weds","Sheffield United",0,3,"A",0,1,"A",3.7,3.3,1.93,"0-1","0-3",5,0,11,7,3,0,0,0,4,7,13,8,3,11,21,"4-7","Y","Y","N",3,0,16
"511","E1",2025-11-25,"Hull","Ipswich",0,2,"A",0,0,"D",4.4,3.75,1.75,"0-0","0-2",11,2,16,6,2,2,0,0,3,6,12,10,2,9,22,"3-6","Y","N","N",4,0,16
"512","E1",2025-11-25,"Middlesbrough","Coventry",2,4,"A",1,2,"A",2.7,3.4,2.55,"1-2","2-4",11,2,20,8,0,0,0,0,8,3,12,16,6,11,28,"8-3","Y","Y","Y",0,0,17
"513","E1",2025-11-25,"Norwich","Oxford",1,1,"D",1,0,"H",1.85,3.7,4,"1-0","1-1",15,6,12,4,1,0,0,0,8,4,8,10,2,12,18,"8-4","Y","N","N",1,0,17
"514","E1",2025-11-25,"Stoke","Charlton",3,0,"H",3,0,"H",1.73,3.7,4.8,"3-0","3-0",15,4,4,2,1,1,0,0,5,0,13,13,3,5,26,"5-0","Y","Y","N",2,0,17
"515","E1",2025-11-25,"Swansea","Derby",1,2,"A",0,1,"A",2.15,3.13,3.6,"0-1","1-2",9,4,13,5,0,2,0,0,4,2,10,20,3,6,30,"4-2","Y","Y","N",2,0,17
"516","E1",2025-11-25,"Watford","Preston",1,1,"D",1,1,"D",1.83,3.5,4.4,"1-1","1-1",24,5,9,3,2,4,0,0,6,2,11,10,2,8,21,"6-2","Y","N","N",6,0,17
"517","E1",2025-11-25,"Southampton","Leicester",3,0,"H",3,0,"H",2,3.6,3.5,"3-0","3-0",18,8,7,2,1,0,0,1,11,3,8,13,3,14,21,"11-3","Y","Y","N",1,1,17
"518","E1",2025-11-26,"Blackburn","QPR",0,1,"A",0,0,"D",2.2,3.3,3.25,"0-0","0-1",9,1,10,3,3,0,0,0,6,4,14,6,1,10,20,"6-4","N","N","N",3,0,17
"519","E1",2025-11-26,"Millwall","Sheffield Weds",1,0,"H",0,0,"D",1.67,3.4,5.25,"0-0","1-0",24,8,11,3,0,3,0,0,9,5,7,11,1,14,18,"9-5","N","N","N",3,0,17
"520","E1",2025-11-26,"Sheffield United","Portsmouth",3,0,"H",1,0,"H",1.75,3.7,4.6,"1-0","3-0",15,5,4,2,0,1,0,1,7,2,7,10,3,9,17,"7-2","Y","Y","N",1,1,17
"521","E1",2025-11-26,"Wrexham","Bristol City",2,0,"H",1,0,"H",2.5,3.3,2.8,"1-0","2-0",12,4,13,3,1,2,0,0,2,4,10,8,2,6,18,"2-4","Y","N","N",3,0,17
"522","E1",2025-11-26,"West Brom","Birmingham",1,1,"D",1,0,"H",2.7,3.13,2.7,"1-0","1-1",13,4,14,4,1,2,0,0,3,3,7,12,2,6,19,"3-3","Y","N","N",3,0,17
"523","E1",2025-11-28,"Oxford","Ipswich",2,1,"H",1,0,"H",5.5,3.9,1.62,"1-0","2-1",13,8,17,7,0,0,0,0,3,6,13,5,3,9,18,"3-6","Y","Y","N",0,0,17
"524","E1",2025-11-29,"Leicester","Sheffield United",2,3,"A",0,3,"A",2.3,3.4,3,"0-3","2-3",15,3,13,3,2,1,0,0,4,9,12,9,5,13,21,"4-9","Y","Y","Y",3,0,18
"525","E1",2025-11-29,"Portsmouth","Bristol City",0,1,"A",0,1,"A",2.88,3.3,2.45,"0-1","0-1",13,2,15,5,3,0,0,0,4,4,11,12,1,8,23,"4-4","N","N","N",3,0,18
"526","E1",2025-11-29,"Stoke","Hull",1,2,"A",1,0,"H",1.67,3.9,4.8,"1-0","1-2",12,7,11,6,2,4,0,0,7,8,12,15,3,15,27,"7-8","Y","Y","N",6,0,18
"527","E1",2025-11-29,"Coventry","Charlton",3,1,"H",2,1,"H",1.4,4.5,7.5,"2-1","3-1",26,8,9,4,1,1,0,0,6,3,3,12,4,9,15,"6-3","Y","Y","Y",2,0,18
"528","E1",2025-11-29,"Middlesbrough","Derby",2,1,"H",0,1,"A",1.75,3.5,5,"0-1","2-1",21,4,6,1,0,2,0,0,9,8,9,13,3,17,22,"9-8","Y","Y","N",2,0,18
"529","E1",2025-11-29,"Millwall","Southampton",3,2,"H",0,0,"D",3.13,3.4,2.25,"0-0","3-2",21,7,11,8,1,2,0,0,9,6,11,6,5,15,17,"9-6","Y","Y","Y",3,0,18
"530","E1",2025-11-29,"Norwich","QPR",3,1,"H",3,1,"H",2.5,3.4,2.75,"3-1","3-1",17,6,12,5,2,2,0,0,9,6,4,14,4,15,18,"9-6","Y","Y","Y",4,0,18
"531","E1",2025-11-29,"Sheffield Weds","Preston",2,3,"A",2,1,"H",3.4,3.3,2.15,"2-1","2-3",12,5,7,5,1,1,0,0,3,3,10,12,5,6,22,"3-3","Y","Y","Y",2,0,18
"532","E1",2025-11-29,"West Brom","Swansea",3,2,"H",0,2,"A",1.8,3.5,4.6,"0-2","3-2",26,10,3,2,1,2,0,0,7,1,11,13,5,8,24,"7-1","Y","Y","Y",3,0,18
"533","E1",2025-11-29,"Wrexham","Blackburn",1,1,"D",0,1,"A",2.25,3.3,3.2,"0-1","1-1",16,2,12,3,1,3,0,0,7,7,6,11,2,14,17,"7-7","Y","N","N",4,0,18
"534","E1",2025-12-01,"Birmingham","Watford",2,1,"H",2,0,"H",1.8,3.4,4.2,"2-0","2-1",13,5,12,4,3,2,0,0,6,6,11,10,3,12,21,"6-6","Y","Y","N",5,0,18
"535","E1",2025-12-02,"Blackburn","Ipswich",1,1,"D",0,0,"D",3.75,3.5,1.95,"0-0","1-1",14,3,11,2,1,3,0,0,9,3,12,11,2,12,23,"9-3","Y","N","N",4,0,18
"536","E1",2025-12-05,"Hull","Middlesbrough",1,4,"A",0,4,"A",3,3.5,2.25,"0-4","1-4",5,2,10,5,1,0,0,0,2,5,17,11,5,7,28,"2-5","Y","Y","Y",1,0,19
"537","E1",2025-12-06,"Derby","Leicester",1,3,"A",0,3,"A",2.75,3.13,2.63,"0-3","1-3",18,5,5,4,3,2,0,0,6,3,11,11,4,9,22,"6-3","Y","Y","Y",5,0,19
"538","E1",2025-12-06,"Watford","Norwich",3,2,"H",1,2,"A",1.93,3.6,3.8,"1-2","3-2",13,6,15,4,1,2,0,0,6,5,12,5,5,11,17,"6-5","Y","Y","Y",3,0,19
"539","E1",2025-12-06,"Bristol City","Millwall",0,1,"A",0,0,"D",2.15,3.3,3.4,"0-0","0-1",13,3,12,6,1,5,0,0,8,1,7,18,1,9,25,"8-1","N","N","N",6,0,19
"540","E1",2025-12-06,"Ipswich","Coventry",3,0,"H",1,0,"H",2.25,3.5,3,"1-0","3-0",10,6,11,5,5,2,0,0,2,5,14,9,3,7,23,"2-5","Y","Y","N",7,0,19
"541","E1",2025-12-06,"Preston","Wrexham",1,1,"D",0,1,"A",2.4,3.2,3,"0-1","1-1",24,7,9,3,1,1,0,0,16,2,8,6,2,18,14,"16-2","Y","N","N",2,0,19
"542","E1",2025-12-06,"QPR","West Brom",3,1,"H",1,0,"H",2.4,3.25,3,"1-0","3-1",9,4,13,5,1,1,0,0,4,3,11,5,4,7,16,"4-3","Y","Y","Y",2,0,19
"543","E1",2025-12-06,"Sheffield United","Stoke",4,0,"H",3,0,"H",2.1,3.4,3.5,"3-0","4-0",19,8,7,1,1,2,0,0,9,7,8,13,4,16,21,"9-7","Y","Y","Y",3,0,19
"544","E1",2025-12-06,"Southampton","Birmingham",3,1,"H",2,0,"H",2.3,3.4,3,"2-0","3-1",18,8,22,4,1,1,0,0,7,8,9,11,4,15,20,"7-8","Y","Y","Y",2,0,19
"545","E1",2025-12-06,"Swansea","Oxford",2,0,"H",2,0,"H",2.1,3.3,3.6,"2-0","2-0",15,4,12,4,2,4,0,0,10,2,8,13,2,12,21,"10-2","Y","N","N",6,0,19
"546","E1",2025-12-09,"Blackburn","Oxford",1,1,"D",0,1,"A",1.75,3.6,4.6,"0-1","1-1",16,5,6,1,1,2,0,0,9,3,9,14,2,12,23,"9-3","Y","N","N",3,0,19
"547","E1",2025-12-09,"Charlton","Middlesbrough",1,2,"A",0,2,"A",3.3,3.3,2.2,"0-2","1-2",6,3,13,7,4,1,0,0,5,5,18,5,3,10,23,"5-5","Y","Y","N",5,0,19
"548","E1",2025-12-09,"Preston","Coventry",1,1,"D",0,0,"D",3.8,3.7,1.91,"0-0","1-1",6,2,21,5,1,0,1,0,4,8,9,9,2,12,18,"4-8","Y","N","N",1,1,20
"549","E1",2025-12-09,"Sheffield United","Norwich",1,1,"D",0,0,"D",1.57,4.2,5.25,"0-0","1-1",17,4,13,6,2,3,0,0,6,2,13,13,2,8,26,"6-2","Y","N","N",5,0,20
"550","E1",2025-12-09,"Southampton","West Brom",3,2,"H",3,0,"H",1.83,3.8,3.6,"3-0","3-2",8,4,18,7,2,2,0,0,2,9,12,13,5,11,25,"2-9","Y","Y","Y",4,0,20
"551","E1",2025-12-09,"Swansea","Portsmouth",1,0,"H",0,0,"D",2.1,3.4,3.5,"0-0","1-0",15,6,10,3,2,3,0,0,5,6,6,9,1,11,15,"5-6","N","N","N",5,0,20
"552","E1",2025-12-09,"Watford","Sheffield Weds",1,1,"D",0,1,"A",1.55,4.33,5.5,"0-1","1-1",23,9,4,1,1,1,0,0,7,4,14,4,2,11,18,"7-4","Y","N","N",2,0,20
"553","E1",2025-12-09,"QPR","Birmingham",2,1,"H",1,0,"H",2.9,3.4,2.38,"1-0","2-1",16,3,3,1,2,1,0,0,6,3,11,8,3,9,19,"6-3","Y","Y","N",3,0,20
"554","E1",2025-12-10,"Bristol City","Leicester",2,2,"D",0,2,"A",2.3,3.4,3,"0-2","2-2",21,11,12,5,2,3,0,0,10,3,10,15,4,13,25,"10-3","Y","Y","Y",5,0,20
"555","E1",2025-12-10,"Derby","Millwall",1,1,"D",0,0,"D",2.5,3.1,3,"0-0","1-1",13,4,12,2,2,3,0,0,11,7,9,13,2,18,22,"11-7","Y","N","N",5,0,20
"556","E1",2025-12-10,"Ipswich","Stoke",1,0,"H",1,0,"H",1.62,3.9,5.25,"1-0","1-0",16,6,6,1,1,1,0,0,3,4,11,11,1,7,22,"3-4","N","N","N",2,0,20
"557","E1",2025-12-10,"Hull","Wrexham",2,0,"H",1,0,"H",2.38,3.4,2.9,"1-0","2-0",19,6,8,1,0,1,0,0,8,2,8,6,2,10,14,"8-2","Y","N","N",1,0,20
"558","E1",2025-12-12,"West Brom","Sheffield United",2,0,"H",0,0,"D",2.38,3.4,2.9,"0-0","2-0",16,5,11,3,0,1,0,0,8,4,8,10,2,12,18,"8-4","Y","N","N",1,0,20
"559","E1",2025-12-13,"Norwich","Southampton",2,1,"H",0,0,"D",3.4,3.75,2,"0-0","2-1",16,5,12,4,2,2,0,0,6,5,15,10,3,11,25,"6-5","Y","Y","N",4,0,20
"560","E1",2025-12-13,"Oxford","Preston",1,2,"A",0,1,"A",2.63,3.25,2.7,"0-1","1-2",24,8,8,2,1,2,0,0,9,9,10,9,3,18,19,"9-9","Y","Y","N",3,0,21
"561","E1",2025-12-13,"Stoke","Swansea",2,1,"H",1,0,"H",1.87,3.5,4.2,"1-0","2-1",8,5,14,6,3,4,0,0,6,7,16,14,3,13,30,"6-7","Y","Y","N",7,0,21
"562","E1",2025-12-13,"Birmingham","Charlton",1,1,"D",1,0,"H",1.55,4,6,"1-0","1-1",24,5,7,1,3,4,0,0,10,3,9,8,2,13,17,"10-3","Y","N","N",7,0,21
"563","E1",2025-12-13,"Coventry","Bristol City",1,0,"H",0,0,"D",1.7,3.9,4.6,"0-0","1-0",21,4,15,8,1,3,0,0,4,5,13,15,1,9,28,"4-5","N","N","N",4,0,21
"564","E1",2025-12-13,"Leicester","Ipswich",3,1,"H",2,0,"H",3.3,3.4,2.15,"2-0","3-1",11,4,13,2,1,2,0,0,6,5,9,9,4,11,18,"6-5","Y","Y","Y",3,0,21
"565","E1",2025-12-13,"Middlesbrough","QPR",3,1,"H",2,0,"H",1.93,3.6,3.8,"2-0","3-1",18,7,13,5,1,0,0,0,9,4,13,8,4,13,21,"9-4","Y","Y","Y",1,0,21
"566","E1",2025-12-13,"Millwall","Hull",1,3,"A",0,2,"A",1.95,3.5,3.8,"0-2","1-3",11,6,10,6,0,3,1,0,5,1,12,7,4,6,19,"5-1","Y","Y","Y",3,1,21
"567","E1",2025-12-13,"Portsmouth","Blackburn",2,1,"H",0,1,"A",2.75,3.3,2.55,"0-1","2-1",18,7,11,2,2,3,0,0,7,6,9,14,3,13,23,"7-6","Y","Y","N",5,0,21
"568","E1",2025-12-13,"Wrexham","Watford",2,2,"D",1,2,"A",2.55,3.3,2.75,"1-2","2-2",16,3,12,3,3,6,0,0,7,1,10,9,4,8,19,"7-1","Y","Y","Y",9,0,21
"569","E1",2025-12-15,"Sheffield Weds","Derby",0,3,"A",0,1,"A",3,3.2,2.25,"0-1","0-3",3,1,15,7,4,1,0,0,1,5,10,8,3,6,18,"1-5","Y","Y","N",5,0,21
"570","E1",2025-12-19,"Swansea","Wrexham",2,1,"H",0,1,"A",2.2,3.3,3.3,"0-1","2-1",22,5,5,1,2,2,0,0,5,7,8,10,3,12,18,"5-7","Y","Y","N",4,0,21
"571","E1",2025-12-20,"Blackburn","Millwall",2,0,"H",2,0,"H",2.15,3.3,3.4,"2-0","2-0",11,5,10,3,3,3,0,0,3,6,9,18,2,9,27,"3-6","Y","N","N",6,0,21
"572","E1",2025-12-20,"Preston","Norwich",1,1,"D",0,0,"D",2.15,3.5,3.2,"0-0","1-1",11,4,8,1,2,3,0,0,4,3,11,17,2,7,28,"4-3","Y","N","N",5,0,22
"573","E1",2025-12-20,"Southampton","Coventry",1,1,"D",0,1,"A",2.45,3.7,2.63,"0-1","1-1",23,7,8,4,1,1,0,1,7,2,10,11,2,9,21,"7-2","Y","N","N",2,1,22
"574","E1",2025-12-20,"Bristol City","Middlesbrough",2,0,"H",1,0,"H",2.7,3.5,2.5,"1-0","2-0",13,8,28,3,2,3,0,0,3,13,6,5,2,16,11,"3-13","Y","N","N",5,0,22
"575","E1",2025-12-20,"Charlton","Oxford",1,0,"H",0,0,"D",2.1,3.3,3.6,"0-0","1-0",13,4,12,1,2,1,0,0,5,6,15,7,1,11,22,"5-6","N","N","N",3,0,22
"576","E1",2025-12-20,"Derby","Portsmouth",1,1,"D",1,1,"D",2.05,3.25,3.75,"1-1","1-1",12,6,4,1,1,1,0,0,6,4,7,4,2,10,11,"6-4","Y","N","N",2,0,22
"577","E1",2025-12-20,"Hull","West Brom",1,0,"H",1,0,"H",2.8,3.4,2.45,"1-0","1-0",10,1,13,1,4,4,0,1,8,3,14,17,1,11,31,"8-3","N","N","N",8,1,22
"578","E1",2025-12-20,"Ipswich","Sheffield Weds",3,1,"H",1,0,"H",1.2,6.5,13,"1-0","3-1",20,8,11,3,1,1,0,0,5,3,9,9,4,8,18,"5-3","Y","Y","Y",2,0,22
"579","E1",2025-12-20,"QPR","Leicester",4,1,"H",4,0,"H",2.38,3.4,2.9,"4-0","4-1",12,6,9,2,1,2,0,0,2,3,10,13,5,5,23,"2-3","Y","Y","Y",3,0,22
"580","E1",2025-12-20,"Sheffield United","Birmingham",3,0,"H",2,0,"H",2.3,3.4,3,"2-0","3-0",20,9,7,1,1,3,0,1,8,4,6,13,3,12,19,"8-4","Y","Y","N",4,1,22
"581","E1",2025-12-20,"Watford","Stoke",1,0,"H",0,0,"D",2.1,3.5,3.3,"0-0","1-0",10,5,7,1,3,3,0,0,7,5,10,12,1,12,22,"7-5","N","N","N",6,0,22
"582","E1",2025-12-26,"Birmingham","Derby",1,1,"D",0,1,"A",1.9,3.4,4.2,"0-1","1-1",25,9,5,1,3,1,1,1,12,1,17,13,2,13,30,"12-1","Y","N","N",4,2,22
"583","E1",2025-12-26,"Millwall","Ipswich",0,0,"D",0,0,"D",3.7,3.3,2.05,"0-0","0-0",11,6,16,4,1,2,0,0,2,4,11,12,0,6,23,"2-4","N","N","N",3,0,22
"584","E1",2025-12-26,"Coventry","Swansea",1,0,"H",1,0,"H",1.5,4,5.75,"1-0","1-0",16,7,11,2,0,2,0,0,7,4,13,13,1,11,26,"7-4","N","N","N",2,0,23
"585","E1",2025-12-26,"Leicester","Watford",1,2,"A",1,1,"D",2.2,3.3,3,"1-1","1-2",9,2,13,3,3,2,0,0,5,6,14,8,3,11,22,"5-6","Y","Y","N",5,0,23
"586","E1",2025-12-26,"Middlesbrough","Blackburn",0,0,"D",0,0,"D",1.8,3.5,4.1,"0-0","0-0",10,2,13,2,2,2,0,0,4,4,11,9,0,8,20,"4-4","N","N","N",4,0,23
"587","E1",2025-12-26,"Norwich","Charlton",1,0,"H",0,0,"D",1.95,3.4,3.5,"0-0","1-0",14,5,4,0,3,2,0,0,5,6,9,17,1,11,26,"5-6","N","N","N",5,0,23
"588","E1",2025-12-26,"Oxford","Southampton",2,1,"H",1,1,"D",3.9,3.6,1.8,"1-1","2-1",17,6,19,5,2,1,0,0,5,7,14,9,3,12,23,"5-7","Y","Y","N",3,0,23
"589","E1",2025-12-26,"Portsmouth","QPR",1,1,"D",1,0,"H",2.88,3.3,2.3,"1-0","1-1",8,2,8,3,1,2,0,0,9,3,9,14,2,12,23,"9-3","Y","N","N",3,0,23
"590","E1",2025-12-26,"Sheffield Weds","Hull",2,2,"D",1,1,"D",3.5,3.5,1.93,"1-1","2-2",12,3,14,6,2,4,0,0,4,4,5,12,4,8,17,"4-4","Y","Y","Y",6,0,23
"591","E1",2025-12-26,"Stoke","Preston",0,0,"D",0,0,"D",2.1,3.2,3.3,"0-0","0-0",14,3,8,4,4,2,0,0,10,2,8,12,0,12,20,"10-2","N","N","N",6,0,23
"592","E1",2025-12-26,"West Brom","Bristol City",1,2,"A",0,2,"A",2.05,3.3,3.3,"0-2","1-2",16,4,6,3,1,3,0,0,9,4,14,10,3,13,24,"9-4","Y","Y","N",4,0,23
"593","E1",2025-12-26,"Wrexham","Sheffield United",5,3,"H",2,3,"A",3.13,3.3,2.15,"2-3","5-3",18,8,13,7,1,2,0,0,7,5,7,12,8,12,19,"7-5","Y","Y","Y",3,0,23
"594","E1",2025-12-29,"Coventry","Ipswich",0,2,"A",0,0,"D",2.38,3.4,2.9,"0-0","0-2",10,3,18,7,1,2,0,0,3,6,12,14,2,9,26,"3-6","Y","N","N",3,0,23
"595","E1",2025-12-29,"Leicester","Derby",2,1,"H",2,1,"H",2.1,3.3,3.5,"2-1","2-1",8,2,9,2,1,2,0,0,3,4,10,12,3,7,22,"3-4","Y","Y","N",3,0,23
"596","E1",2025-12-29,"Middlesbrough","Hull",0,1,"A",0,1,"A",1.67,4,4.8,"0-1","0-1",23,5,4,1,1,4,0,0,10,2,11,11,1,12,22,"10-2","N","N","N",5,0,24
"597","E1",2025-12-29,"Millwall","Bristol City",2,1,"H",1,0,"H",2.38,3.3,3,"1-0","2-1",8,2,16,3,4,1,0,0,1,8,15,8,3,9,23,"1-8","Y","Y","N",5,0,24
"598","E1",2025-12-29,"Norwich","Watford",0,1,"A",0,0,"D",2.55,3.5,2.63,"0-0","0-1",9,1,8,2,0,1,0,0,8,3,8,6,1,11,14,"8-3","N","N","N",1,0,24
"599","E1",2025-12-29,"Oxford","Swansea",0,1,"A",0,1,"A",2.75,3.25,2.55,"0-1","0-1",11,2,10,5,2,4,0,0,1,5,13,11,1,6,24,"1-5","N","N","N",6,0,24
"600","E1",2025-12-29,"Portsmouth","Charlton",2,1,"H",0,0,"D",2.3,3.2,3.2,"0-0","2-1",15,5,16,4,2,2,0,0,5,11,11,16,3,16,27,"5-11","Y","Y","N",4,0,24
"601","E1",2025-12-29,"Sheffield Weds","Blackburn",0,0,"D",0,0,"D",4.5,3.7,1.75,"0-0","0-0",5,0,14,2,2,3,0,0,2,7,12,11,0,9,23,"2-7","N","N","N",5,0,24
"602","E1",2025-12-29,"Stoke","Sheffield United",1,2,"A",0,0,"D",2.8,3.3,2.5,"0-0","1-2",7,3,15,4,0,1,1,0,6,2,9,4,3,8,13,"6-2","Y","Y","N",1,1,24
"603","E1",2025-12-29,"West Brom","QPR",2,1,"H",1,1,"D",2.1,3.4,3.5,"1-1","2-1",12,4,3,0,0,2,0,0,9,4,6,10,3,13,16,"9-4","Y","Y","N",2,0,24
"604","E1",2025-12-29,"Wrexham","Preston",2,1,"H",1,0,"H",2.15,3.3,3.4,"1-0","2-1",14,6,13,4,0,0,0,0,3,3,11,10,3,6,21,"3-3","Y","Y","N",0,0,24
"605","E1",2025-12-29,"Birmingham","Southampton",1,1,"D",0,0,"D",2.3,3.5,2.9,"0-0","1-1",20,4,13,5,1,2,0,0,2,5,10,15,2,7,25,"2-5","Y","N","N",3,0,24
"606","E1",2026-01-01,"Blackburn","Wrexham",0,2,"A",0,2,"A",2.1,3.4,3.5,"0-2","0-2",12,1,7,3,4,2,0,0,4,8,14,10,2,12,24,"4-8","Y","N","N",6,0,24
"607","E1",2026-01-01,"Bristol City","Portsmouth",5,0,"H",2,0,"H",1.7,3.8,4.8,"2-0","5-0",14,7,5,2,0,1,0,0,1,1,6,14,5,2,20,"1-1","Y","Y","Y",1,0,24
"608","E1",2026-01-01,"Charlton","Coventry",1,1,"D",0,1,"A",3.9,3.6,1.9,"0-1","1-1",15,3,20,7,3,2,0,0,9,3,10,7,2,12,17,"9-3","Y","N","N",5,0,25
"609","E1",2026-01-01,"Derby","Middlesbrough",1,0,"H",0,0,"D",3.13,3.3,2.3,"0-0","1-0",7,3,19,5,2,2,0,0,4,9,12,9,1,13,21,"4-9","N","N","N",4,0,25
"610","E1",2026-01-01,"Hull","Stoke",0,1,"A",0,1,"A",2.38,3.25,3,"0-1","0-1",15,1,12,6,3,2,0,0,6,6,13,13,1,12,26,"6-6","N","N","N",5,0,25
"611","E1",2026-01-01,"Ipswich","Oxford",2,1,"H",2,1,"H",1.3,5.25,10,"2-1","2-1",19,6,8,1,1,4,0,0,9,2,9,12,3,11,21,"9-2","Y","Y","N",5,0,25
"612","E1",2026-01-01,"Preston","Sheffield Weds",3,0,"H",1,0,"H",1.5,4,7,"1-0","3-0",12,7,6,1,2,0,0,0,4,7,10,8,3,11,18,"4-7","Y","Y","N",2,0,25
"613","E1",2026-01-01,"QPR","Norwich",1,2,"A",0,0,"D",2.1,3.5,3.4,"0-0","1-2",10,2,11,5,0,3,0,0,7,3,10,10,3,10,20,"7-3","Y","Y","N",3,0,25
"614","E1",2026-01-01,"Southampton","Millwall",0,0,"D",0,0,"D",1.75,3.8,4.4,"0-0","0-0",12,2,12,3,1,3,0,0,6,6,6,11,0,12,17,"6-6","N","N","N",4,0,25
"615","E1",2026-01-01,"Swansea","West Brom",1,0,"H",0,0,"D",2.75,3.2,2.6,"0-0","1-0",13,3,12,7,2,5,0,0,4,5,7,15,1,9,22,"4-5","N","N","N",7,0,25
"616","E1",2026-01-01,"Watford","Birmingham",3,0,"H",2,0,"H",2.38,3.3,3,"2-0","3-0",13,6,6,2,1,2,0,0,4,4,5,14,3,8,19,"4-4","Y","Y","N",3,0,25
"617","E1",2026-01-01,"Sheffield United","Leicester",3,1,"H",1,0,"H",1.8,3.7,4.33,"1-0","3-1",13,5,6,1,1,2,0,0,7,3,13,10,4,10,23,"7-3","Y","Y","Y",3,0,25
"618","E1",2026-01-04,"Birmingham","Coventry",3,2,"H",2,1,"H",2.55,3.5,2.63,"2-1","3-2",9,4,17,6,3,1,0,1,2,6,13,8,5,8,21,"2-6","Y","Y","Y",4,1,25
"619","E1",2026-01-04,"QPR","Sheffield Weds",3,0,"H",1,0,"H",1.4,4.6,8,"1-0","3-0",13,7,4,2,0,0,0,0,5,2,9,14,3,7,23,"5-2","Y","Y","N",0,0,25
"620","E1",2026-01-04,"Blackburn","Charlton",2,2,"D",1,2,"A",2.05,3.13,3.5,"1-2","2-2",17,5,11,4,1,4,0,0,2,5,9,18,4,7,27,"2-5","Y","Y","Y",5,0,26
"621","E1",2026-01-04,"Bristol City","Preston",0,2,"A",0,1,"A",1.83,3.4,4,"0-1","0-2",11,2,12,3,0,2,0,0,6,3,11,14,2,9,25,"6-3","Y","N","N",2,0,26
"622","E1",2026-01-04,"Derby","Wrexham",1,2,"A",1,1,"D",2.25,3.1,3.1,"1-1","1-2",13,5,11,3,1,2,0,0,12,2,9,8,3,14,17,"12-2","Y","Y","N",3,0,26
"623","E1",2026-01-04,"Middlesbrough","Southampton",4,0,"H",0,0,"D",2.1,3.5,3,"0-0","4-0",22,5,16,5,0,4,0,0,11,5,7,12,4,16,19,"11-5","Y","Y","Y",4,0,26
"624","E1",2026-01-04,"Millwall","Swansea",2,1,"H",1,0,"H",2.1,3.13,3.4,"1-0","2-1",17,9,13,7,2,0,0,0,12,3,12,8,3,15,20,"12-3","Y","Y","N",2,0,26
"625","E1",2026-01-04,"Norwich","Stoke",0,2,"A",0,0,"D",2.2,3.3,3,"0-0","0-2",7,1,14,4,1,2,0,0,3,3,9,10,2,6,19,"3-3","Y","N","N",3,0,26
"626","E1",2026-01-05,"Leicester","West Brom",2,1,"H",1,1,"D",2.5,3.25,2.63,"1-1","2-1",11,3,16,8,1,0,0,0,4,4,9,7,3,8,16,"4-4","Y","Y","N",1,0,26
"627","E1",2026-01-16,"West Brom","Middlesbrough",2,3,"A",0,1,"A",2.5,3.3,2.8,"0-1","2-3",12,6,9,5,2,0,0,0,4,1,11,4,5,5,15,"4-1","Y","Y","Y",2,0,26
"628","E1",2026-01-17,"Coventry","Leicester",2,1,"H",0,1,"A",1.62,4.1,5,"0-1","2-1",19,6,14,6,1,4,0,0,5,3,8,14,3,8,22,"5-3","Y","Y","N",5,0,26
"629","E1",2026-01-17,"Ipswich","Blackburn",3,0,"H",2,0,"H",1.5,4.1,6.5,"2-0","3-0",17,7,10,0,0,4,0,0,7,6,6,15,3,13,21,"7-6","Y","Y","N",4,0,26
"630","E1",2026-01-17,"Watford","Millwall",0,2,"A",0,0,"D",2.05,3.4,3.6,"0-0","0-2",9,3,13,4,4,4,0,0,4,4,7,22,2,8,29,"4-4","Y","N","N",8,0,26
"631","E1",2026-01-17,"Charlton","Sheffield United",1,0,"H",0,0,"D",3.3,3.4,2.15,"0-0","1-0",12,4,11,2,4,1,0,2,9,7,13,7,1,16,20,"9-7","N","N","N",5,2,26
"632","E1",2026-01-17,"Oxford","Bristol City",0,0,"D",0,0,"D",3.3,3.4,2.15,"0-0","0-0",9,3,6,1,2,3,0,0,6,5,9,12,0,11,21,"6-5","N","N","N",5,0,27
"633","E1",2026-01-17,"Preston","Derby",0,1,"A",0,0,"D",2.25,3.13,3.4,"0-0","0-1",13,2,18,4,2,5,0,0,5,10,7,12,1,15,19,"5-10","N","N","N",7,0,27
"634","E1",2026-01-17,"Sheffield Weds","Portsmouth",0,1,"A",0,0,"D",3.5,3.25,2.15,"0-0","0-1",7,1,12,3,0,2,0,0,7,6,15,10,1,13,25,"7-6","N","N","N",2,0,27
"635","E1",2026-01-17,"Southampton","Hull",1,2,"A",0,2,"A",1.7,4,4.5,"0-2","1-2",22,7,9,3,0,2,0,0,8,2,5,15,3,10,20,"8-2","Y","Y","N",2,0,27
"636","E1",2026-01-17,"Stoke","QPR",0,0,"D",0,0,"D",2.1,3.3,3.4,"0-0","0-0",12,3,7,2,3,4,0,0,6,2,11,10,0,8,21,"6-2","N","N","N",7,0,27
"637","E1",2026-01-17,"Wrexham","Norwich",1,2,"A",1,1,"D",2.25,3.4,3.1,"1-1","1-2",17,3,7,3,0,1,0,0,7,1,8,9,3,8,17,"7-1","Y","Y","N",1,0,27
"638","E1",2026-01-17,"Swansea","Birmingham",1,1,"D",1,0,"H",2.7,3.25,2.63,"1-0","1-1",19,4,12,1,0,0,0,0,5,5,10,14,2,10,24,"5-5","Y","N","N",0,0,27
"639","E1",2026-01-20,"Charlton","Derby",1,2,"A",0,1,"A",2.7,3.1,2.75,"0-1","1-2",11,4,15,5,0,2,0,1,4,0,12,14,3,4,26,"4-0","Y","Y","N",2,1,27
"640","E1",2026-01-20,"Coventry","Millwall",2,1,"H",1,1,"D",1.8,3.7,4.33,"1-1","2-1",15,4,14,4,2,1,0,0,4,3,7,12,3,7,19,"4-3","Y","Y","N",3,0,27
"641","E1",2026-01-20,"Ipswich","Bristol City",2,0,"H",1,0,"H",1.65,3.8,5.25,"1-0","2-0",11,3,8,3,1,6,0,0,9,2,19,14,2,11,33,"9-2","Y","N","N",7,0,27
"642","E1",2026-01-20,"Oxford","QPR",0,0,"D",0,0,"D",2.55,3.13,2.88,"0-0","0-0",9,1,14,2,1,2,0,0,2,6,13,11,0,8,24,"2-6","N","N","N",3,0,27
"643","E1",2026-01-20,"Preston","Hull",0,3,"A",0,2,"A",2.3,3.25,3.13,"0-2","0-3",17,5,17,9,2,3,1,0,6,6,13,12,3,12,25,"6-6","Y","Y","N",5,1,27
"644","E1",2026-01-20,"Sheffield Weds","Birmingham",0,2,"A",0,0,"D",7,4.4,1.45,"0-0","0-2",7,1,22,7,2,1,0,0,3,11,9,10,2,14,19,"3-11","Y","N","N",3,0,28
"645","E1",2026-01-20,"Swansea","Blackburn",3,1,"H",1,1,"D",2.1,3.25,3.6,"1-1","3-1",14,4,5,2,2,3,0,0,4,3,10,14,4,7,24,"4-3","Y","Y","Y",5,0,28
"646","E1",2026-01-20,"West Brom","Norwich",0,5,"A",0,1,"A",2,3.4,3.75,"0-1","0-5",13,2,9,7,3,1,0,0,10,2,13,9,5,12,22,"10-2","Y","Y","Y",4,0,28
"647","E1",2026-01-20,"Wrexham","Leicester",1,1,"D",0,0,"D",2.2,3.5,3.13,"0-0","1-1",16,3,5,4,1,2,0,0,3,1,12,12,2,4,24,"3-1","Y","N","N",3,0,28
"648","E1",2026-01-21,"Southampton","Sheffield United",1,0,"H",1,0,"H",2.38,3.6,2.75,"1-0","1-0",15,3,16,4,3,1,0,0,6,7,11,14,1,13,25,"6-7","N","N","N",4,0,28
"649","E1",2026-01-21,"Watford","Portsmouth",1,1,"D",0,0,"D",1.73,3.7,4.8,"0-0","1-1",15,4,10,2,1,1,0,0,8,7,9,12,2,15,21,"8-7","Y","N","N",2,0,28
"650","E1",2026-01-21,"Stoke","Middlesbrough",1,2,"A",1,0,"H",3,3.25,2.38,"1-0","1-2",10,4,16,7,1,1,1,0,5,4,11,10,3,9,21,"5-4","Y","Y","N",2,1,28
"651","E1",2026-01-23,"Derby","West Brom",1,1,"D",1,0,"H",2.63,3.1,2.8,"1-0","1-1",5,1,12,4,2,3,0,0,1,6,14,13,2,7,27,"1-6","Y","N","N",5,0,28
"652","E1",2026-01-24,"Middlesbrough","Preston",4,0,"H",3,0,"H",1.53,4.1,6,"3-0","4-0",16,8,4,1,0,2,0,1,8,3,11,19,4,11,30,"8-3","Y","Y","Y",2,1,28
"653","E1",2026-01-24,"Millwall","Charlton",4,0,"H",1,0,"H",1.75,3.5,4.75,"1-0","4-0",23,6,3,1,1,1,0,0,6,3,8,13,4,9,21,"6-3","Y","Y","Y",2,0,28
"654","E1",2026-01-24,"Birmingham","Stoke",1,1,"D",1,0,"H",1.85,3.5,4.2,"1-0","1-1",18,5,7,1,1,1,0,0,6,6,7,10,2,12,17,"6-6","Y","N","N",2,0,28
"655","E1",2026-01-24,"Blackburn","Watford",1,1,"D",1,1,"D",2.7,3.25,2.63,"1-1","1-1",7,3,14,4,0,2,0,0,7,8,8,7,2,15,15,"7-8","Y","N","N",2,0,28
"656","E1",2026-01-24,"Bristol City","Sheffield Weds",2,0,"H",0,0,"D",1.25,5.75,11.5,"0-0","2-0",16,7,3,0,0,0,0,0,9,7,6,13,2,16,19,"9-7","Y","N","N",0,0,29
"657","E1",2026-01-24,"Hull","Swansea",2,1,"H",2,0,"H",2.38,3.25,3,"2-0","2-1",10,7,16,4,3,2,0,0,6,7,13,6,3,13,19,"6-7","Y","Y","N",5,0,29
"658","E1",2026-01-24,"Leicester","Oxford",1,2,"A",0,1,"A",1.9,3.5,4,"0-1","1-2",13,4,8,2,0,3,0,0,12,4,13,11,3,16,24,"12-4","Y","Y","N",3,0,29
"659","E1",2026-01-24,"QPR","Wrexham",2,3,"A",1,0,"H",2.3,3.25,3.1,"1-0","2-3",13,3,11,7,1,2,1,0,7,3,13,13,5,10,26,"7-3","Y","Y","Y",3,1,29
"660","E1",2026-01-24,"Sheffield United","Ipswich",3,1,"H",2,0,"H",2.9,3.4,2.38,"2-0","3-1",15,8,11,5,0,4,1,0,4,5,15,11,4,9,26,"4-5","Y","Y","Y",4,1,29
"661","E1",2026-01-25,"Portsmouth","Southampton",1,1,"D",0,0,"D",3.1,3.3,2.15,"0-0","1-1",14,3,6,4,2,1,0,0,4,2,9,14,2,6,23,"4-2","Y","N","N",3,0,29
"662","E1",2026-01-26,"Norwich","Coventry",2,1,"H",0,1,"A",2.8,3.5,2.25,"0-1","2-1",16,5,16,5,1,1,0,0,4,7,10,9,3,11,19,"4-7","Y","Y","N",2,0,29
"663","E1",2026-01-30,"Bristol City","Derby",0,5,"A",0,3,"A",2.2,3.3,3.3,"0-3","0-5",7,1,17,7,1,1,0,0,4,1,9,15,5,5,24,"4-1","Y","Y","Y",2,0,29
"664","E1",2026-01-31,"Leicester","Charlton",0,2,"A",0,2,"A",2.1,3.4,3.5,"0-2","0-2",21,1,9,5,0,2,1,0,6,2,8,11,2,8,19,"6-2","Y","N","N",2,1,29
"665","E1",2026-01-31,"Sheffield Weds","Wrexham",0,1,"A",0,0,"D",7.5,4.33,1.44,"0-0","0-1",5,2,12,4,0,0,0,0,3,8,13,7,1,11,20,"3-8","N","N","N",0,0,29
"666","E1",2026-01-31,"Stoke","Southampton",0,2,"A",0,1,"A",2.9,3.4,2.38,"0-1","0-2",10,3,11,4,2,3,0,0,4,5,8,18,2,9,26,"4-5","Y","N","N",5,0,29
"667","E1",2026-01-31,"Blackburn","Hull",0,1,"A",0,0,"D",2.25,3.4,3.13,"0-0","0-1",9,3,12,4,2,0,0,0,8,4,6,10,1,12,16,"8-4","N","N","N",2,0,29
"668","E1",2026-01-31,"Ipswich","Preston",1,1,"D",0,0,"D",1.33,4.8,9.5,"0-0","1-1",16,5,11,4,1,2,0,0,9,3,11,10,2,12,21,"9-3","Y","N","N",3,0,30
"669","E1",2026-01-31,"Middlesbrough","Norwich",1,0,"H",1,0,"H",1.73,3.9,4.5,"1-0","1-0",9,5,8,3,2,2,0,0,3,5,12,18,1,8,30,"3-5","N","N","N",4,0,30
"670","E1",2026-01-31,"Millwall","Sheffield United",1,1,"D",1,1,"D",2.5,3.4,2.75,"1-1","1-1",14,6,12,6,2,1,0,0,6,8,9,8,2,14,17,"6-8","Y","N","N",3,0,30
"671","E1",2026-01-31,"Oxford","Birmingham",0,2,"A",0,1,"A",3.5,3.4,2.1,"0-1","0-2",10,4,11,2,2,2,0,0,4,4,7,12,2,8,19,"4-4","Y","N","N",4,0,30
"672","E1",2026-01-31,"Portsmouth","West Brom",3,0,"H",2,0,"H",3,3.1,2.45,"2-0","3-0",20,6,4,1,0,2,0,0,3,3,7,11,3,6,18,"3-3","Y","Y","N",2,0,30
"673","E1",2026-01-31,"QPR","Coventry",2,1,"H",0,0,"D",3.13,3.5,2.2,"0-0","2-1",15,8,9,2,1,2,0,0,5,5,7,8,3,10,15,"5-5","Y","Y","N",3,0,30
"674","E1",2026-01-31,"Watford","Swansea",0,2,"A",0,0,"D",2.1,3.4,3.5,"0-0","0-2",17,5,14,7,1,2,1,0,5,8,10,11,2,13,21,"5-8","Y","N","N",3,1,30
"675","E1",2026-02-03,"Blackburn","Sheffield Weds",1,0,"H",1,0,"H",1.33,5,9,"1-0","1-0",9,6,2,1,4,2,0,0,8,2,13,12,1,10,25,"8-2","N","N","N",6,0,30
"676","E1",2026-02-03,"Hull","Watford",0,0,"D",0,0,"D",2.2,3.5,3.13,"0-0","0-0",6,3,16,2,4,3,0,0,7,5,12,9,0,12,21,"7-5","N","N","N",7,0,30
"677","E1",2026-02-03,"Sheffield United","Oxford",3,1,"H",1,1,"D",1.36,4.8,8.5,"1-1","3-1",11,3,6,2,3,4,0,0,10,2,9,12,4,12,21,"10-2","Y","Y","Y",7,0,30
"678","E1",2026-02-06,"Charlton","QPR",0,0,"D",0,0,"D",2.9,3,2.63,"0-0","0-0",16,5,18,4,2,1,0,0,7,5,5,8,0,12,13,"7-5","N","N","N",3,0,30
"679","E1",2026-02-07,"Derby","Ipswich",1,2,"A",0,1,"A",3.7,3.3,2.05,"0-1","1-2",9,1,13,5,1,4,1,0,3,7,9,14,3,10,23,"3-7","Y","Y","N",5,1,30
"680","E1",2026-02-07,"Norwich","Blackburn",2,0,"H",0,0,"D",1.93,3.5,3.9,"0-0","2-0",12,3,6,0,2,2,0,0,5,4,12,11,2,9,23,"5-4","Y","N","N",4,0,31
"681","E1",2026-02-07,"Southampton","Watford",1,0,"H",0,0,"D",1.85,3.7,4,"0-0","1-0",6,4,11,2,3,1,0,0,3,9,10,10,1,12,20,"3-9","N","N","N",4,0,31
"682","E1",2026-02-07,"Birmingham","Leicester",2,1,"H",1,1,"D",1.7,3.8,4.8,"1-1","2-1",22,6,7,2,0,2,0,1,10,1,11,10,3,11,21,"10-1","Y","Y","N",2,1,31
"683","E1",2026-02-07,"Coventry","Oxford",0,0,"D",0,0,"D",1.4,4.75,7.5,"0-0","0-0",24,5,4,0,1,6,0,1,10,0,7,13,0,10,20,"10-0","N","N","N",7,1,31
"684","E1",2026-02-07,"Hull","Bristol City",2,3,"A",1,2,"A",2.38,3.3,3,"1-2","2-3",10,5,11,6,2,0,0,0,2,4,10,8,5,6,18,"2-4","Y","Y","Y",2,0,31
"685","E1",2026-02-07,"Preston","Portsmouth",1,0,"H",1,0,"H",2.4,3.2,3,"1-0","1-0",7,3,12,4,3,1,0,0,2,14,15,11,1,16,26,"2-14","N","N","N",4,0,31
"686","E1",2026-02-07,"West Brom","Stoke",0,0,"D",0,0,"D",2.25,3.2,3.3,"0-0","0-0",10,2,8,3,1,1,0,0,2,2,8,9,0,4,17,"2-2","N","N","N",2,0,31
"687","E1",2026-02-07,"Wrexham","Millwall",0,2,"A",0,0,"D",2.55,3.25,2.8,"0-0","0-2",16,5,7,1,1,3,0,0,5,4,5,11,2,9,16,"5-4","Y","N","N",4,0,31
"688","E1",2026-02-08,"Swansea","Sheffield Weds",4,0,"H",1,0,"H",1.3,5,10.5,"1-0","4-0",22,6,3,0,2,2,0,0,8,2,9,15,4,10,24,"8-2","Y","Y","Y",4,0,31
"689","E1",2026-02-09,"Sheffield United","Middlesbrough",1,2,"A",0,2,"A",2.2,3.4,2.9,"0-2","1-2",13,5,19,9,3,2,1,0,8,8,14,11,3,16,25,"8-8","Y","Y","N",5,1,31
"690","E1",2026-02-10,"Leicester","Southampton",3,4,"A",3,0,"H",3,3.5,2.25,"3-0","3-4",8,3,16,7,0,1,0,0,3,9,11,13,7,12,24,"3-9","Y","Y","Y",1,0,31
"691","E1",2026-02-10,"Oxford","Norwich",0,3,"A",0,2,"A",3.1,3.2,2.38,"0-2","0-3",7,1,8,4,1,1,0,0,2,4,8,12,3,6,20,"2-4","Y","Y","N",2,0,31
"692","E1",2026-02-10,"Birmingham","West Brom",0,0,"D",0,0,"D",1.83,3.5,4.4,"0-0","0-0",16,5,9,1,1,5,0,0,11,3,10,16,0,14,26,"11-3","N","N","N",6,0,32
"693","E1",2026-02-11,"Charlton","Stoke",1,0,"H",0,0,"D",2.63,3.2,2.75,"0-0","1-0",17,4,6,2,2,4,0,0,6,5,5,6,1,11,11,"6-5","N","N","N",6,0,32
"694","E1",2026-02-14,"Derby","Swansea",2,0,"H",0,0,"D",2.15,3.13,3.25,"0-0","2-0",11,6,15,2,2,2,0,0,6,2,20,12,2,8,32,"6-2","Y","N","N",4,0,32
"695","E1",2026-02-14,"Portsmouth","Sheffield United",0,1,"A",0,0,"D",3,3.25,2.25,"0-0","0-1",23,7,11,2,1,4,0,0,11,4,12,12,1,15,24,"11-4","N","N","N",5,0,32
"696","E1",2026-02-14,"Preston","Watford",2,2,"D",1,0,"H",3.1,3.13,2.25,"1-0","2-2",8,3,20,5,1,1,0,0,9,7,8,6,4,16,14,"9-7","Y","Y","Y",2,0,32
"697","E1",2026-02-14,"QPR","Blackburn",1,3,"A",1,2,"A",2.2,3.1,3.2,"1-2","1-3",21,4,7,4,2,3,0,0,8,1,12,14,4,9,26,"8-1","Y","Y","Y",5,0,32
"698","E1",2026-02-14,"Sheffield Weds","Millwall",1,2,"A",0,0,"D",8.5,4.5,1.33,"0-0","1-2",11,3,20,6,3,2,0,0,3,11,9,12,3,14,21,"3-11","Y","Y","N",5,0,32
"699","E1",2026-02-16,"Coventry","Middlesbrough",3,1,"H",1,0,"H",2.2,3.5,2.88,"1-0","3-1",9,4,18,4,3,2,0,0,3,2,17,13,4,5,30,"3-2","Y","Y","Y",5,0,32
"700","E1",2026-02-17,"Bristol City","Wrexham",2,2,"D",0,1,"A",2.2,3.5,3.13,"0-1","2-2",8,5,9,3,2,3,0,0,3,2,11,13,4,5,24,"3-2","Y","Y","Y",5,0,32
"701","E1",2026-02-17,"Charlton","Portsmouth",1,3,"A",0,2,"A",2.45,3.2,2.9,"0-2","1-3",12,4,12,6,7,2,0,0,3,2,16,7,4,5,23,"3-2","Y","Y","Y",9,0,32
"702","E1",2026-02-20,"Blackburn","Preston",1,0,"H",0,0,"D",2,3.3,3.9,"0-0","1-0",13,3,3,2,2,2,0,0,5,3,8,10,1,8,18,"5-3","N","N","N",4,0,32
"703","E1",2026-02-21,"Hull","QPR",1,3,"A",1,1,"D",2.3,3.3,3.1,"1-1","1-3",14,4,12,8,3,1,0,0,8,4,8,14,4,12,22,"8-4","Y","Y","Y",4,0,32
"704","E1",2026-02-21,"Stoke","Leicester",2,2,"D",1,0,"H",2.2,3.3,3.3,"1-0","2-2",11,3,15,5,2,1,0,0,7,4,5,6,4,11,11,"7-4","Y","Y","Y",3,0,33
"705","E1",2026-02-21,"Swansea","Bristol City",1,0,"H",1,0,"H",2.1,3.4,3.4,"1-0","1-0",8,3,12,2,2,4,0,0,3,5,14,11,1,8,25,"3-5","N","N","N",6,0,33
"706","E1",2026-02-21,"West Brom","Coventry",0,2,"A",0,2,"A",3.4,3.5,2.1,"0-2","0-2",11,1,10,3,0,3,0,0,3,2,10,7,2,5,17,"3-2","Y","N","N",3,0,33
"707","E1",2026-02-21,"Middlesbrough","Oxford",0,0,"D",0,0,"D",1.36,4.8,8.5,"0-0","0-0",24,7,13,2,3,1,0,0,9,5,10,10,0,14,20,"9-5","N","N","N",4,0,33
"708","E1",2026-02-21,"Millwall","Portsmouth",1,3,"A",0,0,"D",1.87,3.5,4.2,"0-0","1-3",6,3,15,8,1,2,0,0,6,4,13,8,4,10,21,"6-4","Y","Y","Y",3,0,33
"709","E1",2026-02-21,"Norwich","Birmingham",1,2,"A",0,2,"A",2.55,3.4,2.7,"0-2","1-2",18,9,9,5,0,1,0,0,6,5,6,14,3,11,20,"6-5","Y","Y","N",1,0,33
"710","E1",2026-02-21,"Southampton","Charlton",1,1,"D",0,0,"D",1.53,4.2,6,"0-0","1-1",23,8,6,3,2,1,0,0,10,1,6,11,2,11,17,"10-1","Y","N","N",3,0,33
"711","E1",2026-02-21,"Watford","Derby",2,0,"H",1,0,"H",2.15,3.3,3.4,"1-0","2-0",18,8,5,1,2,2,0,0,2,2,13,11,2,4,24,"2-2","Y","N","N",4,0,33
"712","E1",2026-02-21,"Wrexham","Ipswich",5,3,"H",2,2,"D",3.3,3.3,2.2,"2-2","5-3",17,10,13,6,5,4,0,0,5,2,14,10,8,7,24,"5-2","Y","Y","Y",9,0,33
"713","E1",2026-02-22,"Sheffield United","Sheffield Weds",2,1,"H",2,0,"H",1.11,8.5,17,"2-0","2-1",10,4,6,2,1,5,1,1,2,6,11,20,3,8,31,"2-6","Y","Y","N",6,2,33
"714","E1",2026-02-24,"Blackburn","Bristol City",1,2,"A",1,2,"A",2.38,3.2,3.1,"1-2","1-2",19,7,10,5,2,2,0,0,6,4,15,10,3,10,25,"6-4","Y","Y","N",4,0,33
"715","E1",2026-02-24,"Hull","Derby",4,2,"H",2,2,"D",2.5,3.3,2.75,"2-2","4-2",9,3,18,6,2,2,0,0,7,3,19,9,6,10,28,"7-3","Y","Y","Y",4,0,33
"716","E1",2026-02-24,"Middlesbrough","Leicester",1,1,"D",1,1,"D",1.5,4.33,6,"1-1","1-1",17,4,11,6,1,1,0,0,8,5,11,9,2,13,20,"8-5","Y","N","N",2,0,34
"717","E1",2026-02-24,"Swansea","Preston",1,1,"D",0,1,"A",1.75,3.6,4.75,"0-1","1-1",12,2,14,3,2,2,0,0,4,8,5,17,2,12,22,"4-8","Y","N","N",4,0,34
"718","E1",2026-02-24,"Watford","Ipswich",0,2,"A",0,1,"A",3.25,3.25,2.25,"0-1","0-2",11,2,11,3,2,3,0,0,3,4,14,16,2,7,30,"3-4","Y","N","N",5,0,34
"719","E1",2026-02-24,"West Brom","Charlton",1,1,"D",1,0,"H",1.95,3.25,4.2,"1-0","1-1",18,2,3,2,2,3,0,0,7,0,12,15,2,7,27,"7-0","Y","N","N",5,0,34
"720","E1",2026-02-24,"Wrexham","Portsmouth",2,1,"H",2,0,"H",2.05,3.5,3.5,"2-0","2-1",10,5,9,1,0,1,0,0,3,15,9,8,3,18,17,"3-15","Y","Y","N",1,0,34
"721","E1",2026-02-24,"Southampton","QPR",5,0,"H",2,0,"H",1.67,3.9,4.75,"2-0","5-0",14,9,5,1,1,0,0,0,5,3,6,12,5,8,18,"5-3","Y","Y","Y",1,0,34
"722","E1",2026-02-25,"Millwall","Birmingham",3,0,"H",2,0,"H",2.45,3.3,2.88,"2-0","3-0",11,5,5,2,1,0,0,1,7,5,14,8,3,12,22,"7-5","Y","Y","N",1,1,34
"723","E1",2026-02-25,"Norwich","Sheffield Weds",2,0,"H",2,0,"H",1.17,7.5,15,"2-0","2-0",19,6,4,1,0,0,0,0,3,4,11,4,2,7,15,"3-4","Y","N","N",0,0,34
"724","E1",2026-02-25,"Sheffield United","Coventry",1,2,"A",0,0,"D",2.45,3.6,2.7,"0-0","1-2",22,4,11,5,3,2,0,0,7,3,12,14,3,10,26,"7-3","Y","Y","N",5,0,34
"725","E1",2026-02-25,"Stoke","Oxford",2,1,"H",1,1,"D",1.83,3.4,4.6,"1-1","2-1",21,9,9,2,2,1,0,0,8,7,11,5,3,15,16,"8-7","Y","Y","N",3,0,34
"726","E1",2026-02-27,"Bristol City","Watford",1,2,"A",1,1,"D",2.45,3.3,2.88,"1-1","1-2",11,4,11,4,2,3,0,0,3,3,6,10,3,6,16,"3-3","Y","Y","N",5,0,34
"727","E1",2026-02-28,"Derby","Blackburn",3,1,"H",0,1,"A",2.15,3.3,3.4,"0-1","3-1",14,6,11,3,3,4,0,0,2,3,10,14,4,5,24,"2-3","Y","Y","Y",7,0,34
"728","E1",2026-02-28,"Leicester","Norwich",0,2,"A",0,0,"D",2.45,3.5,2.75,"0-0","0-2",10,3,12,8,2,2,0,0,6,7,8,8,2,13,16,"6-7","Y","N","N",4,0,35
"729","E1",2026-02-28,"Portsmouth","Hull",0,1,"A",0,0,"D",2.1,3.4,3.5,"0-0","0-1",22,6,2,2,0,3,0,0,11,2,10,21,1,13,31,"11-2","N","N","N",3,0,35
"730","E1",2026-02-28,"Charlton","Wrexham",0,1,"A",0,1,"A",3.13,3.25,2.3,"0-1","0-1",12,1,8,2,2,1,0,0,4,2,4,11,1,6,15,"4-2","N","N","N",3,0,35
"731","E1",2026-02-28,"Coventry","Stoke",2,1,"H",1,1,"D",1.53,4.2,6,"1-1","2-1",20,8,3,1,1,1,0,0,7,1,7,6,3,8,13,"7-1","Y","Y","N",2,0,35
"732","E1",2026-02-28,"Ipswich","Swansea",3,0,"H",2,0,"H",1.57,4,5.75,"2-0","3-0",11,6,10,3,1,0,0,0,4,0,17,13,3,4,30,"4-0","Y","Y","N",1,0,35
"733","E1",2026-02-28,"Oxford","West Brom",2,1,"H",2,1,"H",3.1,3.2,2.38,"2-1","2-1",9,3,16,3,0,2,0,0,5,6,10,16,3,11,26,"5-6","Y","Y","N",2,0,35
"734","E1",2026-02-28,"Preston","Millwall",0,2,"A",0,1,"A",3.2,3.3,2.25,"0-1","0-2",6,2,16,5,3,2,0,0,2,6,10,16,2,8,26,"2-6","Y","N","N",5,0,35
"735","E1",2026-02-28,"QPR","Sheffield United",0,2,"A",0,2,"A",3,3.4,2.3,"0-2","0-2",12,2,12,3,2,2,0,0,7,4,8,11,2,11,19,"7-4","Y","N","N",4,0,35
"736","E1",2026-02-28,"Sheffield Weds","Southampton",1,3,"A",0,2,"A",10,5.5,1.29,"0-2","1-3",10,3,15,6,0,1,0,0,5,8,11,12,4,13,23,"5-8","Y","Y","Y",1,0,35
"737","E1",2026-03-02,"Birmingham","Middlesbrough",1,3,"A",0,2,"A",2.45,3.3,2.63,"0-2","1-3",11,7,10,3,2,4,0,0,6,2,11,12,4,8,23,"6-2","Y","Y","Y",6,0,35
"738","E1",2026-03-03,"Ipswich","Hull",1,0,"H",0,0,"D",1.44,4.4,7,"0-0","1-0",15,7,6,0,2,4,0,0,6,4,8,16,1,10,24,"6-4","N","N","N",6,0,35
"739","E1",2026-03-06,"Preston","Oxford",1,3,"A",1,1,"D",2.15,3.25,3.5,"1-1","1-3",13,4,15,7,1,1,0,0,9,5,9,10,4,14,19,"9-5","Y","Y","Y",2,0,35
"740","E1",2026-03-07,"Blackburn","Portsmouth",1,1,"D",0,0,"D",2.5,3.1,3,"0-0","1-1",10,1,14,1,2,0,0,0,4,5,8,6,2,9,14,"4-5","Y","N","N",2,0,36
"741","E1",2026-03-07,"Hull","Millwall",1,3,"A",1,1,"D",3.13,3.4,2.25,"1-1","1-3",23,5,9,4,2,4,0,0,5,2,8,15,4,7,23,"5-2","Y","Y","Y",6,0,36
"742","E1",2026-03-07,"Bristol City","Coventry",0,2,"A",0,2,"A",3.5,3.6,2,"0-2","0-2",24,6,10,7,2,2,1,1,11,3,9,6,2,14,15,"11-3","Y","N","N",4,2,36
"743","E1",2026-03-07,"Charlton","Birmingham",1,0,"H",0,0,"D",3.5,3.4,2.1,"0-0","1-0",12,4,7,1,0,1,0,0,3,3,6,14,1,6,20,"3-3","N","N","N",1,0,36
"744","E1",2026-03-07,"Derby","Sheffield Weds",2,1,"H",2,1,"H",1.25,5.75,11.5,"2-1","2-1",13,4,7,3,1,1,0,0,6,2,7,11,3,8,18,"6-2","Y","Y","N",2,0,36
"745","E1",2026-03-07,"Ipswich","Leicester",1,1,"D",0,1,"A",1.44,4.4,7,"0-1","1-1",18,3,7,3,3,3,0,0,10,2,14,16,2,12,30,"10-2","Y","N","N",6,0,36
"746","E1",2026-03-07,"Sheffield United","West Brom",1,1,"D",0,0,"D",1.73,3.7,4.75,"0-0","1-1",13,2,12,3,2,1,0,0,5,7,8,11,2,12,19,"5-7","Y","N","N",3,0,36
"747","E1",2026-03-07,"Swansea","Stoke",2,0,"H",0,0,"D",2.05,3.3,3.7,"0-0","2-0",23,4,8,2,2,4,0,1,13,5,7,12,2,18,19,"13-5","Y","N","N",6,1,36
"748","E1",2026-03-08,"QPR","Middlesbrough",0,4,"A",0,1,"A",3.6,3.4,1.95,"0-1","0-4",9,3,16,7,0,0,0,0,3,8,9,3,4,11,12,"3-8","Y","Y","Y",0,0,36
"749","E1",2026-03-10,"Leicester","Bristol City",2,0,"H",2,0,"H",2.3,3.4,3,"2-0","2-0",17,5,9,1,2,3,0,0,5,9,11,13,2,14,24,"5-9","Y","N","N",5,0,36
"750","E1",2026-03-10,"Millwall","Derby",1,0,"H",1,0,"H",2.1,3.2,3.7,"1-0","1-0",15,4,14,1,0,3,0,0,6,2,7,13,1,8,20,"6-2","N","N","N",3,0,36
"751","E1",2026-03-10,"Portsmouth","Swansea",1,2,"A",0,2,"A",2.2,3.2,3.4,"0-2","1-2",9,4,8,3,1,2,0,0,6,0,9,10,3,6,19,"6-0","Y","Y","N",3,0,36
"752","E1",2026-03-10,"Sheffield Weds","Watford",1,1,"D",0,0,"D",7.5,4.4,1.44,"0-0","1-1",11,4,19,5,3,3,0,0,5,5,16,7,2,10,23,"5-5","Y","N","N",6,0,37
"753","E1",2026-03-10,"Wrexham","Hull",1,2,"A",0,1,"A",2,3.5,3.7,"0-1","1-2",10,2,12,5,3,4,0,0,8,4,11,9,3,12,20,"8-4","Y","Y","N",7,0,37
"754","E1",2026-03-10,"Stoke","Ipswich",3,3,"D",2,0,"H",5,3.7,1.7,"2-0","3-3",15,6,17,5,0,4,0,0,5,9,13,14,6,14,27,"5-9","Y","Y","Y",4,0,37
"755","E1",2026-03-11,"Birmingham","QPR",1,0,"H",1,0,"H",1.73,3.7,4.8,"1-0","1-0",21,6,10,1,4,0,0,0,10,1,9,9,1,11,18,"10-1","N","N","N",4,0,37
"756","E1",2026-03-11,"Middlesbrough","Charlton",0,1,"A",0,0,"D",1.36,4.8,8.5,"0-0","0-1",34,7,5,2,0,2,0,0,11,2,8,12,1,13,20,"11-2","N","N","N",2,0,37
"757","E1",2026-03-11,"Norwich","Sheffield United",2,1,"H",0,1,"A",2.55,3.5,2.63,"0-1","2-1",19,7,6,2,2,2,0,0,11,4,7,11,3,15,18,"11-4","Y","Y","N",4,0,37
"758","E1",2026-03-11,"Oxford","Blackburn",1,0,"H",1,0,"H",2.7,3.13,2.7,"1-0","1-0",14,7,10,2,0,2,0,0,6,4,3,13,1,10,16,"6-4","N","N","N",2,0,37
"759","E1",2026-03-11,"West Brom","Southampton",1,1,"D",1,0,"H",2.8,3.4,2.45,"1-0","1-1",13,6,12,4,2,2,0,0,5,3,13,11,2,8,24,"5-3","Y","N","N",4,0,37
"760","E1",2026-03-11,"Coventry","Preston",3,0,"H",2,0,"H",1.44,4.75,6.5,"2-0","3-0",25,9,5,2,0,0,0,0,8,1,9,9,3,9,18,"8-1","Y","Y","N",0,0,37
"761","E1",2026-03-13,"Wrexham","Swansea",2,0,"H",1,0,"H",2.25,3.4,3.13,"1-0","2-0",11,2,10,3,0,2,0,0,5,5,10,10,2,10,20,"5-5","Y","N","N",2,0,37
"762","E1",2026-03-14,"Coventry","Southampton",1,2,"A",0,0,"D",1.75,3.9,4.2,"0-0","1-2",20,6,8,3,3,2,0,0,7,5,13,13,3,12,26,"7-5","Y","Y","N",5,0,37
"763","E1",2026-03-14,"Middlesbrough","Bristol City",1,1,"D",0,0,"D",1.45,4.6,6.5,"0-0","1-1",19,7,4,1,1,5,0,0,9,4,10,9,2,13,19,"9-4","Y","N","N",6,0,37
"764","E1",2026-03-14,"Oxford","Charlton",1,1,"D",0,0,"D",2.25,3.2,3.3,"0-0","1-1",8,2,5,1,3,4,0,0,3,6,14,17,2,9,31,"3-6","Y","N","N",7,0,38
"765","E1",2026-03-14,"Birmingham","Sheffield United",1,1,"D",1,1,"D",2.05,3.5,3.5,"1-1","1-1",18,7,5,3,2,4,0,1,7,0,13,11,2,7,24,"7-0","Y","N","N",6,1,38
"766","E1",2026-03-14,"Leicester","QPR",1,3,"A",1,1,"D",1.95,3.5,3.8,"1-1","1-3",9,2,14,3,1,3,0,0,3,6,9,15,4,9,24,"3-6","Y","Y","Y",4,0,38
"767","E1",2026-03-14,"Millwall","Blackburn",1,2,"A",0,0,"D",1.73,3.6,5,"0-0","1-2",9,3,20,4,0,1,1,0,9,7,8,7,3,16,15,"9-7","Y","Y","N",1,1,38
"768","E1",2026-03-14,"Norwich","Preston",2,0,"H",2,0,"H",1.65,3.9,5,"2-0","2-0",9,4,15,4,1,1,0,0,5,3,9,14,2,8,23,"5-3","Y","N","N",2,0,38
"769","E1",2026-03-14,"Sheffield Weds","Ipswich",0,2,"A",0,0,"D",13,6.5,1.2,"0-0","0-2",5,2,16,6,3,1,0,0,4,4,20,6,2,8,26,"4-4","Y","N","N",4,0,38
"770","E1",2026-03-14,"Stoke","Watford",3,1,"H",1,0,"H",2.63,3.25,2.63,"1-0","3-1",19,12,15,4,4,2,0,0,6,7,11,13,4,13,24,"6-7","Y","Y","Y",6,0,38
"771","E1",2026-03-14,"West Brom","Hull",3,0,"H",1,0,"H",2.2,3.4,3.25,"1-0","3-0",26,8,6,2,1,4,0,1,10,2,10,11,3,12,21,"10-2","Y","Y","N",5,1,38
"772","E1",2026-03-16,"Portsmouth","Derby",0,1,"A",0,1,"A",2.15,3.13,3.25,"0-1","0-1",27,9,10,4,2,6,0,0,11,3,14,13,1,14,27,"11-3","N","N","N",8,0,38
"773","E1",2026-03-17,"Watford","Wrexham",3,1,"H",2,0,"H",2.3,3.3,3.1,"2-0","3-1",13,6,8,1,2,0,0,0,4,5,13,7,4,9,20,"4-5","Y","Y","Y",2,0,38
"774","E1",2026-03-18,"Southampton","Norwich",1,0,"H",1,0,"H",1.95,3.7,3.6,"1-0","1-0",9,4,14,7,4,4,0,0,5,6,13,13,1,11,26,"5-6","N","N","N",8,0,38
"775","E1",2026-03-20,"Preston","Stoke",3,1,"H",1,1,"D",2.45,3.3,2.88,"1-1","3-1",13,3,13,2,2,1,0,0,7,9,12,7,4,16,19,"7-9","Y","Y","Y",3,0,38
"776","E1",2026-03-21,"Blackburn","Middlesbrough",0,0,"D",0,0,"D",4.2,3.6,1.83,"0-0","0-0",5,1,12,3,0,2,0,0,3,11,7,8,0,14,15,"3-11","N","N","N",2,0,39
"777","E1",2026-03-21,"Derby","Birmingham",1,0,"H",1,0,"H",2.7,3.4,2.55,"1-0","1-0",17,6,3,0,1,4,0,0,6,2,12,16,1,8,28,"6-2","N","N","N",5,0,39
"778","E1",2026-03-21,"Ipswich","Millwall",1,1,"D",1,0,"H",1.7,3.8,4.8,"1-0","1-1",17,4,13,3,1,2,0,0,9,8,5,13,2,17,18,"9-8","Y","N","N",3,0,39
"779","E1",2026-03-21,"Bristol City","West Brom",0,1,"A",0,1,"A",2.5,3.3,2.8,"0-1","0-1",4,1,19,6,1,1,0,0,5,4,10,6,1,9,16,"5-4","N","N","N",2,0,39
"780","E1",2026-03-21,"Charlton","Norwich",0,1,"A",0,1,"A",3.3,3.4,2.15,"0-1","0-1",13,2,17,5,2,2,0,0,7,7,7,6,1,14,13,"7-7","N","N","N",4,0,39
"781","E1",2026-03-21,"Hull","Sheffield Weds",3,1,"H",2,1,"H",1.33,5,8.5,"2-1","3-1",9,5,7,3,3,1,0,0,4,4,10,9,4,8,19,"4-4","Y","Y","Y",4,0,39
"782","E1",2026-03-21,"QPR","Portsmouth",6,1,"H",3,1,"H",2.8,3.13,2.6,"3-1","6-1",9,8,20,7,4,2,0,0,1,9,15,11,7,10,26,"1-9","Y","Y","Y",6,0,39
"783","E1",2026-03-21,"Sheffield United","Wrexham",1,2,"A",0,0,"D",2,3.6,3.6,"0-0","1-2",20,7,10,4,1,3,0,0,8,5,6,10,3,13,16,"8-5","Y","Y","N",4,0,39
"784","E1",2026-03-21,"Southampton","Oxford",2,0,"H",2,0,"H",1.53,4.2,6,"2-0","2-0",20,7,9,1,0,3,0,0,6,4,9,12,2,10,21,"6-4","Y","N","N",3,0,39
"785","E1",2026-03-21,"Watford","Leicester",0,0,"D",0,0,"D",2,3.5,3.6,"0-0","0-0",6,2,15,5,3,4,0,0,7,4,13,8,0,11,21,"7-4","N","N","N",7,0,39
"786","E1",2026-03-21,"Swansea","Coventry",0,3,"A",0,3,"A",3.13,3.5,2.2,"0-3","0-3",11,2,14,7,3,1,0,0,2,7,10,15,3,9,25,"2-7","Y","Y","N",4,0,39
"787","E1",2026-04-03,"Middlesbrough","Millwall",1,2,"A",1,0,"H",1.7,3.9,4.6,"1-0","1-2",32,5,11,5,1,1,0,0,17,6,4,14,3,23,18,"17-6","Y","Y","N",2,0,39
"788","E1",2026-04-03,"Birmingham","Blackburn",0,1,"A",0,0,"D",1.85,3.4,4.4,"0-0","0-1",12,5,16,4,0,1,0,0,9,10,14,7,1,19,21,"9-10","N","N","N",1,0,40
"789","E1",2026-04-03,"Charlton","Bristol City",1,2,"A",1,1,"D",2.5,3.2,2.88,"1-1","1-2",13,4,17,8,2,2,0,0,7,3,19,8,3,10,27,"7-3","Y","Y","N",4,0,40
"790","E1",2026-04-03,"Leicester","Preston",2,2,"D",1,2,"A",1.85,3.6,4.1,"1-2","2-2",28,10,8,3,0,4,0,0,7,2,4,12,4,9,16,"7-2","Y","Y","Y",4,0,40
"791","E1",2026-04-03,"Norwich","Portsmouth",1,1,"D",1,0,"H",1.95,3.4,3.9,"1-0","1-1",6,2,5,1,3,5,0,0,5,6,17,11,2,11,28,"5-6","Y","N","N",8,0,40
"792","E1",2026-04-03,"Oxford","Hull",1,1,"D",1,1,"D",2.45,3.3,2.88,"1-1","1-1",16,4,9,2,0,1,0,0,1,5,10,10,2,6,20,"1-5","Y","N","N",1,0,40
"793","E1",2026-04-03,"QPR","Watford",2,1,"H",1,0,"H",2.55,3.5,2.63,"1-0","2-1",15,8,7,3,6,4,0,0,2,3,20,15,3,5,35,"2-3","Y","Y","N",10,0,40
"794","E1",2026-04-03,"Sheffield United","Swansea",3,3,"D",1,1,"D",2,3.5,3.6,"1-1","3-3",13,4,8,6,1,1,0,0,4,2,13,11,6,6,24,"4-2","Y","Y","Y",2,0,40
"795","E1",2026-04-03,"Stoke","Sheffield Weds",2,0,"H",1,0,"H",1.3,5.25,10,"1-0","2-0",12,6,16,2,2,1,0,0,7,2,16,11,2,9,27,"7-2","Y","N","N",3,0,40
"796","E1",2026-04-03,"West Brom","Wrexham",2,2,"D",2,0,"H",2.1,3.3,3.5,"2-0","2-2",9,4,13,3,2,1,0,0,4,6,9,8,4,10,17,"4-6","Y","Y","Y",3,0,40
"797","E1",2026-04-03,"Coventry","Derby",3,2,"H",1,1,"D",1.57,4.1,5.5,"1-1","3-2",13,7,8,3,0,2,0,0,6,2,12,15,5,8,27,"6-2","Y","Y","Y",2,0,40
"798","E1",2026-04-06,"Portsmouth","Oxford",2,2,"D",1,0,"H",1.87,3.25,4,"1-0","2-2",9,3,9,3,2,3,1,0,6,5,6,18,4,11,24,"6-5","Y","Y","Y",5,1,40
"799","E1",2026-04-06,"Millwall","Norwich",1,2,"A",0,0,"D",2.15,3.3,3.1,"0-0","1-2",10,2,12,5,1,2,0,0,2,5,12,7,3,7,19,"2-5","Y","Y","N",3,0,40
"800","E1",2026-04-06,"Blackburn","West Brom",0,0,"D",0,0,"D",2.55,3.1,2.7,"0-0","0-0",11,0,6,3,3,2,0,0,4,2,8,10,0,6,18,"4-2","N","N","N",5,0,41
"801","E1",2026-04-06,"Bristol City","Sheffield United",1,0,"H",1,0,"H",2.75,3.4,2.3,"1-0","1-0",5,1,21,7,1,3,0,0,0,5,6,9,1,5,15,"0-5","N","N","N",4,0,41
"802","E1",2026-04-06,"Derby","Stoke",2,0,"H",0,0,"D",1.87,3.4,3.8,"0-0","2-0",20,3,7,0,2,1,0,0,5,3,18,10,2,8,28,"5-3","Y","N","N",3,0,41
"803","E1",2026-04-06,"Ipswich","Birmingham",2,1,"H",2,1,"H",1.6,3.75,5,"2-1","2-1",11,5,9,4,1,1,0,0,6,4,11,19,3,10,30,"6-4","Y","Y","N",2,0,41
"804","E1",2026-04-06,"Preston","QPR",1,1,"D",0,0,"D",2.3,3.2,2.9,"0-0","1-1",8,2,18,5,1,3,0,0,2,6,4,8,2,8,12,"2-6","Y","N","N",4,0,41
"805","E1",2026-04-06,"Sheffield Weds","Leicester",1,1,"D",1,0,"H",5.75,4,1.5,"1-0","1-1",6,1,24,12,0,0,0,0,1,10,7,11,2,11,18,"1-10","Y","N","N",0,0,41
"806","E1",2026-04-06,"Watford","Charlton",1,1,"D",0,0,"D",1.83,3.4,4,"0-0","1-1",31,10,14,4,2,2,0,0,17,3,13,11,2,20,24,"17-3","Y","N","N",4,0,41
"807","E1",2026-04-06,"Swansea","Middlesbrough",2,2,"D",2,1,"H",3.75,3.5,1.87,"2-1","2-2",12,3,29,6,3,3,0,0,2,10,14,11,4,12,25,"2-10","Y","Y","Y",6,0,41
"808","E1",2026-04-06,"Hull","Coventry",0,0,"D",0,0,"D",3.7,3.6,1.87,"0-0","0-0",13,5,6,1,1,1,0,0,2,4,10,12,0,6,22,"2-4","N","N","N",2,0,41
"809","E1",2026-04-07,"Wrexham","Southampton",1,5,"A",1,2,"A",2.6,3.5,2.55,"1-2","1-5",11,2,16,9,2,3,0,0,3,4,12,10,6,7,22,"3-4","Y","Y","Y",5,0,41
"810","E1",2026-04-10,"West Brom","Millwall",0,0,"D",0,0,"D",2.25,3.3,3.2,"0-0","0-0",16,1,11,3,1,2,0,0,7,5,6,22,0,12,28,"7-5","N","N","N",3,0,41
"811","E1",2026-04-11,"Coventry","Sheffield Weds",0,0,"D",0,0,"D",1.11,9,20,"0-0","0-0",20,3,8,0,0,3,0,0,7,2,10,16,0,9,26,"7-2","N","N","N",3,0,41
"812","E1",2026-04-11,"Norwich","Ipswich",0,2,"A",0,2,"A",3,3.4,2.3,"0-2","0-2",15,3,9,5,5,5,0,0,13,1,16,17,2,14,33,"13-1","Y","N","N",10,0,42
"813","E1",2026-04-11,"QPR","Bristol City",0,0,"D",0,0,"D",2.25,3.4,3.1,"0-0","0-0",10,2,13,6,4,2,0,0,3,6,10,13,0,9,23,"3-6","N","N","N",6,0,42
"814","E1",2026-04-11,"Charlton","Preston",1,2,"A",1,1,"D",2.1,3.4,3.5,"1-1","1-2",17,6,14,5,2,3,0,0,7,4,6,8,3,11,14,"7-4","Y","Y","N",5,0,42
"815","E1",2026-04-11,"Leicester","Swansea",0,1,"A",0,0,"D",2.1,3.5,3.4,"0-0","0-1",19,6,8,1,2,0,0,0,12,2,12,14,1,14,26,"12-2","N","N","N",2,0,42
"816","E1",2026-04-11,"Middlesbrough","Portsmouth",0,1,"A",0,0,"D",1.5,4.33,6,"0-0","0-1",20,8,3,1,1,4,0,0,14,2,6,14,1,16,20,"14-2","N","N","N",5,0,42
"817","E1",2026-04-11,"Oxford","Watford",2,0,"H",1,0,"H",2.4,3.3,2.9,"1-0","2-0",15,6,12,3,1,2,0,0,10,5,8,11,2,15,19,"10-5","Y","N","N",3,0,42
"818","E1",2026-04-11,"Sheffield United","Hull",2,1,"H",0,1,"A",1.8,3.9,4,"0-1","2-1",15,7,18,4,2,5,0,1,15,4,4,15,3,19,19,"15-4","Y","Y","N",7,1,42
"819","E1",2026-04-11,"Southampton","Derby",2,1,"H",0,1,"A",1.75,3.8,4.4,"0-1","2-1",15,5,9,4,1,2,0,0,6,2,8,14,3,8,22,"6-2","Y","Y","N",3,0,42
"820","E1",2026-04-11,"Stoke","Blackburn",1,1,"D",0,1,"A",2.63,3.2,2.75,"0-1","1-1",10,3,11,3,3,3,1,0,4,3,11,8,2,7,19,"4-3","Y","N","N",6,1,42
"821","E1",2026-04-12,"Birmingham","Wrexham",2,0,"H",0,0,"D",2.05,3.6,3.4,"0-0","2-0",15,8,4,0,1,1,0,0,6,3,10,11,2,9,21,"6-3","Y","N","N",2,0,42
"822","E2",2025-08-01,"Luton","AFC Wimbledon",1,0,"H",0,0,"D",1.5,4.33,6,"0-0","1-0",6,1,2,0,1,1,0,0,5,2,10,11,1,7,21,"5-2","N","N","N",2,0,1
"823","E2",2025-08-02,"Cardiff","Peterboro",2,1,"H",0,1,"A",1.55,4.2,5.5,"0-1","2-1",17,6,7,3,3,1,0,0,4,2,18,10,3,6,28,"4-2","Y","Y","N",4,0,1
"824","E2",2025-08-02,"Blackpool","Stevenage",2,3,"A",1,2,"A",1.95,3.4,3.9,"1-2","2-3",8,2,7,4,1,4,0,0,2,2,15,19,5,4,34,"2-2","Y","Y","Y",5,0,1
"825","E2",2025-08-02,"Bradford","Wycombe",2,1,"H",2,0,"H",2.5,3.2,2.8,"2-0","2-1",12,6,11,3,3,4,0,0,2,6,23,13,3,8,36,"2-6","Y","Y","N",7,0,1
"826","E2",2025-08-02,"Burton","Mansfield",2,1,"H",1,0,"H",2.5,3.4,2.7,"1-0","2-1",12,4,12,3,2,2,0,0,1,7,13,15,3,8,28,"1-7","Y","Y","N",4,0,1
"827","E2",2025-08-02,"Doncaster","Exeter",1,0,"H",0,0,"D",1.87,3.5,4.1,"0-0","1-0",16,3,2,0,0,0,0,0,7,1,11,10,1,8,21,"7-1","N","N","N",0,0,1
"828","E2",2025-08-02,"Huddersfield","Leyton Orient",3,0,"H",1,0,"H",2,3.5,3.7,"1-0","3-0",13,8,14,3,3,0,0,0,6,3,11,14,3,9,25,"6-3","Y","Y","N",3,0,1
"829","E2",2025-08-02,"Lincoln","Reading",2,0,"H",1,0,"H",1.87,3.6,3.9,"1-0","2-0",6,2,9,2,1,0,0,0,3,9,14,4,2,12,18,"3-9","Y","N","N",1,0,1
"830","E2",2025-08-02,"Plymouth","Barnsley",1,3,"A",0,2,"A",2.25,3.6,2.9,"0-2","1-3",15,3,12,7,2,3,0,1,9,5,9,18,4,14,27,"9-5","Y","Y","Y",5,1,1
"831","E2",2025-08-02,"Rotherham","Port Vale",2,1,"H",2,0,"H",2.25,3.5,3,"2-0","2-1",12,4,19,4,1,1,1,1,6,3,9,8,3,9,17,"6-3","Y","Y","N",2,2,1
"832","E2",2025-08-02,"Wigan","Northampton",3,1,"H",2,0,"H",2.15,3.13,3.6,"2-0","3-1",20,8,7,4,0,2,0,0,9,3,11,11,4,12,22,"9-3","Y","Y","Y",2,0,1
"833","E2",2025-08-03,"Stockport","Bolton",2,0,"H",1,0,"H",1.91,3.5,3.9,"1-0","2-0",5,2,15,2,2,1,0,0,9,7,13,13,2,16,26,"9-7","Y","N","N",3,0,1
"834","E2",2025-08-07,"Port Vale","Cardiff",0,0,"D",0,0,"D",2.63,3.3,2.6,"0-0","0-0",16,1,9,1,3,1,0,0,5,4,13,6,0,9,19,"5-4","N","N","N",4,0,2
"835","E2",2025-08-09,"Peterboro","Luton",0,2,"A",0,0,"D",3.7,3.75,1.9,"0-0","0-2",6,2,8,3,2,2,0,0,3,6,15,12,2,9,27,"3-6","Y","N","N",4,0,2
"836","E2",2025-08-09,"Reading","Huddersfield",0,2,"A",0,0,"D",3,3.4,2.3,"0-0","0-2",8,2,12,6,4,2,0,0,4,10,15,12,2,14,27,"4-10","Y","N","N",6,0,2
"837","E2",2025-08-09,"AFC Wimbledon","Lincoln",2,0,"H",1,0,"H",3,3.1,2.3,"1-0","2-0",15,3,2,0,0,0,0,1,6,3,11,15,2,9,26,"6-3","Y","N","N",0,1,2
"838","E2",2025-08-09,"Barnsley","Burton",3,2,"H",0,2,"A",1.67,3.6,4.6,"0-2","3-2",12,7,7,3,3,1,0,0,7,4,16,14,5,11,30,"7-4","Y","Y","Y",4,0,2
"839","E2",2025-08-09,"Bolton","Plymouth",2,0,"H",1,0,"H",1.65,3.75,4.5,"1-0","2-0",13,2,3,0,2,4,0,0,8,3,16,9,2,11,25,"8-3","Y","N","N",6,0,2
"840","E2",2025-08-09,"Exeter","Blackpool",4,1,"H",2,1,"H",3.25,3.3,2.05,"2-1","4-1",17,7,10,3,1,1,0,0,6,5,16,8,5,11,24,"6-5","Y","Y","Y",2,0,2
"841","E2",2025-08-09,"Leyton Orient","Wigan",2,0,"H",1,0,"H",2,3.13,3.6,"1-0","2-0",14,5,4,0,0,1,0,1,2,3,15,8,2,5,23,"2-3","Y","N","N",1,1,2
"842","E2",2025-08-09,"Mansfield","Doncaster",1,2,"A",0,0,"D",2.4,3.25,2.7,"0-0","1-2",7,3,13,2,2,1,0,0,2,5,14,10,3,7,24,"2-5","Y","Y","N",3,0,2
"843","E2",2025-08-09,"Northampton","Bradford",0,0,"D",0,0,"D",2.88,3.13,2.38,"0-0","0-0",4,1,14,2,2,5,0,0,6,3,10,14,0,9,24,"6-3","N","N","N",7,0,2
"844","E2",2025-08-09,"Stevenage","Rotherham",1,0,"H",1,0,"H",1.75,3.3,4.5,"1-0","1-0",12,2,5,0,3,2,0,0,5,5,10,16,1,10,26,"5-5","N","N","N",5,0,2
"845","E2",2025-08-09,"Wycombe","Stockport",1,2,"A",0,1,"A",2.45,3.1,2.75,"0-1","1-2",14,6,9,3,3,1,0,0,8,4,8,11,3,12,19,"8-4","Y","Y","N",4,0,2
"846","E2",2025-08-16,"Burton","Port Vale",0,0,"D",0,0,"D",3.1,3.3,2.3,"0-0","0-0",13,3,12,0,4,1,0,1,9,3,14,10,0,12,24,"9-3","N","N","N",5,1,3
"847","E2",2025-08-16,"Exeter","Mansfield",1,2,"A",0,1,"A",2.7,3.25,2.6,"0-1","1-2",5,4,7,3,2,1,0,0,3,4,11,9,3,7,20,"3-4","Y","Y","N",3,0,3
"848","E2",2025-08-16,"Barnsley","Bolton",1,1,"D",0,0,"D",2.7,3.6,2.4,"0-0","1-1",5,2,17,7,2,2,1,0,3,2,14,15,2,5,29,"3-2","Y","N","N",4,1,3
"849","E2",2025-08-16,"Blackpool","Huddersfield",3,2,"H",3,2,"H",2.7,3.3,2.55,"3-2","3-2",8,4,17,3,0,2,1,0,1,7,10,17,5,8,27,"1-7","Y","Y","Y",2,1,3
"850","E2",2025-08-16,"Bradford","Luton",2,1,"H",1,0,"H",3.4,3.3,2.15,"1-0","2-1",13,7,9,3,2,2,0,0,2,9,12,15,3,11,27,"2-9","Y","Y","N",4,0,3
"851","E2",2025-08-16,"Cardiff","Rotherham",3,0,"H",1,0,"H",1.7,3.75,4.8,"1-0","3-0",13,6,1,1,2,3,0,0,7,0,16,15,3,7,31,"7-0","Y","Y","N",5,0,3
"852","E2",2025-08-16,"Doncaster","Wycombe",1,1,"D",0,0,"D",2.45,3.3,2.88,"0-0","1-1",10,1,8,3,3,2,0,0,6,3,13,14,2,9,27,"6-3","Y","N","N",5,0,3
"853","E2",2025-08-16,"Leyton Orient","Stockport",2,2,"D",0,2,"A",3,3.13,2.45,"0-2","2-2",13,2,8,4,2,2,0,0,6,4,9,11,4,10,20,"6-4","Y","Y","Y",4,0,3
"854","E2",2025-08-16,"Lincoln","Plymouth",3,2,"H",1,0,"H",2,3.4,3.7,"1-0","3-2",14,8,15,4,6,3,0,1,4,6,15,11,5,10,26,"4-6","Y","Y","Y",9,1,3
"855","E2",2025-08-16,"Reading","AFC Wimbledon",1,2,"A",0,1,"A",2.1,3.25,3.6,"0-1","1-2",14,3,8,2,1,1,0,0,3,5,6,6,3,8,12,"3-5","Y","Y","N",2,0,3
"856","E2",2025-08-16,"Stevenage","Northampton",2,0,"H",0,0,"D",1.67,3.6,5.25,"0-0","2-0",9,3,10,0,2,0,0,0,2,6,13,16,2,8,29,"2-6","Y","N","N",2,0,3
"857","E2",2025-08-16,"Wigan","Peterboro",2,0,"H",2,0,"H",1.95,3.5,3.75,"2-0","2-0",10,4,15,2,1,2,0,0,3,10,12,18,2,13,30,"3-10","Y","N","N",3,0,3
"858","E2",2025-08-19,"AFC Wimbledon","Cardiff",0,1,"A",0,0,"D",3.5,3.2,2.15,"0-0","0-1",16,2,16,1,2,2,0,0,5,2,10,11,1,7,21,"5-2","N","N","N",4,0,4
"859","E2",2025-08-19,"Huddersfield","Doncaster",2,0,"H",0,0,"D",1.91,3.5,3.9,"0-0","2-0",11,7,12,3,3,3,0,0,7,6,14,19,2,13,33,"7-6","Y","N","N",6,0,4
"860","E2",2025-08-19,"Luton","Wigan",1,0,"H",1,0,"H",1.6,3.7,6,"1-0","1-0",13,4,9,3,1,2,0,0,8,4,7,12,1,12,19,"8-4","N","N","N",3,0,4
"861","E2",2025-08-19,"Mansfield","Blackpool",2,0,"H",0,0,"D",2.55,3.3,2.7,"0-0","2-0",15,6,6,1,0,0,0,0,4,0,13,13,2,4,26,"4-0","Y","N","N",0,0,4
"862","E2",2025-08-19,"Northampton","Lincoln",0,1,"A",0,1,"A",3.4,3.2,2.2,"0-1","0-1",10,3,3,1,3,4,0,0,6,1,9,13,1,7,22,"6-1","N","N","N",7,0,4
"863","E2",2025-08-19,"Peterboro","Barnsley",0,1,"A",0,1,"A",3,3.7,2.15,"0-1","0-1",7,1,15,5,1,3,0,0,2,5,13,11,1,7,24,"2-5","N","N","N",4,0,4
"864","E2",2025-08-19,"Plymouth","Leyton Orient",0,1,"A",0,0,"D",2.7,3.5,2.45,"0-0","0-1",12,5,10,5,1,2,0,0,4,2,7,12,1,6,19,"4-2","N","N","N",3,0,4
"865","E2",2025-08-19,"Port Vale","Stevenage",1,2,"A",1,0,"H",2.55,3,2.9,"1-0","1-2",15,6,11,3,1,2,0,0,4,2,11,13,3,6,24,"4-2","Y","Y","N",3,0,4
"866","E2",2025-08-19,"Stockport","Bradford",1,2,"A",1,0,"H",2.05,3.3,3.6,"1-0","1-2",19,8,10,3,1,2,0,0,8,8,9,10,3,16,19,"8-8","Y","Y","N",3,0,4
"867","E2",2025-08-19,"Wycombe","Exeter",0,1,"A",0,0,"D",1.65,3.75,5.25,"0-0","0-1",19,8,6,1,4,3,0,0,6,7,10,8,1,13,18,"6-7","N","N","N",7,0,4
"868","E2",2025-08-20,"Bolton","Reading",1,1,"D",0,0,"D",1.57,4.1,5.5,"0-0","1-1",21,4,5,2,0,5,0,0,3,1,9,21,2,4,30,"3-1","Y","N","N",5,0,4
"869","E2",2025-08-23,"Luton","Cardiff",0,1,"A",0,0,"D",2,3.4,3.7,"0-0","0-1",23,7,16,3,2,1,0,0,5,8,11,10,1,13,21,"5-8","N","N","N",3,0,4
"870","E2",2025-08-23,"Rotherham","Wigan",2,2,"D",0,1,"A",3,3.2,2.38,"0-1","2-2",12,5,13,5,1,3,0,0,4,6,13,13,4,10,26,"4-6","Y","Y","Y",4,0,5
"871","E2",2025-08-23,"AFC Wimbledon","Barnsley",2,0,"H",1,0,"H",3,3.25,2.38,"1-0","2-0",16,5,16,3,2,1,0,0,3,3,11,9,2,6,20,"3-3","Y","N","N",3,0,5
"872","E2",2025-08-23,"Bolton","Lincoln",1,1,"D",0,1,"A",1.73,3.6,4.8,"0-1","1-1",18,6,5,3,2,2,0,0,13,2,11,13,2,15,24,"13-2","Y","N","N",4,0,5
"873","E2",2025-08-23,"Huddersfield","Stevenage",1,0,"H",0,0,"D",1.95,3.3,4,"0-0","1-0",12,6,11,4,2,1,0,0,7,4,8,16,1,11,24,"7-4","N","N","N",3,0,5
"874","E2",2025-08-23,"Mansfield","Leyton Orient",4,1,"H",2,1,"H",2.75,3.4,2.45,"2-1","4-1",18,5,8,3,2,0,0,1,7,7,7,15,5,14,22,"7-7","Y","Y","Y",2,1,5
"875","E2",2025-08-23,"Northampton","Exeter",2,0,"H",2,0,"H",2.38,3.2,3,"2-0","2-0",10,3,6,1,0,4,0,0,1,4,9,15,2,5,24,"1-4","Y","N","N",4,0,5
"876","E2",2025-08-23,"Peterboro","Bradford",1,1,"D",0,0,"D",3.6,3.6,1.95,"0-0","1-1",12,4,15,4,1,1,0,0,8,6,10,20,2,14,30,"8-6","Y","N","N",2,0,5
"877","E2",2025-08-23,"Plymouth","Blackpool",1,0,"H",0,0,"D",2.63,3.4,2.6,"0-0","1-0",14,3,9,2,1,3,0,0,4,4,13,9,1,8,22,"4-4","N","N","N",4,0,5
"878","E2",2025-08-23,"Port Vale","Doncaster",0,1,"A",0,0,"D",2.7,3.2,2.6,"0-0","0-1",13,3,6,1,1,2,0,0,7,6,10,7,1,13,17,"7-6","N","N","N",3,0,5
"879","E2",2025-08-23,"Stockport","Burton",2,1,"H",0,1,"A",1.53,4,6,"0-1","2-1",14,5,20,3,3,0,1,0,4,8,9,8,3,12,17,"4-8","Y","Y","N",3,1,5
"880","E2",2025-08-23,"Wycombe","Reading",2,2,"D",1,2,"A",1.8,3.6,4.33,"1-2","2-2",14,6,16,6,1,3,0,0,5,8,10,12,4,13,22,"5-8","Y","Y","Y",4,0,5
"881","E2",2025-08-30,"Cardiff","Plymouth",4,0,"H",2,0,"H",1.5,4.1,6.5,"2-0","4-0",16,10,8,3,3,1,0,0,5,5,14,6,4,10,20,"5-5","Y","Y","Y",4,0,5
"882","E2",2025-08-30,"Doncaster","Rotherham",1,0,"H",1,0,"H",1.7,3.6,5,"1-0","1-0",13,3,14,3,3,1,0,0,2,6,12,13,1,8,25,"2-6","N","N","N",4,0,6
"883","E2",2025-08-30,"Barnsley","Huddersfield",3,1,"H",2,0,"H",2.63,3.5,2.5,"2-0","3-1",7,5,9,1,1,2,0,1,3,6,8,13,4,9,21,"3-6","Y","Y","Y",3,1,6
"884","E2",2025-08-30,"Blackpool","Bolton",1,1,"D",1,0,"H",3,3.5,2.25,"1-0","1-1",6,1,17,4,1,2,0,0,0,5,15,11,2,5,26,"0-5","Y","N","N",3,0,6
"885","E2",2025-08-30,"Bradford","AFC Wimbledon",3,2,"H",1,1,"D",1.75,3.5,5,"1-1","3-2",16,6,13,4,0,1,0,0,7,2,9,13,5,9,22,"7-2","Y","Y","Y",1,0,6
"886","E2",2025-08-30,"Burton","Luton",0,3,"A",0,2,"A",4.75,3.7,1.7,"0-2","0-3",8,3,12,6,0,1,0,0,6,4,9,10,3,10,19,"6-4","Y","Y","N",1,0,6
"887","E2",2025-08-30,"Exeter","Peterboro",3,0,"H",1,0,"H",2.15,3.5,3.2,"1-0","3-0",12,5,6,1,3,2,0,0,5,5,23,9,3,10,32,"5-5","Y","Y","N",5,0,6
"888","E2",2025-08-30,"Leyton Orient","Northampton",0,1,"A",0,0,"D",1.7,3.6,5,"0-0","0-1",6,4,8,4,5,0,0,0,6,6,17,9,1,12,26,"6-6","N","N","N",5,0,6
"889","E2",2025-08-30,"Lincoln","Mansfield",1,1,"D",1,0,"H",2.3,3.25,3.1,"1-0","1-1",7,2,14,4,6,2,1,0,3,11,14,16,2,14,30,"3-11","Y","N","N",8,1,6
"890","E2",2025-08-30,"Reading","Port Vale",1,0,"H",0,0,"D",2.6,3.25,2.7,"0-0","1-0",11,5,14,3,2,2,0,0,2,6,12,12,1,8,24,"2-6","N","N","N",4,0,6
"891","E2",2025-08-30,"Stevenage","Wycombe",1,0,"H",1,0,"H",2.38,3.1,3.1,"1-0","1-0",9,5,10,0,2,2,0,0,5,2,14,11,1,7,25,"5-2","N","N","N",4,0,6
"892","E2",2025-08-30,"Wigan","Stockport",1,1,"D",0,1,"A",2.75,3.1,2.63,"0-1","1-1",13,3,8,3,1,2,0,0,2,3,7,10,2,5,17,"2-3","Y","N","N",3,0,6
"893","E2",2025-09-06,"Bolton","AFC Wimbledon",3,0,"H",1,0,"H",1.5,4.1,6.5,"1-0","3-0",24,8,9,1,2,1,0,2,8,2,14,18,3,10,32,"8-2","Y","Y","N",3,2,6
"894","E2",2025-09-06,"Doncaster","Bradford",3,1,"H",3,1,"H",2.3,3.25,3.1,"3-1","3-1",15,5,7,1,0,2,0,0,3,7,9,12,4,10,21,"3-7","Y","Y","Y",2,0,7
"895","E2",2025-09-06,"Huddersfield","Peterboro",3,2,"H",0,0,"D",1.5,4.33,5.75,"0-0","3-2",11,5,5,3,1,1,0,0,1,3,16,10,5,4,26,"1-3","Y","Y","Y",2,0,7
"896","E2",2025-09-06,"Lincoln","Wigan",2,2,"D",2,1,"H",2.4,3,3.2,"2-1","2-2",12,6,14,7,3,0,1,1,7,11,13,11,4,18,24,"7-11","Y","Y","Y",3,2,7
"897","E2",2025-09-06,"Plymouth","Stockport",4,2,"H",2,1,"H",3.3,3.5,2.1,"2-1","4-2",10,5,9,3,2,1,0,0,8,7,7,14,6,15,21,"8-7","Y","Y","Y",3,0,7
"898","E2",2025-09-06,"Port Vale","Leyton Orient",2,3,"A",1,2,"A",2.25,3.25,3.2,"1-2","2-3",16,8,11,4,1,3,0,0,5,2,7,6,5,7,13,"5-2","Y","Y","Y",4,0,7
"899","E2",2025-09-06,"Rotherham","Exeter",1,0,"H",1,0,"H",2.25,3.3,3.13,"1-0","1-0",14,5,5,1,1,0,0,0,9,5,13,9,1,14,22,"9-5","N","N","N",1,0,7
"900","E2",2025-09-06,"Wycombe","Mansfield",2,0,"H",1,0,"H",2.1,3.4,3.4,"1-0","2-0",10,3,11,2,3,3,0,0,7,5,13,12,2,12,25,"7-5","Y","N","N",6,0,7
"901","E2",2025-09-13,"Bradford","Huddersfield",3,1,"H",3,0,"H",2.55,3.3,2.7,"3-0","3-1",13,4,8,2,1,5,0,0,5,11,12,13,4,16,25,"5-11","Y","Y","Y",6,0,7
"902","E2",2025-09-13,"Northampton","Blackpool",1,0,"H",0,0,"D",2.7,3.1,2.7,"0-0","1-0",9,4,15,4,1,1,0,0,5,5,9,9,1,10,18,"5-5","N","N","N",2,0,7
"903","E2",2025-09-13,"AFC Wimbledon","Rotherham",2,1,"H",0,1,"A",2.2,3.25,3.3,"0-1","2-1",10,5,7,3,2,3,0,0,5,5,16,10,3,10,26,"5-5","Y","Y","N",5,0,7
"904","E2",2025-09-13,"Barnsley","Reading",3,2,"H",1,1,"D",1.8,3.9,4.1,"1-1","3-2",15,5,14,5,3,5,0,0,5,4,19,15,5,9,34,"5-4","Y","Y","Y",8,0,7
"905","E2",2025-09-13,"Burton","Lincoln",0,1,"A",0,1,"A",2.88,3.13,2.5,"0-1","0-1",16,2,10,3,2,3,0,0,6,3,11,15,1,9,26,"6-3","N","N","N",5,0,7
"906","E2",2025-09-13,"Exeter","Port Vale",0,2,"A",0,2,"A",3,3.2,2.38,"0-2","0-2",11,4,5,2,1,2,0,0,8,2,6,14,2,10,20,"8-2","Y","N","N",3,0,8
"907","E2",2025-09-13,"Leyton Orient","Bolton",1,1,"D",0,0,"D",3.13,3.4,2.2,"0-0","1-1",6,1,11,4,3,2,0,0,3,8,13,9,2,11,22,"3-8","Y","N","N",5,0,8
"908","E2",2025-09-13,"Luton","Plymouth",2,3,"A",1,2,"A",1.5,4.33,6,"1-2","2-3",22,7,6,3,2,3,0,1,16,3,12,10,5,19,22,"16-3","Y","Y","Y",5,1,8
"909","E2",2025-09-13,"Mansfield","Stevenage",1,1,"D",0,0,"D",2.5,3.13,2.88,"0-0","1-1",7,2,9,4,2,4,0,0,3,9,8,8,2,12,16,"3-9","Y","N","N",6,0,8
"910","E2",2025-09-13,"Peterboro","Wycombe",2,1,"H",2,0,"H",3.2,3.5,2.15,"2-0","2-1",16,6,12,5,3,1,0,0,3,3,12,14,3,6,26,"3-3","Y","Y","N",4,0,8
"911","E2",2025-09-13,"Stockport","Cardiff",1,1,"D",1,0,"H",2.7,3.3,2.55,"1-0","1-1",14,3,4,2,0,1,0,0,7,2,14,11,2,9,25,"7-2","Y","N","N",1,0,8
"912","E2",2025-09-13,"Wigan","Doncaster",3,0,"H",2,0,"H",2.4,3.3,2.9,"2-0","3-0",13,8,9,3,2,1,0,0,10,10,15,10,3,20,25,"10-10","Y","Y","N",3,0,8
"913","E2",2025-09-20,"Blackpool","Barnsley",1,0,"H",0,0,"D",2.5,3.5,2.63,"0-0","1-0",10,3,10,1,2,1,0,0,7,3,12,9,1,10,21,"7-3","N","N","N",3,0,8
"914","E2",2025-09-20,"Bolton","Wigan",4,1,"H",3,0,"H",1.73,3.6,4.8,"3-0","4-1",13,7,9,1,0,1,0,0,4,16,9,10,5,20,19,"4-16","Y","Y","Y",1,0,8
"915","E2",2025-09-20,"Lincoln","Luton",3,1,"H",1,0,"H",3.5,3.3,2.1,"1-0","3-1",15,6,13,2,1,5,0,0,2,7,12,14,4,9,26,"2-7","Y","Y","Y",6,0,8
"916","E2",2025-09-20,"Cardiff","Bradford",1,3,"A",0,2,"A",1.83,3.6,4.1,"0-2","1-3",15,5,16,6,4,4,0,0,4,7,15,13,4,11,28,"4-7","Y","Y","Y",8,0,8
"917","E2",2025-09-20,"Doncaster","AFC Wimbledon",1,2,"A",0,0,"D",1.8,3.4,4.6,"0-0","1-2",12,1,9,4,1,2,0,0,2,6,7,12,3,8,19,"2-6","Y","Y","N",3,0,8
"918","E2",2025-09-20,"Huddersfield","Burton",0,0,"D",0,0,"D",1.57,4,5.5,"0-0","0-0",13,4,9,3,0,1,0,0,15,5,11,18,0,20,29,"15-5","N","N","N",1,0,9
"919","E2",2025-09-20,"Plymouth","Peterboro",0,1,"A",0,1,"A",1.87,3.7,3.8,"0-1","0-1",19,4,8,4,3,2,0,0,7,1,8,11,1,8,19,"7-1","N","N","N",5,0,9
"920","E2",2025-09-20,"Port Vale","Mansfield",2,1,"H",0,0,"D",2.15,3.3,3.4,"0-0","2-1",19,8,2,1,2,1,0,1,7,0,14,7,3,7,21,"7-0","Y","Y","N",3,1,9
"921","E2",2025-09-20,"Reading","Leyton Orient",2,1,"H",1,0,"H",2.6,3.4,2.6,"1-0","2-1",12,6,17,6,5,3,0,0,2,6,13,11,3,8,24,"2-6","Y","Y","N",8,0,9
"922","E2",2025-09-20,"Rotherham","Stockport",0,1,"A",0,0,"D",3.5,3.3,2.1,"0-0","0-1",7,1,11,5,3,2,0,0,1,4,12,17,1,5,29,"1-4","N","N","N",5,0,9
"923","E2",2025-09-20,"Stevenage","Exeter",2,1,"H",1,1,"D",1.8,3.4,4.6,"1-1","2-1",17,5,12,6,1,1,0,0,6,3,11,13,3,9,24,"6-3","Y","Y","N",2,0,9
"924","E2",2025-09-20,"Wycombe","Northampton",2,0,"H",1,0,"H",1.8,3.5,4.4,"1-0","2-0",20,6,7,1,1,1,0,0,6,3,9,12,2,9,21,"6-3","Y","N","N",2,0,9
"925","E2",2025-09-27,"AFC Wimbledon","Wycombe",2,1,"H",2,0,"H",2.8,3.1,2.6,"2-0","2-1",6,2,12,1,0,0,0,0,0,7,13,11,3,7,24,"0-7","Y","Y","N",0,0,9
"926","E2",2025-09-27,"Leyton Orient","Stevenage",2,3,"A",1,1,"D",2.55,3.2,2.8,"1-1","2-3",5,2,11,8,0,1,0,0,6,7,9,10,5,13,19,"6-7","Y","Y","Y",1,0,9
"927","E2",2025-09-27,"Barnsley","Port Vale",0,2,"A",0,0,"D",2.1,3.5,3.25,"0-0","0-2",13,0,13,8,1,2,0,0,4,3,6,11,2,7,17,"4-3","Y","N","N",3,0,9
"928","E2",2025-09-27,"Bradford","Blackpool",1,0,"H",0,0,"D",1.95,3.5,3.7,"0-0","1-0",15,3,10,3,3,0,0,0,3,5,11,13,1,8,24,"3-5","N","N","N",3,0,9
"929","E2",2025-09-27,"Burton","Plymouth",0,4,"A",0,2,"A",2.55,3.4,2.63,"0-2","0-4",12,3,15,9,0,1,0,0,6,5,10,8,4,11,18,"6-5","Y","Y","Y",1,0,9
"930","E2",2025-09-27,"Exeter","Huddersfield",0,1,"A",0,1,"A",3.25,3.4,2.15,"0-1","0-1",12,3,22,1,3,1,0,0,5,8,15,8,1,13,23,"5-8","N","N","N",4,0,10
"931","E2",2025-09-27,"Luton","Doncaster",1,0,"H",1,0,"H",1.7,3.75,4.8,"1-0","1-0",8,3,9,1,2,1,0,0,6,3,13,8,1,9,21,"6-3","N","N","N",3,0,10
"932","E2",2025-09-27,"Mansfield","Rotherham",2,1,"H",0,1,"A",1.87,3.5,4.1,"0-1","2-1",15,7,8,3,3,4,0,0,4,2,8,21,3,6,29,"4-2","Y","Y","N",7,0,10
"933","E2",2025-09-27,"Northampton","Bolton",2,0,"H",0,0,"D",4.5,3.5,1.8,"0-0","2-0",10,3,19,7,2,1,0,0,4,10,11,8,2,14,19,"4-10","Y","N","N",3,0,10
"934","E2",2025-09-27,"Peterboro","Lincoln",0,3,"A",0,1,"A",2.88,3.3,2.4,"0-1","0-3",9,0,7,5,0,2,0,0,1,0,10,16,3,1,26,"1-0","Y","Y","N",2,0,10
"935","E2",2025-09-27,"Stockport","Reading",1,1,"D",1,0,"H",1.65,3.8,5,"1-0","1-1",16,5,8,4,1,1,0,0,5,3,9,7,2,8,16,"5-3","Y","N","N",2,0,10
"936","E2",2025-09-27,"Wigan","Cardiff",0,2,"A",0,1,"A",2.7,3.25,2.6,"0-1","0-2",6,1,15,5,1,1,1,0,7,5,9,6,2,12,15,"7-5","Y","N","N",2,1,10
"937","E2",2025-09-30,"Blackpool","Luton",2,2,"D",1,0,"H",3.3,3.4,2.15,"1-0","2-2",11,3,15,3,2,1,0,0,3,8,8,9,4,11,17,"3-8","Y","Y","Y",3,0,10
"938","E2",2025-09-30,"Cardiff","Burton",0,1,"A",0,0,"D",1.4,4.6,7.5,"0-0","0-1",20,8,9,2,2,4,0,0,8,3,13,12,1,11,25,"8-3","N","N","N",6,0,10
"939","E2",2025-10-02,"Rotherham","Bradford",2,2,"D",1,0,"H",3.3,3.4,2,"1-0","2-2",13,5,10,5,4,4,0,0,5,4,17,9,4,9,26,"5-4","Y","Y","Y",8,0,10
"940","E2",2025-10-04,"Doncaster","Burton",1,1,"D",1,0,"H",1.7,3.75,4.8,"1-0","1-1",15,3,15,5,1,1,0,0,5,10,7,11,2,15,18,"5-10","Y","N","N",2,0,10
"941","E2",2025-10-04,"Wycombe","Barnsley",2,2,"D",0,1,"A",2,3.6,3.5,"0-1","2-2",12,2,8,4,1,2,0,0,11,4,9,9,4,15,18,"11-4","Y","Y","Y",3,0,10
"942","E2",2025-10-04,"Blackpool","AFC Wimbledon",0,2,"A",0,1,"A",2,3.4,3.7,"0-1","0-2",3,2,8,4,3,1,0,0,1,2,14,13,2,3,27,"1-2","Y","N","N",4,0,11
"943","E2",2025-10-04,"Bolton","Peterboro",2,1,"H",2,1,"H",1.4,4.75,7,"2-1","2-1",19,6,9,2,2,3,0,0,7,1,9,7,3,8,16,"7-1","Y","Y","N",5,0,11
"944","E2",2025-10-04,"Cardiff","Leyton Orient",4,3,"H",1,1,"D",1.67,3.9,4.8,"1-1","4-3",16,7,26,11,2,2,0,0,6,8,4,15,7,14,19,"6-8","Y","Y","Y",4,0,11
"945","E2",2025-10-04,"Huddersfield","Stockport",1,2,"A",0,1,"A",2.25,3.4,3.1,"0-1","1-2",16,5,13,7,2,1,0,1,10,2,16,12,3,12,28,"10-2","Y","Y","N",3,1,11
"946","E2",2025-10-04,"Lincoln","Exeter",0,1,"A",0,0,"D",1.67,3.6,5.25,"0-0","0-1",16,3,7,2,0,2,0,0,7,2,10,10,1,9,20,"7-2","N","N","N",2,0,11
"947","E2",2025-10-04,"Plymouth","Wigan",1,1,"D",0,0,"D",2.55,3.3,2.75,"0-0","1-1",9,1,9,5,2,5,0,0,7,5,15,13,2,12,28,"7-5","Y","N","N",7,0,11
"948","E2",2025-10-04,"Port Vale","Northampton",0,0,"D",0,0,"D",1.8,3.4,4.6,"0-0","0-0",8,2,6,2,2,1,0,0,3,4,12,11,0,7,23,"3-4","N","N","N",3,0,11
"949","E2",2025-10-04,"Reading","Mansfield",1,1,"D",0,1,"A",2.38,3.4,2.88,"0-1","1-1",16,3,14,2,2,1,0,0,4,5,13,13,2,9,26,"4-5","Y","N","N",3,0,11
"950","E2",2025-10-04,"Stevenage","Luton",2,0,"H",0,0,"D",2.8,3.25,2.5,"0-0","2-0",7,5,9,3,3,1,0,0,1,5,10,15,2,6,25,"1-5","Y","N","N",4,0,11
"951","E2",2025-10-11,"Northampton","Rotherham",1,2,"A",1,0,"H",2.1,3.25,3.6,"1-0","1-2",3,1,11,2,3,2,0,0,4,4,8,17,3,8,25,"4-4","Y","Y","N",5,0,11
"952","E2",2025-10-11,"AFC Wimbledon","Port Vale",1,1,"D",0,0,"D",2.7,3,2.8,"0-0","1-1",6,4,16,3,2,2,0,0,5,11,10,13,2,16,23,"5-11","Y","N","N",4,0,11
"953","E2",2025-10-11,"Burton","Bolton",3,0,"H",1,0,"H",4.6,3.9,1.7,"1-0","3-0",12,6,18,7,1,2,0,0,2,5,11,13,3,7,24,"2-5","Y","Y","N",3,0,11
"954","E2",2025-10-11,"Exeter","Reading",1,1,"D",1,1,"D",2.88,3.4,2.38,"1-1","1-1",5,2,8,1,1,1,0,0,5,5,14,13,2,10,27,"5-5","Y","N","N",2,0,12
"955","E2",2025-10-11,"Leyton Orient","Doncaster",4,0,"H",2,0,"H",2.2,3.5,3.1,"2-0","4-0",13,6,16,5,1,1,0,0,4,5,11,7,4,9,18,"4-5","Y","Y","Y",2,0,12
"956","E2",2025-10-11,"Stockport","Blackpool",1,0,"H",0,0,"D",1.75,3.6,4.6,"0-0","1-0",16,5,9,2,0,2,0,0,4,4,9,9,1,8,18,"4-4","N","N","N",2,0,12
"957","E2",2025-10-11,"Wigan","Wycombe",0,1,"A",0,1,"A",2.55,3.2,2.8,"0-1","0-1",12,2,5,3,1,2,0,0,3,1,6,10,1,4,16,"3-1","N","N","N",3,0,12
"958","E2",2025-10-16,"Huddersfield","Bolton",1,2,"A",1,0,"H",2.6,3.25,2.7,"1-0","1-2",7,2,14,7,1,4,0,0,6,8,11,14,3,14,25,"6-8","Y","Y","N",5,0,12
"959","E2",2025-10-18,"Burton","Peterboro",0,1,"A",0,0,"D",2.4,3.5,2.75,"0-0","0-1",15,4,7,4,2,2,0,1,6,3,10,9,1,9,19,"6-3","N","N","N",4,1,12
"960","E2",2025-10-18,"Lincoln","Stevenage",1,0,"H",0,0,"D",2.4,3.13,3,"0-0","1-0",18,5,4,1,1,1,0,0,1,2,16,14,1,3,30,"1-2","N","N","N",2,0,12
"961","E2",2025-10-18,"Blackpool","Wycombe",1,1,"D",1,0,"H",2.8,3.3,2.45,"1-0","1-1",6,1,14,6,3,0,0,0,2,2,9,12,2,4,21,"2-2","Y","N","N",3,0,12
"962","E2",2025-10-18,"Bradford","Barnsley",2,2,"D",2,1,"H",2.05,3.7,3.25,"2-1","2-2",25,7,9,4,0,1,0,0,11,11,7,10,4,22,17,"11-11","Y","Y","Y",1,0,12
"963","E2",2025-10-18,"Cardiff","Reading",2,1,"H",0,1,"A",1.57,4.1,5.5,"0-1","2-1",11,3,26,10,1,0,0,0,4,10,9,12,3,14,21,"4-10","Y","Y","N",1,0,12
"964","E2",2025-10-18,"Doncaster","Northampton",1,2,"A",1,0,"H",1.8,3.5,4.5,"1-0","1-2",10,4,13,5,1,1,0,0,2,7,11,7,3,9,18,"2-7","Y","Y","N",2,0,12
"965","E2",2025-10-18,"Luton","Mansfield",0,2,"A",0,1,"A",1.62,3.9,5.25,"0-1","0-2",16,4,10,4,0,0,0,0,5,1,12,12,2,6,24,"5-1","Y","N","N",0,0,12
"966","E2",2025-10-18,"Plymouth","AFC Wimbledon",1,2,"A",1,1,"D",2.05,3.4,3.6,"1-1","1-2",9,4,8,2,0,3,0,0,10,2,13,19,3,12,32,"10-2","Y","Y","N",3,0,13
"967","E2",2025-10-18,"Rotherham","Leyton Orient",1,0,"H",0,0,"D",2.9,3.5,2.3,"0-0","1-0",4,2,12,3,3,3,0,0,2,12,9,9,1,14,18,"2-12","N","N","N",6,0,13
"968","E2",2025-10-18,"Stockport","Exeter",1,0,"H",1,0,"H",1.44,4.33,7,"1-0","1-0",12,5,9,2,1,1,0,0,4,3,9,14,1,7,23,"4-3","N","N","N",2,0,13
"969","E2",2025-10-18,"Wigan","Port Vale",1,0,"H",0,0,"D",2.55,3.1,2.88,"0-0","1-0",10,4,13,2,1,2,1,0,4,7,11,19,1,11,30,"4-7","N","N","N",3,1,13
"970","E2",2025-10-21,"Reading","Northampton",1,0,"H",0,0,"D",1.95,3.5,3.7,"0-0","1-0",14,5,5,1,3,0,0,0,8,4,9,9,1,12,18,"8-4","N","N","N",3,0,13
"971","E2",2025-10-23,"Exeter","Plymouth",2,0,"H",1,0,"H",2.7,3.3,2.38,"1-0","2-0",13,5,9,2,3,2,0,0,4,4,20,12,2,8,32,"4-4","Y","N","N",5,0,13
"972","E2",2025-10-25,"Bolton","Cardiff",1,0,"H",0,0,"D",1.95,3.7,3.5,"0-0","1-0",17,1,4,0,2,1,0,0,7,3,13,11,1,10,24,"7-3","N","N","N",3,0,13
"973","E2",2025-10-25,"Mansfield","Wigan",1,1,"D",1,0,"H",2.38,3.2,3,"1-0","1-1",16,2,7,1,1,3,0,0,10,3,13,12,2,13,25,"10-3","Y","N","N",4,0,13
"974","E2",2025-10-25,"AFC Wimbledon","Burton",0,1,"A",0,0,"D",1.87,3.4,4.2,"0-0","0-1",13,3,10,2,2,3,0,0,9,2,10,13,1,11,23,"9-2","N","N","N",5,0,13
"975","E2",2025-10-25,"Barnsley","Rotherham",0,1,"A",0,0,"D",1.85,3.75,3.9,"0-0","0-1",19,5,4,2,4,0,0,0,11,3,15,11,1,14,26,"11-3","N","N","N",4,0,13
"976","E2",2025-10-25,"Leyton Orient","Lincoln",1,0,"H",0,0,"D",2.6,3.3,2.63,"0-0","1-0",11,4,9,0,0,2,0,0,5,3,14,17,1,8,31,"5-3","N","N","N",2,0,13
"977","E2",2025-10-25,"Northampton","Luton",0,1,"A",0,0,"D",4.1,3.3,1.93,"0-0","0-1",11,5,14,4,2,2,0,0,6,10,10,12,1,16,22,"6-10","N","N","N",4,0,13
"978","E2",2025-10-25,"Peterboro","Blackpool",1,2,"A",1,1,"D",2.38,3.4,2.9,"1-1","1-2",27,6,9,2,3,4,0,0,9,1,15,17,3,10,32,"9-1","Y","Y","N",7,0,14
"979","E2",2025-10-25,"Reading","Doncaster",1,1,"D",0,0,"D",2.25,3.4,3.1,"0-0","1-1",15,4,13,7,1,1,0,0,1,6,9,9,2,7,18,"1-6","Y","N","N",2,0,14
"980","E2",2025-10-25,"Stevenage","Bradford",1,1,"D",1,1,"D",2.38,3.25,3,"1-1","1-1",11,2,4,2,3,3,0,0,4,1,12,17,2,5,29,"4-1","Y","N","N",6,0,14
"981","E2",2025-10-25,"Wycombe","Huddersfield",3,0,"H",1,0,"H",2.1,3.5,3.3,"1-0","3-0",22,10,5,1,1,0,0,1,8,1,6,9,3,9,15,"8-1","Y","Y","N",1,1,14
"982","E2",2025-10-27,"Port Vale","Stockport",0,3,"A",0,3,"A",2.6,3.1,2.6,"0-3","0-3",9,1,17,6,0,1,0,0,4,5,8,8,3,9,16,"4-5","Y","Y","N",1,0,14
"983","E2",2025-10-28,"Bradford","Lincoln",0,0,"D",0,0,"D",2.15,3.4,3.3,"0-0","0-0",16,3,15,4,2,0,0,0,2,2,14,15,0,4,29,"2-2","N","N","N",2,0,14
"984","E2",2025-10-28,"Mansfield","Plymouth",2,0,"H",1,0,"H",2.05,3.5,3.4,"1-0","2-0",12,4,14,4,1,2,0,0,7,4,13,5,2,11,18,"7-4","Y","N","N",3,0,14
"985","E2",2025-11-04,"Rotherham","Burton",2,2,"D",0,0,"D",2.3,3.25,3.13,"0-0","2-2",11,3,15,6,0,3,0,0,5,3,12,4,4,8,16,"5-3","Y","Y","Y",3,0,14
"986","E2",2025-11-06,"Reading","Stevenage",1,0,"H",1,0,"H",2.7,3.1,2.5,"1-0","1-0",11,4,10,2,3,4,0,0,4,7,12,16,1,11,28,"4-7","N","N","N",7,0,14
"987","E2",2025-11-08,"Northampton","Mansfield",2,1,"H",0,1,"A",3.3,3.2,2.25,"0-1","2-1",11,4,12,2,1,0,0,0,5,4,10,11,3,9,21,"5-4","Y","Y","N",1,0,14
"988","E2",2025-11-08,"Wycombe","Leyton Orient",4,1,"H",3,1,"H",1.8,3.7,4.2,"3-1","4-1",14,9,13,4,3,3,0,0,5,5,7,13,5,10,20,"5-5","Y","Y","Y",6,0,14
"989","E2",2025-11-08,"Blackpool","Cardiff",3,1,"H",0,0,"D",3.6,3.5,2,"0-0","3-1",19,9,28,11,2,2,0,0,5,7,10,11,4,12,21,"5-7","Y","Y","Y",4,0,14
"990","E2",2025-11-08,"Bolton","Port Vale",4,0,"H",2,0,"H",1.7,3.75,4.8,"2-0","4-0",15,10,8,4,1,2,0,0,7,5,6,11,4,12,17,"7-5","Y","Y","Y",3,0,15
"991","E2",2025-11-08,"Bradford","Burton",1,2,"A",0,2,"A",1.67,3.8,5,"0-2","1-2",17,3,13,6,2,4,0,0,7,2,9,20,3,9,29,"7-2","Y","Y","N",6,0,15
"992","E2",2025-11-08,"Doncaster","Barnsley",1,2,"A",1,1,"D",2.15,3.6,3.1,"1-1","1-2",18,5,10,4,1,3,0,0,5,8,5,11,3,13,16,"5-8","Y","Y","N",4,0,15
"993","E2",2025-11-08,"Exeter","Wigan",1,1,"D",0,1,"A",2.9,3.13,2.5,"0-1","1-1",14,4,13,7,1,1,0,0,8,4,15,7,2,12,22,"8-4","Y","N","N",2,0,15
"994","E2",2025-11-08,"Huddersfield","Plymouth",3,1,"H",1,0,"H",1.83,3.75,4,"1-0","3-1",20,9,8,2,2,6,0,0,11,3,13,18,4,14,31,"11-3","Y","Y","Y",8,0,15
"995","E2",2025-11-08,"Peterboro","AFC Wimbledon",5,0,"H",3,0,"H",2.55,3.2,2.8,"3-0","5-0",13,5,11,4,2,1,0,0,3,5,9,16,5,8,25,"3-5","Y","Y","Y",3,0,15
"996","E2",2025-11-08,"Rotherham","Lincoln",3,0,"H",2,0,"H",3.4,3.3,2.15,"2-0","3-0",13,5,10,4,1,1,0,0,4,6,9,10,3,10,19,"4-6","Y","Y","N",2,0,15
"997","E2",2025-11-08,"Stockport","Luton",0,3,"A",0,2,"A",2.15,3.25,3.4,"0-2","0-3",13,3,8,6,0,4,1,0,5,3,12,9,3,8,21,"5-3","Y","Y","N",4,1,15
"998","E2",2025-11-15,"Burton","Blackpool",1,0,"H",0,0,"D",2.25,3.5,3,"0-0","1-0",9,1,11,3,3,4,0,0,7,5,7,14,1,12,21,"7-5","N","N","N",7,0,15
"999","E2",2025-11-15,"Leyton Orient","Exeter",2,1,"H",0,1,"A",1.8,3.7,4.2,"0-1","2-1",12,3,6,2,3,2,0,0,10,3,15,7,3,13,22,"10-3","Y","Y","N",5,0,15
"1000","E2",2025-11-15,"Lincoln","Doncaster",2,1,"H",1,0,"H",2.05,3.3,3.6,"1-0","2-1",7,3,15,5,2,3,0,0,3,1,12,11,3,4,23,"3-1","Y","Y","N",5,0,15
"1001","E2",2025-11-15,"Luton","Rotherham",0,0,"D",0,0,"D",1.53,4.1,6,"0-0","0-0",12,3,2,1,1,1,0,0,3,4,8,9,0,7,17,"3-4","N","N","N",2,0,15
"1002","E2",2025-11-15,"Port Vale","Wycombe",0,0,"D",0,0,"D",2.7,3.2,2.6,"0-0","0-0",15,2,18,3,6,1,0,0,7,6,10,10,0,13,20,"7-6","N","N","N",7,0,16
"1003","E2",2025-11-20,"Peterboro","Stockport",3,0,"H",2,0,"H",3,3.4,2.15,"2-0","3-0",11,5,11,5,1,1,0,0,3,6,7,18,3,9,25,"3-6","Y","Y","N",2,0,16
"1004","E2",2025-11-22,"Port Vale","Plymouth",0,1,"A",0,0,"D",1.95,3.5,3.8,"0-0","0-1",13,3,5,2,1,3,0,0,8,2,7,15,1,10,22,"8-2","N","N","N",4,0,16
"1005","E2",2025-11-22,"AFC Wimbledon","Wigan",1,2,"A",0,0,"D",2.88,3,2.6,"0-0","1-2",8,2,13,3,2,1,0,0,3,4,18,17,3,7,35,"3-4","Y","Y","N",3,0,16
"1006","E2",2025-11-22,"Barnsley","Luton",5,0,"H",3,0,"H",3,3.6,2.2,"3-0","5-0",14,5,6,1,2,2,0,0,2,4,13,9,5,6,22,"2-4","Y","Y","Y",4,0,16
"1007","E2",2025-11-22,"Bolton","Bradford",0,0,"D",0,0,"D",1.75,3.9,4.2,"0-0","0-0",19,3,9,3,3,3,0,0,4,4,15,14,0,8,29,"4-4","N","N","N",6,0,16
"1008","E2",2025-11-22,"Leyton Orient","Blackpool",1,1,"D",1,0,"H",1.8,3.7,4.2,"1-0","1-1",12,6,10,6,3,3,1,0,3,9,19,8,2,12,27,"3-9","Y","N","N",6,1,16
"1009","E2",2025-11-22,"Mansfield","Huddersfield",1,3,"A",0,3,"A",2.38,3.4,2.88,"0-3","1-3",10,1,20,11,1,1,0,0,4,4,14,13,4,8,27,"4-4","Y","Y","Y",2,0,16
"1010","E2",2025-11-22,"Northampton","Cardiff",1,3,"A",0,1,"A",3.6,3.3,2.05,"0-1","1-3",16,4,10,4,0,2,0,0,6,2,10,10,4,8,20,"6-2","Y","Y","Y",2,0,16
"1011","E2",2025-11-22,"Reading","Rotherham",1,1,"D",0,1,"A",1.8,3.6,4.33,"0-1","1-1",11,6,8,1,2,3,0,0,4,3,6,9,2,7,15,"4-3","Y","N","N",5,0,16
"1012","E2",2025-11-22,"Stevenage","Doncaster",0,0,"D",0,0,"D",2,3.3,3.8,"0-0","0-0",5,1,9,2,1,2,0,0,4,4,10,16,0,8,26,"4-4","N","N","N",3,0,16
"1013","E2",2025-11-22,"Wycombe","Lincoln",3,2,"H",2,0,"H",1.9,3.4,4.1,"2-0","3-2",11,7,12,4,2,1,0,0,1,7,8,12,5,8,20,"1-7","Y","Y","Y",3,0,16
"1014","E2",2025-11-25,"Luton","Huddersfield",2,1,"H",1,0,"H",2.25,3.3,3.2,"1-0","2-1",13,5,6,2,0,1,0,0,12,7,9,16,3,19,25,"12-7","Y","Y","N",1,0,17
"1015","E2",2025-11-25,"Peterboro","Stevenage",0,1,"A",0,1,"A",2.45,3.2,2.9,"0-1","0-1",12,2,7,3,3,2,0,0,4,3,9,16,1,7,25,"4-3","N","N","N",5,0,17
"1016","E2",2025-11-29,"Blackpool","Reading",0,3,"A",0,1,"A",2.6,3.3,2.63,"0-1","0-3",14,5,15,6,1,0,0,0,2,5,9,14,3,7,23,"2-5","Y","Y","N",1,0,17
"1017","E2",2025-11-29,"Stockport","Barnsley",1,1,"D",0,1,"A",2,3.6,3.4,"0-1","1-1",10,2,11,5,0,1,0,0,4,6,11,8,2,10,19,"4-6","Y","N","N",1,0,17
"1018","E2",2025-11-29,"Bradford","Exeter",1,0,"H",1,0,"H",1.7,3.75,4.75,"1-0","1-0",11,4,19,4,3,2,0,0,7,7,15,12,1,14,27,"7-7","N","N","N",5,0,17
"1019","E2",2025-11-29,"Burton","Leyton Orient",0,4,"A",0,2,"A",2.63,3.5,2.5,"0-2","0-4",5,0,14,6,3,0,0,0,2,6,9,11,4,8,20,"2-6","Y","Y","Y",3,0,17
"1020","E2",2025-11-29,"Cardiff","Mansfield",3,0,"H",1,0,"H",1.83,3.75,4,"1-0","3-0",19,9,7,1,1,1,0,0,6,4,4,12,3,10,16,"6-4","Y","Y","N",2,0,17
"1021","E2",2025-11-29,"Doncaster","Peterboro",2,1,"H",2,0,"H",2.2,3.5,3.1,"2-0","2-1",11,4,10,5,5,2,0,0,3,4,16,13,3,7,29,"3-4","Y","Y","N",7,0,17
"1022","E2",2025-11-29,"Huddersfield","AFC Wimbledon",3,3,"D",0,1,"A",1.7,3.7,4.8,"0-1","3-3",25,10,7,4,2,2,0,0,11,2,10,9,6,13,19,"11-2","Y","Y","Y",4,0,17
"1023","E2",2025-11-29,"Lincoln","Port Vale",1,0,"H",1,0,"H",2,3.3,3.8,"1-0","1-0",8,3,5,1,3,2,0,0,3,5,14,13,1,8,27,"3-5","N","N","N",5,0,17
"1024","E2",2025-11-29,"Luton","Bolton",1,1,"D",0,1,"A",2.5,3.4,2.7,"0-1","1-1",19,4,8,1,1,1,0,1,13,2,8,7,2,15,15,"13-2","Y","N","N",2,1,17
"1025","E2",2025-11-29,"Plymouth","Northampton",0,3,"A",0,0,"D",2.05,3.3,3.6,"0-0","0-3",14,1,12,5,1,5,1,0,4,8,11,18,3,12,29,"4-8","Y","Y","N",6,1,17
"1026","E2",2025-11-29,"Rotherham","Wycombe",1,1,"D",0,1,"A",4.33,3.5,1.83,"0-1","1-1",14,6,10,4,3,2,0,0,6,5,10,10,2,11,20,"6-5","Y","N","N",5,0,18
"1027","E2",2025-11-29,"Wigan","Stevenage",0,0,"D",0,0,"D",2.25,3.1,3.4,"0-0","0-0",11,3,6,4,0,1,0,0,3,7,4,14,0,10,18,"3-7","N","N","N",1,0,18
"1028","E2",2025-12-02,"Wigan","Burton",1,0,"H",1,0,"H",1.75,3.5,4.75,"1-0","1-0",9,3,10,2,1,1,0,0,7,7,9,9,1,14,18,"7-7","N","N","N",2,0,18
"1029","E2",2025-12-06,"Cardiff","Huddersfield",3,2,"H",1,0,"H",2.1,3.6,3.2,"1-0","3-2",15,8,13,3,2,1,0,0,4,9,8,13,5,13,21,"4-9","Y","Y","Y",3,0,18
"1030","E2",2025-12-06,"Plymouth","Bradford",0,1,"A",0,0,"D",3.1,3.5,2.2,"0-0","0-1",14,2,9,3,1,3,0,0,5,2,12,15,1,7,27,"5-2","N","N","N",4,0,18
"1031","E2",2025-12-09,"Doncaster","Stockport",0,2,"A",0,0,"D",2.6,3.4,2.6,"0-0","0-2",8,0,12,5,4,2,0,0,5,9,15,13,2,14,28,"5-9","Y","N","N",6,0,18
"1032","E2",2025-12-09,"Exeter","AFC Wimbledon",1,0,"H",0,0,"D",2.3,3.2,3.1,"0-0","1-0",9,3,9,2,2,0,0,0,6,4,7,14,1,10,21,"6-4","N","N","N",2,0,18
"1033","E2",2025-12-09,"Leyton Orient","Luton",1,1,"D",0,0,"D",2.63,3.4,2.55,"0-0","1-1",7,2,7,1,1,2,0,0,2,2,11,18,2,4,29,"2-2","Y","N","N",3,0,18
"1034","E2",2025-12-09,"Lincoln","Barnsley",3,1,"H",1,0,"H",1.9,3.5,3.9,"1-0","3-1",15,8,15,4,0,1,0,0,7,8,6,6,4,15,12,"7-8","Y","Y","Y",1,0,18
"1035","E2",2025-12-09,"Mansfield","Bolton",0,1,"A",0,1,"A",4.6,3.9,1.7,"0-1","0-1",6,1,20,5,0,1,1,0,3,5,10,10,1,8,20,"3-5","N","N","N",1,1,18
"1036","E2",2025-12-09,"Northampton","Huddersfield",1,1,"D",1,1,"D",3.3,3.4,2.15,"1-1","1-1",3,2,12,5,0,0,0,0,5,1,15,12,2,6,27,"5-1","Y","N","N",0,0,18
"1037","E2",2025-12-09,"Wycombe","Plymouth",0,1,"A",0,0,"D",1.62,3.9,5.25,"0-0","0-1",16,3,5,4,0,6,0,0,6,2,13,13,1,8,26,"6-2","N","N","N",6,0,18
"1038","E2",2025-12-09,"Reading","Peterboro",1,2,"A",0,1,"A",2.25,3.5,3,"0-1","1-2",16,4,8,4,1,3,0,0,5,3,13,12,3,8,25,"5-3","Y","Y","N",4,0,19
"1039","E2",2025-12-09,"Stevenage","Cardiff",0,1,"A",0,0,"D",2.8,3.25,2.5,"0-0","0-1",2,0,11,2,4,1,0,0,4,6,18,12,1,10,30,"4-6","N","N","N",5,0,19
"1040","E2",2025-12-10,"Rotherham","Blackpool",0,3,"A",0,2,"A",2.3,3.3,3,"0-2","0-3",17,4,11,8,1,3,0,0,10,3,12,16,3,13,28,"10-3","Y","Y","N",4,0,19
"1041","E2",2025-12-13,"AFC Wimbledon","Mansfield",0,0,"D",0,0,"D",2.38,3.25,3,"0-0","0-0",7,1,5,1,2,3,0,0,7,2,12,10,0,9,22,"7-2","N","N","N",5,0,19
"1042","E2",2025-12-13,"Huddersfield","Wigan",1,1,"D",1,0,"H",2.1,3.3,3.5,"1-0","1-1",11,6,10,3,2,2,0,0,6,3,13,13,2,9,26,"6-3","Y","N","N",4,0,19
"1043","E2",2025-12-13,"Barnsley","Leyton Orient",3,2,"H",1,2,"A",2.15,3.6,3.1,"1-2","3-2",14,5,11,2,1,3,0,0,8,3,10,13,5,11,23,"8-3","Y","Y","Y",4,0,19
"1044","E2",2025-12-13,"Blackpool","Lincoln",2,2,"D",1,2,"A",3.1,3.3,2.3,"1-2","2-2",17,4,9,2,1,2,0,0,8,6,10,14,4,14,24,"8-6","Y","Y","Y",3,0,19
"1045","E2",2025-12-13,"Bolton","Exeter",2,1,"H",0,1,"A",1.44,4.5,6.5,"0-1","2-1",24,7,3,2,0,4,0,0,6,2,5,14,3,8,19,"6-2","Y","Y","N",4,0,19
"1046","E2",2025-12-13,"Bradford","Reading",2,0,"H",0,0,"D",1.95,3.6,3.6,"0-0","2-0",10,4,8,2,1,3,0,0,3,2,12,11,2,5,23,"3-2","Y","N","N",4,0,19
"1047","E2",2025-12-13,"Burton","Wycombe",0,0,"D",0,0,"D",3.6,3.4,2.05,"0-0","0-0",13,5,11,1,0,1,0,0,6,6,9,11,0,12,20,"6-6","N","N","N",1,0,19
"1048","E2",2025-12-13,"Cardiff","Doncaster",4,3,"H",2,2,"D",1.8,3.8,4.1,"2-2","4-3",18,9,13,6,2,2,0,0,4,2,12,12,7,6,24,"4-2","Y","Y","Y",4,0,19
"1049","E2",2025-12-13,"Luton","Port Vale",2,2,"D",1,1,"D",1.75,3.5,4.75,"1-1","2-2",12,4,10,3,1,2,0,0,8,4,11,9,4,12,20,"8-4","Y","Y","Y",3,0,19
"1050","E2",2025-12-13,"Peterboro","Northampton",2,1,"H",1,0,"H",2.05,3.3,3.6,"1-0","2-1",31,10,9,3,3,0,0,1,4,8,9,5,3,12,14,"4-8","Y","Y","N",3,1,20
"1051","E2",2025-12-13,"Plymouth","Rotherham",1,0,"H",1,0,"H",2,3.5,3.5,"1-0","1-0",7,2,15,2,3,2,0,0,1,12,8,11,1,13,19,"1-12","N","N","N",5,0,20
"1052","E2",2025-12-13,"Stockport","Stevenage",1,3,"A",0,1,"A",1.83,3.4,4.5,"0-1","1-3",14,4,7,4,1,2,0,0,5,3,11,12,4,8,23,"5-3","Y","Y","Y",3,0,20
"1053","E2",2025-12-18,"Reading","Luton",3,2,"H",1,0,"H",2.7,3.25,2.4,"1-0","3-2",6,4,11,4,2,1,0,0,0,5,9,8,5,5,17,"0-5","Y","Y","Y",3,0,20
"1054","E2",2025-12-19,"Northampton","AFC Wimbledon",3,1,"H",1,1,"D",2.3,3.1,3.3,"1-1","3-1",12,3,15,6,2,2,0,0,4,1,10,16,4,5,26,"4-1","Y","Y","Y",4,0,20
"1055","E2",2025-12-20,"Stevenage","Burton",2,2,"D",0,1,"A",1.83,3.4,4.4,"0-1","2-2",14,4,12,4,1,1,0,0,5,2,6,14,4,7,20,"5-2","Y","Y","Y",2,0,20
"1056","E2",2025-12-20,"Wigan","Blackpool",0,2,"A",0,0,"D",1.95,3.4,3.9,"0-0","0-2",22,3,8,3,2,4,0,0,6,1,13,18,2,7,31,"6-1","Y","N","N",6,0,20
"1057","E2",2025-12-20,"Doncaster","Plymouth",1,5,"A",1,3,"A",1.9,3.6,3.8,"1-3","1-5",12,4,14,7,2,2,0,0,15,4,13,17,6,19,30,"15-4","Y","Y","Y",4,0,20
"1058","E2",2025-12-20,"Exeter","Barnsley",3,0,"H",1,0,"H",3.2,3.5,2.15,"1-0","3-0",16,7,9,1,1,2,0,0,6,3,8,9,3,9,17,"6-3","Y","Y","N",3,0,20
"1059","E2",2025-12-20,"Leyton Orient","Bradford",2,1,"H",1,1,"D",2.45,3.4,2.75,"1-1","2-1",14,5,18,8,3,3,0,0,2,10,14,8,3,12,22,"2-10","Y","Y","N",6,0,20
"1060","E2",2025-12-20,"Lincoln","Cardiff",2,1,"H",1,0,"H",2.55,3.3,2.7,"1-0","2-1",18,7,11,4,3,1,0,0,4,3,12,11,3,7,23,"4-3","Y","Y","N",4,0,20
"1061","E2",2025-12-20,"Mansfield","Stockport",1,2,"A",1,1,"D",3.3,3.5,2.1,"1-1","1-2",18,3,9,6,2,2,0,0,5,0,7,16,3,5,23,"5-0","Y","Y","N",4,0,20
"1062","E2",2025-12-20,"Port Vale","Peterboro",0,1,"A",0,0,"D",2.25,3.4,3.1,"0-0","0-1",12,2,13,6,3,2,0,0,8,5,12,8,1,13,20,"8-5","N","N","N",5,0,21
"1063","E2",2025-12-20,"Rotherham","Huddersfield",1,3,"A",0,3,"A",3.3,3.5,2.1,"0-3","1-3",4,1,9,6,2,1,0,0,5,4,15,13,4,9,28,"5-4","Y","Y","Y",3,0,21
"1064","E2",2025-12-20,"Wycombe","Bolton",2,1,"H",2,1,"H",2.7,3.4,2.55,"2-1","2-1",9,3,15,1,2,0,0,0,5,7,6,7,3,12,13,"5-7","Y","Y","N",2,0,21
"1065","E2",2025-12-26,"AFC Wimbledon","Stevenage",0,0,"D",0,0,"D",2.8,2.8,2.6,"0-0","0-0",5,1,11,1,1,3,0,0,2,9,13,11,0,11,24,"2-9","N","N","N",4,0,21
"1066","E2",2025-12-26,"Barnsley","Mansfield",2,3,"A",2,1,"H",1.9,3.5,3.5,"2-1","2-3",13,5,7,4,0,4,0,0,6,1,11,14,5,7,25,"6-1","Y","Y","Y",4,0,21
"1067","E2",2025-12-26,"Blackpool","Doncaster",1,0,"H",1,0,"H",2.25,3.4,2.8,"1-0","1-0",11,6,10,3,3,3,0,0,5,4,15,7,1,9,22,"5-4","N","N","N",6,0,21
"1068","E2",2025-12-26,"Bolton","Rotherham",2,1,"H",1,0,"H",1.36,4.5,7.5,"1-0","2-1",28,12,13,5,1,2,0,0,10,0,5,13,3,10,18,"10-0","Y","Y","N",3,0,21
"1069","E2",2025-12-26,"Bradford","Wigan",2,1,"H",1,0,"H",1.93,3.25,3.75,"1-0","2-1",14,5,5,1,2,1,0,2,7,2,9,19,3,9,28,"7-2","Y","Y","N",3,2,21
"1070","E2",2025-12-26,"Burton","Northampton",5,1,"H",4,1,"H",2.2,3.13,3.13,"4-1","5-1",15,8,13,2,3,2,0,0,5,7,12,8,6,12,20,"5-7","Y","Y","Y",5,0,21
"1071","E2",2025-12-26,"Cardiff","Exeter",1,0,"H",0,0,"D",1.53,3.9,5.25,"0-0","1-0",13,4,9,1,3,1,0,0,5,4,7,12,1,9,19,"5-4","N","N","N",4,0,21
"1072","E2",2025-12-26,"Huddersfield","Port Vale",5,0,"H",3,0,"H",1.73,3.5,4.33,"3-0","5-0",17,9,9,0,2,2,0,0,6,5,13,10,5,11,23,"6-5","Y","Y","Y",4,0,21
"1073","E2",2025-12-26,"Luton","Wycombe",4,0,"H",2,0,"H",2.2,3.2,3.1,"2-0","4-0",16,6,3,1,0,2,0,0,6,1,10,13,4,7,23,"6-1","Y","Y","Y",2,0,21
"1074","E2",2025-12-26,"Peterboro","Leyton Orient",1,0,"H",0,0,"D",2.1,3.4,3.1,"0-0","1-0",14,5,6,1,2,3,0,0,8,6,8,17,1,14,25,"8-6","N","N","N",5,0,22
"1075","E2",2025-12-26,"Plymouth","Reading",1,4,"A",0,3,"A",2.45,3.25,2.63,"0-3","1-4",8,2,19,7,3,3,1,0,5,7,10,9,5,12,19,"5-7","Y","Y","Y",6,1,22
"1076","E2",2025-12-26,"Stockport","Lincoln",1,2,"A",0,1,"A",2.15,3.2,3.2,"0-1","1-2",12,5,21,5,2,2,0,0,3,3,14,9,3,6,23,"3-3","Y","Y","N",4,0,22
"1077","E2",2025-12-29,"AFC Wimbledon","Exeter",0,1,"A",0,1,"A",2.4,3.13,3,"0-1","0-1",11,1,10,6,3,4,0,0,7,5,12,4,1,12,16,"7-5","N","N","N",7,0,22
"1078","E2",2025-12-29,"Barnsley","Lincoln",0,2,"A",0,1,"A",2.63,3.4,2.55,"0-1","0-2",14,2,8,3,4,2,0,0,5,2,7,8,2,7,15,"5-2","Y","N","N",6,0,22
"1079","E2",2025-12-29,"Blackpool","Rotherham",4,0,"H",2,0,"H",1.9,3.5,4,"2-0","4-0",14,6,11,4,1,2,0,1,6,3,11,14,4,9,25,"6-3","Y","Y","Y",3,1,22
"1080","E2",2025-12-29,"Bolton","Mansfield",0,1,"A",0,1,"A",1.45,4.4,6.5,"0-1","0-1",22,4,7,3,2,3,0,0,14,2,4,7,1,16,11,"14-2","N","N","N",5,0,22
"1081","E2",2025-12-29,"Bradford","Port Vale",1,0,"H",0,0,"D",1.73,3.6,4.75,"0-0","1-0",15,2,7,1,3,3,0,0,11,3,6,12,1,14,18,"11-3","N","N","N",6,0,22
"1082","E2",2025-12-29,"Burton","Wigan",0,2,"A",0,0,"D",2.7,3.2,2.63,"0-0","0-2",16,5,10,6,0,1,0,0,8,1,6,15,2,9,21,"8-1","Y","N","N",1,0,22
"1083","E2",2025-12-29,"Cardiff","Stevenage",2,1,"H",0,0,"D",1.75,3.5,4.75,"0-0","2-1",22,4,5,1,1,2,0,0,6,4,11,10,3,10,21,"6-4","Y","Y","N",3,0,22
"1084","E2",2025-12-29,"Huddersfield","Northampton",2,0,"H",1,0,"H",1.55,4,6,"1-0","2-0",16,5,8,2,0,3,0,0,8,3,13,12,2,11,25,"8-3","Y","N","N",3,0,22
"1085","E2",2025-12-29,"Luton","Leyton Orient",3,0,"H",3,0,"H",1.73,3.7,4.6,"3-0","3-0",9,4,10,3,2,0,0,0,2,9,11,15,3,11,26,"2-9","Y","Y","N",2,0,22
"1086","E2",2025-12-29,"Peterboro","Reading",1,1,"D",0,1,"A",2.38,3.4,2.88,"0-1","1-1",20,6,3,3,2,3,0,0,7,2,5,18,2,9,23,"7-2","Y","N","N",5,0,23
"1087","E2",2025-12-29,"Plymouth","Wycombe",1,1,"D",0,1,"A",3.25,3.4,2.15,"0-1","1-1",16,5,13,1,2,2,0,0,10,6,6,14,2,16,20,"10-6","Y","N","N",4,0,23
"1088","E2",2025-12-29,"Stockport","Doncaster",4,2,"H",1,1,"D",1.83,3.7,4,"1-1","4-2",14,6,12,5,3,2,0,0,4,3,12,11,6,7,23,"4-3","Y","Y","Y",5,0,23
"1089","E2",2026-01-01,"Doncaster","Bolton",1,1,"D",0,0,"D",3.9,3.7,1.87,"0-0","1-1",13,6,11,1,2,3,0,0,3,3,10,12,2,6,22,"3-3","Y","N","N",5,0,23
"1090","E2",2026-01-01,"Exeter","Luton",1,0,"H",0,0,"D",3.6,3.3,2.05,"0-0","1-0",16,5,7,0,3,1,0,0,6,1,12,14,1,7,26,"6-1","N","N","N",4,0,23
"1091","E2",2026-01-01,"Leyton Orient","AFC Wimbledon",1,3,"A",1,1,"D",1.95,3.4,3.9,"1-1","1-3",5,2,10,5,2,1,0,0,3,6,8,5,4,9,13,"3-6","Y","Y","Y",3,0,23
"1092","E2",2026-01-01,"Lincoln","Huddersfield",1,1,"D",0,0,"D",2.45,3.25,2.88,"0-0","1-1",17,4,6,3,3,2,0,0,4,3,11,11,2,7,22,"4-3","Y","N","N",5,0,23
"1093","E2",2026-01-01,"Mansfield","Bradford",3,0,"H",2,0,"H",3.3,3.4,2.15,"2-0","3-0",15,8,11,2,2,0,0,0,2,4,9,4,3,6,13,"2-4","Y","Y","N",2,0,23
"1094","E2",2026-01-01,"Northampton","Stockport",0,0,"D",0,0,"D",3.5,3.3,2.1,"0-0","0-0",11,5,5,1,1,3,0,0,5,5,9,13,0,10,22,"5-5","N","N","N",4,0,23
"1095","E2",2026-01-01,"Port Vale","Blackpool",5,1,"H",0,1,"A",2.55,3.3,2.7,"0-1","5-1",17,6,2,1,3,3,0,1,5,2,14,8,6,7,22,"5-2","Y","Y","Y",6,1,23
"1096","E2",2026-01-01,"Reading","Burton",2,0,"H",2,0,"H",2,3.5,3.6,"2-0","2-0",19,4,6,2,0,0,0,0,5,3,12,10,2,8,22,"5-3","Y","N","N",0,0,23
"1097","E2",2026-01-01,"Rotherham","Peterboro",0,2,"A",0,0,"D",3,3.5,2.25,"0-0","0-2",9,3,20,7,5,1,0,0,5,5,21,10,2,10,31,"5-5","Y","N","N",6,0,23
"1098","E2",2026-01-01,"Stevenage","Plymouth",1,1,"D",0,0,"D",2,3.3,3.8,"0-0","1-1",10,3,9,2,2,1,0,0,6,5,18,11,2,11,29,"6-5","Y","N","N",3,0,24
"1099","E2",2026-01-01,"Wigan","Barnsley",1,1,"D",1,0,"H",2.15,3.3,3.4,"1-0","1-1",14,4,8,3,1,0,0,1,8,6,7,11,2,14,18,"8-6","Y","N","N",1,1,24
"1100","E2",2026-01-01,"Wycombe","Cardiff",1,1,"D",1,1,"D",2.7,3.4,2.5,"1-1","1-1",9,2,17,6,1,3,0,0,2,2,6,11,2,4,17,"2-2","Y","N","N",4,0,24
"1101","E2",2026-01-04,"Bolton","Northampton",0,0,"D",0,0,"D",1.36,4.8,8,"0-0","0-0",17,0,8,0,0,0,0,0,8,3,9,7,0,11,16,"8-3","N","N","N",0,0,24
"1102","E2",2026-01-04,"Lincoln","Peterboro",5,2,"H",3,1,"H",1.91,3.6,3.9,"3-1","5-2",17,8,13,3,2,3,0,0,6,7,17,7,7,13,24,"6-7","Y","Y","Y",5,0,24
"1103","E2",2026-01-04,"Blackpool","Bradford",1,2,"A",0,1,"A",2.63,3.2,2.5,"0-1","1-2",7,3,8,3,0,2,0,0,6,6,11,14,3,12,25,"6-6","Y","Y","N",2,0,24
"1104","E2",2026-01-04,"Cardiff","Wigan",1,0,"H",1,0,"H",1.65,3.6,4.75,"1-0","1-0",17,7,3,1,0,0,0,0,18,1,7,4,1,19,11,"18-1","N","N","N",0,0,24
"1105","E2",2026-01-04,"Huddersfield","Exeter",2,2,"D",2,1,"H",1.62,3.7,4.8,"2-1","2-2",15,4,11,6,1,1,0,0,6,5,6,9,4,11,15,"6-5","Y","Y","Y",2,0,24
"1106","E2",2026-01-04,"Plymouth","Burton",3,0,"H",1,0,"H",2.1,3.3,3.13,"1-0","3-0",20,5,8,2,2,2,0,0,9,4,7,7,3,13,14,"9-4","Y","Y","N",4,0,24
"1107","E2",2026-01-04,"Reading","Stockport",1,0,"H",0,0,"D",2.45,3.25,2.63,"0-0","1-0",12,3,15,2,1,0,0,0,1,5,6,7,1,6,13,"1-5","N","N","N",1,0,24
"1108","E2",2026-01-04,"Wycombe","AFC Wimbledon",2,0,"H",1,0,"H",1.83,3.25,4.1,"1-0","2-0",13,7,7,0,2,2,0,0,4,2,5,12,2,6,17,"4-2","Y","N","N",4,0,24
"1109","E2",2026-01-10,"Luton","Stevenage",2,1,"H",0,0,"D",1.85,3.25,4.6,"0-0","2-1",15,7,15,3,1,2,0,0,3,7,8,12,3,10,20,"3-7","Y","Y","N",3,0,24
"1110","E2",2026-01-10,"Stockport","Huddersfield",1,0,"H",0,0,"D",2.45,3.4,2.75,"0-0","1-0",15,5,7,3,3,1,0,0,8,2,9,13,1,10,22,"8-2","N","N","N",4,0,25
"1111","E2",2026-01-10,"Leyton Orient","Cardiff",1,1,"D",1,1,"D",3.9,3.8,1.83,"1-1","1-1",17,5,11,4,1,1,0,0,4,3,12,11,2,7,23,"4-3","Y","N","N",2,0,25
"1112","E2",2026-01-10,"Peterboro","Bolton",3,1,"H",1,0,"H",3,3.5,2.25,"1-0","3-1",16,7,15,2,2,0,0,0,5,5,7,10,4,10,17,"5-5","Y","Y","Y",2,0,25
"1113","E2",2026-01-17,"Bradford","Cardiff",1,2,"A",0,2,"A",2.88,3.5,2.3,"0-2","1-2",12,1,10,5,3,2,0,0,2,2,10,9,3,4,19,"2-2","Y","Y","N",5,0,25
"1114","E2",2026-01-17,"Wigan","Bolton",0,1,"A",0,0,"D",3.2,3.25,2.25,"0-0","0-1",6,0,16,4,0,1,0,0,1,6,17,15,1,7,32,"1-6","N","N","N",1,0,25
"1115","E2",2026-01-17,"AFC Wimbledon","Doncaster",0,1,"A",0,0,"D",2.63,3.25,2.63,"0-0","0-1",11,2,10,3,2,2,1,0,7,4,14,14,1,11,28,"7-4","N","N","N",4,1,25
"1116","E2",2026-01-17,"Barnsley","Blackpool",2,1,"H",1,0,"H",2.15,3.6,3.1,"1-0","2-1",9,2,12,5,2,2,0,0,3,7,13,10,3,10,23,"3-7","Y","Y","N",4,0,25
"1117","E2",2026-01-17,"Burton","Huddersfield",3,1,"H",1,1,"D",3.9,3.5,1.91,"1-1","3-1",11,6,13,5,1,4,0,0,3,8,13,13,4,11,26,"3-8","Y","Y","Y",5,0,25
"1118","E2",2026-01-17,"Exeter","Stevenage",3,0,"H",0,0,"D",2.63,3,2.88,"0-0","3-0",14,5,7,3,2,2,0,0,1,4,13,10,3,5,23,"1-4","Y","Y","N",4,0,25
"1119","E2",2026-01-17,"Leyton Orient","Reading",3,1,"H",1,0,"H",2.6,3.25,2.7,"1-0","3-1",15,5,7,1,3,3,0,0,6,1,13,17,4,7,30,"6-1","Y","Y","Y",6,0,25
"1120","E2",2026-01-17,"Luton","Lincoln",2,2,"D",2,2,"D",2.45,3.2,2.9,"2-2","2-2",18,5,11,3,1,5,0,0,8,7,14,21,4,15,35,"8-7","Y","Y","Y",6,0,25
"1121","E2",2026-01-17,"Mansfield","Port Vale",3,0,"H",0,0,"D",2.25,3.3,3.13,"0-0","3-0",10,4,3,1,2,0,0,0,3,2,13,9,3,5,22,"3-2","Y","Y","N",2,0,25
"1122","E2",2026-01-17,"Northampton","Wycombe",1,2,"A",1,1,"D",3.3,3.25,2.2,"1-1","1-2",8,3,9,4,2,3,0,0,6,6,9,15,3,12,24,"6-6","Y","Y","N",5,0,26
"1123","E2",2026-01-17,"Peterboro","Plymouth",0,1,"A",0,1,"A",2.05,3.6,3.4,"0-1","0-1",8,2,22,3,5,4,1,0,8,10,13,21,1,18,34,"8-10","N","N","N",9,1,26
"1124","E2",2026-01-17,"Stockport","Rotherham",3,2,"H",1,1,"D",1.5,4.1,6.5,"1-1","3-2",13,4,9,3,3,3,0,0,2,4,15,14,5,6,29,"2-4","Y","Y","Y",6,0,26
"1125","E2",2026-01-20,"Stevenage","Bolton",0,0,"D",0,0,"D",3.5,3.3,2.1,"0-0","0-0",10,3,6,4,0,1,0,0,6,4,18,12,0,10,30,"6-4","N","N","N",1,0,26
"1126","E2",2026-01-22,"Lincoln","Burton",2,1,"H",1,1,"D",1.55,3.75,5.5,"1-1","2-1",10,4,10,2,3,0,0,0,2,5,18,9,3,7,27,"2-5","Y","Y","N",3,0,26
"1127","E2",2026-01-24,"Cardiff","Stockport",1,1,"D",1,1,"D",1.85,3.75,3.9,"1-1","1-1",14,3,11,2,3,2,0,0,9,1,11,17,2,10,28,"9-1","Y","N","N",5,0,26
"1128","E2",2026-01-24,"Huddersfield","Bradford",1,0,"H",1,0,"H",2.15,3.5,3.2,"1-0","1-0",14,6,5,2,2,1,1,0,3,2,14,16,1,5,30,"3-2","N","N","N",3,1,26
"1129","E2",2026-01-24,"Plymouth","Luton",1,0,"H",1,0,"H",2.7,3.3,2.55,"1-0","1-0",16,6,13,3,4,1,0,0,6,5,15,14,1,11,29,"6-5","N","N","N",5,0,26
"1130","E2",2026-01-24,"Blackpool","Northampton",2,0,"H",1,0,"H",2,3.3,3.8,"1-0","2-0",21,5,10,3,1,1,0,0,4,3,18,12,2,7,30,"4-3","Y","N","N",2,0,26
"1131","E2",2026-01-24,"Bolton","Leyton Orient",2,1,"H",0,0,"D",1.5,4.33,6,"0-0","2-1",13,5,10,1,3,1,0,0,4,1,9,16,3,5,25,"4-1","Y","Y","N",4,0,26
"1132","E2",2026-01-24,"Doncaster","Wigan",3,3,"D",2,0,"H",2.3,3.25,3.1,"2-0","3-3",28,9,8,7,3,2,0,0,13,6,13,7,6,19,20,"13-6","Y","Y","Y",5,0,26
"1133","E2",2026-01-24,"Port Vale","Exeter",1,3,"A",0,1,"A",2.4,3.2,3,"0-1","1-3",13,3,11,4,1,4,0,0,12,4,4,17,4,16,21,"12-4","Y","Y","Y",5,0,26
"1134","E2",2026-01-24,"Reading","Barnsley",2,2,"D",1,1,"D",2.3,3.5,2.9,"1-1","2-2",10,3,3,2,0,3,0,0,9,6,7,12,4,15,19,"9-6","Y","Y","Y",3,0,27
"1135","E2",2026-01-24,"Rotherham","AFC Wimbledon",1,1,"D",0,0,"D",2.6,3.1,2.8,"0-0","1-1",16,6,7,1,2,2,0,0,8,4,18,15,2,12,33,"8-4","Y","N","N",4,0,27
"1136","E2",2026-01-24,"Stevenage","Mansfield",1,1,"D",0,0,"D",2.15,3.2,3.5,"0-0","1-1",15,5,5,2,4,2,0,0,5,1,13,18,2,6,31,"5-1","Y","N","N",6,0,27
"1137","E2",2026-01-24,"Wycombe","Peterboro",0,2,"A",0,1,"A",2.1,3.4,3.3,"0-1","0-2",14,4,7,4,0,1,0,0,6,3,10,7,2,9,17,"6-3","Y","N","N",1,0,27
"1138","E2",2026-01-27,"Blackpool","Stockport",1,2,"A",0,2,"A",3.4,3.4,2.1,"0-2","1-2",6,1,22,9,1,1,0,0,2,10,11,12,3,12,23,"2-10","Y","Y","N",2,0,27
"1139","E2",2026-01-27,"Bolton","Burton",2,1,"H",0,0,"D",1.45,4.4,6.5,"0-0","2-1",13,6,11,1,3,1,0,0,5,4,7,11,3,9,18,"5-4","Y","Y","N",4,0,27
"1140","E2",2026-01-27,"Cardiff","Barnsley",4,0,"H",2,0,"H",1.65,4.1,4.75,"2-0","4-0",15,6,7,4,1,2,0,0,6,3,7,10,4,9,17,"6-3","Y","Y","Y",3,0,27
"1141","E2",2026-01-27,"Huddersfield","Luton",1,0,"H",0,0,"D",2.25,3.3,3.2,"0-0","1-0",9,1,12,1,1,2,1,0,6,9,7,13,1,15,20,"6-9","N","N","N",3,1,27
"1142","E2",2026-01-27,"Lincoln","Bradford",3,0,"H",2,0,"H",2.1,3.13,3.7,"2-0","3-0",18,8,2,1,1,1,0,0,5,1,8,11,3,6,19,"5-1","Y","Y","N",2,0,27
"1143","E2",2026-01-27,"Plymouth","Mansfield",1,1,"D",1,1,"D",1.95,3.4,3.8,"1-1","1-1",17,7,10,3,2,2,0,0,6,2,13,14,2,8,27,"6-2","Y","N","N",4,0,27
"1144","E2",2026-01-27,"Rotherham","Northampton",2,1,"H",0,1,"A",2.1,3.25,3.6,"0-1","2-1",18,5,10,4,3,0,0,0,13,4,13,9,3,17,22,"13-4","Y","Y","N",3,0,27
"1145","E2",2026-01-27,"Stevenage","Peterboro",1,0,"H",0,0,"D",2.25,3.2,3.25,"0-0","1-0",14,8,5,0,3,1,0,0,8,4,9,11,1,12,20,"8-4","N","N","N",4,0,27
"1146","E2",2026-01-27,"Wycombe","Wigan",2,0,"H",1,0,"H",2,3.2,4,"1-0","2-0",6,4,7,1,0,0,0,0,3,9,12,14,2,12,26,"3-9","Y","N","N",0,0,28
"1147","E2",2026-01-27,"Doncaster","Leyton Orient",3,0,"H",2,0,"H",2.05,3.5,3.4,"2-0","3-0",20,7,6,0,2,3,0,0,3,3,6,15,3,6,21,"3-3","Y","Y","N",5,0,28
"1148","E2",2026-01-27,"Reading","Exeter",2,2,"D",1,1,"D",2.2,3.4,3.2,"1-1","2-2",9,5,10,2,4,2,0,0,5,3,7,15,4,8,22,"5-3","Y","Y","Y",6,0,28
"1149","E2",2026-01-31,"AFC Wimbledon","Bolton",0,1,"A",0,1,"A",4.1,3.5,1.87,"0-1","0-1",15,0,16,6,1,1,0,0,5,4,9,13,1,9,22,"5-4","N","N","N",2,0,28
"1150","E2",2026-01-31,"Bradford","Doncaster",1,0,"H",0,0,"D",2.38,3.4,2.9,"0-0","1-0",9,4,9,4,2,1,0,0,8,3,13,13,1,11,26,"8-3","N","N","N",3,0,28
"1151","E2",2026-01-31,"Northampton","Reading",0,2,"A",0,0,"D",3.13,3.25,2.3,"0-0","0-2",14,5,10,6,2,3,0,0,9,3,5,12,2,12,17,"9-3","Y","N","N",5,0,28
"1152","E2",2026-01-31,"Barnsley","Stevenage",3,1,"H",2,1,"H",2.5,3.25,2.8,"2-1","3-1",12,6,11,1,3,2,0,0,3,7,13,11,4,10,24,"3-7","Y","Y","Y",5,0,28
"1153","E2",2026-01-31,"Burton","Cardiff",2,2,"D",1,0,"H",4.4,3.75,1.75,"1-0","2-2",10,2,7,3,2,1,0,0,5,4,11,10,4,9,21,"5-4","Y","Y","Y",3,0,28
"1154","E2",2026-01-31,"Exeter","Rotherham",0,4,"A",0,1,"A",1.9,3.4,4.1,"0-1","0-4",13,2,11,7,3,1,0,0,4,5,16,6,4,9,22,"4-5","Y","Y","Y",4,0,28
"1155","E2",2026-01-31,"Leyton Orient","Port Vale",0,1,"A",0,1,"A",2.1,3.4,3.4,"0-1","0-1",11,2,7,3,2,2,0,0,5,6,8,7,1,11,15,"5-6","N","N","N",4,0,28
"1156","E2",2026-01-31,"Luton","Blackpool",1,0,"H",0,0,"D",1.65,3.8,5,"0-0","1-0",13,5,5,0,1,0,0,0,5,3,13,11,1,8,24,"5-3","N","N","N",1,0,28
"1157","E2",2026-01-31,"Mansfield","Wycombe",0,0,"D",0,0,"D",2.9,3.3,2.38,"0-0","0-0",8,1,18,2,0,1,0,0,5,6,11,7,0,11,18,"5-6","N","N","N",1,0,28
"1158","E2",2026-01-31,"Peterboro","Huddersfield",2,3,"A",0,1,"A",3,3.5,2.25,"0-1","2-3",9,3,16,6,5,3,0,0,7,4,9,9,5,11,18,"7-4","Y","Y","Y",8,0,29
"1159","E2",2026-01-31,"Stockport","Plymouth",2,1,"H",0,1,"A",1.8,3.7,4.2,"0-1","2-1",6,2,13,4,0,4,0,0,6,6,9,14,3,12,23,"6-6","Y","Y","N",4,0,29
"1160","E2",2026-01-31,"Wigan","Lincoln",0,1,"A",0,1,"A",3.25,3.3,2.2,"0-1","0-1",10,4,8,3,1,1,0,0,6,1,9,12,1,7,21,"6-1","N","N","N",2,0,29
"1161","E2",2026-02-03,"Port Vale","AFC Wimbledon",0,1,"A",0,0,"D",2.15,3.13,3.6,"0-0","0-1",10,2,10,1,3,2,0,0,10,1,12,15,1,11,27,"10-1","N","N","N",5,0,29
"1162","E2",2026-02-03,"Barnsley","Northampton",2,2,"D",1,1,"D",1.75,3.7,4.5,"1-1","2-2",22,5,14,4,2,1,0,0,6,7,15,6,4,13,21,"6-7","Y","Y","Y",3,0,29
"1163","E2",2026-02-03,"Burton","Doncaster",1,2,"A",0,2,"A",2.9,3.3,2.38,"0-2","1-2",20,4,13,6,1,2,0,0,20,7,14,13,3,27,27,"20-7","Y","Y","N",3,0,29
"1164","E2",2026-02-07,"Luton","Bradford",2,1,"H",1,0,"H",1.95,3.4,3.9,"1-0","2-1",17,7,10,3,2,2,0,0,5,5,15,13,3,10,28,"5-5","Y","Y","N",4,0,29
"1165","E2",2026-02-07,"Port Vale","Burton",2,2,"D",2,1,"H",2.4,3.2,3,"2-1","2-2",14,5,13,6,2,3,0,0,5,6,9,12,4,11,21,"5-6","Y","Y","Y",5,0,29
"1166","E2",2026-02-07,"AFC Wimbledon","Reading",3,2,"H",1,1,"D",2.7,3.2,2.63,"1-1","3-2",15,7,10,3,0,1,0,0,6,3,11,13,5,9,24,"6-3","Y","Y","Y",1,0,29
"1167","E2",2026-02-07,"Bolton","Barnsley",3,2,"H",3,0,"H",1.67,3.9,4.75,"3-0","3-2",23,8,10,6,3,2,0,0,11,1,13,8,5,12,21,"11-1","Y","Y","Y",5,0,29
"1168","E2",2026-02-07,"Huddersfield","Blackpool",2,2,"D",0,2,"A",1.67,3.8,5,"0-2","2-2",9,3,8,4,2,5,0,0,4,6,14,15,4,10,29,"4-6","Y","Y","Y",7,0,29
"1169","E2",2026-02-07,"Mansfield","Exeter",0,0,"D",0,0,"D",2.2,3.4,3.25,"0-0","0-0",13,5,8,2,1,4,0,0,4,4,9,9,0,8,18,"4-4","N","N","N",5,0,29
"1170","E2",2026-02-07,"Northampton","Stevenage",3,1,"H",2,1,"H",3.2,3,2.38,"2-1","3-1",11,5,14,5,4,3,0,0,7,3,11,11,4,10,22,"7-3","Y","Y","Y",7,0,30
"1171","E2",2026-02-07,"Peterboro","Wigan",6,1,"H",3,1,"H",2.3,3.3,3,"3-1","6-1",11,6,11,5,1,3,0,0,3,10,7,19,7,13,26,"3-10","Y","Y","Y",4,0,30
"1172","E2",2026-02-07,"Plymouth","Lincoln",1,4,"A",1,1,"D",2.7,3.3,2.55,"1-1","1-4",11,4,12,4,2,4,0,0,5,8,3,12,5,13,15,"5-8","Y","Y","Y",6,0,30
"1173","E2",2026-02-07,"Rotherham","Cardiff",0,3,"A",0,1,"A",3.8,3.5,1.93,"0-1","0-3",10,1,15,6,3,3,0,1,5,5,13,8,3,10,21,"5-5","Y","Y","N",6,1,30
"1174","E2",2026-02-07,"Stockport","Leyton Orient",0,0,"D",0,0,"D",1.65,3.9,5,"0-0","0-0",19,2,8,5,1,2,1,0,4,2,12,9,0,6,21,"4-2","N","N","N",3,1,30
"1175","E2",2026-02-07,"Wycombe","Doncaster",4,0,"H",1,0,"H",2.1,3.4,3.4,"1-0","4-0",22,9,5,0,1,1,0,0,8,1,14,11,4,9,25,"8-1","Y","Y","Y",2,0,30
"1176","E2",2026-02-10,"Mansfield","Peterboro",1,2,"A",0,0,"D",2.2,3.6,3,"0-0","1-2",26,10,7,3,2,2,0,0,19,0,9,8,3,19,17,"19-0","Y","Y","N",4,0,30
"1177","E2",2026-02-10,"Wigan","Reading",1,2,"A",0,0,"D",2.45,3.2,2.88,"0-0","1-2",11,3,13,3,1,1,0,0,3,4,11,8,3,7,19,"3-4","Y","Y","N",2,0,30
"1178","E2",2026-02-14,"Reading","Wycombe",3,2,"H",2,0,"H",2.75,3.3,2.5,"2-0","3-2",7,4,24,10,3,2,0,0,1,8,15,9,5,9,24,"1-8","Y","Y","Y",5,0,30
"1179","E2",2026-02-14,"Stevenage","Huddersfield",1,0,"H",0,0,"D",2.6,3.13,2.8,"0-0","1-0",8,3,5,0,3,3,0,0,3,4,16,12,1,7,28,"3-4","N","N","N",6,0,30
"1180","E2",2026-02-14,"Barnsley","AFC Wimbledon",3,3,"D",2,2,"D",1.95,3.4,3.4,"2-2","3-3",18,7,9,4,2,0,0,0,10,5,12,13,6,15,25,"10-5","Y","Y","Y",2,0,30
"1181","E2",2026-02-14,"Blackpool","Plymouth",0,4,"A",0,3,"A",2.6,3.3,2.45,"0-3","0-4",5,2,22,11,1,3,1,0,4,6,14,13,4,10,27,"4-6","Y","Y","Y",4,1,30
"1182","E2",2026-02-14,"Bradford","Peterboro",2,0,"H",1,0,"H",1.95,3.5,3.4,"1-0","2-0",29,10,4,2,3,3,0,0,10,5,13,10,2,15,23,"10-5","Y","N","N",6,0,31
"1183","E2",2026-02-14,"Cardiff","Luton",3,1,"H",3,1,"H",1.8,3.5,4,"3-1","3-1",18,7,3,1,3,2,0,0,7,3,10,17,4,10,27,"7-3","Y","Y","Y",5,0,31
"1184","E2",2026-02-14,"Exeter","Northampton",0,0,"D",0,0,"D",1.83,3.3,4.1,"0-0","0-0",17,5,3,0,0,1,0,0,11,1,8,7,0,12,15,"11-1","N","N","N",1,0,31
"1185","E2",2026-02-14,"Lincoln","Bolton",1,1,"D",1,0,"H",2.3,3.25,2.8,"1-0","1-1",22,10,8,3,2,5,0,0,4,3,11,11,2,7,22,"4-3","Y","N","N",7,0,31
"1186","E2",2026-02-17,"Barnsley","Peterboro",2,1,"H",1,1,"D",1.83,3.9,3.8,"1-1","2-1",11,3,17,7,2,1,0,0,3,5,14,6,3,8,20,"3-5","Y","Y","N",3,0,31
"1187","E2",2026-02-17,"Bradford","Stockport",1,0,"H",0,0,"D",2.63,3.3,2.6,"0-0","1-0",8,2,11,2,3,2,0,0,4,2,9,19,1,6,28,"4-2","N","N","N",5,0,31
"1188","E2",2026-02-17,"Burton","Rotherham",1,0,"H",1,0,"H",2.3,3.3,3.1,"1-0","1-0",11,3,13,4,1,2,0,0,10,3,12,7,1,13,19,"10-3","N","N","N",3,0,31
"1189","E2",2026-02-17,"Cardiff","AFC Wimbledon",4,1,"H",1,1,"D",1.4,4.6,7.5,"1-1","4-1",16,8,17,6,0,2,0,0,4,5,8,12,5,9,20,"4-5","Y","Y","Y",2,0,31
"1190","E2",2026-02-17,"Doncaster","Huddersfield",1,0,"H",1,0,"H",2.45,3.3,2.8,"1-0","1-0",6,2,12,0,4,1,0,0,0,5,16,16,1,5,32,"0-5","N","N","N",5,0,31
"1191","E2",2026-02-17,"Exeter","Wycombe",1,1,"D",0,1,"A",3.13,3.25,2.3,"0-1","1-1",20,5,7,3,0,2,0,0,8,4,8,13,2,12,21,"8-4","Y","N","N",2,0,31
"1192","E2",2026-02-17,"Leyton Orient","Plymouth",1,3,"A",1,1,"D",2.63,3.5,2.5,"1-1","1-3",12,4,16,9,4,2,0,0,6,6,12,11,4,12,23,"6-6","Y","Y","Y",6,0,31
"1193","E2",2026-02-17,"Lincoln","Northampton",4,0,"H",1,0,"H",1.36,4.6,8.5,"1-0","4-0",23,13,4,0,1,1,0,1,9,1,10,6,4,10,16,"9-1","Y","Y","Y",2,1,31
"1194","E2",2026-02-17,"Stevenage","Port Vale",2,1,"H",2,1,"H",1.8,3.25,5,"2-1","2-1",16,7,5,1,3,2,0,0,6,1,11,11,3,7,22,"6-1","Y","Y","N",5,0,32
"1195","E2",2026-02-17,"Blackpool","Mansfield",1,0,"H",1,0,"H",2.55,3.4,2.63,"1-0","1-0",6,3,11,2,5,0,0,0,4,1,17,11,1,5,28,"4-1","N","N","N",5,0,32
"1196","E2",2026-02-17,"Reading","Bolton",1,1,"D",1,0,"H",3.2,3.4,2.2,"1-0","1-1",6,2,16,5,4,1,0,0,4,6,15,10,2,10,25,"4-6","Y","N","N",5,0,32
"1197","E2",2026-02-18,"Wigan","Luton",1,0,"H",0,0,"D",2.9,3.2,2.45,"0-0","1-0",7,5,13,2,4,2,0,0,7,4,8,14,1,11,22,"7-4","N","N","N",6,0,32
"1198","E2",2026-02-21,"Plymouth","Cardiff",5,2,"H",3,2,"H",3,3.5,2.25,"3-2","5-2",16,9,18,6,3,4,0,0,3,8,23,10,7,11,33,"3-8","Y","Y","Y",7,0,32
"1199","E2",2026-02-21,"Rotherham","Doncaster",1,2,"A",1,0,"H",2.7,3.3,2.55,"1-0","1-2",9,2,10,3,3,3,0,0,2,3,14,11,3,5,25,"2-3","Y","Y","N",6,0,32
"1200","E2",2026-02-21,"Wycombe","Stevenage",3,1,"H",1,0,"H",1.95,3.2,4.2,"1-0","3-1",8,5,11,3,1,1,0,0,6,4,6,8,4,10,14,"6-4","Y","Y","Y",2,0,32
"1201","E2",2026-02-21,"AFC Wimbledon","Bradford",3,1,"H",2,0,"H",3.1,3.2,2.3,"2-0","3-1",10,5,6,3,1,0,0,0,3,2,12,10,4,5,22,"3-2","Y","Y","Y",1,0,32
"1202","E2",2026-02-21,"Bolton","Blackpool",2,2,"D",0,0,"D",1.5,4.2,6,"0-0","2-2",20,6,14,3,1,3,0,0,15,5,8,10,4,20,18,"15-5","Y","Y","Y",4,0,32
"1203","E2",2026-02-21,"Huddersfield","Barnsley",2,1,"H",0,1,"A",1.8,3.75,4.1,"0-1","2-1",15,4,10,3,1,2,0,0,10,7,6,10,3,17,16,"10-7","Y","Y","N",3,0,32
"1204","E2",2026-02-21,"Luton","Burton",1,1,"D",1,0,"H",1.83,3.6,4.2,"1-0","1-1",5,2,7,1,3,3,0,0,1,6,15,18,2,7,33,"1-6","Y","N","N",6,0,32
"1205","E2",2026-02-21,"Mansfield","Lincoln",0,2,"A",0,1,"A",3.5,3.4,2.05,"0-1","0-2",11,1,13,4,2,3,0,0,2,4,13,13,2,6,26,"2-4","Y","N","N",5,0,32
"1206","E2",2026-02-21,"Northampton","Leyton Orient",1,2,"A",0,1,"A",3,3.2,2.38,"0-1","1-2",15,3,9,6,1,2,0,0,7,4,8,14,3,11,22,"7-4","Y","Y","N",3,0,33
"1207","E2",2026-02-21,"Peterboro","Exeter",3,3,"D",1,0,"H",2.25,3.5,3,"1-0","3-3",16,8,10,4,1,4,0,0,6,1,8,20,6,7,28,"6-1","Y","Y","Y",5,0,33
"1208","E2",2026-02-21,"Port Vale","Reading",1,1,"D",0,1,"A",2.9,3.3,2.4,"0-1","1-1",13,6,10,2,0,2,0,0,9,3,10,12,2,12,22,"9-3","Y","N","N",2,0,33
"1209","E2",2026-02-21,"Stockport","Wigan",4,2,"H",2,2,"D",1.62,3.8,5.5,"2-2","4-2",22,9,8,4,1,1,0,2,6,1,10,13,6,7,23,"6-1","Y","Y","Y",2,2,33
"1210","E2",2026-02-24,"Bradford","Rotherham",1,0,"H",1,0,"H",1.73,3.5,5,"1-0","1-0",14,3,7,0,1,1,0,0,6,7,13,13,1,13,26,"6-7","N","N","N",2,0,33
"1211","E2",2026-02-24,"Burton","Stockport",3,0,"H",0,0,"D",3.3,3.3,2.2,"0-0","3-0",9,6,6,3,1,4,0,0,1,3,8,12,3,4,20,"1-3","Y","Y","N",5,0,33
"1212","E2",2026-02-24,"Northampton","Port Vale",0,1,"A",0,1,"A",2.3,3.25,3.1,"0-1","0-1",7,0,7,2,1,0,0,0,6,0,12,7,1,6,19,"6-0","N","N","N",1,0,33
"1213","E2",2026-02-28,"Leyton Orient","Barnsley",1,3,"A",1,1,"D",2.45,3.6,2.63,"1-1","1-3",17,4,10,5,1,1,0,0,5,1,8,16,4,6,24,"5-1","Y","Y","Y",2,0,33
"1214","E2",2026-02-28,"Northampton","Peterboro",1,1,"D",1,0,"H",2.7,3.6,2.4,"1-0","1-1",11,6,10,4,1,2,0,0,5,2,11,11,2,7,22,"5-2","Y","N","N",3,0,33
"1215","E2",2026-02-28,"Doncaster","Cardiff",0,4,"A",0,1,"A",3.4,3.7,2,"0-1","0-4",15,1,14,4,2,0,0,0,3,9,11,4,4,12,15,"3-9","Y","Y","Y",2,0,33
"1216","E2",2026-02-28,"Exeter","Bolton",1,5,"A",0,1,"A",3.3,3.4,2.15,"0-1","1-5",10,4,22,10,2,1,0,0,4,3,15,7,6,7,22,"4-3","Y","Y","Y",3,0,33
"1217","E2",2026-02-28,"Lincoln","Blackpool",4,0,"H",1,0,"H",1.44,4.33,7,"1-0","4-0",13,7,9,3,1,4,0,0,7,6,12,12,4,13,24,"7-6","Y","Y","Y",5,0,33
"1218","E2",2026-02-28,"Mansfield","AFC Wimbledon",2,2,"D",2,1,"H",2.1,3.3,3.5,"2-1","2-2",14,6,16,4,2,1,0,0,7,6,11,17,4,13,28,"7-6","Y","Y","Y",3,0,34
"1219","E2",2026-02-28,"Port Vale","Luton",1,1,"D",1,1,"D",3.5,3.3,2.1,"1-1","1-1",12,5,12,5,3,3,0,0,6,6,21,15,2,12,36,"6-6","Y","N","N",6,0,34
"1220","E2",2026-02-28,"Reading","Bradford",2,1,"H",0,0,"D",2.38,3.3,2.9,"0-0","2-1",9,2,12,2,3,0,0,0,5,6,10,11,3,11,21,"5-6","Y","Y","N",3,0,34
"1221","E2",2026-02-28,"Rotherham","Plymouth",1,0,"H",1,0,"H",3.3,3.5,2.1,"1-0","1-0",18,7,20,4,5,5,0,0,3,8,11,13,1,11,24,"3-8","N","N","N",10,0,34
"1222","E2",2026-02-28,"Stevenage","Stockport",2,1,"H",1,1,"D",2.7,3,2.8,"1-1","2-1",8,7,11,5,1,5,0,0,2,7,12,14,3,9,26,"2-7","Y","Y","N",6,0,34
"1223","E2",2026-02-28,"Wigan","Huddersfield",1,0,"H",0,0,"D",3,3.2,2.38,"0-0","1-0",12,4,9,4,2,3,0,0,4,6,12,11,1,10,23,"4-6","N","N","N",5,0,34
"1224","E2",2026-02-28,"Wycombe","Burton",3,0,"H",1,0,"H",1.75,3.7,4.5,"1-0","3-0",8,3,6,3,3,2,0,0,3,4,8,10,3,7,18,"3-4","Y","Y","N",5,0,34
"1225","E2",2026-03-03,"Barnsley","Wycombe",0,1,"A",0,0,"D",2.75,3.6,2.38,"0-0","0-1",4,0,19,8,3,3,0,0,2,3,12,11,1,5,23,"2-3","N","N","N",6,0,34
"1226","E2",2026-03-03,"Exeter","Burton",1,1,"D",0,0,"D",2.45,3.3,2.8,"0-0","1-1",12,3,11,4,1,2,0,0,11,5,10,9,2,16,19,"11-5","Y","N","N",3,0,34
"1227","E2",2026-03-03,"Rotherham","Mansfield",0,0,"D",0,0,"D",2.55,3.3,2.7,"0-0","0-0",7,2,13,3,2,1,0,0,3,6,10,10,0,9,20,"3-6","N","N","N",3,0,34
"1228","E2",2026-03-07,"Cardiff","Lincoln",0,2,"A",0,0,"D",2.3,3.4,3,"0-0","0-2",9,3,11,4,0,3,0,0,6,2,5,10,2,8,15,"6-2","Y","N","N",3,0,34
"1229","E2",2026-03-07,"Huddersfield","Rotherham",1,0,"H",0,0,"D",1.62,3.8,5.5,"0-0","1-0",6,2,13,5,0,1,0,0,3,2,11,15,1,5,26,"3-2","N","N","N",1,0,34
"1230","E2",2026-03-07,"Barnsley","Exeter",2,1,"H",2,0,"H",2,3.6,3.5,"2-0","2-1",9,4,11,1,1,1,0,0,6,6,10,13,3,12,23,"6-6","Y","Y","N",2,0,35
"1231","E2",2026-03-07,"Blackpool","Wigan",1,1,"D",1,1,"D",2.55,3.25,2.75,"1-1","1-1",8,1,7,2,2,1,0,0,3,5,14,14,2,8,28,"3-5","Y","N","N",3,0,35
"1232","E2",2026-03-07,"Bolton","Wycombe",3,2,"H",0,2,"A",2,3.5,3.6,"0-2","3-2",16,8,12,9,3,4,0,0,6,4,11,9,5,10,20,"6-4","Y","Y","Y",7,0,35
"1233","E2",2026-03-07,"Bradford","Leyton Orient",2,1,"H",1,1,"D",1.8,3.5,4.5,"1-1","2-1",17,7,5,1,6,3,1,0,11,2,17,16,3,13,33,"11-2","Y","Y","N",9,1,35
"1234","E2",2026-03-07,"Burton","Stevenage",0,1,"A",0,1,"A",2.75,3,2.7,"0-1","0-1",5,1,10,6,1,3,0,0,9,5,8,13,1,14,21,"9-5","N","N","N",4,0,35
"1235","E2",2026-03-07,"Luton","Reading",2,3,"A",1,1,"D",1.8,3.6,4.33,"1-1","2-3",19,2,10,6,1,4,0,0,10,4,11,20,5,14,31,"10-4","Y","Y","Y",5,0,35
"1236","E2",2026-03-07,"Plymouth","Doncaster",2,1,"H",1,1,"D",1.91,3.7,3.7,"1-1","2-1",12,6,15,2,5,4,0,0,1,2,16,13,3,3,29,"1-2","Y","Y","N",9,0,35
"1237","E2",2026-03-08,"AFC Wimbledon","Northampton",1,0,"H",1,0,"H",1.95,3.4,3.8,"1-0","1-0",12,4,9,3,0,1,0,0,9,6,11,10,1,15,21,"9-6","N","N","N",1,0,35
"1238","E2",2026-03-10,"Barnsley","Cardiff",1,1,"D",1,1,"D",3.5,3.8,1.95,"1-1","1-1",11,2,12,4,0,1,0,0,4,13,9,7,2,17,16,"4-13","Y","N","N",1,0,35
"1239","E2",2026-03-10,"Doncaster","Luton",1,1,"D",0,1,"A",2.6,3.6,2.5,"0-1","1-1",17,7,9,2,1,3,0,0,5,3,16,11,2,8,27,"5-3","Y","N","N",4,0,35
"1240","E2",2026-03-10,"Exeter","Lincoln",0,1,"A",0,1,"A",4.4,3.4,1.83,"0-1","0-1",10,3,18,3,2,4,0,0,6,7,10,10,1,13,20,"6-7","N","N","N",6,0,35
"1241","E2",2026-03-10,"Mansfield","Reading",1,0,"H",0,0,"D",2.15,3.5,3.2,"0-0","1-0",17,7,7,2,0,2,0,0,13,6,10,10,1,19,20,"13-6","N","N","N",2,0,35
"1242","E2",2026-03-10,"Stevenage","Leyton Orient",1,2,"A",1,1,"D",1.93,3.13,4.4,"1-1","1-2",12,4,7,4,1,4,0,0,5,2,13,17,3,7,30,"5-2","Y","Y","N",5,0,36
"1243","E2",2026-03-10,"Wigan","Plymouth",0,3,"A",0,2,"A",2.6,3.25,2.7,"0-2","0-3",9,2,11,6,0,2,0,0,5,8,6,14,3,13,20,"5-8","Y","Y","N",2,0,36
"1244","E2",2026-03-11,"AFC Wimbledon","Blackpool",4,1,"H",1,0,"H",2.2,3.25,3.3,"1-0","4-1",14,7,9,2,0,0,0,0,6,8,12,11,5,14,23,"6-8","Y","Y","Y",0,0,36
"1245","E2",2026-03-11,"Port Vale","Bradford",0,2,"A",0,1,"A",3.2,3.13,2.3,"0-1","0-2",7,1,33,13,2,2,0,0,2,11,8,13,2,13,21,"2-11","Y","N","N",4,0,36
"1246","E2",2026-03-14,"Lincoln","Stockport",3,1,"H",1,0,"H",1.87,3.4,4.2,"1-0","3-1",17,6,12,3,3,1,0,0,4,5,9,10,4,9,19,"4-5","Y","Y","Y",4,0,36
"1247","E2",2026-03-14,"Rotherham","Bolton",2,2,"D",2,0,"H",4,3.8,1.83,"2-0","2-2",10,5,19,10,3,1,0,0,8,6,14,7,4,14,21,"8-6","Y","Y","Y",4,0,36
"1248","E2",2026-03-14,"Doncaster","Blackpool",2,1,"H",1,0,"H",1.75,3.75,4.4,"1-0","2-1",13,5,7,1,0,3,0,1,7,1,6,17,3,8,23,"7-1","Y","Y","N",3,1,36
"1249","E2",2026-03-14,"Exeter","Cardiff",0,4,"A",0,2,"A",4.2,3.7,1.8,"0-2","0-4",7,1,30,10,0,0,0,0,0,10,8,6,4,10,14,"0-10","Y","Y","Y",0,0,36
"1250","E2",2026-03-14,"Leyton Orient","Peterboro",2,1,"H",1,0,"H",2.05,3.7,3.25,"1-0","2-1",16,6,15,4,2,2,0,0,7,2,15,8,3,9,23,"7-2","Y","Y","N",4,0,36
"1251","E2",2026-03-14,"Mansfield","Barnsley",2,2,"D",0,1,"A",2.1,3.6,3.2,"0-1","2-2",17,4,13,4,0,3,0,0,3,5,5,15,4,8,20,"3-5","Y","Y","Y",3,0,36
"1252","E2",2026-03-14,"Northampton","Burton",0,2,"A",0,1,"A",2.7,3.2,2.63,"0-1","0-2",9,2,12,4,2,2,0,0,7,4,15,6,2,11,21,"7-4","Y","N","N",4,0,36
"1253","E2",2026-03-14,"Port Vale","Huddersfield",0,0,"D",0,0,"D",3.7,3.25,2.05,"0-0","0-0",11,5,17,4,3,1,0,0,2,6,12,18,0,8,30,"2-6","N","N","N",4,0,36
"1254","E2",2026-03-14,"Reading","Plymouth",2,2,"D",2,1,"H",3,3.5,2.25,"2-1","2-2",14,8,18,2,1,3,0,0,3,3,11,17,4,6,28,"3-3","Y","Y","Y",4,0,37
"1255","E2",2026-03-14,"Stevenage","AFC Wimbledon",1,0,"H",1,0,"H",1.91,3.2,4.4,"1-0","1-0",9,4,7,1,2,2,0,0,1,7,11,11,1,8,22,"1-7","N","N","N",4,0,37
"1256","E2",2026-03-14,"Wigan","Bradford",2,0,"H",1,0,"H",2.9,3.13,2.5,"1-0","2-0",5,3,7,2,4,2,0,0,2,2,16,16,2,4,32,"2-2","Y","N","N",6,0,37
"1257","E2",2026-03-14,"Wycombe","Luton",1,2,"A",0,2,"A",1.9,3.5,4,"0-2","1-2",15,5,10,3,3,1,0,0,3,3,19,10,3,6,29,"3-3","Y","Y","N",4,0,37
"1258","E2",2026-03-17,"AFC Wimbledon","Leyton Orient",2,4,"A",2,1,"H",2.3,3.25,3.1,"2-1","2-4",15,7,14,7,1,1,0,0,3,3,10,13,6,6,23,"3-3","Y","Y","Y",2,0,37
"1259","E2",2026-03-17,"Blackpool","Port Vale",3,2,"H",0,1,"A",1.9,3.4,4.1,"0-1","3-2",14,4,12,5,0,3,0,0,6,5,11,13,5,11,24,"6-5","Y","Y","Y",3,0,37
"1260","E2",2026-03-17,"Bolton","Doncaster",0,0,"D",0,0,"D",1.6,4.2,5,"0-0","0-0",23,3,14,1,2,4,0,0,9,6,10,13,0,15,23,"9-6","N","N","N",6,0,37
"1261","E2",2026-03-17,"Bradford","Mansfield",1,1,"D",0,1,"A",1.87,3.5,4.1,"0-1","1-1",14,3,9,1,4,2,0,0,11,5,10,12,2,16,22,"11-5","Y","N","N",6,0,37
"1262","E2",2026-03-17,"Burton","Reading",1,2,"A",1,1,"D",2.25,3.4,3.1,"1-1","1-2",16,4,10,3,1,1,0,0,4,3,12,6,3,7,18,"4-3","Y","Y","N",2,0,37
"1263","E2",2026-03-17,"Cardiff","Wycombe",0,2,"A",0,0,"D",1.65,4,4.8,"0-0","0-2",19,3,16,4,2,1,1,0,8,5,8,9,2,13,17,"8-5","Y","N","N",3,1,37
"1264","E2",2026-03-17,"Huddersfield","Lincoln",2,2,"D",2,1,"H",3.1,3.1,2.38,"2-1","2-2",8,2,18,7,4,2,0,0,3,7,8,11,4,10,19,"3-7","Y","Y","Y",6,0,37
"1265","E2",2026-03-17,"Luton","Exeter",3,2,"H",3,1,"H",1.62,3.9,5.25,"3-1","3-2",16,7,8,3,2,2,0,0,7,2,13,12,5,9,25,"7-2","Y","Y","Y",4,0,37
"1266","E2",2026-03-17,"Peterboro","Rotherham",5,0,"H",2,0,"H",2.45,3.6,2.63,"2-0","5-0",14,9,11,3,1,1,0,0,3,5,7,11,5,8,18,"3-5","Y","Y","Y",2,0,38
"1267","E2",2026-03-17,"Plymouth","Stevenage",1,0,"H",0,0,"D",1.95,3.3,4,"0-0","1-0",11,4,11,1,2,2,0,0,6,7,16,8,1,13,24,"6-7","N","N","N",4,0,38
"1268","E2",2026-03-17,"Stockport","Northampton",2,1,"H",1,1,"D",1.45,4.4,7,"1-1","2-1",22,8,4,1,1,1,0,0,8,3,8,8,3,11,16,"8-3","Y","Y","N",2,0,38
"1269","E2",2026-03-17,"Barnsley","Wigan",1,1,"D",0,1,"A",2.25,3.5,3,"0-1","1-1",14,6,16,4,3,1,0,1,11,5,11,9,2,16,20,"11-5","Y","N","N",4,1,38
"1270","E2",2026-03-21,"Cardiff","Blackpool",0,0,"D",0,0,"D",1.36,5,7.5,"0-0","0-0",26,5,6,1,2,3,0,0,11,2,6,8,0,13,14,"11-2","N","N","N",5,0,38
"1271","E2",2026-03-21,"Luton","Stockport",1,1,"D",1,0,"H",2.55,3.4,2.63,"1-0","1-1",13,5,10,2,1,2,0,0,8,6,9,11,2,14,20,"8-6","Y","N","N",3,0,38
"1272","E2",2026-03-21,"AFC Wimbledon","Peterboro",1,1,"D",1,0,"H",2.2,3.5,3.1,"1-0","1-1",24,8,10,6,2,3,0,0,11,2,16,8,2,13,24,"11-2","Y","N","N",5,0,38
"1273","E2",2026-03-21,"Barnsley","Doncaster",0,1,"A",0,0,"D",2.3,3.7,2.8,"0-0","0-1",17,3,9,2,2,2,0,0,4,2,8,8,1,6,16,"4-2","N","N","N",4,0,38
"1274","E2",2026-03-21,"Burton","Bradford",2,1,"H",1,0,"H",3,3.2,2.4,"1-0","2-1",10,5,11,4,1,5,0,0,3,8,10,11,3,11,21,"3-8","Y","Y","N",6,0,38
"1275","E2",2026-03-21,"Leyton Orient","Wycombe",2,0,"H",1,0,"H",3.2,3.4,2.2,"1-0","2-0",13,3,5,2,3,0,0,1,8,7,11,10,2,15,21,"8-7","Y","N","N",3,1,38
"1276","E2",2026-03-21,"Lincoln","Rotherham",3,0,"H",3,0,"H",1.36,4.75,8,"3-0","3-0",16,6,5,0,0,1,0,0,7,4,11,4,3,11,15,"7-4","Y","Y","N",1,0,38
"1277","E2",2026-03-21,"Mansfield","Northampton",4,1,"H",1,0,"H",1.7,3.75,4.75,"1-0","4-1",17,9,11,4,1,3,0,0,3,3,14,11,5,6,25,"3-3","Y","Y","Y",4,0,38
"1278","E2",2026-03-21,"Plymouth","Huddersfield",3,1,"H",0,1,"A",2.2,3.5,3.1,"0-1","3-1",17,9,13,5,3,3,0,0,5,3,10,10,4,8,20,"5-3","Y","Y","Y",6,0,39
"1279","E2",2026-03-21,"Port Vale","Bolton",1,0,"H",1,0,"H",5.75,4.1,1.55,"1-0","1-0",11,2,8,2,0,2,0,0,2,5,12,10,1,7,22,"2-5","N","N","N",2,0,39
"1280","E2",2026-03-21,"Stevenage","Reading",1,0,"H",0,0,"D",1.91,3.25,4.33,"0-0","1-0",14,4,4,1,2,2,0,0,4,2,6,16,1,6,22,"4-2","N","N","N",4,0,39
"1281","E2",2026-03-21,"Wigan","Exeter",2,0,"H",1,0,"H",2,3.4,3.75,"1-0","2-0",8,4,7,2,1,3,0,0,3,4,7,16,2,7,23,"3-4","Y","N","N",4,0,39
"1282","E2",2026-03-24,"Doncaster","Port Vale",1,0,"H",1,0,"H",1.7,3.7,4.8,"1-0","1-0",12,2,5,3,3,0,0,0,4,1,16,10,1,5,26,"4-1","N","N","N",3,0,39
"1283","E2",2026-03-28,"Blackpool","Burton",1,0,"H",0,0,"D",2.4,3.4,2.8,"0-0","1-0",9,4,1,1,5,3,0,0,6,8,14,15,1,14,29,"6-8","N","N","N",8,0,39
"1284","E2",2026-03-28,"Exeter","Leyton Orient",0,0,"D",0,0,"D",2.4,3.4,2.8,"0-0","0-0",14,2,12,4,2,3,0,0,6,3,16,8,0,9,24,"6-3","N","N","N",5,0,39
"1285","E2",2026-03-28,"Reading","Wigan",3,0,"H",2,0,"H",2.25,3.2,3.25,"2-0","3-0",13,5,6,1,0,0,0,0,3,9,14,8,3,12,22,"3-9","Y","Y","N",0,0,39
"1286","E2",2026-03-28,"Stockport","AFC Wimbledon",3,0,"H",2,0,"H",1.62,3.9,5.25,"2-0","3-0",10,4,10,4,1,0,0,0,3,8,8,13,3,11,21,"3-8","Y","Y","N",1,0,39
"1287","E2",2026-03-28,"Wycombe","Port Vale",4,0,"H",1,0,"H",1.55,4,5.75,"1-0","4-0",21,9,10,2,1,2,0,0,9,1,9,11,4,10,20,"9-1","Y","Y","Y",3,0,39
"1288","E2",2026-04-02,"Wigan","Leyton Orient",0,0,"D",0,0,"D",2.25,3.13,3,"0-0","0-0",13,0,9,5,1,2,0,0,4,4,14,17,0,8,31,"4-4","N","N","N",3,0,39
"1289","E2",2026-04-03,"Doncaster","Mansfield",0,2,"A",0,0,"D",2.25,3.5,3,"0-0","0-2",10,0,8,3,2,1,0,0,2,6,13,12,2,8,25,"2-6","Y","N","N",3,0,39
"1290","E2",2026-04-03,"Blackpool","Exeter",1,0,"H",1,0,"H",2.15,3.5,3.2,"1-0","1-0",15,3,9,3,1,1,0,0,5,10,11,13,1,15,24,"5-10","N","N","N",2,0,40
"1291","E2",2026-04-03,"Bradford","Northampton",1,0,"H",1,0,"H",1.4,4.5,8,"1-0","1-0",18,7,11,1,3,1,0,0,5,6,15,16,1,11,31,"5-6","N","N","N",4,0,40
"1292","E2",2026-04-03,"Burton","Barnsley",1,1,"D",0,0,"D",2.15,3.5,3.2,"0-0","1-1",11,5,11,2,1,3,0,0,9,0,10,12,2,9,22,"9-0","Y","N","N",4,0,40
"1293","E2",2026-04-03,"Huddersfield","Reading",1,1,"D",0,1,"A",1.8,3.6,4.33,"0-1","1-1",13,6,4,2,1,4,0,0,4,2,15,19,2,6,34,"4-2","Y","N","N",5,0,40
"1294","E2",2026-04-03,"Lincoln","AFC Wimbledon",1,0,"H",0,0,"D",1.44,4.33,7,"0-0","1-0",8,4,10,1,1,4,0,0,2,7,12,15,1,9,27,"2-7","N","N","N",5,0,40
"1295","E2",2026-04-03,"Luton","Peterboro",2,1,"H",1,0,"H",1.65,4.2,4.6,"1-0","2-1",17,6,10,3,3,2,0,0,7,4,21,12,3,11,33,"7-4","Y","Y","N",5,0,40
"1296","E2",2026-04-03,"Plymouth","Bolton",1,2,"A",0,0,"D",2.3,3.6,2.88,"0-0","1-2",14,4,9,2,0,2,0,1,4,4,16,12,3,8,28,"4-4","Y","Y","N",2,1,40
"1297","E2",2026-04-03,"Rotherham","Stevenage",0,0,"D",0,0,"D",3.4,3.1,2.25,"0-0","0-0",10,1,11,3,1,4,1,0,4,4,10,17,0,8,27,"4-4","N","N","N",5,1,40
"1298","E2",2026-04-03,"Stockport","Wycombe",3,0,"H",2,0,"H",2.2,3.5,3.1,"2-0","3-0",17,11,12,3,3,1,0,0,8,10,7,9,3,18,16,"8-10","Y","Y","N",4,0,40
"1299","E2",2026-04-06,"AFC Wimbledon","Luton",0,3,"A",0,1,"A",3,3.2,2.25,"0-1","0-3",6,0,23,8,1,1,0,0,8,3,11,4,3,11,15,"8-3","Y","Y","N",2,0,40
"1300","E2",2026-04-06,"Barnsley","Plymouth",0,3,"A",0,1,"A",2.75,3.5,2.25,"0-1","0-3",11,1,15,8,1,1,0,0,4,8,11,7,3,12,18,"4-8","Y","Y","N",2,0,40
"1301","E2",2026-04-06,"Bolton","Stockport",2,2,"D",1,1,"D",1.91,3.5,3.5,"1-1","2-2",13,3,12,4,0,1,0,1,12,4,5,10,4,16,15,"12-4","Y","Y","Y",1,1,40
"1302","E2",2026-04-06,"Exeter","Doncaster",3,0,"H",1,0,"H",2.8,3.3,2.3,"1-0","3-0",13,6,19,10,1,0,0,0,7,4,11,10,3,11,21,"7-4","Y","Y","N",1,0,41
"1303","E2",2026-04-06,"Leyton Orient","Huddersfield",1,2,"A",1,1,"D",2.88,3.2,2.3,"1-1","1-2",6,2,10,4,2,3,0,0,7,3,18,15,3,10,33,"7-3","Y","Y","N",5,0,41
"1304","E2",2026-04-06,"Mansfield","Burton",0,0,"D",0,0,"D",2.1,3.3,3.2,"0-0","0-0",11,4,11,1,3,1,0,0,3,3,13,11,0,6,24,"3-3","N","N","N",4,0,41
"1305","E2",2026-04-06,"Northampton","Wigan",1,3,"A",0,2,"A",2.75,3.1,2.45,"0-2","1-3",7,3,10,3,0,2,0,0,2,8,7,13,4,10,20,"2-8","Y","Y","Y",2,0,41
"1306","E2",2026-04-06,"Peterboro","Cardiff",1,1,"D",0,0,"D",4,3.9,1.7,"0-0","1-1",8,3,29,8,2,2,0,0,6,16,7,11,2,22,18,"6-16","Y","N","N",4,0,41
"1307","E2",2026-04-06,"Reading","Lincoln",1,2,"A",0,1,"A",3.9,3.3,1.87,"0-1","1-2",11,1,6,2,1,2,0,0,3,3,7,13,3,6,20,"3-3","Y","Y","N",3,0,41
"1308","E2",2026-04-06,"Stevenage","Blackpool",1,0,"H",0,0,"D",1.75,3.3,4.5,"0-0","1-0",11,4,4,0,1,2,0,0,6,2,15,8,1,8,23,"6-2","N","N","N",3,0,41
"1309","E2",2026-04-06,"Wycombe","Bradford",1,2,"A",1,0,"H",2.05,3.3,3.3,"1-0","1-2",10,3,7,3,1,4,0,0,2,4,12,16,3,6,28,"2-4","Y","Y","N",5,0,41
"1310","E2",2026-04-07,"Port Vale","Rotherham",1,0,"H",1,0,"H",2.5,3.25,2.8,"1-0","1-0",7,2,10,5,1,0,0,0,4,6,15,12,1,10,27,"4-6","N","N","N",1,0,41
"1311","E2",2026-04-11,"Cardiff","Bolton",2,0,"H",0,0,"D",1.75,4.1,4,"0-0","2-0",19,5,6,1,1,0,0,0,8,1,16,7,2,9,23,"8-1","Y","N","N",1,0,41
"1312","E2",2026-04-11,"Lincoln","Leyton Orient",2,1,"H",2,0,"H",1.53,4.1,6,"2-0","2-1",18,6,12,6,2,4,0,0,4,6,12,11,3,10,23,"4-6","Y","Y","N",6,0,41
"1313","E2",2026-04-11,"Plymouth","Exeter",2,2,"D",0,0,"D",1.55,4.2,5.5,"0-0","2-2",20,10,5,2,2,4,0,0,12,2,8,16,4,14,24,"12-2","Y","Y","Y",6,0,41
"1314","E2",2026-04-11,"Blackpool","Peterboro",3,1,"H",1,1,"D",1.83,3.9,3.8,"1-1","3-1",16,9,11,4,1,2,1,0,11,3,13,8,4,14,21,"11-3","Y","Y","Y",3,1,42
"1315","E2",2026-04-11,"Bradford","Stevenage",0,1,"A",0,0,"D",2.15,3,3.7,"0-0","0-1",13,5,3,1,2,3,0,0,1,0,12,17,1,1,29,"1-0","N","N","N",5,0,42
"1316","E2",2026-04-11,"Burton","AFC Wimbledon",1,0,"H",0,0,"D",1.8,3.5,4.5,"0-0","1-0",12,3,5,1,1,0,0,0,9,2,9,14,1,11,23,"9-2","N","N","N",1,0,42
"1317","E2",2026-04-11,"Doncaster","Reading",1,0,"H",0,0,"D",1.93,3.6,3.75,"0-0","1-0",9,6,8,1,1,2,0,0,2,4,9,11,1,6,20,"2-4","N","N","N",3,0,42
"1318","E2",2026-04-11,"Huddersfield","Wycombe",3,3,"D",0,1,"A",2.25,3.4,3.1,"0-1","3-3",22,6,8,4,0,2,0,0,10,5,12,14,6,15,26,"10-5","Y","Y","Y",2,0,42
"1319","E2",2026-04-11,"Rotherham","Barnsley",1,3,"A",0,1,"A",2.45,3.5,2.7,"0-1","1-3",7,2,9,9,0,4,0,0,3,2,10,13,4,5,23,"3-2","Y","Y","Y",4,0,42
"1320","E2",2026-04-11,"Wigan","Mansfield",2,1,"H",1,1,"D",2.45,3.3,2.8,"1-1","2-1",8,4,13,4,2,1,0,0,2,4,12,14,3,6,26,"2-4","Y","Y","N",3,0,42
"1321","E3",2025-08-02,"Accrington","Gillingham",1,1,"D",0,0,"D",2.75,3.2,2.55,"0-0","1-1",10,3,8,0,2,2,0,0,3,3,12,15,2,6,27,"3-3","Y","N","N",4,0,1
"1322","E3",2025-08-02,"Barnet","Fleetwood Town",0,2,"A",0,1,"A",1.95,3.5,3.75,"0-1","0-2",19,6,12,7,0,0,0,0,8,2,11,15,2,10,26,"8-2","Y","N","N",0,0,1
"1323","E3",2025-08-02,"Bristol Rvs","Harrogate",0,1,"A",0,0,"D",1.83,3.5,4.33,"0-0","0-1",17,2,7,3,1,3,0,0,13,4,10,11,1,17,21,"13-4","N","N","N",4,0,1
"1324","E3",2025-08-02,"Cambridge","Cheltenham",1,0,"H",0,0,"D",1.85,3.7,3.9,"0-0","1-0",13,4,7,2,0,2,0,0,4,2,11,22,1,6,33,"4-2","N","N","N",2,0,1
"1325","E3",2025-08-02,"Chesterfield","Barrow",1,0,"H",1,0,"H",1.65,3.8,5,"1-0","1-0",7,3,10,1,1,1,0,0,4,3,9,9,1,7,18,"4-3","N","N","N",2,0,1
"1326","E3",2025-08-02,"Colchester","Tranmere",1,1,"D",0,1,"A",2.1,3.1,3.7,"0-1","1-1",10,2,10,2,2,2,0,0,4,5,10,17,2,9,27,"4-5","Y","N","N",4,0,1
"1327","E3",2025-08-02,"Grimsby","Crawley Town",3,0,"H",2,0,"H",2,3.7,3.4,"2-0","3-0",20,6,5,1,0,2,0,0,10,3,13,14,3,13,27,"10-3","Y","Y","N",2,0,1
"1328","E3",2025-08-02,"Milton Keynes Dons","Oldham",0,0,"D",0,0,"D",1.65,3.8,5,"0-0","0-0",5,0,5,1,1,3,0,0,7,3,17,16,0,10,33,"7-3","N","N","N",4,0,1
"1329","E3",2025-08-02,"Salford","Crewe",1,3,"A",1,3,"A",1.87,3.7,3.8,"1-3","1-3",11,5,22,10,4,2,0,0,7,10,15,17,4,17,32,"7-10","Y","Y","Y",6,0,1
"1330","E3",2025-08-02,"Shrewsbury","Bromley",0,0,"D",0,0,"D",2.3,3.5,2.9,"0-0","0-0",7,2,17,2,3,1,0,0,4,5,13,14,0,9,27,"4-5","N","N","N",4,0,1
"1331","E3",2025-08-02,"Walsall","Swindon",2,1,"H",1,0,"H",2.2,3.4,3.13,"1-0","2-1",5,4,16,5,2,1,1,0,1,5,13,18,3,6,31,"1-5","Y","Y","N",3,1,1
"1332","E3",2025-08-02,"Newport County","Notts County",1,1,"D",0,0,"D",4.6,3.9,1.7,"0-0","1-1",6,1,13,5,1,1,0,0,2,6,18,11,2,8,29,"2-6","Y","N","N",2,0,1
"1333","E3",2025-08-09,"Notts County","Salford",1,2,"A",0,1,"A",2,3.6,3.5,"0-1","1-2",9,3,11,5,3,3,0,0,1,7,11,18,3,8,29,"1-7","Y","Y","N",6,0,2
"1334","E3",2025-08-09,"Tranmere","Shrewsbury",4,0,"H",2,0,"H",2.05,3.25,3.7,"2-0","4-0",10,6,12,3,1,1,0,1,2,5,13,11,4,7,24,"2-5","Y","Y","Y",2,1,2
"1335","E3",2025-08-09,"Barrow","Milton Keynes Dons",0,2,"A",0,0,"D",2.45,3.13,2.7,"0-0","0-2",7,0,12,5,3,2,0,0,1,5,19,12,2,6,31,"1-5","Y","N","N",5,0,2
"1336","E3",2025-08-09,"Bromley","Barnet",2,0,"H",1,0,"H",2.7,3.25,2.4,"1-0","2-0",9,3,10,2,3,1,0,0,6,6,15,12,2,12,27,"6-6","Y","N","N",4,0,2
"1337","E3",2025-08-09,"Cheltenham","Chesterfield",0,2,"A",0,0,"D",3.4,3.5,1.95,"0-0","0-2",6,2,16,8,7,1,0,0,2,5,19,16,2,7,35,"2-5","Y","N","N",8,0,2
"1338","E3",2025-08-09,"Crawley Town","Newport County",1,2,"A",0,0,"D",1.53,3.9,5.25,"0-0","1-2",18,6,7,3,0,2,0,0,6,3,11,18,3,9,29,"6-3","Y","Y","N",2,0,2
"1339","E3",2025-08-09,"Crewe","Accrington",2,0,"H",2,0,"H",2.1,3.13,3.3,"2-0","2-0",15,4,9,3,1,2,0,0,8,2,13,19,2,10,32,"8-2","Y","N","N",3,0,2
"1340","E3",2025-08-09,"Fleetwood Town","Bristol Rvs",2,1,"H",2,0,"H",2.45,3.25,2.63,"2-0","2-1",7,3,14,2,1,3,0,0,1,6,15,16,3,7,31,"1-6","Y","Y","N",4,0,2
"1341","E3",2025-08-09,"Gillingham","Walsall",1,0,"H",0,0,"D",2.7,3,2.55,"0-0","1-0",8,2,6,2,3,3,0,0,5,2,14,17,1,7,31,"5-2","N","N","N",6,0,2
"1342","E3",2025-08-09,"Harrogate","Grimsby",3,3,"D",0,0,"D",3,3.2,2.25,"0-0","3-3",8,3,13,4,5,3,0,0,3,4,12,9,6,7,21,"3-4","Y","Y","Y",8,0,2
"1343","E3",2025-08-09,"Oldham","Colchester",1,1,"D",1,1,"D",2.3,3.2,2.9,"1-1","1-1",20,7,8,3,1,1,0,0,8,7,19,13,2,15,32,"8-7","Y","N","N",2,0,2
"1344","E3",2025-08-09,"Swindon","Cambridge",3,2,"H",2,1,"H",2.05,3.3,3.25,"2-1","3-2",9,5,10,4,2,1,0,0,2,7,11,10,5,9,21,"2-7","Y","Y","Y",3,0,2
"1345","E3",2025-08-16,"Chesterfield","Bristol Rvs",3,1,"H",1,0,"H",1.73,3.75,4.6,"1-0","3-1",21,10,7,3,3,3,0,1,5,4,9,11,4,9,20,"5-4","Y","Y","Y",6,1,3
"1346","E3",2025-08-16,"Oldham","Swindon",1,2,"A",1,2,"A",2.7,3.3,2.55,"1-2","1-2",13,5,13,3,0,3,0,0,4,2,9,11,3,6,20,"4-2","Y","Y","N",3,0,3
"1347","E3",2025-08-16,"Barnet","Walsall",1,2,"A",1,2,"A",2.05,3.4,3.5,"1-2","1-2",10,3,6,2,2,0,1,0,7,1,14,8,3,8,22,"7-1","Y","Y","N",2,1,3
"1348","E3",2025-08-16,"Barrow","Notts County",2,1,"H",1,0,"H",2.75,3.25,2.55,"1-0","2-1",11,5,7,3,1,1,0,0,3,3,7,11,3,6,18,"3-3","Y","Y","N",2,0,3
"1349","E3",2025-08-16,"Bromley","Fleetwood Town",2,2,"D",1,1,"D",2.2,3.4,3.13,"1-1","2-2",17,5,14,4,4,2,0,0,7,2,11,15,4,9,26,"7-2","Y","Y","Y",6,0,3
"1350","E3",2025-08-16,"Cambridge","Harrogate",1,1,"D",1,0,"H",1.8,3.5,4.5,"1-0","1-1",16,5,4,1,1,1,0,0,9,3,10,11,2,12,21,"9-3","Y","N","N",2,0,3
"1351","E3",2025-08-16,"Crewe","Crawley Town",1,0,"H",1,0,"H",1.85,3.7,3.9,"1-0","1-0",13,2,16,4,4,2,0,0,7,3,20,16,1,10,36,"7-3","N","N","N",6,0,3
"1352","E3",2025-08-16,"Grimsby","Newport County",2,1,"H",1,0,"H",1.44,4.33,7,"1-0","2-1",22,6,12,3,2,3,0,0,12,3,12,12,3,15,24,"12-3","Y","Y","N",5,0,3
"1353","E3",2025-08-16,"Milton Keynes Dons","Cheltenham",5,0,"H",3,0,"H",1.55,4,5.75,"3-0","5-0",16,8,9,2,1,4,0,0,3,1,10,13,5,4,23,"3-1","Y","Y","Y",5,0,3
"1354","E3",2025-08-16,"Salford","Accrington",2,1,"H",2,0,"H",1.7,3.8,4.75,"2-0","2-1",10,3,12,4,1,1,0,0,5,1,20,13,3,6,33,"5-1","Y","Y","N",2,0,3
"1355","E3",2025-08-16,"Shrewsbury","Colchester",0,2,"A",0,0,"D",2.7,3,2.8,"0-0","0-2",8,1,9,4,2,1,1,0,6,1,16,9,2,7,25,"6-1","Y","N","N",3,1,3
"1356","E3",2025-08-16,"Tranmere","Gillingham",1,1,"D",0,0,"D",2.1,3.13,3.7,"0-0","1-1",12,2,6,1,2,2,0,1,3,4,9,13,2,7,22,"3-4","Y","N","N",4,1,3
"1357","E3",2025-08-19,"Newport County","Salford",0,1,"A",0,0,"D",3.9,3.7,1.87,"0-0","0-1",11,2,11,3,1,3,0,0,5,3,15,11,1,8,26,"5-3","N","N","N",4,0,4
"1358","E3",2025-08-19,"Bristol Rvs","Oldham",0,0,"D",0,0,"D",2.2,3.4,3.2,"0-0","0-0",13,4,10,1,3,2,0,0,4,1,15,15,0,5,30,"4-1","N","N","N",5,0,4
"1359","E3",2025-08-19,"Cheltenham","Bromley",1,2,"A",0,1,"A",3.1,3.3,2.3,"0-1","1-2",13,6,18,4,1,3,0,0,12,7,12,21,3,19,33,"12-7","Y","Y","N",4,0,4
"1360","E3",2025-08-19,"Colchester","Cambridge",1,2,"A",1,2,"A",2.63,3.1,2.8,"1-2","1-2",9,3,12,4,2,4,0,0,2,11,11,16,3,13,27,"2-11","Y","Y","N",6,0,4
"1361","E3",2025-08-19,"Crawley Town","Milton Keynes Dons",1,1,"D",1,0,"H",4.1,3.6,1.83,"1-0","1-1",12,6,15,6,4,1,0,0,8,11,22,11,2,19,33,"8-11","Y","N","N",5,0,4
"1362","E3",2025-08-19,"Fleetwood Town","Crewe",1,4,"A",0,2,"A",2.63,3.3,2.63,"0-2","1-4",9,3,17,10,6,4,0,0,2,3,18,11,5,5,29,"2-3","Y","Y","Y",10,0,4
"1363","E3",2025-08-19,"Gillingham","Chesterfield",4,1,"H",1,0,"H",3.1,3.13,2.38,"1-0","4-1",11,6,7,3,4,1,0,0,0,2,15,13,5,2,28,"0-2","Y","Y","Y",5,0,4
"1364","E3",2025-08-19,"Harrogate","Barrow",1,0,"H",1,0,"H",2.9,3,2.55,"1-0","1-0",22,5,17,1,0,0,0,0,4,6,7,8,1,10,15,"4-6","N","N","N",0,0,4
"1365","E3",2025-08-19,"Swindon","Barnet",0,2,"A",0,0,"D",2.2,3.6,3,"0-0","0-2",8,4,11,5,2,3,0,0,6,8,13,13,2,14,26,"6-8","Y","N","N",5,0,4
"1366","E3",2025-08-19,"Walsall","Grimsby",0,1,"A",0,0,"D",2.5,3.13,2.88,"0-0","0-1",11,2,15,5,2,2,0,0,4,6,10,10,1,10,20,"4-6","N","N","N",4,0,4
"1367","E3",2025-08-20,"Notts County","Shrewsbury",4,1,"H",2,1,"H",1.73,3.6,4.8,"2-1","4-1",11,8,7,2,3,3,0,0,4,4,10,16,5,8,26,"4-4","Y","Y","Y",6,0,4
"1368","E3",2025-08-23,"Newport County","Milton Keynes Dons",1,2,"A",1,1,"D",5.25,3.8,1.65,"1-1","1-2",10,3,17,4,1,2,0,0,3,7,12,13,3,10,25,"3-7","Y","Y","N",3,0,4
"1369","E3",2025-08-23,"Walsall","Salford",1,0,"H",1,0,"H",2.2,3.4,3.2,"1-0","1-0",18,6,6,3,2,1,0,0,5,2,12,9,1,7,21,"5-2","N","N","N",3,0,5
"1370","E3",2025-08-23,"Accrington","Grimsby",1,1,"D",0,1,"A",3.4,3.25,2.15,"0-1","1-1",11,3,13,4,5,0,0,0,5,0,25,7,2,5,32,"5-0","Y","N","N",5,0,5
"1371","E3",2025-08-23,"Bristol Rvs","Cambridge",1,0,"H",1,0,"H",2.4,3.25,2.9,"1-0","1-0",9,3,8,0,2,1,0,1,3,4,11,11,1,7,22,"3-4","N","N","N",3,1,5
"1372","E3",2025-08-23,"Cheltenham","Barnet",0,1,"A",0,0,"D",3.6,3.4,2.05,"0-0","0-1",11,1,15,6,1,1,0,1,1,4,14,23,1,5,37,"1-4","N","N","N",2,1,5
"1373","E3",2025-08-23,"Colchester","Barrow",0,2,"A",0,1,"A",2.2,3.13,3.5,"0-1","0-2",24,6,9,4,2,3,0,0,14,2,10,14,2,16,24,"14-2","Y","N","N",5,0,5
"1374","E3",2025-08-23,"Crawley Town","Tranmere",0,2,"A",0,0,"D",2.75,3.3,2.5,"0-0","0-2",20,3,10,2,1,4,0,0,8,9,7,20,2,17,27,"8-9","Y","N","N",5,0,5
"1375","E3",2025-08-23,"Fleetwood Town","Oldham",1,1,"D",1,1,"D",2.4,3.3,2.9,"1-1","1-1",12,4,22,3,2,0,0,0,4,8,13,13,2,12,26,"4-8","Y","N","N",2,0,5
"1376","E3",2025-08-23,"Gillingham","Crewe",1,0,"H",0,0,"D",2.6,3.13,2.8,"0-0","1-0",17,5,7,2,2,2,0,0,4,3,14,18,1,7,32,"4-3","N","N","N",4,0,5
"1377","E3",2025-08-23,"Harrogate","Chesterfield",1,2,"A",0,1,"A",4.5,3.6,1.75,"0-1","1-2",9,3,13,5,0,1,0,0,6,5,8,11,3,11,19,"6-5","Y","Y","N",1,0,5
"1378","E3",2025-08-23,"Notts County","Bromley",2,2,"D",2,1,"H",2.1,3.5,3.3,"2-1","2-2",8,3,8,2,1,4,0,0,3,5,12,14,4,8,26,"3-5","Y","Y","Y",5,0,5
"1379","E3",2025-08-23,"Swindon","Shrewsbury",2,1,"H",1,0,"H",1.8,3.5,4.4,"1-0","2-1",15,7,10,3,1,2,0,0,5,2,11,9,3,7,20,"5-2","Y","Y","N",3,0,5
"1380","E3",2025-08-29,"Salford","Cheltenham",1,1,"D",0,0,"D",1.67,3.9,4.8,"0-0","1-1",26,7,5,3,2,1,0,0,14,1,14,14,2,15,28,"14-1","Y","N","N",3,0,5
"1381","E3",2025-08-30,"Barrow","Fleetwood Town",0,1,"A",0,1,"A",2.1,3.3,3.5,"0-1","0-1",8,1,19,6,2,3,1,0,4,9,12,14,1,13,26,"4-9","N","N","N",5,1,6
"1382","E3",2025-08-30,"Crewe","Swindon",0,3,"A",0,3,"A",2,3.5,3.6,"0-3","0-3",9,3,19,9,1,1,0,0,3,4,14,11,3,7,25,"3-4","Y","Y","N",2,0,6
"1383","E3",2025-08-30,"Barnet","Colchester",1,1,"D",0,1,"A",1.95,3.4,3.9,"0-1","1-1",15,6,7,2,2,0,0,0,8,3,16,12,2,11,28,"8-3","Y","N","N",2,0,6
"1384","E3",2025-08-30,"Bromley","Harrogate",2,0,"H",0,0,"D",1.75,3.6,4.6,"0-0","2-0",17,6,7,3,2,2,0,0,3,4,10,12,2,7,22,"3-4","Y","N","N",4,0,6
"1385","E3",2025-08-30,"Cambridge","Newport County",2,0,"H",1,0,"H",1.5,4.1,6.5,"1-0","2-0",10,3,4,2,0,1,0,0,7,4,10,14,2,11,24,"7-4","Y","N","N",1,0,6
"1386","E3",2025-08-30,"Chesterfield","Crawley Town",2,2,"D",0,2,"A",1.55,4.2,5.5,"0-2","2-2",12,3,3,3,4,5,0,0,8,5,20,15,4,13,35,"8-5","Y","Y","Y",9,0,6
"1387","E3",2025-08-30,"Grimsby","Bristol Rvs",0,1,"A",0,1,"A",1.95,3.5,3.7,"0-1","0-1",12,2,7,3,1,3,0,0,9,8,9,15,1,17,24,"9-8","N","N","N",4,0,6
"1388","E3",2025-08-30,"Milton Keynes Dons","Walsall",0,1,"A",0,0,"D",1.95,3.3,4,"0-0","0-1",18,5,6,2,2,1,0,0,5,3,8,14,1,8,22,"5-3","N","N","N",3,0,6
"1389","E3",2025-08-30,"Oldham","Gillingham",0,1,"A",0,0,"D",2.38,3.1,3.13,"0-0","0-1",11,3,8,2,5,3,0,0,7,2,11,16,1,9,27,"7-2","N","N","N",8,0,6
"1390","E3",2025-08-30,"Shrewsbury","Accrington",0,0,"D",0,0,"D",2.3,3.2,3.13,"0-0","0-0",17,5,9,4,3,3,0,0,2,6,8,15,0,8,23,"2-6","N","N","N",6,0,6
"1391","E3",2025-08-30,"Tranmere","Notts County",1,2,"A",1,0,"H",2.3,3.25,3.1,"1-0","1-2",15,2,7,4,5,2,0,0,8,3,10,8,3,11,18,"8-3","Y","Y","N",7,0,6
"1392","E3",2025-09-06,"Newport County","Bristol Rvs",2,3,"A",0,0,"D",3.9,3.6,1.9,"0-0","2-3",11,5,12,4,1,3,0,0,1,3,16,15,5,4,31,"1-3","Y","Y","Y",4,0,6
"1393","E3",2025-09-06,"Barnet","Shrewsbury",1,3,"A",1,3,"A",1.73,3.7,4.6,"1-3","1-3",15,6,11,4,1,5,0,0,6,3,11,9,4,9,20,"6-3","Y","Y","Y",6,0,7
"1394","E3",2025-09-06,"Barrow","Swindon",1,3,"A",0,2,"A",2.75,3.25,2.5,"0-2","1-3",14,2,8,3,1,3,0,0,8,2,9,12,4,10,21,"8-2","Y","Y","Y",4,0,7
"1395","E3",2025-09-06,"Cambridge","Oldham",0,1,"A",0,1,"A",1.95,3.3,4,"0-1","0-1",14,3,6,4,3,2,0,0,11,2,7,10,1,13,17,"11-2","N","N","N",5,0,7
"1396","E3",2025-09-06,"Cheltenham","Accrington",1,0,"H",1,0,"H",2.45,3.3,2.8,"1-0","1-0",13,3,8,1,1,3,0,0,5,5,13,17,1,10,30,"5-5","N","N","N",4,0,7
"1397","E3",2025-09-06,"Colchester","Crewe",1,1,"D",0,1,"A",2.63,3.25,2.63,"0-1","1-1",14,7,5,1,2,4,0,0,3,2,14,17,2,5,31,"3-2","Y","N","N",6,0,7
"1398","E3",2025-09-06,"Harrogate","Crawley Town",0,1,"A",0,1,"A",2.63,3.4,2.55,"0-1","0-1",21,6,13,3,1,3,0,1,5,7,18,14,1,12,32,"5-7","N","N","N",4,1,7
"1399","E3",2025-09-06,"Milton Keynes Dons","Grimsby",2,3,"A",0,3,"A",2,3.5,3.6,"0-3","2-3",8,2,13,8,2,1,1,0,6,5,11,11,5,11,22,"6-5","Y","Y","Y",3,1,7
"1400","E3",2025-09-06,"Notts County","Fleetwood Town",1,0,"H",0,0,"D",1.95,3.5,3.75,"0-0","1-0",13,4,13,6,3,3,0,0,9,5,16,16,1,14,32,"9-5","N","N","N",6,0,7
"1401","E3",2025-09-06,"Salford","Tranmere",3,1,"H",0,0,"D",2.25,3.3,3.13,"0-0","3-1",27,8,11,4,1,0,0,0,10,2,13,13,4,12,26,"10-2","Y","Y","Y",1,0,7
"1402","E3",2025-09-06,"Walsall","Chesterfield",1,0,"H",1,0,"H",2.8,3.25,2.5,"1-0","1-0",7,2,9,0,2,4,1,0,7,2,15,9,1,9,24,"7-2","N","N","N",6,1,7
"1403","E3",2025-09-06,"Bromley","Gillingham",2,2,"D",2,0,"H",2.25,3.2,3.3,"2-0","2-2",16,6,15,5,2,2,0,0,5,7,8,11,4,12,19,"5-7","Y","Y","Y",4,0,7
"1404","E3",2025-09-13,"Accrington","Colchester",1,0,"H",1,0,"H",2.8,3.13,2.55,"1-0","1-0",16,8,5,0,2,3,0,1,5,4,15,17,1,9,32,"5-4","N","N","N",5,1,7
"1405","E3",2025-09-13,"Crawley Town","Cheltenham",2,0,"H",0,0,"D",1.83,3.7,4,"0-0","2-0",17,6,11,3,2,1,0,0,7,4,13,15,2,11,28,"7-4","Y","N","N",3,0,8
"1406","E3",2025-09-13,"Bristol Rvs","Barrow",2,1,"H",2,0,"H",1.85,3.5,4.2,"2-0","2-1",12,3,15,2,2,3,0,0,6,9,7,13,3,15,20,"6-9","Y","Y","N",5,0,8
"1407","E3",2025-09-13,"Chesterfield","Milton Keynes Dons",1,1,"D",0,1,"A",2.2,3.4,3.2,"0-1","1-1",12,4,4,1,1,4,0,0,7,4,9,16,2,11,25,"7-4","Y","N","N",5,0,8
"1408","E3",2025-09-13,"Crewe","Barnet",1,2,"A",0,0,"D",2.55,3.4,2.63,"0-0","1-2",11,5,12,5,0,4,0,0,5,6,10,16,3,11,26,"5-6","Y","Y","N",4,0,8
"1409","E3",2025-09-13,"Fleetwood Town","Walsall",1,1,"D",1,1,"D",2.75,3.13,2.6,"1-1","1-1",9,2,13,2,1,1,0,0,6,6,10,11,2,12,21,"6-6","Y","N","N",2,0,8
"1410","E3",2025-09-13,"Gillingham","Notts County",1,0,"H",0,0,"D",2.38,3.2,3.1,"0-0","1-0",7,3,8,1,4,1,0,0,2,4,10,8,1,6,18,"2-4","N","N","N",5,0,8
"1411","E3",2025-09-13,"Grimsby","Cambridge",1,1,"D",0,1,"A",2.2,3.3,3.25,"0-1","1-1",11,5,11,4,3,4,0,0,5,5,15,22,2,10,37,"5-5","Y","N","N",7,0,8
"1412","E3",2025-09-13,"Oldham","Bromley",1,0,"H",0,0,"D",2.5,3.3,2.8,"0-0","1-0",16,6,14,3,2,1,0,0,8,8,11,11,1,16,22,"8-8","N","N","N",3,0,8
"1413","E3",2025-09-13,"Shrewsbury","Salford",1,3,"A",0,1,"A",2.63,3.3,2.6,"0-1","1-3",17,3,11,3,1,2,0,0,7,4,9,7,4,11,16,"7-4","Y","Y","Y",3,0,8
"1414","E3",2025-09-13,"Swindon","Harrogate",3,1,"H",1,1,"D",1.62,3.9,5.25,"1-1","3-1",22,7,7,4,2,2,0,0,6,7,10,8,4,13,18,"6-7","Y","Y","Y",4,0,8
"1415","E3",2025-09-13,"Tranmere","Newport County",1,1,"D",1,0,"H",1.67,3.75,5,"1-0","1-1",14,4,11,4,2,3,0,0,3,2,11,13,2,5,24,"3-2","Y","N","N",5,0,8
"1416","E3",2025-09-20,"Cambridge","Fleetwood Town",2,1,"H",0,0,"D",1.87,3.3,4.4,"0-0","2-1",23,5,9,3,1,0,0,0,10,1,11,12,3,11,23,"10-1","Y","Y","N",1,0,8
"1417","E3",2025-09-20,"Harrogate","Shrewsbury",2,0,"H",0,0,"D",2.63,3.25,2.63,"0-0","2-0",13,9,16,2,3,3,0,0,4,5,10,12,2,9,22,"4-5","Y","N","N",6,0,9
"1418","E3",2025-09-20,"Barnet","Grimsby",3,0,"H",1,0,"H",2.25,3.5,3,"1-0","3-0",19,5,7,1,2,0,0,0,9,4,9,6,3,13,15,"9-4","Y","Y","N",2,0,9
"1419","E3",2025-09-20,"Barrow","Crewe",1,0,"H",0,0,"D",2.75,3.25,2.55,"0-0","1-0",8,3,11,5,2,2,0,0,2,8,10,8,1,10,18,"2-8","N","N","N",4,0,9
"1420","E3",2025-09-20,"Bromley","Chesterfield",2,2,"D",1,1,"D",2.88,3.4,2.38,"1-1","2-2",15,6,9,2,2,3,0,0,10,4,12,8,4,14,20,"10-4","Y","Y","Y",5,0,9
"1421","E3",2025-09-20,"Cheltenham","Oldham",0,3,"A",0,1,"A",3,3.25,2.38,"0-1","0-3",9,2,22,9,3,0,0,0,6,7,14,18,3,13,32,"6-7","Y","Y","N",3,0,9
"1422","E3",2025-09-20,"Colchester","Bristol Rvs",1,1,"D",0,1,"A",2.38,3.2,3,"0-1","1-1",10,4,10,1,2,5,0,0,4,2,7,17,2,6,24,"4-2","Y","N","N",7,0,9
"1423","E3",2025-09-20,"Milton Keynes Dons","Accrington",1,2,"A",0,1,"A",1.53,4.1,6,"0-1","1-2",7,3,15,6,3,2,1,0,3,5,14,7,3,8,21,"3-5","Y","Y","N",5,1,9
"1424","E3",2025-09-20,"Newport County","Gillingham",1,3,"A",1,3,"A",3.6,3.3,2.05,"1-3","1-3",15,7,12,6,2,4,0,0,5,5,8,15,4,10,23,"5-5","Y","Y","Y",6,0,9
"1425","E3",2025-09-20,"Notts County","Crawley Town",4,0,"H",1,0,"H",1.9,3.7,3.75,"1-0","4-0",12,8,7,2,0,2,0,0,6,1,12,18,4,7,30,"6-1","Y","Y","Y",2,0,9
"1426","E3",2025-09-20,"Salford","Swindon",3,2,"H",2,0,"H",2.25,3.5,3,"2-0","3-2",11,7,11,6,1,2,0,0,6,10,12,10,5,16,22,"6-10","Y","Y","Y",3,0,9
"1427","E3",2025-09-20,"Walsall","Tranmere",4,2,"H",2,1,"H",1.95,3.25,4,"2-1","4-2",15,7,17,3,0,1,0,0,8,8,9,8,6,16,17,"8-8","Y","Y","Y",1,0,9
"1428","E3",2025-09-27,"Crewe","Notts County",2,1,"H",1,1,"D",2.25,3.4,3,"1-1","2-1",9,3,17,6,3,4,0,0,8,5,18,14,3,13,32,"8-5","Y","Y","N",7,0,9
"1429","E3",2025-09-27,"Oldham","Barnet",1,1,"D",0,1,"A",2.63,3.25,2.63,"0-1","1-1",13,4,13,3,2,3,0,0,4,6,15,15,2,10,30,"4-6","Y","N","N",5,0,10
"1430","E3",2025-09-27,"Accrington","Walsall",1,3,"A",0,0,"D",3.13,3.2,2.3,"0-0","1-3",19,5,8,5,0,1,0,0,8,3,11,14,4,11,25,"8-3","Y","Y","Y",1,0,10
"1431","E3",2025-09-27,"Bristol Rvs","Salford",2,1,"H",1,1,"D",2.3,3.5,2.9,"1-1","2-1",7,2,18,6,1,4,0,1,2,5,17,14,3,7,31,"2-5","Y","Y","N",5,1,10
"1432","E3",2025-09-27,"Chesterfield","Newport County",4,1,"H",2,0,"H",1.36,4.8,8,"2-0","4-1",12,4,10,3,3,2,0,0,4,3,12,21,5,7,33,"4-3","Y","Y","Y",5,0,10
"1433","E3",2025-09-27,"Crawley Town","Barrow",1,2,"A",0,2,"A",2.2,3.4,3.2,"0-2","1-2",20,6,18,8,3,3,0,0,12,7,5,6,3,19,11,"12-7","Y","Y","N",6,0,10
"1434","E3",2025-09-27,"Fleetwood Town","Colchester",4,2,"H",1,2,"A",2.25,3.25,3.2,"1-2","4-2",18,7,12,4,0,0,0,0,4,1,14,13,6,5,27,"4-1","Y","Y","Y",0,0,10
"1435","E3",2025-09-27,"Gillingham","Harrogate",0,1,"A",0,1,"A",1.73,3.6,4.8,"0-1","0-1",18,2,7,2,1,1,0,0,12,1,11,4,1,13,15,"12-1","N","N","N",2,0,10
"1436","E3",2025-09-27,"Grimsby","Cheltenham",7,1,"H",2,1,"H",1.44,4.33,7,"2-1","7-1",27,13,3,1,0,2,0,2,8,1,11,13,8,9,24,"8-1","Y","Y","Y",2,2,10
"1437","E3",2025-09-27,"Shrewsbury","Milton Keynes Dons",1,2,"A",0,2,"A",3.2,3.3,2.25,"0-2","1-2",11,4,7,4,2,0,0,0,7,1,15,11,3,8,26,"7-1","Y","Y","N",2,0,10
"1438","E3",2025-09-27,"Swindon","Bromley",2,0,"H",2,0,"H",2.05,3.5,3.5,"2-0","2-0",11,6,15,2,2,1,0,0,6,4,13,9,2,10,22,"6-4","Y","N","N",3,0,10
"1439","E3",2025-09-27,"Tranmere","Cambridge",0,0,"D",0,0,"D",2.7,3.1,2.7,"0-0","0-0",4,1,12,1,1,2,0,0,1,7,11,12,0,8,23,"1-7","N","N","N",3,0,10
"1440","E3",2025-10-04,"Milton Keynes Dons","Gillingham",3,2,"H",1,0,"H",2,3.4,3.75,"1-0","3-2",13,4,14,4,2,3,0,0,3,4,20,11,5,7,31,"3-4","Y","Y","Y",5,0,10
"1441","E3",2025-10-04,"Newport County","Swindon",0,1,"A",0,1,"A",4.33,3.9,1.73,"0-1","0-1",9,1,11,3,4,5,0,0,5,6,14,15,1,11,29,"5-6","N","N","N",9,0,11
"1442","E3",2025-10-04,"Barnet","Accrington",2,0,"H",1,0,"H",1.62,3.9,5.25,"1-0","2-0",15,5,15,2,1,3,0,0,4,4,9,10,2,8,19,"4-4","Y","N","N",4,0,11
"1443","E3",2025-10-04,"Barrow","Shrewsbury",0,0,"D",0,0,"D",2.15,3.3,3.4,"0-0","0-0",7,2,10,1,2,2,0,0,3,7,11,12,0,10,23,"3-7","N","N","N",4,0,11
"1444","E3",2025-10-04,"Bromley","Tranmere",3,3,"D",2,1,"H",1.83,3.6,4.1,"2-1","3-3",17,8,9,4,2,3,1,0,8,2,9,18,6,10,27,"8-2","Y","Y","Y",5,1,11
"1445","E3",2025-10-04,"Cambridge","Crawley Town",3,1,"H",1,0,"H",1.75,3.7,4.5,"1-0","3-1",7,5,14,3,2,5,0,0,2,10,11,16,4,12,27,"2-10","Y","Y","Y",7,0,11
"1446","E3",2025-10-04,"Cheltenham","Fleetwood Town",2,0,"H",0,0,"D",3.13,3.3,2.25,"0-0","2-0",11,5,18,6,1,4,0,0,0,6,7,11,2,6,18,"0-6","Y","N","N",5,0,11
"1447","E3",2025-10-04,"Colchester","Chesterfield",6,2,"H",4,1,"H",3.1,3.4,2.25,"4-1","6-2",23,13,6,2,1,1,0,0,3,3,7,16,8,6,23,"3-3","Y","Y","Y",2,0,11
"1448","E3",2025-10-04,"Notts County","Oldham",3,1,"H",2,0,"H",2.15,3.4,3.3,"2-0","3-1",18,11,10,4,1,1,0,0,2,9,2,12,4,11,14,"2-9","Y","Y","Y",2,0,11
"1449","E3",2025-10-04,"Salford","Grimsby",0,2,"A",0,2,"A",2.2,3.6,3,"0-2","0-2",13,4,13,3,3,3,0,0,4,5,18,18,2,9,36,"4-5","Y","N","N",6,0,11
"1450","E3",2025-10-04,"Walsall","Bristol Rvs",2,1,"H",0,1,"A",2.1,3.3,3.5,"0-1","2-1",6,2,6,3,3,3,0,0,3,2,12,15,3,5,27,"3-2","Y","Y","N",6,0,11
"1451","E3",2025-10-06,"Harrogate","Crewe",1,2,"A",1,1,"D",3.2,3.3,2.1,"1-1","1-2",10,1,14,3,2,0,0,0,3,6,11,13,3,9,24,"3-6","Y","Y","N",2,0,11
"1452","E3",2025-10-11,"Accrington","Newport County",0,1,"A",0,1,"A",1.8,3.6,4.33,"0-1","0-1",12,2,7,2,1,1,0,0,4,3,9,10,1,7,19,"4-3","N","N","N",2,0,11
"1453","E3",2025-10-11,"Bristol Rvs","Milton Keynes Dons",0,4,"A",0,1,"A",2.4,3.3,2.88,"0-1","0-4",6,1,13,7,2,2,0,0,7,2,9,13,4,9,22,"7-2","Y","Y","Y",4,0,12
"1454","E3",2025-10-11,"Chesterfield","Salford",2,0,"H",0,0,"D",2.2,3.6,3,"0-0","2-0",10,3,10,1,3,2,0,0,4,7,12,13,2,11,25,"4-7","Y","N","N",5,0,12
"1455","E3",2025-10-11,"Crawley Town","Walsall",1,1,"D",1,0,"H",2.75,3.4,2.45,"1-0","1-1",16,8,9,4,2,2,0,0,4,7,12,14,2,11,26,"4-7","Y","N","N",4,0,12
"1456","E3",2025-10-11,"Crewe","Bromley",0,1,"A",0,0,"D",2.2,3.5,3.1,"0-0","0-1",7,1,12,5,1,2,0,0,5,5,13,16,1,10,29,"5-5","N","N","N",3,0,12
"1457","E3",2025-10-11,"Fleetwood Town","Harrogate",3,2,"H",1,1,"D",1.8,3.6,4.33,"1-1","3-2",16,5,13,5,0,0,0,0,4,3,13,10,5,7,23,"4-3","Y","Y","Y",0,0,12
"1458","E3",2025-10-11,"Gillingham","Cheltenham",1,1,"D",0,0,"D",1.53,3.9,6.5,"0-0","1-1",30,10,11,1,0,2,0,0,11,2,10,13,2,13,23,"11-2","Y","N","N",2,0,12
"1459","E3",2025-10-11,"Grimsby","Colchester",1,2,"A",1,1,"D",1.73,3.75,4.5,"1-1","1-2",6,2,15,6,3,4,0,0,6,3,14,12,3,9,26,"6-3","Y","Y","N",7,0,12
"1460","E3",2025-10-11,"Shrewsbury","Cambridge",2,0,"H",2,0,"H",3.25,3.1,2.3,"2-0","2-0",4,2,6,1,2,1,0,0,3,3,9,8,2,6,17,"3-3","Y","N","N",3,0,12
"1461","E3",2025-10-11,"Tranmere","Barnet",0,2,"A",0,2,"A",3.13,3.4,2.2,"0-2","0-2",13,0,14,4,0,4,0,1,2,6,13,14,2,8,27,"2-6","Y","N","N",4,1,12
"1462","E3",2025-10-11,"Oldham","Barrow",0,0,"D",0,0,"D",1.87,3.4,4.2,"0-0","0-0",18,4,6,2,1,1,0,0,7,4,9,15,0,11,24,"7-4","N","N","N",2,0,12
"1463","E3",2025-10-18,"Cambridge","Bromley",2,1,"H",2,0,"H",2.2,3.25,3.3,"2-0","2-1",13,4,11,2,2,1,0,0,3,3,12,12,3,6,24,"3-3","Y","Y","N",3,0,12
"1464","E3",2025-10-18,"Salford","Oldham",1,0,"H",1,0,"H",2.05,3.5,3.4,"1-0","1-0",29,8,15,5,3,2,0,1,7,7,11,19,1,14,30,"7-7","N","N","N",5,1,12
"1465","E3",2025-10-18,"Accrington","Swindon",4,0,"H",1,0,"H",3.8,3.6,1.91,"1-0","4-0",19,6,8,3,0,3,0,1,3,5,9,8,4,8,17,"3-5","Y","Y","Y",3,1,13
"1466","E3",2025-10-18,"Barnet","Notts County",0,1,"A",0,0,"D",2,3.6,3.5,"0-0","0-1",18,5,4,1,3,2,0,0,12,2,14,17,1,14,31,"12-2","N","N","N",5,0,13
"1467","E3",2025-10-18,"Bristol Rvs","Tranmere",1,4,"A",0,1,"A",1.87,3.5,4.1,"0-1","1-4",12,2,20,9,2,2,0,0,6,5,13,14,5,11,27,"6-5","Y","Y","Y",4,0,13
"1468","E3",2025-10-18,"Chesterfield","Fleetwood Town",1,1,"D",1,1,"D",1.75,3.8,4.33,"1-1","1-1",14,5,6,2,1,3,0,0,9,9,5,9,2,18,14,"9-9","Y","N","N",4,0,13
"1469","E3",2025-10-18,"Colchester","Harrogate",3,1,"H",3,1,"H",1.7,3.8,4.8,"3-1","3-1",19,8,5,2,1,3,0,0,5,4,12,14,4,9,26,"5-4","Y","Y","Y",4,0,13
"1470","E3",2025-10-18,"Grimsby","Gillingham",1,0,"H",0,0,"D",2,3.4,3.7,"0-0","1-0",24,9,3,2,3,4,0,2,6,2,14,17,1,8,31,"6-2","N","N","N",7,2,13
"1471","E3",2025-10-18,"Milton Keynes Dons","Crewe",3,1,"H",2,0,"H",1.8,3.6,4.33,"2-0","3-1",10,7,10,2,4,0,0,0,4,7,14,11,4,11,25,"4-7","Y","Y","Y",4,0,13
"1472","E3",2025-10-18,"Newport County","Cheltenham",0,2,"A",0,1,"A",2.25,3.3,3.13,"0-1","0-2",9,3,10,4,4,1,0,0,3,3,7,13,2,6,20,"3-3","Y","N","N",5,0,13
"1473","E3",2025-10-18,"Shrewsbury","Crawley Town",1,0,"H",0,0,"D",2.25,3.4,3.1,"0-0","1-0",13,4,15,3,3,3,0,1,6,6,14,15,1,12,29,"6-6","N","N","N",6,1,13
"1474","E3",2025-10-18,"Walsall","Barrow",1,2,"A",0,1,"A",1.83,3.4,4.4,"0-1","1-2",24,11,5,2,1,2,0,1,14,0,7,11,3,14,18,"14-0","Y","Y","N",3,1,13
"1475","E3",2025-10-21,"Swindon","Notts County",2,2,"D",1,1,"D",2.1,3.5,3.3,"1-1","2-2",11,5,8,5,2,4,0,0,6,1,10,17,4,7,27,"6-1","Y","Y","Y",6,0,13
"1476","E3",2025-10-25,"Cheltenham","Walsall",1,0,"H",0,0,"D",4.33,3.5,1.83,"0-0","1-0",8,1,14,6,2,1,0,0,1,4,6,9,1,5,15,"1-4","N","N","N",3,0,13
"1477","E3",2025-10-25,"Fleetwood Town","Accrington",2,1,"H",0,1,"A",2,3.4,3.7,"0-1","2-1",15,7,13,2,1,3,0,0,7,9,9,14,3,16,23,"7-9","Y","Y","N",4,0,14
"1478","E3",2025-10-25,"Barrow","Barnet",2,2,"D",1,0,"H",3.8,3.5,1.95,"1-0","2-2",6,3,18,9,2,1,1,0,4,7,8,2,4,11,10,"4-7","Y","Y","Y",3,1,14
"1479","E3",2025-10-25,"Bromley","Milton Keynes Dons",2,1,"H",0,1,"A",2.55,3.4,2.63,"0-1","2-1",10,4,7,3,1,0,0,0,7,2,8,11,3,9,19,"7-2","Y","Y","N",1,0,14
"1480","E3",2025-10-25,"Crawley Town","Bristol Rvs",4,0,"H",1,0,"H",2.38,3.4,2.88,"1-0","4-0",14,6,4,3,2,3,0,1,5,3,13,14,4,8,27,"5-3","Y","Y","Y",5,1,14
"1481","E3",2025-10-25,"Crewe","Grimsby",3,2,"H",2,2,"D",2.63,3.4,2.55,"2-2","3-2",11,5,12,2,1,1,0,0,3,3,15,15,5,6,30,"3-3","Y","Y","Y",2,0,14
"1482","E3",2025-10-25,"Gillingham","Salford",1,2,"A",1,2,"A",2.55,3.3,2.7,"1-2","1-2",14,7,13,2,2,5,0,0,5,5,17,16,3,10,33,"5-5","Y","Y","N",7,0,14
"1483","E3",2025-10-25,"Harrogate","Newport County",0,3,"A",0,1,"A",2,3.5,3.6,"0-1","0-3",13,3,16,8,2,0,0,0,4,1,8,15,3,5,23,"4-1","Y","Y","N",2,0,14
"1484","E3",2025-10-25,"Notts County","Cambridge",2,0,"H",0,0,"D",2.38,3.2,3,"0-0","2-0",4,3,5,1,0,4,0,0,0,5,12,17,2,5,29,"0-5","Y","N","N",4,0,14
"1485","E3",2025-10-25,"Oldham","Shrewsbury",2,2,"D",0,0,"D",1.93,3.4,4,"0-0","2-2",12,4,9,3,1,4,0,0,7,2,8,17,4,9,25,"7-2","Y","Y","Y",5,0,14
"1486","E3",2025-10-25,"Swindon","Colchester",0,0,"D",0,0,"D",2.1,3.6,3.2,"0-0","0-0",9,1,9,1,1,0,0,0,1,5,11,8,0,6,19,"1-5","N","N","N",1,0,14
"1487","E3",2025-10-25,"Tranmere","Chesterfield",1,1,"D",0,1,"A",2.9,3.5,2.3,"0-1","1-1",13,6,9,4,0,2,0,0,4,7,14,14,2,11,28,"4-7","Y","N","N",2,0,14
"1488","E3",2025-10-28,"Accrington","Tranmere",1,1,"D",1,0,"H",2.45,3.3,2.8,"1-0","1-1",15,4,9,3,1,2,0,0,4,2,5,13,2,6,18,"4-2","Y","N","N",3,0,14
"1489","E3",2025-11-08,"Colchester","Bromley",0,2,"A",0,0,"D",2.1,3.5,3.25,"0-0","0-2",10,2,7,3,2,3,0,0,9,2,10,13,2,11,23,"9-2","Y","N","N",5,0,15
"1490","E3",2025-11-08,"Crewe","Shrewsbury",3,1,"H",1,1,"D",1.95,3.3,4,"1-1","3-1",21,6,16,2,2,4,0,0,7,4,6,12,4,11,18,"7-4","Y","Y","Y",6,0,15
"1491","E3",2025-11-08,"Barnet","Milton Keynes Dons",2,2,"D",2,1,"H",2.15,3.5,3.2,"2-1","2-2",12,5,7,4,1,4,0,0,6,2,12,20,4,8,32,"6-2","Y","Y","Y",5,0,15
"1492","E3",2025-11-08,"Barrow","Grimsby",2,2,"D",1,2,"A",3.6,3.5,2,"1-2","2-2",11,4,17,6,3,1,0,0,3,2,12,8,4,5,20,"3-2","Y","Y","Y",4,0,15
"1493","E3",2025-11-08,"Bristol Rvs","Gillingham",0,1,"A",0,0,"D",2.55,3.25,2.75,"0-0","0-1",17,4,7,2,1,4,0,0,12,3,3,14,1,15,17,"12-3","N","N","N",5,0,15
"1494","E3",2025-11-08,"Chesterfield","Accrington",3,3,"D",1,2,"A",1.65,3.75,5.25,"1-2","3-3",17,5,16,8,3,5,0,0,11,3,9,10,6,14,19,"11-3","Y","Y","Y",8,0,15
"1495","E3",2025-11-08,"Crawley Town","Fleetwood Town",2,1,"H",1,0,"H",2.2,3.6,3,"1-0","2-1",21,5,7,1,2,2,0,1,11,3,6,13,3,14,19,"11-3","Y","Y","N",4,1,15
"1496","E3",2025-11-08,"Harrogate","Oldham",0,1,"A",0,1,"A",3.4,3.3,2.15,"0-1","0-1",9,2,14,1,2,1,0,1,8,6,8,11,1,14,19,"8-6","N","N","N",3,1,15
"1497","E3",2025-11-08,"Newport County","Walsall",2,4,"A",2,3,"A",4.2,3.5,1.85,"2-3","2-4",12,3,17,10,4,2,0,0,4,5,10,14,6,9,24,"4-5","Y","Y","Y",6,0,15
"1498","E3",2025-11-08,"Salford","Cambridge",0,0,"D",0,0,"D",2.2,3.3,3.25,"0-0","0-0",6,0,9,1,4,2,0,0,4,4,13,13,0,8,26,"4-4","N","N","N",6,0,15
"1499","E3",2025-11-08,"Swindon","Tranmere",2,1,"H",0,0,"D",1.73,3.9,4.4,"0-0","2-1",18,7,8,2,3,3,0,0,8,3,5,18,3,11,23,"8-3","Y","Y","N",6,0,15
"1500","E3",2025-11-10,"Cheltenham","Notts County",1,2,"A",0,2,"A",3.7,3.4,1.9,"0-2","1-2",7,2,18,4,0,3,0,0,5,7,12,11,3,12,23,"5-7","Y","Y","N",3,0,15
"1501","E3",2025-11-15,"Accrington","Bristol Rvs",3,1,"H",1,0,"H",2.38,3.4,2.88,"1-0","3-1",9,5,10,2,3,3,0,0,3,5,13,12,4,8,25,"3-5","Y","Y","Y",6,0,16
"1502","E3",2025-11-15,"Bromley","Barrow",2,1,"H",1,0,"H",1.73,3.7,4.6,"1-0","2-1",15,6,7,2,1,2,0,0,4,1,8,9,3,5,17,"4-1","Y","Y","N",3,0,16
"1503","E3",2025-11-15,"Cambridge","Barnet",0,0,"D",0,0,"D",2.63,3.2,2.7,"0-0","0-0",9,1,11,4,2,0,0,0,3,7,17,7,0,10,24,"3-7","N","N","N",2,0,16
"1504","E3",2025-11-15,"Fleetwood Town","Swindon",1,1,"D",1,1,"D",2.4,3.5,2.75,"1-1","1-1",12,2,15,6,0,3,0,0,9,6,11,18,2,15,29,"9-6","Y","N","N",3,0,16
"1505","E3",2025-11-15,"Grimsby","Chesterfield",0,1,"A",0,0,"D",2.1,3.6,3.25,"0-0","0-1",12,4,8,1,2,3,0,0,11,5,14,11,1,16,25,"11-5","N","N","N",5,0,16
"1506","E3",2025-11-15,"Milton Keynes Dons","Salford",2,0,"H",1,0,"H",2.2,3.5,3.1,"1-0","2-0",6,4,11,4,2,2,0,0,3,4,8,12,2,7,20,"3-4","Y","N","N",4,0,16
"1507","E3",2025-11-15,"Notts County","Harrogate",1,1,"D",0,1,"A",1.45,4.4,7,"0-1","1-1",15,3,3,1,0,2,0,0,11,1,4,15,2,12,19,"11-1","Y","N","N",2,0,16
"1508","E3",2025-11-15,"Oldham","Crewe",0,0,"D",0,0,"D",2.25,3.3,3.13,"0-0","0-0",16,2,15,2,2,1,0,0,5,6,19,7,0,11,26,"5-6","N","N","N",3,0,16
"1509","E3",2025-11-15,"Shrewsbury","Newport County",1,0,"H",0,0,"D",1.87,3.5,4.1,"0-0","1-0",19,6,10,2,4,2,0,0,8,4,14,15,1,12,29,"8-4","N","N","N",6,0,16
"1510","E3",2025-11-15,"Tranmere","Cheltenham",3,2,"H",2,1,"H",1.7,3.75,4.8,"2-1","3-2",13,4,14,4,2,1,0,0,2,7,5,7,5,9,12,"2-7","Y","Y","Y",3,0,16
"1511","E3",2025-11-15,"Walsall","Colchester",0,2,"A",0,2,"A",2.2,3.25,3.25,"0-2","0-2",13,3,3,2,2,4,0,0,5,1,9,18,2,6,27,"5-1","Y","N","N",6,0,16
"1512","E3",2025-11-15,"Gillingham","Crawley Town",2,2,"D",1,0,"H",1.85,3.6,4.1,"1-0","2-2",17,9,20,8,1,2,0,0,8,7,9,10,4,15,19,"8-7","Y","Y","Y",3,0,16
"1513","E3",2025-11-22,"Gillingham","Barnet",1,1,"D",1,1,"D",3,3.3,2.3,"1-1","1-1",11,4,13,4,4,3,0,0,2,7,18,9,2,9,27,"2-7","Y","N","N",7,0,17
"1514","E3",2025-11-22,"Harrogate","Walsall",0,2,"A",0,1,"A",4.75,3.5,1.75,"0-1","0-2",7,0,18,6,1,2,0,0,2,7,16,14,2,9,30,"2-7","Y","N","N",3,0,17
"1515","E3",2025-11-22,"Barrow","Cambridge",0,2,"A",0,0,"D",3.25,3.1,2.3,"0-0","0-2",9,3,11,7,1,2,0,0,4,3,12,10,2,7,22,"4-3","Y","N","N",3,0,17
"1516","E3",2025-11-22,"Bromley","Salford",2,0,"H",2,0,"H",2.2,3.5,3.1,"2-0","2-0",10,3,15,5,0,2,0,0,4,7,11,16,2,11,27,"4-7","Y","N","N",2,0,17
"1517","E3",2025-11-22,"Cheltenham","Bristol Rvs",1,0,"H",0,0,"D",3,3.4,2.3,"0-0","1-0",4,1,17,3,4,1,0,0,6,7,13,11,1,13,24,"6-7","N","N","N",5,0,17
"1518","E3",2025-11-22,"Crawley Town","Accrington",1,1,"D",0,1,"A",2.05,3.5,3.4,"0-1","1-1",12,4,8,4,3,2,0,0,7,4,10,11,2,11,21,"7-4","Y","N","N",5,0,17
"1519","E3",2025-11-22,"Crewe","Chesterfield",3,3,"D",1,2,"A",2.3,3.4,3,"1-2","3-3",22,9,12,7,2,1,0,0,5,2,16,13,6,7,29,"5-2","Y","Y","Y",3,0,17
"1520","E3",2025-11-22,"Fleetwood Town","Shrewsbury",3,1,"H",1,0,"H",2.15,3.3,3.4,"1-0","3-1",13,6,13,3,0,1,1,0,3,2,8,6,4,5,14,"3-2","Y","Y","Y",1,1,17
"1521","E3",2025-11-22,"Notts County","Colchester",1,3,"A",1,1,"D",2.2,3.4,3.13,"1-1","1-3",15,4,8,4,1,3,0,0,4,3,14,14,4,7,28,"4-3","Y","Y","Y",4,0,17
"1522","E3",2025-11-22,"Oldham","Newport County",3,0,"H",0,0,"D",1.62,3.9,5.25,"0-0","3-0",19,7,10,3,2,1,0,0,9,6,11,8,3,15,19,"9-6","Y","Y","N",3,0,17
"1523","E3",2025-11-22,"Swindon","Grimsby",2,2,"D",2,2,"D",2.3,3.5,2.9,"2-2","2-2",14,6,15,6,2,2,0,0,6,8,17,7,4,14,24,"6-8","Y","Y","Y",4,0,17
"1524","E3",2025-11-22,"Tranmere","Milton Keynes Dons",2,2,"D",2,0,"H",2.9,3.3,2.38,"2-0","2-2",10,4,15,3,2,1,0,1,1,8,11,10,4,9,21,"1-8","Y","Y","Y",3,1,17
"1525","E3",2025-11-27,"Grimsby","Tranmere",1,2,"A",0,1,"A",1.7,3.6,4.4,"0-1","1-2",13,6,6,2,0,4,0,0,5,1,8,17,3,6,25,"5-1","Y","Y","N",4,0,18
"1526","E3",2025-11-29,"Accrington","Oldham",1,0,"H",1,0,"H",2.7,3.25,2.6,"1-0","1-0",7,1,16,5,4,2,0,0,2,6,9,15,1,8,24,"2-6","N","N","N",6,0,18
"1527","E3",2025-11-29,"Milton Keynes Dons","Fleetwood Town",2,1,"H",1,0,"H",1.7,3.8,4.8,"1-0","2-1",19,5,8,4,2,0,0,0,6,2,13,14,3,8,27,"6-2","Y","Y","N",2,0,18
"1528","E3",2025-11-29,"Barnet","Harrogate",1,1,"D",1,0,"H",1.29,5.5,10.5,"1-0","1-1",18,5,9,2,0,2,0,0,7,3,17,14,2,10,31,"7-3","Y","N","N",2,0,18
"1529","E3",2025-11-29,"Bristol Rvs","Notts County",0,1,"A",0,0,"D",2.88,3.4,2.4,"0-0","0-1",17,4,5,1,2,5,0,1,9,2,8,8,1,11,16,"9-2","N","N","N",7,1,18
"1530","E3",2025-11-29,"Cambridge","Crewe",2,1,"H",0,0,"D",2.3,3.2,3.13,"0-0","2-1",16,6,5,4,1,2,0,0,10,1,10,11,3,11,21,"10-1","Y","Y","N",3,0,18
"1531","E3",2025-11-29,"Chesterfield","Swindon",1,2,"A",1,1,"D",2.3,3.5,2.9,"1-1","1-2",13,2,11,5,1,3,0,1,7,3,9,9,3,10,18,"7-3","Y","Y","N",4,1,18
"1532","E3",2025-11-29,"Colchester","Cheltenham",2,0,"H",1,0,"H",1.5,4.1,6.5,"1-0","2-0",9,5,9,2,1,2,0,0,1,1,5,11,2,2,16,"1-1","Y","N","N",3,0,18
"1533","E3",2025-11-29,"Newport County","Barrow",2,2,"D",1,1,"D",2.7,3.3,2.55,"1-1","2-2",10,5,13,4,0,1,0,0,2,2,5,13,4,4,18,"2-2","Y","Y","Y",1,0,18
"1534","E3",2025-11-29,"Salford","Crawley Town",4,3,"H",1,1,"D",1.75,3.9,4.2,"1-1","4-3",17,8,15,5,1,2,0,0,12,4,14,8,7,16,22,"12-4","Y","Y","Y",3,0,18
"1535","E3",2025-11-29,"Shrewsbury","Gillingham",3,3,"D",3,1,"H",2.38,3.2,3,"3-1","3-3",17,5,16,3,2,2,0,0,1,9,10,11,6,10,21,"1-9","Y","Y","Y",4,0,18
"1536","E3",2025-11-29,"Walsall","Bromley",3,1,"H",0,1,"A",2.2,3.3,3.25,"0-1","3-1",11,6,13,4,1,3,0,0,4,9,14,11,4,13,25,"4-9","Y","Y","Y",4,0,18
"1537","E3",2025-12-06,"Colchester","Gillingham",0,0,"D",0,0,"D",1.95,3.5,3.75,"0-0","0-0",12,2,10,3,1,4,0,0,1,6,14,14,0,7,28,"1-6","N","N","N",5,0,19
"1538","E3",2025-12-09,"Barnet","Bristol Rvs",4,0,"H",2,0,"H",1.57,3.9,5.75,"2-0","4-0",20,9,10,3,2,1,0,0,9,5,11,12,4,14,23,"9-5","Y","Y","Y",3,0,19
"1539","E3",2025-12-09,"Barrow","Tranmere",0,3,"A",0,0,"D",2.7,3.3,2.55,"0-0","0-3",15,4,11,5,4,1,1,0,5,5,10,8,3,10,18,"5-5","Y","Y","N",5,1,19
"1540","E3",2025-12-09,"Bromley","Crawley Town",3,1,"H",1,1,"D",1.9,3.7,3.75,"1-1","3-1",14,5,7,5,2,2,0,0,8,3,9,12,4,11,21,"8-3","Y","Y","Y",4,0,19
"1541","E3",2025-12-09,"Cambridge","Chesterfield",1,1,"D",1,0,"H",2,3.3,3.8,"1-0","1-1",13,7,8,4,0,0,0,0,5,1,8,13,2,6,21,"5-1","Y","N","N",0,0,19
"1542","E3",2025-12-09,"Fleetwood Town","Salford",1,1,"D",0,1,"A",2.75,3.5,2.4,"0-1","1-1",9,3,16,4,2,1,0,0,2,6,15,15,2,8,30,"2-6","Y","N","N",3,0,19
"1543","E3",2025-12-09,"Harrogate","Accrington",0,2,"A",0,1,"A",3.25,3.3,2.2,"0-1","0-2",5,1,8,4,2,1,0,0,3,6,12,9,2,9,21,"3-6","Y","N","N",3,0,19
"1544","E3",2025-12-09,"Notts County","Milton Keynes Dons",3,2,"H",2,2,"D",2.8,3.25,2.5,"2-2","3-2",9,7,15,6,2,3,0,0,2,1,12,16,5,3,28,"2-1","Y","Y","Y",5,0,19
"1545","E3",2025-12-09,"Shrewsbury","Grimsby",1,1,"D",1,1,"D",3.2,3.4,2.2,"1-1","1-1",8,1,12,4,2,2,0,0,2,6,13,13,2,8,26,"2-6","Y","N","N",4,0,19
"1546","E3",2025-12-09,"Swindon","Cheltenham",0,1,"A",0,0,"D",1.4,4.75,7,"0-0","0-1",9,0,11,4,2,2,0,0,6,6,11,9,1,12,20,"6-6","N","N","N",4,0,19
"1547","E3",2025-12-10,"Crewe","Newport County",2,2,"D",1,0,"H",1.6,4,5.25,"1-0","2-2",18,5,10,3,1,2,0,1,4,1,13,16,4,5,29,"4-1","Y","Y","Y",3,1,19
"1548","E3",2025-12-10,"Oldham","Walsall",0,1,"A",0,1,"A",2.63,3.2,2.7,"0-1","0-1",11,4,6,1,3,2,0,0,4,4,16,16,1,8,32,"4-4","N","N","N",5,0,19
"1549","E3",2025-12-13,"Bristol Rvs","Swindon",0,3,"A",0,3,"A",2.9,3.5,2.3,"0-3","0-3",11,1,18,6,1,0,1,1,4,7,15,7,3,11,22,"4-7","Y","Y","N",1,2,20
"1550","E3",2025-12-13,"Salford","Colchester",4,3,"H",1,1,"D",2.2,3.5,3.13,"1-1","4-3",16,10,14,7,3,0,0,0,5,3,13,9,7,8,22,"5-3","Y","Y","Y",3,0,20
"1551","E3",2025-12-13,"Accrington","Bromley",0,1,"A",0,0,"D",2.8,3.3,2.45,"0-0","0-1",15,1,11,5,1,2,0,0,7,4,8,11,1,11,19,"7-4","N","N","N",3,0,20
"1552","E3",2025-12-13,"Cheltenham","Harrogate",1,1,"D",0,0,"D",2.05,3.4,3.5,"0-0","1-1",10,2,15,7,2,1,0,0,5,5,11,14,2,10,25,"5-5","Y","N","N",3,0,20
"1553","E3",2025-12-13,"Chesterfield","Barnet",3,1,"H",2,1,"H",2.9,3.5,2.3,"2-1","3-1",16,6,10,3,3,0,0,0,5,13,9,4,4,18,13,"5-13","Y","Y","Y",3,0,20
"1554","E3",2025-12-13,"Crawley Town","Oldham",2,2,"D",1,0,"H",2.5,3.5,2.63,"1-0","2-2",19,5,19,8,1,3,0,0,4,7,16,13,4,11,29,"4-7","Y","Y","Y",4,0,20
"1555","E3",2025-12-13,"Gillingham","Barrow",2,2,"D",2,0,"H",1.87,3.4,4.2,"2-0","2-2",14,4,10,3,0,1,0,0,4,2,7,5,4,6,12,"4-2","Y","Y","Y",1,0,20
"1556","E3",2025-12-13,"Grimsby","Notts County",0,2,"A",0,0,"D",1.95,3.6,3.6,"0-0","0-2",16,4,9,2,1,3,0,0,6,3,15,13,2,9,28,"6-3","Y","N","N",4,0,20
"1557","E3",2025-12-13,"Milton Keynes Dons","Cambridge",1,1,"D",1,0,"H",2.15,3.2,3.5,"1-0","1-1",13,4,12,3,2,1,0,0,7,4,11,13,2,11,24,"7-4","Y","N","N",3,0,20
"1558","E3",2025-12-13,"Newport County","Fleetwood Town",0,2,"A",0,2,"A",2.88,3.4,2.4,"0-2","0-2",13,2,16,6,2,2,1,0,3,4,10,11,2,7,21,"3-4","Y","N","N",4,1,20
"1559","E3",2025-12-13,"Tranmere","Crewe",1,4,"A",0,2,"A",2.55,3.4,2.63,"0-2","1-4",18,5,9,5,4,2,0,0,8,2,16,12,5,10,28,"8-2","Y","Y","Y",6,0,20
"1560","E3",2025-12-13,"Walsall","Shrewsbury",1,1,"D",1,0,"H",1.7,3.6,5,"1-0","1-1",12,4,10,4,1,4,0,0,5,5,9,14,2,10,23,"5-5","Y","N","N",5,0,20
"1561","E3",2025-12-19,"Barrow","Cheltenham",1,2,"A",0,1,"A",1.95,3.4,3.9,"0-1","1-2",18,5,16,4,0,0,0,0,11,4,2,8,3,15,10,"11-4","Y","Y","N",0,0,21
"1562","E3",2025-12-19,"Cambridge","Accrington",2,0,"H",1,0,"H",1.8,3.3,4.8,"1-0","2-0",8,4,8,2,1,0,0,0,7,6,11,7,2,13,18,"7-6","Y","N","N",1,0,21
"1563","E3",2025-12-19,"Crewe","Bristol Rvs",1,1,"D",1,1,"D",2,3.5,3.6,"1-1","1-1",10,3,15,3,2,3,1,0,3,3,10,20,2,6,30,"3-3","Y","N","N",5,1,21
"1564","E3",2025-12-20,"Bromley","Grimsby",2,0,"H",1,0,"H",2.3,3.5,2.9,"1-0","2-0",9,6,9,2,2,3,0,0,2,7,10,16,2,9,26,"2-7","Y","N","N",5,0,21
"1565","E3",2025-12-20,"Notts County","Walsall",0,0,"D",0,0,"D",2.5,3.3,2.8,"0-0","0-0",14,3,1,1,1,2,0,0,6,1,6,15,0,7,21,"6-1","N","N","N",3,0,21
"1566","E3",2025-12-20,"Barnet","Salford",1,3,"A",0,2,"A",1.8,3.7,4.1,"0-2","1-3",16,7,9,5,0,2,0,0,3,4,12,17,4,7,29,"3-4","Y","Y","Y",2,0,21
"1567","E3",2025-12-20,"Colchester","Newport County",4,1,"H",2,0,"H",1.5,4.33,6,"2-0","4-1",16,7,7,2,1,2,0,0,2,2,12,9,5,4,21,"2-2","Y","Y","Y",3,0,21
"1568","E3",2025-12-20,"Fleetwood Town","Gillingham",2,1,"H",0,1,"A",2.3,3.4,3,"0-1","2-1",11,6,10,1,3,2,0,0,10,3,11,15,3,13,26,"10-3","Y","Y","N",5,0,21
"1569","E3",2025-12-20,"Harrogate","Milton Keynes Dons",0,4,"A",0,3,"A",5.25,3.8,1.62,"0-3","0-4",7,2,20,9,2,0,0,0,2,3,8,11,4,5,19,"2-3","Y","Y","Y",2,0,21
"1570","E3",2025-12-20,"Oldham","Tranmere",3,1,"H",1,1,"D",1.95,3.5,3.8,"1-1","3-1",16,7,17,5,3,1,1,0,5,3,13,8,4,8,21,"5-3","Y","Y","Y",4,1,21
"1571","E3",2025-12-20,"Shrewsbury","Chesterfield",0,1,"A",0,0,"D",2.9,3.4,2.38,"0-0","0-1",16,2,9,3,0,3,0,0,4,3,9,11,1,7,20,"4-3","N","N","N",3,0,21
"1572","E3",2025-12-20,"Swindon","Crawley Town",1,0,"H",0,0,"D",1.7,4,4.33,"0-0","1-0",6,2,17,4,1,3,0,0,1,12,9,13,1,13,22,"1-12","N","N","N",4,0,21
"1573","E3",2025-12-26,"Accrington","Barrow",2,1,"H",1,1,"D",2.1,3.2,3.3,"1-1","2-1",18,7,16,6,0,2,0,0,4,5,4,8,3,9,12,"4-5","Y","Y","N",2,0,22
"1574","E3",2025-12-26,"Bristol Rvs","Bromley",2,3,"A",2,0,"H",2.75,3.2,2.38,"2-0","2-3",9,3,16,6,2,1,1,0,4,2,11,11,5,6,22,"4-2","Y","Y","Y",3,1,22
"1575","E3",2025-12-26,"Cheltenham","Shrewsbury",3,1,"H",2,0,"H",2.7,3.13,2.45,"2-0","3-1",16,6,7,3,2,3,0,0,4,5,13,15,4,9,28,"4-5","Y","Y","Y",5,0,22
"1576","E3",2025-12-26,"Chesterfield","Notts County",2,0,"H",0,0,"D",2.3,3.4,2.75,"0-0","2-0",10,3,6,0,3,3,0,0,3,5,10,14,2,8,24,"3-5","Y","N","N",6,0,22
"1577","E3",2025-12-26,"Crawley Town","Colchester",1,1,"D",1,1,"D",2.88,3.4,2.2,"1-1","1-1",7,4,7,3,2,2,0,0,4,6,12,18,2,10,30,"4-6","Y","N","N",4,0,22
"1578","E3",2025-12-26,"Gillingham","Cambridge",1,1,"D",0,1,"A",2.8,3,2.45,"0-1","1-1",17,6,4,1,1,0,0,0,6,5,9,12,2,11,21,"6-5","Y","N","N",1,0,22
"1579","E3",2025-12-26,"Grimsby","Oldham",0,0,"D",0,0,"D",2,3.4,3.3,"0-0","0-0",8,3,12,7,1,2,0,0,11,2,9,22,0,13,31,"11-2","N","N","N",3,0,22
"1580","E3",2025-12-26,"Milton Keynes Dons","Swindon",1,0,"H",1,0,"H",1.93,3.5,3.5,"1-0","1-0",15,5,11,3,1,2,0,0,5,8,10,8,1,13,18,"5-8","N","N","N",3,0,22
"1581","E3",2025-12-26,"Newport County","Barnet",0,0,"D",0,0,"D",5.25,3.9,1.55,"0-0","0-0",9,3,15,2,1,0,0,0,1,7,11,14,0,8,25,"1-7","N","N","N",1,0,22
"1582","E3",2025-12-26,"Salford","Harrogate",1,0,"H",0,0,"D",1.33,4.6,7.5,"0-0","1-0",24,9,9,2,1,1,0,0,7,3,8,13,1,10,21,"7-3","N","N","N",2,0,22
"1583","E3",2025-12-26,"Tranmere","Fleetwood Town",1,0,"H",1,0,"H",2.25,3.3,2.88,"1-0","1-0",15,5,20,6,5,2,0,0,6,7,17,13,1,13,30,"6-7","N","N","N",7,0,22
"1584","E3",2025-12-26,"Walsall","Crewe",1,0,"H",1,0,"H",2,3.25,3.5,"1-0","1-0",13,5,6,2,1,2,0,0,2,10,10,9,1,12,19,"2-10","N","N","N",3,0,22
"1585","E3",2025-12-29,"Newport County","Crewe",2,0,"H",1,0,"H",3.6,3.5,2,"1-0","2-0",19,8,14,3,1,3,0,0,6,4,10,13,2,10,23,"6-4","Y","N","N",4,0,23
"1586","E3",2025-12-29,"Accrington","Harrogate",1,0,"H",1,0,"H",1.75,3.6,4.6,"1-0","1-0",25,8,7,2,1,0,0,1,8,3,10,9,1,11,19,"8-3","N","N","N",1,1,23
"1587","E3",2025-12-29,"Bristol Rvs","Barnet",0,2,"A",0,1,"A",3.5,3.4,2.05,"0-1","0-2",7,3,10,3,3,2,0,0,3,5,9,8,2,8,17,"3-5","Y","N","N",5,0,23
"1588","E3",2025-12-29,"Cheltenham","Swindon",0,2,"A",0,0,"D",3.9,3.6,1.87,"0-0","0-2",8,0,12,8,0,2,0,0,7,4,5,10,2,11,15,"7-4","Y","N","N",2,0,23
"1589","E3",2025-12-29,"Chesterfield","Cambridge",0,1,"A",0,1,"A",2.55,3.25,2.75,"0-1","0-1",14,1,6,1,1,4,0,0,5,5,5,9,1,10,14,"5-5","N","N","N",5,0,23
"1590","E3",2025-12-29,"Crawley Town","Bromley",1,3,"A",1,1,"D",2.75,3.5,2.4,"1-1","1-3",11,4,15,5,1,1,0,0,1,8,8,18,4,9,26,"1-8","Y","Y","Y",2,0,23
"1591","E3",2025-12-29,"Gillingham","Colchester",1,1,"D",0,0,"D",2.6,3.25,2.7,"0-0","1-1",16,4,15,5,1,1,0,0,6,5,23,13,2,11,36,"6-5","Y","N","N",2,0,23
"1592","E3",2025-12-29,"Grimsby","Shrewsbury",1,0,"H",0,0,"D",1.75,3.7,4.5,"0-0","1-0",16,5,6,1,2,2,0,0,6,2,7,16,1,8,23,"6-2","N","N","N",4,0,23
"1593","E3",2025-12-29,"Milton Keynes Dons","Notts County",1,1,"D",0,1,"A",1.9,3.6,3.9,"0-1","1-1",10,3,13,3,2,3,0,0,1,5,15,14,2,6,29,"1-5","Y","N","N",5,0,23
"1594","E3",2025-12-29,"Salford","Fleetwood Town",0,0,"D",0,0,"D",1.75,3.9,4.2,"0-0","0-0",16,3,14,5,2,2,0,0,6,4,9,13,0,10,22,"6-4","N","N","N",4,0,23
"1595","E3",2025-12-29,"Tranmere","Barrow",1,3,"A",0,3,"A",2,3.4,3.7,"0-3","1-3",25,8,16,7,2,2,0,1,7,3,9,15,4,10,24,"7-3","Y","Y","Y",4,1,23
"1596","E3",2025-12-29,"Walsall","Oldham",1,2,"A",0,1,"A",2,3.3,3.8,"0-1","1-2",11,4,18,6,2,2,0,0,4,7,13,15,3,11,28,"4-7","Y","Y","N",4,0,23
"1597","E3",2026-01-01,"Barnet","Crawley Town",2,1,"H",1,1,"D",1.57,4.1,5.5,"1-1","2-1",19,7,19,7,1,2,0,0,13,5,15,14,3,18,29,"13-5","Y","Y","N",3,0,24
"1598","E3",2026-01-01,"Barrow","Salford",1,2,"A",1,1,"D",3.4,3.5,2.05,"1-1","1-2",9,4,13,5,2,1,0,0,5,3,10,9,3,8,19,"5-3","Y","Y","N",3,0,24
"1599","E3",2026-01-01,"Bromley","Newport County",2,1,"H",1,0,"H",1.4,4.5,7.5,"1-0","2-1",14,6,7,3,2,1,0,0,6,3,10,13,3,9,23,"6-3","Y","Y","N",3,0,24
"1600","E3",2026-01-01,"Cambridge","Walsall",2,0,"H",1,0,"H",2.3,3,3.4,"1-0","2-0",8,3,10,3,0,1,0,0,2,6,14,18,2,8,32,"2-6","Y","N","N",1,0,24
"1601","E3",2026-01-01,"Colchester","Milton Keynes Dons",1,0,"H",0,0,"D",2.5,3.3,2.75,"0-0","1-0",10,3,10,4,1,2,0,0,6,3,9,14,1,9,23,"6-3","N","N","N",3,0,24
"1602","E3",2026-01-01,"Crewe","Cheltenham",4,1,"H",3,1,"H",1.75,3.7,4.4,"3-1","4-1",15,6,13,3,0,1,0,0,6,5,10,14,5,11,24,"6-5","Y","Y","Y",1,0,24
"1603","E3",2026-01-01,"Fleetwood Town","Grimsby",0,1,"A",0,0,"D",2.55,3.4,2.63,"0-0","0-1",4,3,8,2,3,2,0,0,4,2,13,10,1,6,23,"4-2","N","N","N",5,0,24
"1604","E3",2026-01-01,"Harrogate","Tranmere",0,2,"A",0,0,"D",3.4,3.4,2.1,"0-0","0-2",17,2,18,7,2,1,0,0,10,4,11,14,2,14,25,"10-4","Y","N","N",3,0,24
"1605","E3",2026-01-01,"Notts County","Accrington",0,1,"A",0,0,"D",1.87,3.6,4,"0-0","0-1",8,4,8,4,5,4,0,0,8,5,11,13,1,13,24,"8-5","N","N","N",9,0,24
"1606","E3",2026-01-01,"Oldham","Chesterfield",1,1,"D",0,1,"A",2.3,3.4,3,"0-1","1-1",11,3,9,5,3,0,0,1,6,4,13,13,2,10,26,"6-4","Y","N","N",3,1,24
"1607","E3",2026-01-01,"Shrewsbury","Bristol Rvs",0,3,"A",0,0,"D",2.55,3.25,2.75,"0-0","0-3",11,2,10,5,2,1,0,0,8,3,11,16,3,11,27,"8-3","Y","Y","N",3,0,24
"1608","E3",2026-01-01,"Swindon","Gillingham",2,0,"H",0,0,"D",2.1,3.4,3.4,"0-0","2-0",12,2,16,4,4,3,0,0,8,8,4,17,2,16,21,"8-8","Y","N","N",7,0,24
"1609","E3",2026-01-04,"Cheltenham","Crawley Town",3,0,"H",0,0,"D",2.63,3.4,2.55,"0-0","3-0",12,7,9,2,1,2,0,0,8,2,15,14,3,10,29,"8-2","Y","Y","N",3,0,25
"1610","E3",2026-01-04,"Milton Keynes Dons","Chesterfield",2,2,"D",2,0,"H",1.83,3.6,4.1,"2-0","2-2",10,3,10,3,4,2,0,0,4,6,14,7,4,10,21,"4-6","Y","Y","Y",6,0,25
"1611","E3",2026-01-10,"Crewe","Harrogate",1,1,"D",0,0,"D",1.53,4.1,6,"0-0","1-1",21,4,10,4,2,1,0,0,7,3,13,20,2,10,33,"7-3","Y","N","N",3,0,25
"1612","E3",2026-01-10,"Tranmere","Bromley",0,2,"A",0,1,"A",3.25,3.5,2.15,"0-1","0-2",16,4,7,4,2,3,0,0,4,4,11,13,2,8,24,"4-4","Y","N","N",5,0,25
"1613","E3",2026-01-17,"Chesterfield","Bromley",0,0,"D",0,0,"D",2.63,3.3,2.63,"0-0","0-0",9,2,11,5,2,0,0,0,10,8,15,12,0,18,27,"10-8","N","N","N",2,0,25
"1614","E3",2026-01-17,"Tranmere","Walsall",1,3,"A",0,2,"A",2.9,3.3,2.4,"0-2","1-3",11,2,8,4,1,2,0,0,3,10,12,11,4,13,23,"3-10","Y","Y","Y",3,0,25
"1615","E3",2026-01-17,"Accrington","Milton Keynes Dons",0,2,"A",0,2,"A",3.3,3.2,2.25,"0-2","0-2",13,4,11,2,2,2,0,0,2,3,13,14,2,5,27,"2-3","Y","N","N",4,0,25
"1616","E3",2026-01-17,"Bristol Rvs","Colchester",0,1,"A",0,0,"D",2.8,3.25,2.5,"0-0","0-1",5,1,10,2,4,2,0,0,4,5,22,11,1,9,33,"4-5","N","N","N",6,0,25
"1617","E3",2026-01-17,"Crawley Town","Notts County",1,2,"A",0,0,"D",3,3.4,2.3,"0-0","1-2",9,3,12,6,1,2,1,0,5,7,11,16,3,12,27,"5-7","Y","Y","N",3,1,25
"1618","E3",2026-01-17,"Crewe","Barrow",3,1,"H",3,1,"H",1.8,3.7,4.2,"3-1","3-1",7,3,13,6,4,3,0,0,3,8,16,19,4,11,35,"3-8","Y","Y","Y",7,0,25
"1619","E3",2026-01-17,"Fleetwood Town","Cambridge",1,2,"A",0,1,"A",2.9,3.2,2.45,"0-1","1-2",9,4,12,5,3,0,0,0,2,5,17,5,3,7,22,"2-5","Y","Y","N",3,0,25
"1620","E3",2026-01-17,"Gillingham","Newport County",3,2,"H",1,1,"D",1.57,3.9,5.75,"1-1","3-2",19,6,22,7,3,2,0,0,4,5,13,10,5,9,23,"4-5","Y","Y","Y",5,0,25
"1621","E3",2026-01-17,"Grimsby","Barnet",1,0,"H",0,0,"D",2.6,3.4,2.6,"0-0","1-0",14,5,14,3,1,1,0,1,5,7,12,9,1,12,21,"5-7","N","N","N",2,1,26
"1622","E3",2026-01-17,"Oldham","Cheltenham",2,1,"H",1,1,"D",1.73,3.6,4.75,"1-1","2-1",12,4,10,7,4,1,0,0,5,6,13,14,3,11,27,"5-6","Y","Y","N",5,0,26
"1623","E3",2026-01-17,"Shrewsbury","Harrogate",1,0,"H",0,0,"D",1.75,3.6,4.6,"0-0","1-0",22,8,11,1,3,5,0,1,8,4,6,13,1,12,19,"8-4","N","N","N",8,1,26
"1624","E3",2026-01-17,"Swindon","Salford",2,3,"A",1,2,"A",2.4,3.5,2.75,"1-2","2-3",14,6,9,4,2,4,0,0,6,4,12,16,5,10,28,"6-4","Y","Y","Y",6,0,26
"1625","E3",2026-01-24,"Barnet","Oldham",3,2,"H",2,1,"H",1.85,3.6,4.1,"2-1","3-2",5,4,9,5,3,1,1,0,1,6,13,15,5,7,28,"1-6","Y","Y","Y",4,1,26
"1626","E3",2026-01-24,"Notts County","Crewe",1,0,"H",1,0,"H",1.95,3.5,3.7,"1-0","1-0",16,4,9,0,2,2,0,0,7,5,15,7,1,12,22,"7-5","N","N","N",4,0,26
"1627","E3",2026-01-24,"Barrow","Crawley Town",0,1,"A",0,0,"D",2.3,3.5,2.9,"0-0","0-1",11,2,9,3,2,0,0,0,11,1,15,9,1,12,24,"11-1","N","N","N",2,0,26
"1628","E3",2026-01-24,"Bromley","Swindon",2,1,"H",0,1,"A",2.05,3.5,3.4,"0-1","2-1",20,7,12,5,2,0,0,0,8,4,6,10,3,12,16,"8-4","Y","Y","N",2,0,26
"1629","E3",2026-01-24,"Cambridge","Tranmere",4,2,"H",0,1,"A",1.75,3.5,4.8,"0-1","4-2",15,6,9,5,2,3,0,0,7,1,9,16,6,8,25,"7-1","Y","Y","Y",5,0,26
"1630","E3",2026-01-24,"Cheltenham","Grimsby",0,2,"A",0,1,"A",3.6,3.4,2.05,"0-1","0-2",11,2,9,5,2,3,0,0,7,2,15,9,2,9,24,"7-2","Y","N","N",5,0,26
"1631","E3",2026-01-24,"Colchester","Fleetwood Town",2,1,"H",2,0,"H",1.75,3.75,4.4,"2-0","2-1",9,3,11,2,3,2,0,0,4,5,7,19,3,9,26,"4-5","Y","Y","N",5,0,26
"1632","E3",2026-01-24,"Harrogate","Gillingham",0,3,"A",0,0,"D",3.9,3.4,1.95,"0-0","0-3",13,4,17,9,1,1,0,0,3,3,12,19,3,6,31,"3-3","Y","Y","N",2,0,26
"1633","E3",2026-01-24,"Milton Keynes Dons","Shrewsbury",5,1,"H",3,0,"H",1.5,4.1,6.5,"3-0","5-1",13,8,11,3,1,4,0,0,1,1,12,8,6,2,20,"1-1","Y","Y","Y",5,0,27
"1634","E3",2026-01-24,"Newport County","Chesterfield",2,1,"H",0,0,"D",3.9,3.6,1.87,"0-0","2-1",8,4,6,3,3,0,0,0,2,8,8,7,3,10,15,"2-8","Y","Y","N",3,0,27
"1635","E3",2026-01-24,"Salford","Bristol Rvs",1,0,"H",1,0,"H",1.75,3.8,4.33,"1-0","1-0",12,5,6,2,2,0,0,0,9,4,9,9,1,13,18,"9-4","N","N","N",2,0,27
"1636","E3",2026-01-24,"Walsall","Accrington",0,0,"D",0,0,"D",1.85,3.4,4.33,"0-0","0-0",9,2,11,3,5,3,0,0,5,5,14,18,0,10,32,"5-5","N","N","N",8,0,27
"1637","E3",2026-01-27,"Newport County","Accrington",1,4,"A",1,1,"D",3,3.25,2.38,"1-1","1-4",11,5,13,6,2,5,1,0,3,2,7,12,5,5,19,"3-2","Y","Y","Y",7,1,27
"1638","E3",2026-01-27,"Barnet","Tranmere",1,0,"H",0,0,"D",1.65,3.9,4.8,"0-0","1-0",21,6,5,2,2,3,0,0,10,2,10,11,1,12,21,"10-2","N","N","N",5,0,27
"1639","E3",2026-01-27,"Bromley","Crewe",2,2,"D",1,0,"H",1.7,3.7,4.8,"1-0","2-2",10,5,16,4,2,3,0,0,4,3,11,6,4,7,17,"4-3","Y","Y","Y",5,0,27
"1640","E3",2026-01-27,"Cambridge","Shrewsbury",1,0,"H",0,0,"D",1.57,3.8,6,"0-0","1-0",10,7,2,0,1,1,0,0,2,3,8,11,1,5,19,"2-3","N","N","N",2,0,27
"1641","E3",2026-01-27,"Colchester","Grimsby",0,1,"A",0,1,"A",2.2,3.3,3.2,"0-1","0-1",25,4,13,3,3,1,0,1,8,5,14,13,1,13,27,"8-5","N","N","N",4,1,27
"1642","E3",2026-01-27,"Harrogate","Fleetwood Town",1,2,"A",0,1,"A",3.6,3.5,2,"0-1","1-2",18,4,15,5,2,3,0,0,6,5,9,11,3,11,20,"6-5","Y","Y","N",5,0,27
"1643","E3",2026-01-27,"Milton Keynes Dons","Bristol Rvs",1,0,"H",1,0,"H",1.57,3.9,5.75,"1-0","1-0",12,3,14,3,3,3,0,0,4,3,10,18,1,7,28,"4-3","N","N","N",6,0,27
"1644","E3",2026-01-27,"Notts County","Swindon",2,1,"H",1,1,"D",2.1,3.4,3.4,"1-1","2-1",15,4,9,4,0,0,0,0,7,3,7,8,3,10,15,"7-3","Y","Y","N",0,0,27
"1645","E3",2026-01-27,"Salford","Chesterfield",0,1,"A",0,0,"D",1.85,3.6,4.1,"0-0","0-1",17,2,7,1,2,1,0,0,8,2,15,6,1,10,21,"8-2","N","N","N",3,0,28
"1646","E3",2026-01-27,"Walsall","Crawley Town",0,0,"D",0,0,"D",1.75,3.6,4.6,"0-0","0-0",8,1,22,5,3,5,0,0,1,12,15,13,0,13,28,"1-12","N","N","N",8,0,28
"1647","E3",2026-01-31,"Bristol Rvs","Newport County",3,0,"H",2,0,"H",1.73,3.75,4.6,"2-0","3-0",18,7,5,0,1,2,0,0,7,3,15,9,3,10,24,"7-3","Y","Y","N",3,0,28
"1648","E3",2026-01-31,"Grimsby","Milton Keynes Dons",2,2,"D",0,2,"A",2.63,3.4,2.55,"0-2","2-2",12,3,8,2,1,2,0,0,9,6,7,16,4,15,23,"9-6","Y","Y","Y",3,0,28
"1649","E3",2026-01-31,"Accrington","Cheltenham",3,1,"H",2,0,"H",1.95,3.3,4,"2-0","3-1",16,8,13,4,1,2,0,0,10,8,7,10,4,18,17,"10-8","Y","Y","Y",3,0,28
"1650","E3",2026-01-31,"Chesterfield","Walsall",2,2,"D",2,1,"H",2.2,3.3,3.25,"2-1","2-2",14,8,12,2,0,0,0,0,7,3,4,11,4,10,15,"7-3","Y","Y","Y",0,0,28
"1651","E3",2026-01-31,"Crawley Town","Harrogate",2,0,"H",1,0,"H",1.6,4.1,5.25,"1-0","2-0",13,5,13,4,2,0,0,0,8,5,8,6,2,13,14,"8-5","Y","N","N",2,0,28
"1652","E3",2026-01-31,"Crewe","Colchester",1,0,"H",0,0,"D",2.6,3.4,2.6,"0-0","1-0",3,2,18,3,0,3,0,0,2,7,8,12,1,9,20,"2-7","N","N","N",3,0,28
"1653","E3",2026-01-31,"Fleetwood Town","Notts County",1,2,"A",0,1,"A",3.25,3.4,2.15,"0-1","1-2",10,2,8,3,2,4,0,0,2,8,10,14,3,10,24,"2-8","Y","Y","N",6,0,28
"1654","E3",2026-01-31,"Gillingham","Bromley",1,4,"A",1,3,"A",2.55,3.2,2.8,"1-3","1-4",20,11,13,6,1,3,0,0,8,0,5,9,5,8,14,"8-0","Y","Y","Y",4,0,28
"1655","E3",2026-01-31,"Oldham","Cambridge",0,3,"A",0,0,"D",2.7,3,2.8,"0-0","0-3",5,1,8,6,2,2,0,0,1,0,14,17,3,1,31,"1-0","Y","Y","N",4,0,28
"1656","E3",2026-01-31,"Shrewsbury","Barnet",0,0,"D",0,0,"D",4.2,3.7,1.8,"0-0","0-0",9,1,18,7,3,1,0,0,3,6,16,8,0,9,24,"3-6","N","N","N",4,0,28
"1657","E3",2026-01-31,"Swindon","Barrow",3,1,"H",1,1,"D",1.73,3.7,4.6,"1-1","3-1",14,7,15,4,1,1,0,0,8,9,9,8,4,17,17,"8-9","Y","Y","Y",2,0,29
"1658","E3",2026-01-31,"Tranmere","Salford",0,2,"A",0,0,"D",3.6,3.6,1.95,"0-0","0-2",17,7,12,4,2,0,0,0,9,4,14,12,2,13,26,"9-4","Y","N","N",2,0,29
"1659","E3",2026-02-03,"Barnet","Crewe",1,1,"D",1,1,"D",1.7,3.75,4.8,"1-1","1-1",15,3,8,4,0,3,0,0,8,2,8,12,2,10,20,"8-2","Y","N","N",3,0,29
"1660","E3",2026-02-03,"Bristol Rvs","Walsall",2,0,"H",0,0,"D",2.6,3.13,2.75,"0-0","2-0",10,6,14,3,1,1,0,0,5,5,8,6,2,10,14,"5-5","Y","N","N",2,0,29
"1661","E3",2026-02-03,"Harrogate","Swindon",0,1,"A",0,0,"D",4.33,3.8,1.75,"0-0","0-1",21,4,18,8,1,1,0,0,7,9,7,9,1,16,16,"7-9","N","N","N",2,0,29
"1662","E3",2026-02-03,"Notts County","Gillingham",1,0,"H",1,0,"H",1.93,3.4,4,"1-0","1-0",14,4,12,4,1,3,0,0,4,3,10,12,1,7,22,"4-3","N","N","N",4,0,29
"1663","E3",2026-02-05,"Accrington","Salford",1,0,"H",1,0,"H",3.3,3.25,2.05,"1-0","1-0",13,5,15,6,1,1,0,0,2,5,10,9,1,7,19,"2-5","N","N","N",2,0,29
"1664","E3",2026-02-07,"Crawley Town","Crewe",0,1,"A",0,0,"D",2.15,3.5,3.13,"0-0","0-1",9,3,17,6,2,0,0,0,3,7,17,14,1,10,31,"3-7","N","N","N",2,0,29
"1665","E3",2026-02-07,"Swindon","Oldham",3,0,"H",1,0,"H",2.15,3.4,3.25,"1-0","3-0",10,6,13,5,3,2,0,0,4,3,11,8,3,7,19,"4-3","Y","Y","N",5,0,29
"1666","E3",2026-02-07,"Bristol Rvs","Chesterfield",2,3,"A",1,1,"D",2.45,3.3,2.8,"1-1","2-3",13,2,15,8,3,2,0,0,6,6,14,9,5,12,23,"6-6","Y","Y","Y",5,0,29
"1667","E3",2026-02-07,"Cheltenham","Milton Keynes Dons",2,3,"A",1,2,"A",4.6,3.6,1.75,"1-2","2-3",14,2,19,9,1,4,0,0,7,8,4,12,5,15,16,"7-8","Y","Y","Y",5,0,29
"1668","E3",2026-02-07,"Colchester","Shrewsbury",2,0,"H",2,0,"H",1.62,3.8,5.5,"2-0","2-0",6,4,15,4,4,2,0,0,0,2,12,18,2,2,30,"0-2","Y","N","N",6,0,29
"1669","E3",2026-02-07,"Fleetwood Town","Bromley",1,2,"A",0,0,"D",3.4,3.5,2.05,"0-0","1-2",11,4,11,4,2,2,0,0,2,2,12,10,3,4,22,"2-2","Y","Y","N",4,0,30
"1670","E3",2026-02-07,"Gillingham","Tranmere",2,1,"H",1,0,"H",1.75,3.7,4.5,"1-0","2-1",15,5,18,6,0,0,0,0,8,8,8,5,3,16,13,"8-8","Y","Y","N",0,0,30
"1671","E3",2026-02-07,"Harrogate","Cambridge",2,1,"H",2,1,"H",6.5,3.9,1.53,"2-1","2-1",10,6,14,1,4,0,0,0,1,4,11,8,3,5,19,"1-4","Y","Y","N",4,0,30
"1672","E3",2026-02-07,"Newport County","Grimsby",0,0,"D",0,0,"D",4.2,3.7,1.8,"0-0","0-0",10,5,13,2,1,2,0,0,8,12,11,11,0,20,22,"8-12","N","N","N",3,0,30
"1673","E3",2026-02-07,"Notts County","Barrow",2,1,"H",1,1,"D",1.55,4.1,5.75,"1-1","2-1",13,5,7,4,1,3,0,0,7,4,11,14,3,11,25,"7-4","Y","Y","N",4,0,30
"1674","E3",2026-02-07,"Walsall","Barnet",1,3,"A",0,1,"A",3.2,3.25,2.25,"0-1","1-3",8,3,15,9,5,1,0,0,1,9,17,10,4,10,27,"1-9","Y","Y","Y",6,0,30
"1675","E3",2026-02-10,"Crawley Town","Cambridge",0,3,"A",0,1,"A",3.4,3.3,2.15,"0-1","0-3",7,1,15,5,3,0,0,0,2,9,15,15,3,11,30,"2-9","Y","Y","N",3,0,30
"1676","E3",2026-02-10,"Shrewsbury","Barrow",2,1,"H",0,0,"D",2.45,3.2,2.9,"0-0","2-1",13,5,11,2,2,1,0,0,5,4,7,10,3,9,17,"5-4","Y","Y","N",3,0,30
"1677","E3",2026-02-11,"Grimsby","Accrington",1,0,"H",0,0,"D",1.87,3.6,4,"0-0","1-0",29,8,10,4,1,2,0,1,8,4,2,13,1,12,15,"8-4","N","N","N",3,1,30
"1678","E3",2026-02-11,"Swindon","Newport County",2,0,"H",0,0,"D",1.53,4.2,5.75,"0-0","2-0",7,2,8,2,0,0,0,0,9,0,11,6,2,9,17,"9-0","Y","N","N",0,0,30
"1679","E3",2026-02-14,"Barnet","Cheltenham",0,0,"D",0,0,"D",1.4,4.6,7.5,"0-0","0-0",13,2,5,1,4,1,0,1,9,0,9,14,0,9,23,"9-0","N","N","N",5,1,30
"1680","E3",2026-02-14,"Barrow","Colchester",1,0,"H",0,0,"D",3.3,3.25,2.05,"0-0","1-0",5,2,9,2,2,3,0,0,2,10,11,12,1,12,23,"2-10","N","N","N",5,0,30
"1681","E3",2026-02-14,"Bromley","Notts County",1,1,"D",1,0,"H",2.3,3.2,2.88,"1-0","1-1",11,1,8,2,0,1,0,1,3,7,12,11,2,10,23,"3-7","Y","N","N",1,1,31
"1682","E3",2026-02-14,"Cambridge","Bristol Rvs",3,1,"H",1,1,"D",1.67,3.5,4.8,"1-1","3-1",10,5,9,5,1,4,0,0,6,2,13,18,4,8,31,"6-2","Y","Y","Y",5,0,31
"1683","E3",2026-02-14,"Chesterfield","Harrogate",1,1,"D",1,0,"H",1.4,4.4,6.5,"1-0","1-1",15,4,11,4,1,2,1,0,3,6,3,10,2,9,13,"3-6","Y","N","N",3,1,31
"1684","E3",2026-02-14,"Crewe","Gillingham",1,0,"H",0,0,"D",2.3,3.25,2.8,"0-0","1-0",7,2,20,5,0,1,0,0,2,8,6,19,1,10,25,"2-8","N","N","N",1,0,31
"1685","E3",2026-02-14,"Milton Keynes Dons","Newport County",1,0,"H",1,0,"H",1.3,4.8,8.5,"1-0","1-0",20,9,3,0,1,2,0,0,6,2,7,10,1,8,17,"6-2","N","N","N",3,0,31
"1686","E3",2026-02-14,"Oldham","Fleetwood Town",1,1,"D",0,1,"A",1.91,3.3,3.7,"0-1","1-1",12,3,14,3,0,2,0,0,7,7,6,12,2,14,18,"7-7","Y","N","N",2,0,31
"1687","E3",2026-02-14,"Shrewsbury","Swindon",3,1,"H",1,1,"D",2.8,3.3,2.3,"1-1","3-1",19,4,10,5,3,3,0,0,5,4,10,13,4,9,23,"5-4","Y","Y","Y",6,0,31
"1688","E3",2026-02-14,"Tranmere","Crawley Town",2,0,"H",2,0,"H",2.2,3.4,2.88,"2-0","2-0",9,3,16,4,4,1,0,0,5,15,13,5,2,20,18,"5-15","Y","N","N",5,0,31
"1689","E3",2026-02-17,"Barnet","Swindon",1,2,"A",1,0,"H",1.7,3.8,4.6,"1-0","1-2",8,2,8,4,1,1,0,0,3,1,11,10,3,4,21,"3-1","Y","Y","N",2,0,31
"1690","E3",2026-02-17,"Barrow","Harrogate",0,1,"A",0,1,"A",1.83,3.6,4.2,"0-1","0-1",14,2,7,2,1,2,0,0,1,6,11,10,1,7,21,"1-6","N","N","N",3,0,31
"1691","E3",2026-02-17,"Bromley","Cheltenham",1,1,"D",1,1,"D",1.55,4,6,"1-1","1-1",17,5,16,6,3,2,0,0,7,3,12,10,2,10,22,"7-3","Y","N","N",5,0,31
"1692","E3",2026-02-17,"Cambridge","Colchester",1,1,"D",1,1,"D",2,3.2,4,"1-1","1-1",14,2,9,3,2,2,0,0,5,3,9,11,2,8,20,"5-3","Y","N","N",4,0,31
"1693","E3",2026-02-17,"Chesterfield","Gillingham",1,0,"H",1,0,"H",2.25,3.4,3.1,"1-0","1-0",19,5,14,2,0,3,0,0,8,7,5,16,1,15,21,"8-7","N","N","N",3,0,32
"1694","E3",2026-02-17,"Crewe","Fleetwood Town",0,1,"A",0,1,"A",2.15,3.4,3.25,"0-1","0-1",7,0,17,5,0,3,0,0,3,5,7,18,1,8,25,"3-5","N","N","N",3,0,32
"1695","E3",2026-02-17,"Milton Keynes Dons","Crawley Town",0,0,"D",0,0,"D",1.55,4.2,5.5,"0-0","0-0",13,4,11,4,1,3,0,0,9,2,11,10,0,11,21,"9-2","N","N","N",4,0,32
"1696","E3",2026-02-17,"Oldham","Bristol Rvs",2,0,"H",1,0,"H",2.15,3.3,3.4,"1-0","2-0",7,6,18,4,3,4,0,0,2,6,8,15,2,8,23,"2-6","Y","N","N",7,0,32
"1697","E3",2026-02-17,"Salford","Newport County",1,3,"A",0,1,"A",1.33,5,8.5,"0-1","1-3",19,2,6,3,4,5,0,0,9,1,13,19,4,10,32,"9-1","Y","Y","Y",9,0,32
"1698","E3",2026-02-17,"Shrewsbury","Notts County",1,0,"H",0,0,"D",3.3,3.2,2.25,"0-0","1-0",10,5,13,6,0,4,0,0,6,7,11,11,1,13,22,"6-7","N","N","N",4,0,32
"1699","E3",2026-02-17,"Tranmere","Accrington",0,1,"A",0,0,"D",2.25,3.4,3.1,"0-0","0-1",18,2,13,6,1,3,0,2,7,1,7,10,1,8,17,"7-1","N","N","N",4,2,32
"1700","E3",2026-02-18,"Grimsby","Walsall",2,2,"D",0,1,"A",1.93,3.4,4,"0-1","2-2",17,8,7,4,1,2,0,1,10,6,16,8,4,16,24,"10-6","Y","Y","Y",3,1,32
"1701","E3",2026-02-21,"Fleetwood Town","Barrow",3,2,"H",0,2,"A",2,3.5,3.6,"0-2","3-2",11,6,5,3,2,3,0,0,4,3,11,7,5,7,18,"4-3","Y","Y","Y",5,0,32
"1702","E3",2026-02-21,"Swindon","Crewe",1,2,"A",0,1,"A",2,3.6,3.5,"0-1","1-2",21,3,7,2,1,1,0,0,7,6,10,7,3,13,17,"7-6","Y","Y","N",2,0,32
"1703","E3",2026-02-21,"Accrington","Shrewsbury",0,2,"A",0,1,"A",2.1,3.3,3.5,"0-1","0-2",12,5,10,3,3,0,0,0,6,3,12,9,2,9,21,"6-3","Y","N","N",3,0,32
"1704","E3",2026-02-21,"Bristol Rvs","Grimsby",3,1,"H",2,1,"H",3.13,3.4,2.2,"2-1","3-1",18,3,9,6,3,0,0,0,5,4,18,13,4,9,31,"5-4","Y","Y","Y",3,0,32
"1705","E3",2026-02-21,"Cheltenham","Salford",3,2,"H",0,1,"A",3.9,3.6,1.9,"0-1","3-2",13,5,6,4,1,5,0,1,7,3,8,14,5,10,22,"7-3","Y","Y","Y",6,1,33
"1706","E3",2026-02-21,"Colchester","Barnet",4,1,"H",1,1,"D",2.8,3.3,2.5,"1-1","4-1",14,8,12,3,2,3,0,0,2,5,7,16,5,7,23,"2-5","Y","Y","Y",5,0,33
"1707","E3",2026-02-21,"Crawley Town","Chesterfield",1,1,"D",0,1,"A",2.9,3.5,2.3,"0-1","1-1",18,4,15,6,4,2,0,0,4,4,11,13,2,8,24,"4-4","Y","N","N",6,0,33
"1708","E3",2026-02-21,"Gillingham","Oldham",0,3,"A",0,2,"A",2.1,3.3,3.5,"0-2","0-3",15,6,11,8,2,2,0,0,10,2,13,15,3,12,28,"10-2","Y","Y","N",4,0,33
"1709","E3",2026-02-21,"Harrogate","Bromley",0,0,"D",0,0,"D",5,3.75,1.67,"0-0","0-0",25,7,6,0,1,2,0,0,6,4,7,9,0,10,16,"6-4","N","N","N",3,0,33
"1710","E3",2026-02-21,"Newport County","Cambridge",0,2,"A",0,0,"D",5.75,3.8,1.6,"0-0","0-2",6,1,14,4,2,2,0,0,2,9,4,13,2,11,17,"2-9","Y","N","N",4,0,33
"1711","E3",2026-02-21,"Notts County","Tranmere",5,0,"H",1,0,"H",1.7,3.75,4.75,"1-0","5-0",17,8,5,1,1,2,0,0,5,2,5,12,5,7,17,"5-2","Y","Y","Y",3,0,33
"1712","E3",2026-02-23,"Walsall","Milton Keynes Dons",0,2,"A",0,1,"A",2.88,3.13,2.3,"0-1","0-2",7,3,7,3,2,3,0,0,2,8,7,17,2,10,24,"2-8","Y","N","N",5,0,33
"1713","E3",2026-02-24,"Accrington","Barnet",0,1,"A",0,0,"D",3.8,3.5,1.95,"0-0","0-1",3,1,21,4,1,0,0,0,2,3,11,7,1,5,18,"2-3","N","N","N",1,0,33
"1714","E3",2026-02-24,"Salford","Shrewsbury",1,2,"A",1,0,"H",1.7,3.75,4.75,"1-0","1-2",13,4,12,6,1,1,0,0,2,2,14,15,3,4,29,"2-2","Y","Y","N",2,0,33
"1715","E3",2026-02-27,"Harrogate","Cheltenham",1,1,"D",0,0,"D",2.6,3.25,2.7,"0-0","1-1",21,5,11,1,0,2,0,0,9,5,8,12,2,14,20,"9-5","Y","N","N",2,0,33
"1716","E3",2026-02-28,"Cambridge","Milton Keynes Dons",1,1,"D",0,0,"D",2.38,3.1,3.1,"0-0","1-1",7,3,9,4,1,2,0,0,3,2,12,10,2,5,22,"3-2","Y","N","N",3,0,33
"1717","E3",2026-02-28,"Shrewsbury","Walsall",1,2,"A",1,1,"D",2.3,3.1,3.3,"1-1","1-2",13,4,11,4,1,1,1,0,8,2,12,11,3,10,23,"8-2","Y","Y","N",2,1,34
"1718","E3",2026-02-28,"Swindon","Bristol Rvs",1,1,"D",0,1,"A",1.95,3.5,3.7,"0-1","1-1",16,6,10,3,1,4,0,0,13,1,11,10,2,14,21,"13-1","Y","N","N",5,0,34
"1719","E3",2026-02-28,"Barnet","Chesterfield",1,0,"H",0,0,"D",1.9,3.7,3.75,"0-0","1-0",10,1,13,2,0,0,0,0,4,4,9,6,1,8,15,"4-4","N","N","N",0,0,34
"1720","E3",2026-02-28,"Barrow","Gillingham",0,1,"A",0,0,"D",2.88,3.25,2.45,"0-0","0-1",5,0,14,3,0,0,0,0,3,8,8,11,1,11,19,"3-8","N","N","N",0,0,34
"1721","E3",2026-02-28,"Bromley","Accrington",2,1,"H",1,1,"D",1.7,3.6,5,"1-1","2-1",17,7,12,4,1,1,0,1,5,5,5,5,3,10,10,"5-5","Y","Y","N",2,1,34
"1722","E3",2026-02-28,"Colchester","Salford",0,1,"A",0,0,"D",2.2,3.4,3.13,"0-0","0-1",8,2,15,4,3,2,0,0,4,5,13,17,1,9,30,"4-5","N","N","N",5,0,34
"1723","E3",2026-02-28,"Crewe","Tranmere",2,1,"H",0,1,"A",2.05,3.5,3.4,"0-1","2-1",17,5,6,2,1,3,0,0,5,1,10,16,3,6,26,"5-1","Y","Y","N",4,0,34
"1724","E3",2026-02-28,"Fleetwood Town","Newport County",0,0,"D",0,0,"D",1.7,3.75,4.75,"0-0","0-0",25,7,5,0,1,1,0,0,8,2,7,7,0,10,14,"8-2","N","N","N",2,0,34
"1725","E3",2026-02-28,"Notts County","Grimsby",0,1,"A",0,0,"D",2.1,3.4,3.4,"0-0","0-1",14,5,12,4,3,3,1,0,7,6,13,11,1,13,24,"7-6","N","N","N",6,1,34
"1726","E3",2026-02-28,"Oldham","Crawley Town",2,0,"H",1,0,"H",1.95,3.5,3.75,"1-0","2-0",18,11,8,2,4,1,0,0,8,3,19,10,2,11,29,"8-3","Y","N","N",5,0,34
"1727","E3",2026-03-03,"Bromley","Oldham",0,0,"D",0,0,"D",2.1,3.3,3.5,"0-0","0-0",14,3,9,3,3,1,0,0,3,7,10,11,0,10,21,"3-7","N","N","N",4,0,34
"1728","E3",2026-03-03,"Chesterfield","Colchester",3,0,"H",2,0,"H",2.15,3.4,3.25,"2-0","3-0",13,6,4,2,2,5,0,0,4,4,17,11,3,8,28,"4-4","Y","Y","N",7,0,34
"1729","E3",2026-03-03,"Grimsby","Salford",3,1,"H",3,0,"H",2.38,3.4,2.9,"3-0","3-1",8,6,13,2,2,4,0,0,4,4,12,12,4,8,24,"4-4","Y","Y","Y",6,0,35
"1730","E3",2026-03-03,"Newport County","Tranmere",3,1,"H",1,1,"D",2.7,3.2,2.6,"1-1","3-1",18,6,7,3,2,2,0,1,7,5,5,11,4,12,16,"7-5","Y","Y","Y",4,1,35
"1731","E3",2026-03-03,"Walsall","Fleetwood Town",0,1,"A",0,1,"A",2.45,3.25,2.88,"0-1","0-1",18,4,6,1,0,2,0,0,5,5,6,14,1,10,20,"5-5","N","N","N",2,0,35
"1732","E3",2026-03-06,"Cheltenham","Barrow",2,2,"D",1,1,"D",2.2,3.3,3.25,"1-1","2-2",16,5,11,8,1,2,0,0,1,3,9,15,4,4,24,"1-3","Y","Y","Y",3,0,35
"1733","E3",2026-03-07,"Grimsby","Bromley",1,1,"D",1,1,"D",2.1,3.4,3.4,"1-1","1-1",15,8,7,5,0,2,0,0,6,5,10,13,2,11,23,"6-5","Y","N","N",2,0,35
"1734","E3",2026-03-07,"Salford","Barnet",2,0,"H",2,0,"H",2.5,3.4,2.7,"2-0","2-0",11,6,8,1,2,0,0,0,4,8,8,8,2,12,16,"4-8","Y","N","N",2,0,35
"1735","E3",2026-03-07,"Accrington","Cambridge",1,1,"D",1,0,"H",4.5,3.3,1.85,"1-0","1-1",5,1,14,3,2,0,0,0,0,12,8,3,2,12,11,"0-12","Y","N","N",2,0,35
"1736","E3",2026-03-07,"Bristol Rvs","Crewe",2,1,"H",0,1,"A",2.2,3.4,3.13,"0-1","2-1",14,2,14,3,3,4,0,0,7,7,8,13,3,14,21,"7-7","Y","Y","N",7,0,35
"1737","E3",2026-03-07,"Chesterfield","Shrewsbury",2,3,"A",1,1,"D",1.75,3.6,4.6,"1-1","2-3",23,8,14,6,1,2,0,0,8,1,7,8,5,9,15,"8-1","Y","Y","Y",3,0,35
"1738","E3",2026-03-07,"Crawley Town","Swindon",2,2,"D",0,0,"D",3,3.6,2.2,"0-0","2-2",18,8,8,6,1,1,0,0,10,4,13,10,4,14,23,"10-4","Y","Y","Y",2,0,35
"1739","E3",2026-03-07,"Gillingham","Fleetwood Town",1,1,"D",0,0,"D",2.15,3.3,3.4,"0-0","1-1",6,3,14,5,2,1,0,0,1,3,12,7,2,4,19,"1-3","Y","N","N",3,0,35
"1740","E3",2026-03-07,"Milton Keynes Dons","Harrogate",4,1,"H",2,1,"H",1.33,5,8.5,"2-1","4-1",16,9,15,4,1,0,0,0,7,2,11,10,5,9,21,"7-2","Y","Y","Y",1,0,35
"1741","E3",2026-03-07,"Newport County","Colchester",1,2,"A",0,0,"D",4.5,3.5,1.8,"0-0","1-2",12,3,16,7,0,0,0,0,8,2,18,7,3,10,25,"8-2","Y","Y","N",0,0,36
"1742","E3",2026-03-07,"Tranmere","Oldham",1,3,"A",0,2,"A",3.6,3.5,2,"0-2","1-3",13,1,9,5,2,1,0,0,2,3,13,13,4,5,26,"2-3","Y","Y","Y",3,0,36
"1743","E3",2026-03-07,"Walsall","Notts County",1,2,"A",1,0,"H",3.3,3.25,2.2,"1-0","1-2",12,1,12,7,3,4,0,0,5,2,10,16,3,7,26,"5-2","Y","Y","N",7,0,36
"1744","E3",2026-03-10,"Barrow","Bristol Rvs",0,2,"A",0,1,"A",2.7,3.3,2.55,"0-1","0-2",9,3,9,5,1,0,0,0,2,6,11,6,2,8,17,"2-6","Y","N","N",1,0,36
"1745","E3",2026-03-10,"Fleetwood Town","Cheltenham",2,2,"D",2,0,"H",1.83,3.5,4.33,"2-0","2-2",14,3,8,4,2,3,0,0,8,2,12,7,4,10,19,"8-2","Y","Y","Y",5,0,36
"1746","E3",2026-03-10,"Gillingham","Milton Keynes Dons",1,5,"A",0,3,"A",3.4,3.25,2.15,"0-3","1-5",13,5,12,7,3,1,0,0,3,5,8,12,6,8,20,"3-5","Y","Y","Y",4,0,36
"1747","E3",2026-03-10,"Salford","Walsall",1,0,"H",0,0,"D",1.93,3.4,4,"0-0","1-0",5,2,7,1,1,1,0,0,11,2,11,7,1,13,18,"11-2","N","N","N",2,0,36
"1748","E3",2026-03-13,"Colchester","Crawley Town",0,0,"D",0,0,"D",1.75,3.7,4.5,"0-0","0-0",13,3,10,2,0,6,0,0,6,6,9,18,0,12,27,"6-6","N","N","N",6,0,36
"1749","E3",2026-03-14,"Harrogate","Salford",0,1,"A",0,0,"D",4,3.6,1.87,"0-0","0-1",9,1,15,6,0,2,0,0,7,4,12,9,1,11,21,"7-4","N","N","N",2,0,36
"1750","E3",2026-03-14,"Notts County","Chesterfield",2,3,"A",2,2,"D",2.1,3.4,3.5,"2-2","2-3",5,3,20,5,3,4,1,0,2,5,13,12,5,7,25,"2-5","Y","Y","Y",7,1,36
"1751","E3",2026-03-14,"Barnet","Newport County",1,2,"A",1,0,"H",1.33,5,8.5,"1-0","1-2",12,4,10,4,1,2,0,0,5,6,8,21,3,11,29,"5-6","Y","Y","N",3,0,36
"1752","E3",2026-03-14,"Barrow","Accrington",0,0,"D",0,0,"D",2.3,3.25,3.1,"0-0","0-0",12,2,9,1,2,3,0,0,7,5,16,14,0,12,30,"7-5","N","N","N",5,0,36
"1753","E3",2026-03-14,"Bromley","Bristol Rvs",1,0,"H",1,0,"H",1.95,3.5,3.75,"1-0","1-0",12,3,12,3,1,0,0,1,9,1,8,11,1,10,19,"9-1","N","N","N",1,1,37
"1754","E3",2026-03-14,"Cambridge","Gillingham",5,0,"H",2,0,"H",1.57,3.8,6,"2-0","5-0",18,6,6,0,0,3,0,0,8,1,10,16,5,9,26,"8-1","Y","Y","Y",3,0,37
"1755","E3",2026-03-14,"Crewe","Walsall",0,3,"A",0,1,"A",2.3,3.25,3.1,"0-1","0-3",8,2,15,8,2,3,0,0,4,1,16,13,3,5,29,"4-1","Y","Y","N",5,0,37
"1756","E3",2026-03-14,"Fleetwood Town","Tranmere",0,0,"D",0,0,"D",1.67,3.9,4.8,"0-0","0-0",18,2,3,2,0,3,0,0,9,3,11,16,0,12,27,"9-3","N","N","N",3,0,37
"1757","E3",2026-03-14,"Oldham","Grimsby",1,0,"H",0,0,"D",2.5,3.4,2.7,"0-0","1-0",8,1,7,1,2,2,0,0,3,4,13,11,1,7,24,"3-4","N","N","N",4,0,37
"1758","E3",2026-03-14,"Shrewsbury","Cheltenham",0,2,"A",0,0,"D",2,3.25,3.9,"0-0","0-2",8,2,8,3,2,3,0,0,1,2,7,8,2,3,15,"1-2","Y","N","N",5,0,37
"1759","E3",2026-03-14,"Swindon","Milton Keynes Dons",1,2,"A",0,1,"A",2.88,3.4,2.38,"0-1","1-2",12,5,11,3,2,2,0,0,5,6,6,12,3,11,18,"5-6","Y","Y","N",4,0,37
"1760","E3",2026-03-17,"Newport County","Bromley",0,1,"A",0,0,"D",3.9,3.5,1.91,"0-0","0-1",18,5,8,3,1,3,0,0,9,4,9,11,1,13,20,"9-4","N","N","N",4,0,37
"1761","E3",2026-03-17,"Accrington","Notts County",0,4,"A",0,2,"A",4.1,3.4,1.91,"0-2","0-4",10,3,19,9,1,1,0,0,3,12,10,12,4,15,22,"3-12","Y","Y","Y",2,0,37
"1762","E3",2026-03-17,"Bristol Rvs","Shrewsbury",1,0,"H",0,0,"D",2.05,3.3,3.6,"0-0","1-0",8,2,5,1,1,1,0,0,3,0,11,10,1,3,21,"3-0","N","N","N",2,0,37
"1763","E3",2026-03-17,"Cheltenham","Crewe",1,1,"D",0,0,"D",2.7,3.25,2.6,"0-0","1-1",16,4,15,3,3,1,0,0,4,3,11,11,2,7,22,"4-3","Y","N","N",4,0,37
"1764","E3",2026-03-17,"Chesterfield","Oldham",0,3,"A",0,2,"A",2,3.5,3.6,"0-2","0-3",11,1,14,6,1,1,0,0,13,5,10,11,3,18,21,"13-5","Y","Y","N",2,0,37
"1765","E3",2026-03-17,"Crawley Town","Barnet",1,1,"D",0,0,"D",3.5,3.6,2,"0-0","1-1",14,4,10,3,2,6,0,0,5,10,10,19,2,15,29,"5-10","Y","N","N",8,0,38
"1766","E3",2026-03-17,"Gillingham","Swindon",0,2,"A",0,0,"D",3,3.4,2.3,"0-0","0-2",20,3,6,2,1,3,0,0,9,2,12,11,2,11,23,"9-2","Y","N","N",4,0,38
"1767","E3",2026-03-17,"Grimsby","Fleetwood Town",1,0,"H",0,0,"D",1.95,3.5,3.7,"0-0","1-0",19,5,5,1,1,5,0,0,10,1,6,15,1,11,21,"10-1","N","N","N",6,0,38
"1768","E3",2026-03-17,"Salford","Barrow",3,1,"H",1,0,"H",1.45,4.2,7,"1-0","3-1",12,6,12,4,1,1,0,0,2,5,7,8,4,7,15,"2-5","Y","Y","Y",2,0,38
"1769","E3",2026-03-17,"Tranmere","Harrogate",0,3,"A",0,3,"A",2.2,3.4,3.2,"0-3","0-3",9,2,10,6,3,1,0,0,5,5,15,12,3,10,27,"5-5","Y","Y","N",4,0,38
"1770","E3",2026-03-17,"Walsall","Cambridge",0,0,"D",0,0,"D",3.8,3.1,2.1,"0-0","0-0",10,1,7,0,0,2,0,0,6,4,5,13,0,10,18,"6-4","N","N","N",2,0,38
"1771","E3",2026-03-18,"Milton Keynes Dons","Colchester",1,0,"H",1,0,"H",1.7,3.6,5,"1-0","1-0",17,3,8,0,2,4,0,0,3,4,15,8,1,7,23,"3-4","N","N","N",6,0,38
"1772","E3",2026-03-21,"Cambridge","Salford",1,0,"H",0,0,"D",2,3.3,3.8,"0-0","1-0",12,7,9,3,2,4,0,0,5,3,10,12,1,8,22,"5-3","N","N","N",6,0,38
"1773","E3",2026-03-21,"Milton Keynes Dons","Barnet",1,3,"A",1,1,"D",1.87,3.6,4,"1-1","1-3",11,5,10,6,1,2,0,0,4,6,13,14,4,10,27,"4-6","Y","Y","Y",3,0,38
"1774","E3",2026-03-21,"Accrington","Chesterfield",0,1,"A",0,0,"D",4.1,3.6,1.83,"0-0","0-1",14,6,13,3,2,1,0,0,4,7,10,13,1,11,23,"4-7","N","N","N",3,0,38
"1775","E3",2026-03-21,"Bromley","Colchester",1,0,"H",0,0,"D",2.2,3.3,3.25,"0-0","1-0",19,6,18,5,2,3,0,0,5,7,9,6,1,12,15,"5-7","N","N","N",5,0,38
"1776","E3",2026-03-21,"Fleetwood Town","Crawley Town",1,0,"H",0,0,"D",1.75,3.75,4.4,"0-0","1-0",11,5,10,3,2,0,0,0,4,10,13,8,1,14,21,"4-10","N","N","N",2,0,38
"1777","E3",2026-03-21,"Gillingham","Bristol Rvs",1,2,"A",1,0,"H",2.38,3.3,2.9,"1-0","1-2",9,3,18,8,2,3,1,0,4,5,12,15,3,9,27,"4-5","Y","Y","N",5,1,39
"1778","E3",2026-03-21,"Grimsby","Barrow",5,0,"H",2,0,"H",1.53,4.1,6,"2-0","5-0",15,7,10,4,0,0,0,0,4,6,8,12,5,10,20,"4-6","Y","Y","Y",0,0,39
"1779","E3",2026-03-21,"Notts County","Cheltenham",5,2,"H",2,2,"D",1.53,4.1,6,"2-2","5-2",17,7,7,3,2,3,0,1,7,3,8,12,7,10,20,"7-3","Y","Y","Y",5,1,39
"1780","E3",2026-03-21,"Oldham","Harrogate",1,0,"H",0,0,"D",1.65,3.75,5.25,"0-0","1-0",12,4,13,4,2,2,0,0,3,6,6,11,1,9,17,"3-6","N","N","N",4,0,39
"1781","E3",2026-03-21,"Shrewsbury","Crewe",0,4,"A",0,2,"A",2.55,3.25,2.75,"0-2","0-4",13,2,16,9,0,3,0,0,5,6,10,12,4,11,22,"5-6","Y","Y","Y",3,0,39
"1782","E3",2026-03-21,"Tranmere","Swindon",0,1,"A",0,0,"D",3.8,3.7,1.87,"0-0","0-1",12,7,13,6,1,0,0,0,5,9,11,10,1,14,21,"5-9","N","N","N",1,0,39
"1783","E3",2026-03-21,"Walsall","Newport County",2,1,"H",0,1,"A",1.7,3.6,5,"0-1","2-1",18,3,10,3,4,3,0,0,7,5,15,9,3,12,24,"7-5","Y","Y","N",7,0,39
"1784","E3",2026-03-24,"Oldham","Notts County",3,0,"H",1,0,"H",2.6,3.25,2.63,"1-0","3-0",12,7,4,2,0,2,0,1,7,1,10,10,3,8,20,"7-1","Y","Y","N",2,1,39
"1785","E3",2026-03-28,"Harrogate","Notts County",0,2,"A",0,1,"A",4,3.6,1.87,"0-1","0-2",8,2,15,6,1,0,0,0,3,7,11,6,2,10,17,"3-7","Y","N","N",1,0,39
"1786","E3",2026-03-28,"Barnet","Cambridge",1,0,"H",0,0,"D",2.75,3,2.7,"0-0","1-0",7,1,8,1,0,0,0,0,6,4,7,11,1,10,18,"6-4","N","N","N",0,0,39
"1787","E3",2026-03-28,"Barrow","Bromley",2,1,"H",0,1,"A",3.4,3.3,2.15,"0-1","2-1",15,4,8,3,3,3,0,0,6,4,10,15,3,10,25,"6-4","Y","Y","N",6,0,39
"1788","E3",2026-03-28,"Bristol Rvs","Accrington",2,0,"H",1,0,"H",1.75,3.6,4.6,"1-0","2-0",11,3,9,2,2,3,0,0,5,7,13,11,2,12,24,"5-7","Y","N","N",5,0,39
"1789","E3",2026-03-28,"Colchester","Walsall",1,1,"D",0,0,"D",2.25,3.2,3.25,"0-0","1-1",16,5,13,7,2,0,0,0,9,8,7,11,2,17,18,"9-8","Y","N","N",2,0,40
"1790","E3",2026-03-28,"Crawley Town","Gillingham",2,0,"H",0,0,"D",2.2,3.4,3.13,"0-0","2-0",8,5,10,2,1,3,0,0,2,7,10,21,2,9,31,"2-7","Y","N","N",4,0,40
"1791","E3",2026-03-28,"Crewe","Oldham",2,1,"H",1,1,"D",2.55,3.3,2.7,"1-1","2-1",18,7,23,4,4,0,0,0,6,5,13,9,3,11,22,"6-5","Y","Y","N",4,0,40
"1792","E3",2026-03-28,"Newport County","Shrewsbury",1,0,"H",0,0,"D",2.3,3.2,3.13,"0-0","1-0",7,2,3,1,2,3,0,0,6,4,13,11,1,10,24,"6-4","N","N","N",5,0,40
"1793","E3",2026-03-28,"Salford","Milton Keynes Dons",1,0,"H",0,0,"D",3,3.4,2.3,"0-0","1-0",12,4,11,3,1,2,0,1,5,3,11,14,1,8,25,"5-3","N","N","N",3,1,40
"1794","E3",2026-03-28,"Swindon","Fleetwood Town",1,1,"D",1,0,"H",2,3.5,3.6,"1-0","1-1",9,3,15,4,3,4,0,0,6,9,8,17,2,15,25,"6-9","Y","N","N",7,0,40
"1795","E3",2026-04-02,"Cambridge","Swindon",1,1,"D",1,0,"H",1.65,3.6,4.75,"1-0","1-1",20,6,4,1,0,2,0,0,11,5,9,5,2,16,14,"11-5","Y","N","N",2,0,40
"1796","E3",2026-04-03,"Accrington","Crewe",2,0,"H",0,0,"D",3.4,3.3,2.15,"0-0","2-0",14,3,4,1,3,1,0,0,4,7,17,10,2,11,27,"4-7","Y","N","N",4,0,40
"1797","E3",2026-04-03,"Barnet","Bromley",2,2,"D",1,1,"D",2.05,3.5,3.5,"1-1","2-2",17,6,16,7,1,4,1,0,6,3,9,11,4,9,20,"6-3","Y","Y","Y",5,1,40
"1798","E3",2026-04-03,"Bristol Rvs","Fleetwood Town",1,0,"H",0,0,"D",2.2,3.3,3.25,"0-0","1-0",11,2,14,2,4,4,0,0,5,4,14,15,1,9,29,"5-4","N","N","N",8,0,40
"1799","E3",2026-04-03,"Chesterfield","Cheltenham",1,0,"H",1,0,"H",1.55,4.1,5.75,"1-0","1-0",13,3,6,1,1,1,0,0,6,1,11,6,1,7,17,"6-1","N","N","N",2,0,40
"1800","E3",2026-04-03,"Colchester","Oldham",1,3,"A",0,1,"A",2.8,3.2,2.55,"0-1","1-3",15,3,9,4,1,2,0,0,7,2,15,11,4,9,26,"7-2","Y","Y","Y",3,0,40
"1801","E3",2026-04-03,"Grimsby","Harrogate",1,3,"A",1,2,"A",1.53,4.2,5.75,"1-2","1-3",19,6,6,3,1,3,0,0,8,2,7,13,4,10,20,"8-2","Y","Y","Y",4,0,41
"1802","E3",2026-04-03,"Milton Keynes Dons","Barrow",0,0,"D",0,0,"D",1.4,4.6,7.5,"0-0","0-0",16,5,5,0,2,3,0,0,6,1,16,13,0,7,29,"6-1","N","N","N",5,0,41
"1803","E3",2026-04-03,"Newport County","Crawley Town",0,2,"A",0,0,"D",2.4,3.4,2.8,"0-0","0-2",10,2,13,5,3,3,0,0,7,2,14,10,2,9,24,"7-2","Y","N","N",6,0,41
"1804","E3",2026-04-03,"Salford","Notts County",2,1,"H",0,0,"D",2.2,3.4,3.13,"0-0","2-1",17,7,12,1,1,1,0,0,7,1,12,17,3,8,29,"7-1","Y","Y","N",2,0,41
"1805","E3",2026-04-03,"Shrewsbury","Tranmere",1,0,"H",0,0,"D",2.25,3.2,3.2,"0-0","1-0",20,5,6,1,0,1,0,0,5,5,4,8,1,10,12,"5-5","N","N","N",1,0,41
"1806","E3",2026-04-03,"Walsall","Gillingham",2,2,"D",1,0,"H",1.7,3.6,5,"1-0","2-2",11,5,12,4,0,2,0,0,5,3,6,17,4,8,23,"5-3","Y","Y","Y",2,0,41
"1807","E3",2026-04-06,"Barrow","Chesterfield",0,1,"A",0,0,"D",3.3,3.2,2.1,"0-0","0-1",7,1,13,3,2,2,0,0,1,12,10,8,1,13,18,"1-12","N","N","N",4,0,41
"1808","E3",2026-04-06,"Cheltenham","Cambridge",1,1,"D",0,1,"A",5.5,3.6,1.57,"0-1","1-1",3,0,11,4,0,1,0,0,3,6,13,11,2,9,24,"3-6","Y","N","N",1,0,41
"1809","E3",2026-04-06,"Crawley Town","Grimsby",0,2,"A",0,2,"A",3,3.4,2.15,"0-2","0-2",7,0,16,5,1,1,1,0,3,9,11,12,2,12,23,"3-9","Y","N","N",2,1,41
"1810","E3",2026-04-06,"Crewe","Salford",1,0,"H",1,0,"H",2.63,3.3,2.45,"1-0","1-0",19,4,15,2,1,1,0,0,4,3,15,13,1,7,28,"4-3","N","N","N",2,0,41
"1811","E3",2026-04-06,"Fleetwood Town","Barnet",2,5,"A",0,1,"A",2.88,3.2,2.3,"0-1","2-5",13,5,16,9,2,3,1,0,9,6,14,12,7,15,26,"9-6","Y","Y","Y",5,1,41
"1812","E3",2026-04-06,"Gillingham","Accrington",2,0,"H",1,0,"H",1.95,3.25,3.6,"1-0","2-0",11,5,8,0,3,4,0,2,6,2,13,18,2,8,31,"6-2","Y","N","N",7,2,41
"1813","E3",2026-04-06,"Harrogate","Bristol Rvs",2,3,"A",1,0,"H",2.7,3.13,2.45,"1-0","2-3",17,2,15,6,1,0,0,0,5,4,15,12,5,9,27,"5-4","Y","Y","Y",1,0,42
"1814","E3",2026-04-06,"Notts County","Newport County",3,1,"H",2,0,"H",1.5,3.9,5.75,"2-0","3-1",15,8,4,2,2,3,0,0,8,4,7,17,4,12,24,"8-4","Y","Y","Y",5,0,42
"1815","E3",2026-04-06,"Oldham","Milton Keynes Dons",1,1,"D",0,1,"A",2.63,3.2,2.5,"0-1","1-1",13,4,12,2,0,2,0,0,8,2,10,10,2,10,20,"8-2","Y","N","N",2,0,42
"1816","E3",2026-04-06,"Swindon","Walsall",2,1,"H",0,0,"D",2.05,3.25,3.4,"0-0","2-1",7,2,11,2,1,1,0,0,4,8,10,10,3,12,20,"4-8","Y","Y","N",2,0,42
"1817","E3",2026-04-06,"Tranmere","Colchester",0,1,"A",0,0,"D",3.3,3.25,2.05,"0-0","0-1",17,6,16,5,1,1,0,0,5,8,13,8,1,13,21,"5-8","N","N","N",2,0,42
"1818","E3",2026-04-07,"Bromley","Shrewsbury",2,1,"H",1,1,"D",1.65,3.6,5.5,"1-1","2-1",11,4,7,3,0,3,0,0,6,1,7,11,3,7,18,"6-1","Y","Y","N",3,0,42
"1819","E3",2026-04-10,"Colchester","Swindon",3,0,"H",0,0,"D",2.3,3.5,2.9,"0-0","3-0",25,10,4,1,1,0,0,1,10,1,10,6,3,11,16,"10-1","Y","Y","N",1,1,42
"1820","E3",2026-04-11,"Bristol Rvs","Crawley Town",3,1,"H",2,0,"H",2,3.5,3.6,"2-0","3-1",11,3,23,4,2,1,1,0,4,2,17,4,4,6,21,"4-2","Y","Y","Y",3,1,42
"1821","E3",2026-04-11,"Milton Keynes Dons","Bromley",2,1,"H",2,0,"H",1.75,3.7,4.5,"2-0","2-1",10,4,19,7,1,3,1,0,2,9,14,14,3,11,28,"2-9","Y","Y","N",4,1,42
"1822","E3",2026-04-11,"Accrington","Fleetwood Town",1,2,"A",0,1,"A",3.25,3.2,2.25,"0-1","1-2",11,2,13,6,2,2,0,0,4,8,11,14,3,12,25,"4-8","Y","Y","N",4,0,42
"1823","E3",2026-04-11,"Barnet","Barrow",3,2,"H",1,1,"D",1.55,4,6,"1-1","3-2",23,5,5,2,1,1,0,0,8,0,7,12,5,8,19,"8-0","Y","Y","Y",2,0,42
"1824","E3",2026-04-11,"Cambridge","Notts County",4,0,"H",3,0,"H",1.83,3.4,4.4,"3-0","4-0",13,6,8,0,0,2,1,0,4,4,6,15,4,8,21,"4-4","Y","Y","Y",2,1,42
"1825","E3",2026-04-11,"Chesterfield","Tranmere",1,1,"D",1,0,"H",1.5,4.1,6.5,"1-0","1-1",7,3,13,4,2,4,0,0,6,7,9,16,2,13,25,"6-7","Y","N","N",6,0,43
"1826","E3",2026-04-11,"Grimsby","Crewe",3,2,"H",1,0,"H",1.73,3.8,4.5,"1-0","3-2",16,3,8,2,1,0,0,0,2,5,8,5,5,7,13,"2-5","Y","Y","Y",1,0,43
"1827","E3",2026-04-11,"Newport County","Harrogate",2,1,"H",1,1,"D",2.25,3.4,3.1,"1-1","2-1",11,3,10,2,2,1,0,0,8,7,9,13,3,15,22,"8-7","Y","Y","N",3,0,43
"1828","E3",2026-04-11,"Salford","Gillingham",0,0,"D",0,0,"D",1.57,4,5.5,"0-0","0-0",12,3,5,0,1,2,0,0,3,5,8,22,0,8,30,"3-5","N","N","N",3,0,43
"1829","E3",2026-04-11,"Shrewsbury","Oldham",1,0,"H",1,0,"H",3.6,3.3,2.05,"1-0","1-0",8,2,10,2,2,2,0,0,3,5,9,14,1,8,23,"3-5","N","N","N",4,0,43
"1830","E3",2026-04-11,"Walsall","Cheltenham",0,4,"A",0,0,"D",1.75,3.5,4.8,"0-0","0-4",8,0,15,6,1,1,0,0,0,5,10,9,4,5,19,"0-5","Y","Y","Y",2,0,43
"1831","EC",2025-08-09,"Altrincham","Aldershot",3,2,"H",2,0,"H",1.87,3.6,3.5,"2-0","3-2",0,0,0,0,5,3,0,0,0,0,0,0,5,0,0,"0-0","Y","Y","Y",8,0,1
"1832","EC",2025-08-09,"Boreham Wood","Rochdale",0,2,"A",0,0,"D",2.9,3.2,2.3,"0-0","0-2",0,0,0,0,0,3,0,0,0,0,0,0,2,0,0,"0-0","Y","N","N",3,0,1
"1833","EC",2025-08-09,"Brackley Town","Eastleigh",1,0,"H",1,0,"H",2,3.3,3.4,"1-0","1-0",0,0,0,0,1,2,0,0,0,0,0,0,1,0,0,"0-0","N","N","N",3,0,1
"1834","EC",2025-08-09,"Braintree Town","Halifax",3,0,"H",2,0,"H",2.2,3.13,3.1,"2-0","3-0",0,0,0,0,4,3,0,0,0,0,0,0,3,0,0,"0-0","Y","Y","N",7,0,1
"1835","EC",2025-08-09,"Gateshead","Southend",0,3,"A",0,1,"A",3,3.4,2.15,"0-1","0-3",0,0,0,0,1,1,0,0,0,0,0,0,3,0,0,"0-0","Y","Y","N",2,0,1
"1836","EC",2025-08-09,"Solihull","Forest Green",2,2,"D",1,0,"H",3.5,3.4,1.95,"1-0","2-2",0,0,0,0,2,0,1,0,0,0,0,0,4,0,0,"0-0","Y","Y","Y",2,1,1
"1837","EC",2025-08-09,"Tamworth","Scunthorpe",1,2,"A",1,2,"A",2.1,3.4,3.13,"1-2","1-2",0,0,0,0,2,2,0,0,0,0,0,0,3,0,0,"0-0","Y","Y","N",4,0,1
"1838","EC",2025-08-09,"Wealdstone","Truro",2,0,"H",1,0,"H",2.3,3.3,2.8,"1-0","2-0",0,0,0,0,1,0,0,0,0,0,0,0,2,0,0,"0-0","Y","N","N",1,0,1
"1839","EC",2025-08-09,"Woking","Carlisle",0,2,"A",0,0,"D",4.4,3.6,1.7,"0-0","0-2",0,0,0,0,3,2,0,0,0,0,0,0,2,0,0,"0-0","Y","N","N",5,0,1
"1840","EC",2025-08-09,"Yeovil","Hartlepool",0,0,"D",0,0,"D",2.4,3.2,2.75,"0-0","0-0",0,0,0,0,3,2,0,0,0,0,0,0,0,0,0,"0-0","N","N","N",5,0,1
"1841","EC",2025-08-09,"York","Sutton",2,2,"D",1,1,"D",1.5,4.1,5.5,"1-1","2-2",0,0,0,0,1,1,0,0,0,0,0,0,4,0,0,"0-0","Y","Y","Y",2,0,1
"1842","EC",2025-08-16,"Rochdale","Altrincham",2,1,"H",1,1,"D",1.87,3.5,3.6,"1-1","2-1",0,0,0,0,1,5,0,0,0,0,0,0,3,0,0,"0-0","Y","Y","N",6,0,1
"1843","EC",2025-08-16,"Aldershot","Boston Utd",2,3,"A",0,1,"A",2.15,3.3,3.1,"0-1","2-3",0,0,0,0,3,2,1,0,0,0,0,0,5,0,0,"0-0","Y","Y","Y",5,1,2
"1844","EC",2025-08-16,"Carlisle","Boreham Wood",3,3,"D",0,1,"A",1.62,3.75,4.8,"0-1","3-3",0,0,0,0,1,1,0,0,0,0,0,0,6,0,0,"0-0","Y","Y","Y",2,0,2
"1845","EC",2025-08-16,"Eastleigh","Gateshead",0,2,"A",0,2,"A",1.91,3.6,3.4,"0-2","0-2",0,0,0,0,2,1,0,0,0,0,0,0,2,0,0,"0-0","Y","N","N",3,0,2
"1846","EC",2025-08-16,"Forest Green","Yeovil",2,0,"H",0,0,"D",1.7,3.5,4.5,"0-0","2-0",0,0,0,0,1,3,0,1,0,0,0,0,2,0,0,"0-0","Y","N","N",4,1,2
"1847","EC",2025-08-16,"Hartlepool","Braintree Town",2,0,"H",1,0,"H",2.15,3.4,3,"1-0","2-0",0,0,0,0,1,1,0,1,0,0,0,0,2,0,0,"0-0","Y","N","N",2,1,2
"1848","EC",2025-08-16,"Scunthorpe","Woking",3,1,"H",2,0,"H",1.91,3.4,3.6,"2-0","3-1",0,0,0,0,2,2,0,0,0,0,0,0,4,0,0,"0-0","Y","Y","Y",4,0,2
"1849","EC",2025-08-16,"Southend","Tamworth",2,0,"H",1,0,"H",1.57,3.9,5,"1-0","2-0",0,0,0,0,2,1,0,0,0,0,0,0,2,0,0,"0-0","Y","N","N",3,0,2
"1850","EC",2025-08-16,"Sutton","Solihull",0,0,"D",0,0,"D",1.87,3.4,3.75,"0-0","0-0",0,0,0,0,3,3,0,0,0,0,0,0,0,0,0,"0-0","N","N","N",6,0,2
"1851","EC",2025-08-16,"Wealdstone","Halifax",2,1,"H",1,1,"D",2.3,3.25,2.9,"1-1","2-1",0,0,0,0,4,3,0,1,0,0,0,0,3,0,0,"0-0","Y","Y","N",7,1,2
"1852","EC",2025-08-16,"Truro","York",0,2,"A",0,0,"D",4.2,3.7,1.7,"0-0","0-2",0,0,0,0,2,2,0,0,0,0,0,0,2,0,0,"0-0","Y","N","N",4,0,2
"1853","EC",2025-08-19,"Altrincham","Hartlepool",0,2,"A",0,2,"A",2.2,3.5,2.88,"0-2","0-2",0,0,0,0,1,1,0,0,0,0,0,0,2,0,0,"0-0","Y","N","N",2,0,2
"1854","EC",2025-08-19,"Boston Utd","Halifax",0,1,"A",0,1,"A",2.25,3.13,3,"0-1","0-1",0,0,0,0,2,3,0,0,0,0,0,0,1,0,0,"0-0","N","N","N",5,0,2
"1855","EC",2025-08-19,"Carlisle","Solihull",1,1,"D",0,0,"D",1.45,4,6,"0-0","1-1",0,0,0,0,2,0,0,0,0,0,0,0,2,0,0,"0-0","Y","N","N",2,0,3
"1856","EC",2025-08-19,"Tamworth","Truro",2,0,"H",2,0,"H",1.8,3.5,3.9,"2-0","2-0",0,0,0,0,2,2,0,0,0,0,0,0,2,0,0,"0-0","Y","N","N",4,0,3
"1857","EC",2025-08-19,"Woking","Wealdstone",1,2,"A",0,1,"A",2.2,3.3,3,"0-1","1-2",0,0,0,0,1,5,0,0,0,0,0,0,3,0,0,"0-0","Y","Y","N",6,0,3
"1858","EC",2025-08-20,"Aldershot","Eastleigh",2,3,"A",0,1,"A",1.93,3.5,3.5,"0-1","2-3",0,0,0,0,3,3,0,1,0,0,0,0,5,0,0,"0-0","Y","Y","Y",6,1,3
"1859","EC",2025-08-20,"Boreham Wood","Braintree Town",2,1,"H",1,1,"D",2.1,3.25,3.25,"1-1","2-1",0,0,0,0,2,1,0,1,0,0,0,0,3,0,0,"0-0","Y","Y","N",3,1,3
"1860","EC",2025-08-20,"Forest Green","Sutton",4,0,"H",2,0,"H",1.87,3.4,3.7,"2-0","4-0",0,0,0,0,1,3,0,0,0,0,0,0,4,0,0,"0-0","Y","Y","Y",4,0,3
"1861","EC",2025-08-20,"Rochdale","Gateshead",4,0,"H",2,0,"H",1.57,3.9,4.8,"2-0","4-0",0,0,0,0,1,4,0,0,0,0,0,0,4,0,0,"0-0","Y","Y","Y",5,0,3
"1862","EC",2025-08-20,"Southend","York",0,0,"D",0,0,"D",2.25,3.4,2.8,"0-0","0-0",0,0,0,0,2,3,0,0,0,0,0,0,0,0,0,"0-0","N","N","N",5,0,3
"1863","EC",2025-08-20,"Yeovil","Brackley Town",2,1,"H",1,0,"H",2.25,3.2,3,"1-0","2-1",0,0,0,0,4,2,0,0,0,0,0,0,3,0,0,"0-0","Y","Y","N",6,0,3
"1864","EC",2025-08-23,"Morecambe","Altrincham",2,1,"H",1,1,"D",4.1,3.6,1.75,"1-1","2-1",0,0,0,0,4,3,0,0,0,0,0,0,3,0,0,"0-0","Y","Y","N",7,0,3
"1865","EC",2025-08-23,"Brackley Town","Rochdale",2,1,"H",1,0,"H",3.25,3.2,2.1,"1-0","2-1",0,0,0,0,3,4,0,0,0,0,0,0,3,0,0,"0-0","Y","Y","N",7,0,3
"1866","EC",2025-08-23,"Braintree Town","Yeovil",1,0,"H",0,0,"D",2.15,3.13,3.2,"0-0","1-0",0,0,0,0,2,2,0,0,0,0,0,0,1,0,0,"0-0","N","N","N",4,0,3
"1867","EC",2025-08-23,"Eastleigh","Boston Utd",2,0,"H",0,0,"D",2.25,3.2,3,"0-0","2-0",0,0,0,0,1,3,0,0,0,0,0,0,2,0,0,"0-0","Y","N","N",4,0,4
"1868","EC",2025-08-23,"Gateshead","Tamworth",2,1,"H",1,0,"H",2.45,3.4,2.55,"1-0","2-1",0,0,0,0,2,2,0,0,0,0,0,0,3,0,0,"0-0","Y","Y","N",4,0,4
"1869","EC",2025-08-23,"Halifax","Forest Green",1,2,"A",1,1,"D",2.9,3.13,2.3,"1-1","1-2",0,0,0,0,2,3,0,0,0,0,0,0,3,0,0,"0-0","Y","Y","N",5,0,4
"1870","EC",2025-08-23,"Hartlepool","Woking",3,0,"H",2,0,"H",1.7,3.6,4.4,"2-0","3-0",0,0,0,0,0,2,0,0,0,0,0,0,3,0,0,"0-0","Y","Y","N",2,0,4
"1871","EC",2025-08-23,"Solihull","Aldershot",1,5,"A",0,2,"A",2.1,3.4,3.1,"0-2","1-5",0,0,0,0,2,2,0,0,0,0,0,0,6,0,0,"0-0","Y","Y","Y",4,0,4
"1872","EC",2025-08-23,"Sutton","Scunthorpe",2,3,"A",1,1,"D",2.25,3.3,2.88,"1-1","2-3",0,0,0,0,1,2,1,0,0,0,0,0,5,0,0,"0-0","Y","Y","Y",3,1,4
"1873","EC",2025-08-23,"Truro","Southend",0,1,"A",0,0,"D",5.5,3.8,1.53,"0-0","0-1",0,0,0,0,5,0,0,0,0,0,0,0,1,0,0,"0-0","N","N","N",5,0,4
"1874","EC",2025-08-23,"Wealdstone","Carlisle",0,1,"A",0,1,"A",3.75,3.5,1.83,"0-1","0-1",0,0,0,0,0,3,0,0,0,0,0,0,1,0,0,"0-0","N","N","N",3,0,4
"1875","EC",2025-08-25,"Aldershot","Morecambe",4,0,"H",0,0,"D",NA,NA,NA,"0-0","4-0",0,0,0,0,3,2,0,0,0,0,0,0,4,0,0,"0-0","Y","Y","Y",5,0,4
"1876","EC",2025-08-25,"Altrincham","Solihull",2,0,"H",1,0,"H",NA,NA,NA,"1-0","2-0",0,0,0,0,4,1,0,0,0,0,0,0,2,0,0,"0-0","Y","N","N",5,0,4
"1877","EC",2025-08-25,"Boreham Wood","Truro",2,1,"H",1,1,"D",NA,NA,NA,"1-1","2-1",0,0,0,0,2,2,0,0,0,0,0,0,3,0,0,"0-0","Y","Y","N",4,0,4
"1878","EC",2025-08-25,"Boston Utd","Wealdstone",2,1,"H",0,0,"D",NA,NA,NA,"0-0","2-1",0,0,0,0,0,2,0,0,0,0,0,0,3,0,0,"0-0","Y","Y","N",2,0,4
"1879","EC",2025-08-25,"Carlisle","Braintree Town",5,0,"H",2,0,"H",NA,NA,NA,"2-0","5-0",0,0,0,0,0,2,0,0,0,0,0,0,5,0,0,"0-0","Y","Y","Y",2,0,5
"1880","EC",2025-08-25,"Forest Green","Eastleigh",1,0,"H",0,0,"D",NA,NA,NA,"0-0","1-0",0,0,0,0,4,2,0,0,0,0,0,0,1,0,0,"0-0","N","N","N",6,0,5
"1881","EC",2025-08-25,"Rochdale","Sutton",1,0,"H",0,0,"D",NA,NA,NA,"0-0","1-0",0,0,0,0,1,0,0,0,0,0,0,0,1,0,0,"0-0","N","N","N",1,0,5
"1882","EC",2025-08-25,"Scunthorpe","Halifax",1,1,"D",0,0,"D",NA,NA,NA,"0-0","1-1",0,0,0,0,2,2,1,0,0,0,0,0,2,0,0,"0-0","Y","N","N",4,1,5
"1883","EC",2025-08-25,"Southend","Hartlepool",1,1,"D",1,0,"H",NA,NA,NA,"1-0","1-1",0,0,0,0,1,3,0,0,0,0,0,0,2,0,0,"0-0","Y","N","N",4,0,5
"1884","EC",2025-08-25,"Tamworth","Brackley Town",1,1,"D",1,0,"H",NA,NA,NA,"1-0","1-1",0,0,0,0,2,1,0,0,0,0,0,0,2,0,0,"0-0","Y","N","N",3,0,5
"1885","EC",2025-08-25,"Woking","York",1,1,"D",1,0,"H",NA,NA,NA,"1-0","1-1",0,0,0,0,3,4,0,0,0,0,0,0,2,0,0,"0-0","Y","N","N",7,0,5
"1886","EC",2025-08-25,"Yeovil","Gateshead",3,4,"A",3,0,"H",NA,NA,NA,"3-0","3-4",0,0,0,0,1,3,0,0,0,0,0,0,7,0,0,"0-0","Y","Y","Y",4,0,5
"1887","EC",2025-08-30,"Solihull","Southend",1,2,"A",0,1,"A",4.75,3.6,1.65,"0-1","1-2",0,0,0,0,2,0,0,0,0,0,0,0,3,0,0,"0-0","Y","Y","N",2,0,5
"1888","EC",2025-08-30,"Braintree Town","Forest Green",0,0,"D",0,0,"D",3.9,3.4,1.83,"0-0","0-0",0,0,0,0,4,2,0,0,0,0,0,0,0,0,0,"0-0","N","N","N",6,0,5
"1889","EC",2025-08-30,"Eastleigh","Altrincham",2,1,"H",0,1,"A",2.6,3.4,2.4,"0-1","2-1",0,0,0,0,1,3,0,0,0,0,0,0,3,0,0,"0-0","Y","Y","N",4,0,5
"1890","EC",2025-08-30,"Gateshead","Aldershot",3,3,"D",1,2,"A",2.15,3.6,2.88,"1-2","3-3",0,0,0,0,4,4,0,0,0,0,0,0,6,0,0,"0-0","Y","Y","Y",8,0,5
"1891","EC",2025-08-30,"Halifax","Yeovil",3,2,"H",1,0,"H",2.38,2.9,3.1,"1-0","3-2",0,0,0,0,4,2,0,0,0,0,0,0,5,0,0,"0-0","Y","Y","Y",6,0,6
"1892","EC",2025-08-30,"Hartlepool","Boreham Wood",0,0,"D",0,0,"D",1.75,3.5,4.2,"0-0","0-0",0,0,0,0,2,1,1,0,0,0,0,0,0,0,0,"0-0","N","N","N",3,1,6
"1893","EC",2025-08-30,"Morecambe","Woking",0,2,"A",0,0,"D",2.25,3.4,2.8,"0-0","0-2",0,0,0,0,2,2,0,0,0,0,0,0,2,0,0,"0-0","Y","N","N",4,0,6
"1894","EC",2025-08-30,"Sutton","Carlisle",2,1,"H",0,0,"D",3.25,3.4,2.05,"0-0","2-1",0,0,0,0,0,1,0,0,0,0,0,0,3,0,0,"0-0","Y","Y","N",1,0,6
"1895","EC",2025-08-30,"Truro","Boston Utd",3,0,"H",1,0,"H",2.9,3.25,2.25,"1-0","3-0",0,0,0,0,0,3,0,0,0,0,0,0,3,0,0,"0-0","Y","Y","N",3,0,6
"1896","EC",2025-08-30,"Wealdstone","Rochdale",1,3,"A",0,2,"A",3.3,3.4,2,"0-2","1-3",0,0,0,0,1,3,0,0,0,0,0,0,4,0,0,"0-0","Y","Y","Y",4,0,6
"1897","EC",2025-08-30,"Brackley Town","Scunthorpe",1,1,"D",0,0,"D",2.05,3.3,3.25,"0-0","1-1",0,0,0,0,4,5,0,1,0,0,0,0,2,0,0,"0-0","Y","N","N",9,1,6
"1898","EC",2025-09-02,"Braintree Town","Tamworth",1,2,"A",0,1,"A",2.8,3.3,2.3,"0-1","1-2",0,0,0,0,2,0,0,0,0,0,0,0,3,0,0,"0-0","Y","Y","N",2,0,6
"1899","EC",2025-09-02,"Morecambe","Forest Green",1,3,"A",1,2,"A",6.5,4.5,1.4,"1-2","1-3",0,0,0,0,2,1,0,0,0,0,0,0,4,0,0,"0-0","Y","Y","Y",3,0,6
"1900","EC",2025-09-02,"Solihull","Yeovil",0,1,"A",0,1,"A",2.6,3.13,2.55,"0-1","0-1",0,0,0,0,0,2,0,0,0,0,0,0,1,0,0,"0-0","N","N","N",2,0,6
"1901","EC",2025-09-02,"Wealdstone","Southend",3,2,"H",1,1,"D",4.2,3.5,1.75,"1-1","3-2",0,0,0,0,4,4,0,0,0,0,0,0,5,0,0,"0-0","Y","Y","Y",8,0,6
"1902","EC",2025-09-03,"Brackley Town","Carlisle",0,1,"A",0,0,"D",2.9,3.3,2.25,"0-0","0-1",0,0,0,0,2,2,0,0,0,0,0,0,1,0,0,"0-0","N","N","N",4,0,6
"1903","EC",2025-09-03,"Gateshead","Altrincham",0,2,"A",0,2,"A",2.7,3.6,2.25,"0-2","0-2",0,0,0,0,0,0,1,0,0,0,0,0,2,0,0,"0-0","Y","N","N",0,1,7
"1904","EC",2025-09-03,"Halifax","Woking",1,1,"D",0,0,"D",1.83,3.4,3.9,"0-0","1-1",0,0,0,0,3,2,0,0,0,0,0,0,2,0,0,"0-0","Y","N","N",5,0,7
"1905","EC",2025-09-03,"Hartlepool","Boston Utd",1,1,"D",1,0,"H",1.62,3.7,4.8,"1-0","1-1",0,0,0,0,2,2,0,0,0,0,0,0,2,0,0,"0-0","Y","N","N",4,0,7
"1906","EC",2025-09-03,"Sutton","Boreham Wood",3,4,"A",2,1,"H",2.55,3.3,2.5,"2-1","3-4",0,0,0,0,2,2,0,0,0,0,0,0,7,0,0,"0-0","Y","Y","Y",4,0,7
"1907","EC",2025-09-03,"Truro","Aldershot",2,2,"D",0,1,"A",2.6,3.4,2.4,"0-1","2-2",0,0,0,0,1,2,0,2,0,0,0,0,4,0,0,"0-0","Y","Y","Y",3,2,7
"1908","EC",2025-09-06,"Altrincham","Sutton",2,1,"H",0,1,"A",1.83,3.7,3.6,"0-1","2-1",0,0,0,0,0,6,0,0,0,0,0,0,3,0,0,"0-0","Y","Y","N",6,0,7
"1909","EC",2025-09-06,"Boreham Wood","Morecambe",3,0,"H",2,0,"H",1.5,4.1,5.5,"2-0","3-0",0,0,0,0,3,3,0,1,0,0,0,0,3,0,0,"0-0","Y","Y","N",6,1,7
"1910","EC",2025-09-06,"Boston Utd","Solihull",1,2,"A",1,1,"D",2.15,3.3,3.1,"1-1","1-2",0,0,0,0,1,3,0,0,0,0,0,0,3,0,0,"0-0","Y","Y","N",4,0,7
"1911","EC",2025-09-06,"Carlisle","Truro",3,0,"H",2,0,"H",1.45,4.2,5.75,"2-0","3-0",0,0,0,0,3,1,0,0,0,0,0,0,3,0,0,"0-0","Y","Y","N",4,0,7
"1912","EC",2025-09-06,"Forest Green","Hartlepool",1,0,"H",1,0,"H",1.67,3.6,4.6,"1-0","1-0",0,0,0,0,2,2,0,0,0,0,0,0,1,0,0,"0-0","N","N","N",4,0,7
"1913","EC",2025-09-06,"Rochdale","Braintree Town",2,0,"H",2,0,"H",1.44,4.33,6,"2-0","2-0",0,0,0,0,0,0,0,0,0,0,0,0,2,0,0,"0-0","Y","N","N",0,0,7
"1914","EC",2025-09-06,"Scunthorpe","Wealdstone",2,1,"H",2,1,"H",1.87,3.4,3.75,"2-1","2-1",0,0,0,0,1,2,0,0,0,0,0,0,3,0,0,"0-0","Y","Y","N",3,0,7
"1915","EC",2025-09-06,"Southend","Halifax",3,0,"H",1,0,"H",1.53,3.7,5.75,"1-0","3-0",0,0,0,0,1,2,0,1,0,0,0,0,3,0,0,"0-0","Y","Y","N",3,1,8
"1916","EC",2025-09-06,"Tamworth","Eastleigh",1,0,"H",0,0,"D",2,3.3,3.4,"0-0","1-0",0,0,0,0,1,3,1,1,0,0,0,0,1,0,0,"0-0","N","N","N",4,2,8
"1917","EC",2025-09-06,"Woking","Gateshead",5,0,"H",2,0,"H",2.15,3.4,2.9,"2-0","5-0",0,0,0,0,0,1,0,0,0,0,0,0,5,0,0,"0-0","Y","Y","Y",1,0,8
"1918","EC",2025-09-06,"Yeovil","York",1,3,"A",0,2,"A",4.1,3.4,1.8,"0-2","1-3",0,0,0,0,2,1,0,0,0,0,0,0,4,0,0,"0-0","Y","Y","Y",3,0,8
"1919","EC",2025-09-06,"Aldershot","Brackley Town",2,2,"D",1,0,"H",2.4,3.4,2.6,"1-0","2-2",0,0,0,0,2,3,1,0,0,0,0,0,4,0,0,"0-0","Y","Y","Y",5,1,8
"1920","EC",2025-09-09,"York","Tamworth",4,0,"H",0,0,"D",1.45,4.2,5.75,"0-0","4-0",0,0,0,0,1,1,0,0,0,0,0,0,4,0,0,"0-0","Y","Y","Y",2,0,8
"1921","EC",2025-09-13,"Yeovil","Woking",1,0,"H",0,0,"D",2.05,3.2,3.4,"0-0","1-0",0,0,0,0,4,3,0,0,0,0,0,0,1,0,0,"0-0","N","N","N",7,0,8
"1922","EC",2025-09-13,"Boreham Wood","Altrincham",3,1,"H",3,0,"H",1.91,3.5,3.5,"3-0","3-1",0,0,0,0,2,2,0,1,0,0,0,0,4,0,0,"0-0","Y","Y","Y",4,1,8
"1923","EC",2025-09-13,"Braintree Town","York",2,3,"A",1,0,"H",5.25,3.9,1.55,"1-0","2-3",0,0,0,0,4,1,0,0,0,0,0,0,5,0,0,"0-0","Y","Y","Y",5,0,8
"1924","EC",2025-09-13,"Carlisle","Aldershot",2,0,"H",0,0,"D",1.5,4.2,5.25,"0-0","2-0",0,0,0,0,1,1,0,0,0,0,0,0,2,0,0,"0-0","Y","N","N",2,0,8
"1925","EC",2025-09-13,"Forest Green","Scunthorpe",1,1,"D",0,1,"A",1.53,3.8,5.5,"0-1","1-1",0,0,0,0,2,1,0,0,0,0,0,0,2,0,0,"0-0","Y","N","N",3,0,8
"1926","EC",2025-09-13,"Hartlepool","Brackley Town",0,0,"D",0,0,"D",1.91,3.4,3.6,"0-0","0-0",0,0,0,0,1,1,0,0,0,0,0,0,0,0,0,"0-0","N","N","N",2,0,8
"1927","EC",2025-09-13,"Solihull","Morecambe",4,4,"D",2,1,"H",1.5,4,5.5,"2-1","4-4",0,0,0,0,1,0,0,0,0,0,0,0,8,0,0,"0-0","Y","Y","Y",1,0,9
"1928","EC",2025-09-13,"Southend","Boston Utd",1,1,"D",0,0,"D",1.33,4.5,8,"0-0","1-1",0,0,0,0,0,4,0,0,0,0,0,0,2,0,0,"0-0","Y","N","N",4,0,9
"1929","EC",2025-09-13,"Sutton","Tamworth",2,3,"A",2,3,"A",2.5,3.3,2.6,"2-3","2-3",0,0,0,0,2,3,0,0,0,0,0,0,5,0,0,"0-0","Y","Y","Y",5,0,9
"1930","EC",2025-09-13,"Truro","Rochdale",0,1,"A",0,1,"A",4.33,3.6,1.7,"0-1","0-1",0,0,0,0,2,2,0,0,0,0,0,0,1,0,0,"0-0","N","N","N",4,0,9
"1931","EC",2025-09-13,"Wealdstone","Gateshead",2,2,"D",1,1,"D",1.9,3.6,3.4,"1-1","2-2",0,0,0,0,2,2,0,0,0,0,0,0,4,0,0,"0-0","Y","Y","Y",4,0,9
"1932","EC",2025-09-13,"Halifax","Eastleigh",2,2,"D",0,2,"A",2,3.2,3.5,"0-2","2-2",0,0,0,0,3,3,0,0,0,0,0,0,4,0,0,"0-0","Y","Y","Y",6,0,9
"1933","EC",2025-09-20,"Brackley Town","Sutton",1,0,"H",0,0,"D",1.83,3.5,3.8,"0-0","1-0",0,0,0,0,3,2,0,0,0,0,0,0,1,0,0,"0-0","N","N","N",5,0,9
"1934","EC",2025-09-20,"Aldershot","Hartlepool",1,0,"H",1,0,"H",2.75,3.5,2.25,"1-0","1-0",0,0,0,0,5,2,0,0,0,0,0,0,1,0,0,"0-0","N","N","N",7,0,9
"1935","EC",2025-09-20,"Altrincham","Carlisle",1,2,"A",1,2,"A",3.1,3.5,2.05,"1-2","1-2",0,0,0,0,1,4,1,1,0,0,0,0,3,0,0,"0-0","Y","Y","N",5,2,9
"1936","EC",2025-09-20,"Boston Utd","Boreham Wood",0,2,"A",0,0,"D",3.5,3.4,1.95,"0-0","0-2",0,0,0,0,3,0,0,0,0,0,0,0,2,0,0,"0-0","Y","N","N",3,0,9
"1937","EC",2025-09-20,"Eastleigh","Braintree Town",1,3,"A",1,1,"D",1.83,3.4,3.9,"1-1","1-3",0,0,0,0,3,4,0,0,0,0,0,0,4,0,0,"0-0","Y","Y","Y",7,0,9
"1938","EC",2025-09-20,"Gateshead","Halifax",1,2,"A",1,1,"D",2.2,3.4,2.88,"1-1","1-2",0,0,0,0,2,2,0,0,0,0,0,0,3,0,0,"0-0","Y","Y","N",4,0,9
"1939","EC",2025-09-20,"Morecambe","Wealdstone",4,3,"H",3,1,"H",3.6,3.6,1.85,"3-1","4-3",0,0,0,0,2,1,0,0,0,0,0,0,7,0,0,"0-0","Y","Y","Y",3,0,10
"1940","EC",2025-09-20,"Scunthorpe","Truro",4,0,"H",1,0,"H",1.65,3.7,4.6,"1-0","4-0",0,0,0,0,3,3,0,0,0,0,0,0,4,0,0,"0-0","Y","Y","Y",6,0,10
"1941","EC",2025-09-20,"Tamworth","Yeovil",1,0,"H",0,0,"D",2.05,3.25,3.4,"0-0","1-0",0,0,0,0,2,1,0,0,0,0,0,0,1,0,0,"0-0","N","N","N",3,0,10
"1942","EC",2025-09-20,"Woking","Forest Green",0,2,"A",0,1,"A",4.33,3.5,1.73,"0-1","0-2",0,0,0,0,0,0,0,0,0,0,0,0,2,0,0,"0-0","Y","N","N",0,0,10
"1943","EC",2025-09-20,"York","Solihull",0,1,"A",0,0,"D",1.3,4.8,8.5,"0-0","0-1",0,0,0,0,3,0,0,2,0,0,0,0,1,0,0,"0-0","N","N","N",3,2,10
"1944","EC",2025-09-23,"Altrincham","Forest Green",1,2,"A",1,1,"D",3.4,3.5,1.95,"1-1","1-2",0,0,0,0,1,3,1,0,0,0,0,0,3,0,0,"0-0","Y","Y","N",4,1,10
"1945","EC",2025-09-23,"Brackley Town","Truro",1,0,"H",1,0,"H",1.75,3.4,4.33,"1-0","1-0",0,0,0,0,2,1,0,0,0,0,0,0,1,0,0,"0-0","N","N","N",3,0,10
"1946","EC",2025-09-23,"Gateshead","Hartlepool",0,1,"A",0,0,"D",3,3.5,2.1,"0-0","0-1",0,0,0,0,0,0,0,0,0,0,0,0,1,0,0,"0-0","N","N","N",0,0,10
"1947","EC",2025-09-23,"Rochdale","Solihull",4,1,"H",3,0,"H",1.5,4.1,5.75,"3-0","4-1",0,0,0,0,3,2,0,0,0,0,0,0,5,0,0,"0-0","Y","Y","Y",5,0,10
"1948","EC",2025-09-23,"Woking","Sutton",1,1,"D",1,0,"H",2.15,3.4,3,"1-0","1-1",0,0,0,0,0,3,0,0,0,0,0,0,2,0,0,"0-0","Y","N","N",3,0,10
"1949","EC",2025-09-23,"York","Carlisle",5,0,"H",3,0,"H",1.95,3.5,3.4,"3-0","5-0",0,0,0,0,4,5,0,0,0,0,0,0,5,0,0,"0-0","Y","Y","Y",9,0,10
"1950","EC",2025-09-24,"Aldershot","Yeovil",1,4,"A",0,3,"A",1.95,3.5,3.4,"0-3","1-4",0,0,0,0,1,2,0,0,0,0,0,0,5,0,0,"0-0","Y","Y","Y",3,0,10
"1951","EC",2025-09-24,"Boston Utd","Braintree Town",2,0,"H",0,0,"D",2.1,3.4,3.1,"0-0","2-0",0,0,0,0,2,3,0,0,0,0,0,0,2,0,0,"0-0","Y","N","N",5,0,11
"1952","EC",2025-09-24,"Eastleigh","Southend",2,1,"H",0,0,"D",4.6,3.6,1.67,"0-0","2-1",0,0,0,0,0,1,0,0,0,0,0,0,3,0,0,"0-0","Y","Y","N",1,0,11
"1953","EC",2025-09-24,"Morecambe","Halifax",1,2,"A",1,0,"H",2.88,3.3,2.25,"1-0","1-2",0,0,0,0,0,0,0,0,0,0,0,0,3,0,0,"0-0","Y","Y","N",0,0,11
"1954","EC",2025-09-24,"Scunthorpe","Boreham Wood",1,1,"D",0,1,"A",2.38,3.25,2.75,"0-1","1-1",0,0,0,0,2,0,0,0,0,0,0,0,2,0,0,"0-0","Y","N","N",2,0,11
"1955","EC",2025-09-24,"Tamworth","Wealdstone",1,1,"D",0,0,"D",2.05,3.4,3.25,"0-0","1-1",0,0,0,0,2,3,0,0,0,0,0,0,2,0,0,"0-0","Y","N","N",5,0,11
"1956","EC",2025-09-27,"Boreham Wood","Woking",1,0,"H",1,0,"H",1.67,3.7,4.4,"1-0","1-0",0,0,0,0,0,1,0,0,0,0,0,0,1,0,0,"0-0","N","N","N",1,0,11
"1957","EC",2025-09-27,"Braintree Town","Gateshead",1,2,"A",0,2,"A",2.15,3.5,2.9,"0-2","1-2",0,0,0,0,0,2,0,0,0,0,0,0,3,0,0,"0-0","Y","Y","N",2,0,11
"1958","EC",2025-09-27,"Carlisle","Rochdale",0,2,"A",0,1,"A",2.05,3.4,3.2,"0-1","0-2",0,0,0,0,2,2,0,0,0,0,0,0,2,0,0,"0-0","Y","N","N",4,0,11
"1959","EC",2025-09-27,"Halifax","Aldershot",4,2,"H",2,1,"H",2.05,3.6,3,"2-1","4-2",0,0,0,0,3,3,0,0,0,0,0,0,6,0,0,"0-0","Y","Y","Y",6,0,11
"1960","EC",2025-09-27,"Hartlepool","Tamworth",1,1,"D",0,0,"D",2,3.4,3.3,"0-0","1-1",0,0,0,0,3,2,0,0,0,0,0,0,2,0,0,"0-0","Y","N","N",5,0,11
"1961","EC",2025-09-27,"Solihull","Brackley Town",1,0,"H",0,0,"D",3,3.3,2.15,"0-0","1-0",0,0,0,0,2,1,0,0,0,0,0,0,1,0,0,"0-0","N","N","N",3,0,11
"1962","EC",2025-09-27,"Southend","Scunthorpe",0,2,"A",0,0,"D",1.65,3.75,4.5,"0-0","0-2",0,0,0,0,2,2,0,0,0,0,0,0,2,0,0,"0-0","Y","N","N",4,0,11
"1963","EC",2025-09-27,"Sutton","Boston Utd",1,1,"D",0,1,"A",1.9,3.5,3.5,"0-1","1-1",0,0,0,0,5,4,0,0,0,0,0,0,2,0,0,"0-0","Y","N","N",9,0,12
"1964","EC",2025-09-27,"Truro","Morecambe",5,0,"H",1,0,"H",2.25,3.5,2.75,"1-0","5-0",0,0,0,0,1,1,0,1,0,0,0,0,5,0,0,"0-0","Y","Y","Y",2,1,12
"1965","EC",2025-09-27,"Wealdstone","Eastleigh",0,0,"D",0,0,"D",2.15,3.4,3,"0-0","0-0",0,0,0,0,3,2,0,1,0,0,0,0,0,0,0,"0-0","N","N","N",5,1,12
"1966","EC",2025-09-27,"Yeovil","Altrincham",1,0,"H",1,0,"H",2.63,3.5,2.3,"1-0","1-0",0,0,0,0,2,2,0,0,0,0,0,0,1,0,0,"0-0","N","N","N",4,0,12
"1967","EC",2025-09-27,"Forest Green","York",1,1,"D",1,1,"D",2.3,3.3,2.8,"1-1","1-1",0,0,0,0,1,1,0,0,0,0,0,0,2,0,0,"0-0","Y","N","N",2,0,12
"1968","EC",2025-09-30,"Aldershot","Braintree Town",1,1,"D",0,0,"D",1.75,3.75,3.8,"0-0","1-1",0,0,0,0,0,1,0,1,0,0,0,0,2,0,0,"0-0","Y","N","N",1,1,12
"1969","EC",2025-09-30,"Boreham Wood","Southend",1,1,"D",0,0,"D",2.5,3.3,2.55,"0-0","1-1",0,0,0,0,4,2,0,0,0,0,0,0,2,0,0,"0-0","Y","N","N",6,0,12
"1970","EC",2025-09-30,"Morecambe","Gateshead",2,5,"A",1,4,"A",2.4,3.7,2.45,"1-4","2-5",0,0,0,0,1,1,0,0,0,0,0,0,7,0,0,"0-0","Y","Y","Y",2,0,12
"1971","EC",2025-09-30,"Solihull","Woking",0,3,"A",0,0,"D",2.25,3.3,2.88,"0-0","0-3",0,0,0,0,2,2,0,0,0,0,0,0,3,0,0,"0-0","Y","Y","N",4,0,12
"1972","EC",2025-09-30,"Sutton","Yeovil",1,2,"A",0,0,"D",2.3,3.25,2.8,"0-0","1-2",0,0,0,0,2,2,0,0,0,0,0,0,3,0,0,"0-0","Y","Y","N",4,0,12
"1973","EC",2025-09-30,"Truro","Eastleigh",0,2,"A",0,2,"A",2.25,3.13,3,"0-2","0-2",0,0,0,0,2,3,0,0,0,0,0,0,2,0,0,"0-0","Y","N","N",5,0,12
"1974","EC",2025-10-01,"Altrincham","Tamworth",1,2,"A",0,0,"D",1.91,3.6,3.4,"0-0","1-2",0,0,0,0,1,3,0,0,0,0,0,0,3,0,0,"0-0","Y","Y","N",4,0,12
"1975","EC",2025-10-01,"Boston Utd","Forest Green",0,0,"D",0,0,"D",5,3.7,1.6,"0-0","0-0",0,0,0,0,1,0,0,0,0,0,0,0,0,0,0,"0-0","N","N","N",1,0,13
"1976","EC",2025-10-01,"Brackley Town","Wealdstone",0,2,"A",0,1,"A",1.83,3.4,3.9,"0-1","0-2",0,0,0,0,3,1,0,0,0,0,0,0,2,0,0,"0-0","Y","N","N",4,0,13
"1977","EC",2025-10-01,"Carlisle","Hartlepool",3,1,"H",1,0,"H",1.73,3.7,4.1,"1-0","3-1",0,0,0,0,0,0,0,0,0,0,0,0,4,0,0,"0-0","Y","Y","Y",0,0,13
"1978","EC",2025-10-01,"Rochdale","Halifax",1,2,"A",0,1,"A",1.55,3.9,5.25,"0-1","1-2",0,0,0,0,4,3,0,0,0,0,0,0,3,0,0,"0-0","Y","Y","N",7,0,13
"1979","EC",2025-10-01,"York","Scunthorpe",1,3,"A",0,1,"A",1.53,4,5.25,"0-1","1-3",0,0,0,0,2,2,0,0,0,0,0,0,4,0,0,"0-0","Y","Y","Y",4,0,13
"1980","EC",2025-10-04,"Gateshead","Boston Utd",1,3,"A",1,1,"D",2.05,3.5,3.1,"1-1","1-3",0,0,0,0,1,1,0,0,0,0,0,0,4,0,0,"0-0","Y","Y","Y",2,0,13
"1981","EC",2025-10-04,"Hartlepool","York",1,2,"A",0,1,"A",3.4,3.5,1.95,"0-1","1-2",0,0,0,0,2,0,0,0,0,0,0,0,3,0,0,"0-0","Y","Y","N",2,0,13
"1982","EC",2025-10-04,"Braintree Town","Sutton",0,0,"D",0,0,"D",2.38,3.3,2.7,"0-0","0-0",0,0,0,0,1,3,0,0,0,0,0,0,0,0,0,"0-0","N","N","N",4,0,13
"1983","EC",2025-10-04,"Eastleigh","Solihull",1,1,"D",0,0,"D",2.05,3.3,3.3,"0-0","1-1",0,0,0,0,2,2,0,0,0,0,0,0,2,0,0,"0-0","Y","N","N",4,0,13
"1984","EC",2025-10-04,"Forest Green","Rochdale",0,1,"A",0,1,"A",2.05,3.3,3.3,"0-1","0-1",0,0,0,0,2,3,0,0,0,0,0,0,1,0,0,"0-0","N","N","N",5,0,13
"1985","EC",2025-10-04,"Halifax","Brackley Town",2,0,"H",0,0,"D",2.45,3.1,2.75,"0-0","2-0",0,0,0,0,0,3,0,0,0,0,0,0,2,0,0,"0-0","Y","N","N",3,0,13
"1986","EC",2025-10-04,"Southend","Aldershot",3,0,"H",1,0,"H",1.4,4.5,6.5,"1-0","3-0",0,0,0,0,2,0,0,0,0,0,0,0,3,0,0,"0-0","Y","Y","N",2,0,13
"1987","EC",2025-10-04,"Tamworth","Morecambe",1,1,"D",0,0,"D",1.5,4.2,5.25,"0-0","1-1",0,0,0,0,1,3,0,0,0,0,0,0,2,0,0,"0-0","Y","N","N",4,0,14
"1988","EC",2025-10-04,"Wealdstone","Altrincham",1,1,"D",1,1,"D",2.3,3.5,2.7,"1-1","1-1",0,0,0,0,1,2,0,0,0,0,0,0,2,0,0,"0-0","Y","N","N",3,0,14
"1989","EC",2025-10-04,"Woking","Truro",2,2,"D",1,0,"H",2.1,3.3,3.2,"1-0","2-2",0,0,0,0,2,2,0,0,0,0,0,0,4,0,0,"0-0","Y","Y","Y",4,0,14
"1990","EC",2025-10-04,"Yeovil","Boreham Wood",0,3,"A",0,2,"A",3,3.25,2.25,"0-2","0-3",0,0,0,0,1,1,0,0,0,0,0,0,3,0,0,"0-0","Y","Y","N",2,0,14
"1991","EC",2025-10-04,"Scunthorpe","Carlisle",0,1,"A",0,1,"A",2.6,3.3,2.45,"0-1","0-1",0,0,0,0,4,4,1,0,0,0,0,0,1,0,0,"0-0","N","N","N",8,1,14
"1992","EC",2025-10-07,"Scunthorpe","Morecambe",3,1,"H",2,0,"H",1.3,5,8,"2-0","3-1",0,0,0,0,1,3,0,0,0,0,0,0,4,0,0,"0-0","Y","Y","Y",4,0,14
"1993","EC",2025-10-18,"Solihull","Braintree Town",2,0,"H",1,0,"H",2.1,3.4,3.1,"1-0","2-0",0,0,0,0,3,3,0,0,0,0,0,0,2,0,0,"0-0","Y","N","N",6,0,14
"1994","EC",2025-10-18,"Aldershot","Tamworth",1,2,"A",1,1,"D",2.55,3.5,2.38,"1-1","1-2",0,0,0,0,2,3,0,0,0,0,0,0,3,0,0,"0-0","Y","Y","N",5,0,14
"1995","EC",2025-10-18,"Altrincham","Woking",1,3,"A",1,2,"A",1.93,3.4,3.5,"1-2","1-3",0,0,0,0,2,4,0,0,0,0,0,0,4,0,0,"0-0","Y","Y","Y",6,0,14
"1996","EC",2025-10-18,"Boreham Wood","Eastleigh",2,0,"H",0,0,"D",1.62,3.7,4.8,"0-0","2-0",0,0,0,0,3,3,0,0,0,0,0,0,2,0,0,"0-0","Y","N","N",6,0,14
"1997","EC",2025-10-18,"Boston Utd","Scunthorpe",1,1,"D",0,0,"D",3.25,3.4,2.05,"0-0","1-1",0,0,0,0,2,1,0,0,0,0,0,0,2,0,0,"0-0","Y","N","N",3,0,14
"1998","EC",2025-10-18,"Brackley Town","Gateshead",0,0,"D",0,0,"D",1.73,3.7,4.1,"0-0","0-0",0,0,0,0,2,2,1,0,0,0,0,0,0,0,0,"0-0","N","N","N",4,1,14
"1999","EC",2025-10-18,"Morecambe","Southend",0,3,"A",0,2,"A",5,4.1,1.53,"0-2","0-3",0,0,0,0,3,1,0,0,0,0,0,0,3,0,0,"0-0","Y","Y","N",4,0,15
"2000","EC",2025-10-18,"Rochdale","Yeovil",3,0,"H",3,0,"H",1.36,4.4,7.5,"3-0","3-0",0,0,0,0,1,4,0,0,0,0,0,0,3,0,0,"0-0","Y","Y","N",5,0,15
"2001","EC",2025-10-18,"Truro","Halifax",2,1,"H",0,0,"D",3.1,3.25,2.15,"0-0","2-1",0,0,0,0,1,1,0,0,0,0,0,0,3,0,0,"0-0","Y","Y","N",2,0,15
"2002","EC",2025-10-18,"York","Wealdstone",4,0,"H",2,0,"H",1.33,4.8,7.5,"2-0","4-0",0,0,0,0,1,1,0,0,0,0,0,0,4,0,0,"0-0","Y","Y","Y",2,0,15
"2003","EC",2025-10-18,"Carlisle","Forest Green",4,2,"H",2,1,"H",2.45,3.25,2.63,"2-1","4-2",0,0,0,0,4,3,0,1,0,0,0,0,6,0,0,"0-0","Y","Y","Y",7,1,15
"2004","EC",2025-10-18,"Sutton","Hartlepool",3,3,"D",1,0,"H",2.6,3.4,2.4,"1-0","3-3",0,0,0,0,3,2,0,0,0,0,0,0,6,0,0,"0-0","Y","Y","Y",5,0,15
"2005","EC",2025-10-21,"Boston Utd","Morecambe",0,4,"A",0,2,"A",1.87,3.6,3.5,"0-2","0-4",0,0,0,0,3,1,0,0,0,0,0,0,4,0,0,"0-0","Y","Y","Y",4,0,15
"2006","EC",2025-10-21,"Eastleigh","Scunthorpe",1,1,"D",0,0,"D",3.2,3.3,2.1,"0-0","1-1",0,0,0,0,3,3,0,0,0,0,0,0,2,0,0,"0-0","Y","N","N",6,0,15
"2007","EC",2025-10-21,"York","Boreham Wood",2,2,"D",1,1,"D",1.75,3.75,3.8,"1-1","2-2",0,0,0,0,1,2,0,0,0,0,0,0,4,0,0,"0-0","Y","Y","Y",3,0,15
"2008","EC",2025-10-25,"Halifax","York",1,1,"D",1,0,"H",4.1,3.75,1.73,"1-0","1-1",0,0,0,0,1,2,0,0,0,0,0,0,2,0,0,"0-0","Y","N","N",3,0,15
"2009","EC",2025-10-25,"Braintree Town","Altrincham",0,0,"D",0,0,"D",2.75,3.4,2.25,"0-0","0-0",0,0,0,0,0,3,0,0,0,0,0,0,0,0,0,"0-0","N","N","N",3,0,15
"2010","EC",2025-10-25,"Eastleigh","Morecambe",2,1,"H",0,0,"D",1.87,3.6,3.5,"0-0","2-1",0,0,0,0,2,4,0,0,0,0,0,0,3,0,0,"0-0","Y","Y","N",6,0,15
"2011","EC",2025-10-25,"Forest Green","Boreham Wood",2,1,"H",1,0,"H",2.05,3.3,3.3,"1-0","2-1",0,0,0,0,0,1,0,0,0,0,0,0,3,0,0,"0-0","Y","Y","N",1,0,16
"2012","EC",2025-10-25,"Gateshead","Truro",2,2,"D",0,2,"A",2.2,3.4,2.9,"0-2","2-2",0,0,0,0,3,1,0,0,0,0,0,0,4,0,0,"0-0","Y","Y","Y",4,0,16
"2013","EC",2025-10-25,"Hartlepool","Solihull",2,0,"H",1,0,"H",1.65,3.8,4.4,"1-0","2-0",0,0,0,0,3,2,0,0,0,0,0,0,2,0,0,"0-0","Y","N","N",5,0,16
"2014","EC",2025-10-25,"Scunthorpe","Aldershot",2,1,"H",2,1,"H",1.65,4,4.33,"2-1","2-1",0,0,0,0,2,3,0,0,0,0,0,0,3,0,0,"0-0","Y","Y","N",5,0,16
"2015","EC",2025-10-25,"Southend","Brackley Town",2,0,"H",0,0,"D",1.65,3.6,4.8,"0-0","2-0",0,0,0,0,0,1,0,0,0,0,0,0,2,0,0,"0-0","Y","N","N",1,0,16
"2016","EC",2025-10-25,"Wealdstone","Sutton",4,2,"H",1,2,"A",2.05,3.5,3.1,"1-2","4-2",0,0,0,0,3,0,0,0,0,0,0,0,6,0,0,"0-0","Y","Y","Y",3,0,16
"2017","EC",2025-10-25,"Woking","Rochdale",0,0,"D",0,0,"D",3.9,3.5,1.8,"0-0","0-0",0,0,0,0,2,1,0,0,0,0,0,0,0,0,0,"0-0","N","N","N",3,0,16
"2018","EC",2025-10-25,"Yeovil","Carlisle",1,1,"D",1,0,"H",3.6,3.4,1.91,"1-0","1-1",0,0,0,0,2,1,0,0,0,0,0,0,2,0,0,"0-0","Y","N","N",3,0,16
"2019","EC",2025-10-25,"Tamworth","Boston Utd",1,3,"A",0,1,"A",1.75,3.5,4.2,"0-1","1-3",0,0,0,0,4,3,0,0,0,0,0,0,4,0,0,"0-0","Y","Y","Y",7,0,16
"2020","EC",2025-11-04,"Boreham Wood","Aldershot",1,0,"H",1,0,"H",1.5,4.33,5.25,"1-0","1-0",0,0,0,0,0,1,0,0,0,0,0,0,1,0,0,"0-0","N","N","N",1,0,16
"2021","EC",2025-11-04,"Carlisle","Halifax",2,0,"H",1,0,"H",1.57,3.9,5,"1-0","2-0",0,0,0,0,1,1,0,0,0,0,0,0,2,0,0,"0-0","Y","N","N",2,0,16
"2022","EC",2025-11-04,"Hartlepool","Morecambe",1,1,"D",1,0,"H",1.73,3.9,3.8,"1-0","1-1",0,0,0,0,1,1,0,0,0,0,0,0,2,0,0,"0-0","Y","N","N",2,0,16
"2023","EC",2025-11-04,"Yeovil","Wealdstone",0,2,"A",0,0,"D",2.88,3.4,2.2,"0-0","0-2",0,0,0,0,2,1,0,0,0,0,0,0,2,0,0,"0-0","Y","N","N",3,0,17
"2024","EC",2025-11-05,"Altrincham","Boston Utd",1,0,"H",1,0,"H",1.87,3.4,3.75,"1-0","1-0",0,0,0,0,2,2,0,0,0,0,0,0,1,0,0,"0-0","N","N","N",4,0,17
"2025","EC",2025-11-05,"Braintree Town","Brackley Town",0,1,"A",0,0,"D",2.5,3.2,2.63,"0-0","0-1",0,0,0,0,6,2,0,0,0,0,0,0,1,0,0,"0-0","N","N","N",8,0,17
"2026","EC",2025-11-05,"Solihull","Truro",4,0,"H",2,0,"H",2.55,3.3,2.5,"2-0","4-0",0,0,0,0,2,1,0,1,0,0,0,0,4,0,0,"0-0","Y","Y","Y",3,1,17
"2027","EC",2025-11-05,"Sutton","Eastleigh",2,1,"H",2,0,"H",2.2,3.3,3,"2-0","2-1",0,0,0,0,4,2,0,0,0,0,0,0,3,0,0,"0-0","Y","Y","N",6,0,17
"2028","EC",2025-11-05,"Woking","Southend",1,1,"D",0,0,"D",3.9,3.5,1.8,"0-0","1-1",0,0,0,0,3,2,0,0,0,0,0,0,2,0,0,"0-0","Y","N","N",5,0,17
"2029","EC",2025-11-05,"York","Gateshead",4,0,"H",3,0,"H",1.25,5.75,8.5,"3-0","4-0",0,0,0,0,1,1,0,0,0,0,0,0,4,0,0,"0-0","Y","Y","Y",2,0,17
"2030","EC",2025-11-08,"Aldershot","Forest Green",2,3,"A",0,2,"A",4,3.75,1.73,"0-2","2-3",0,0,0,0,1,1,0,0,0,0,0,0,5,0,0,"0-0","Y","Y","Y",2,0,17
"2031","EC",2025-11-08,"Boston Utd","Rochdale",1,3,"A",0,1,"A",4.1,3.6,1.75,"0-1","1-3",0,0,0,0,2,0,0,0,0,0,0,0,4,0,0,"0-0","Y","Y","Y",2,0,17
"2032","EC",2025-11-08,"Brackley Town","Boreham Wood",1,3,"A",0,1,"A",3.7,3.3,1.93,"0-1","1-3",0,0,0,0,0,0,0,0,0,0,0,0,4,0,0,"0-0","Y","Y","Y",0,0,17
"2033","EC",2025-11-08,"Eastleigh","York",2,4,"A",2,1,"H",4.6,3.8,1.62,"2-1","2-4",0,0,0,0,1,3,0,0,0,0,0,0,6,0,0,"0-0","Y","Y","Y",4,0,17
"2034","EC",2025-11-08,"Gateshead","Solihull",0,2,"A",0,0,"D",2.4,3.4,2.6,"0-0","0-2",0,0,0,0,3,0,0,0,0,0,0,0,2,0,0,"0-0","Y","N","N",3,0,17
"2035","EC",2025-11-08,"Halifax","Hartlepool",0,1,"A",0,0,"D",2.25,3.3,2.88,"0-0","0-1",0,0,0,0,1,4,0,0,0,0,0,0,1,0,0,"0-0","N","N","N",5,0,18
"2036","EC",2025-11-08,"Morecambe","Sutton",2,2,"D",1,0,"H",2.25,3.6,2.7,"1-0","2-2",0,0,0,0,1,1,0,0,0,0,0,0,4,0,0,"0-0","Y","Y","Y",2,0,18
"2037","EC",2025-11-08,"Scunthorpe","Yeovil",1,0,"H",1,0,"H",1.65,3.6,4.75,"1-0","1-0",0,0,0,0,1,2,0,0,0,0,0,0,1,0,0,"0-0","N","N","N",3,0,18
"2038","EC",2025-11-08,"Tamworth","Woking",0,1,"A",0,1,"A",1.91,3.4,3.6,"0-1","0-1",0,0,0,0,2,2,0,0,0,0,0,0,1,0,0,"0-0","N","N","N",4,0,18
"2039","EC",2025-11-08,"Truro","Altrincham",0,1,"A",0,0,"D",2.38,3.4,2.63,"0-0","0-1",0,0,0,0,2,1,0,0,0,0,0,0,1,0,0,"0-0","N","N","N",3,0,18
"2040","EC",2025-11-08,"Wealdstone","Braintree Town",1,0,"H",0,0,"D",1.73,3.9,3.9,"0-0","1-0",0,0,0,0,2,2,1,0,0,0,0,0,1,0,0,"0-0","N","N","N",4,1,18
"2041","EC",2025-11-08,"Southend","Carlisle",1,2,"A",1,2,"A",2.1,3.4,3.1,"1-2","1-2",0,0,0,0,1,3,0,0,0,0,0,0,3,0,0,"0-0","Y","Y","N",4,0,18
"2042","EC",2025-11-11,"Forest Green","Tamworth",4,2,"H",2,1,"H",1.4,4.33,6.5,"2-1","4-2",0,0,0,0,2,2,0,1,0,0,0,0,6,0,0,"0-0","Y","Y","Y",4,1,18
"2043","EC",2025-11-11,"York","Rochdale",4,1,"H",1,1,"D",1.95,3.6,3.3,"1-1","4-1",0,0,0,0,0,2,0,0,0,0,0,0,5,0,0,"0-0","Y","Y","Y",2,0,18
"2044","EC",2025-11-15,"Altrincham","Brackley Town",2,1,"H",1,0,"H",2.3,3.3,2.8,"1-0","2-1",0,0,0,0,2,4,0,0,0,0,0,0,3,0,0,"0-0","Y","Y","N",6,0,18
"2045","EC",2025-11-15,"Boreham Wood","Tamworth",1,2,"A",1,1,"D",1.45,4.1,6,"1-1","1-2",0,0,0,0,2,0,0,0,0,0,0,0,3,0,0,"0-0","Y","Y","N",2,0,18
"2046","EC",2025-11-15,"Braintree Town","Truro",2,0,"H",0,0,"D",2.25,3.3,2.88,"0-0","2-0",0,0,0,0,2,0,0,0,0,0,0,0,2,0,0,"0-0","Y","N","N",2,0,18
"2047","EC",2025-11-15,"Carlisle","Eastleigh",1,1,"D",0,0,"D",1.45,4.2,6,"0-0","1-1",0,0,0,0,1,2,0,0,0,0,0,0,2,0,0,"0-0","Y","N","N",3,0,19
"2048","EC",2025-11-15,"Forest Green","Gateshead",3,1,"H",3,0,"H",1.33,5,7,"3-0","3-1",0,0,0,0,3,3,0,0,0,0,0,0,4,0,0,"0-0","Y","Y","Y",6,0,19
"2049","EC",2025-11-15,"Hartlepool","Wealdstone",1,1,"D",1,1,"D",1.95,3.6,3.25,"1-1","1-1",0,0,0,0,1,0,0,0,0,0,0,0,2,0,0,"0-0","Y","N","N",1,0,19
"2050","EC",2025-11-15,"Rochdale","Aldershot",1,0,"H",0,0,"D",1.3,5,8,"0-0","1-0",0,0,0,0,1,3,0,0,0,0,0,0,1,0,0,"0-0","N","N","N",4,0,19
"2051","EC",2025-11-15,"Solihull","Scunthorpe",3,0,"H",2,0,"H",3,3.4,2.15,"2-0","3-0",0,0,0,0,0,1,1,0,0,0,0,0,3,0,0,"0-0","Y","Y","N",1,1,19
"2052","EC",2025-11-15,"Sutton","Halifax",2,0,"H",2,0,"H",2.55,3.3,2.5,"2-0","2-0",0,0,0,0,4,2,0,0,0,0,0,0,2,0,0,"0-0","Y","N","N",6,0,19
"2053","EC",2025-11-15,"Woking","Boston Utd",1,1,"D",1,0,"H",1.95,3.3,3.5,"1-0","1-1",0,0,0,0,4,2,0,0,0,0,0,0,2,0,0,"0-0","Y","N","N",6,0,19
"2054","EC",2025-11-15,"Yeovil","Southend",0,1,"A",0,0,"D",4.8,3.75,1.62,"0-0","0-1",0,0,0,0,5,3,0,0,0,0,0,0,1,0,0,"0-0","N","N","N",8,0,19
"2055","EC",2025-11-15,"York","Morecambe",4,2,"H",1,1,"D",1.17,7,11,"1-1","4-2",0,0,0,0,4,1,0,1,0,0,0,0,6,0,0,"0-0","Y","Y","Y",5,1,19
"2056","EC",2025-11-18,"Morecambe","Brackley Town",2,0,"H",1,0,"H",2.05,3.5,3.1,"1-0","2-0",0,0,0,0,2,0,0,0,0,0,0,0,2,0,0,"0-0","Y","N","N",2,0,19
"2057","EC",2025-11-22,"Aldershot","Woking",1,2,"A",1,1,"D",2.45,3.4,2.55,"1-1","1-2",0,0,0,0,5,4,0,0,0,0,0,0,3,0,0,"0-0","Y","Y","N",9,0,19
"2058","EC",2025-11-22,"Tamworth","Rochdale",1,2,"A",0,1,"A",4.2,3.6,1.73,"0-1","1-2",0,0,0,0,2,3,0,0,0,0,0,0,3,0,0,"0-0","Y","Y","N",5,0,19
"2059","EC",2025-11-22,"Brackley Town","York",2,3,"A",2,2,"D",6.5,4.5,1.4,"2-2","2-3",0,0,0,0,1,1,0,0,0,0,0,0,5,0,0,"0-0","Y","Y","Y",2,0,20
"2060","EC",2025-11-22,"Eastleigh","Hartlepool",0,2,"A",0,0,"D",2.55,3.3,2.5,"0-0","0-2",0,0,0,0,1,1,0,0,0,0,0,0,2,0,0,"0-0","Y","N","N",2,0,20
"2061","EC",2025-11-22,"Gateshead","Boreham Wood",0,3,"A",0,1,"A",5,4.33,1.5,"0-1","0-3",0,0,0,0,2,2,0,1,0,0,0,0,3,0,0,"0-0","Y","Y","N",4,1,20
"2062","EC",2025-11-22,"Halifax","Solihull",3,0,"H",1,0,"H",2.3,3.3,2.8,"1-0","3-0",0,0,0,0,1,3,1,1,0,0,0,0,3,0,0,"0-0","Y","Y","N",4,2,20
"2063","EC",2025-11-22,"Morecambe","Yeovil",0,0,"D",0,0,"D",2.1,3.5,3,"0-0","0-0",0,0,0,0,2,3,0,0,0,0,0,0,0,0,0,"0-0","N","N","N",5,0,20
"2064","EC",2025-11-22,"Scunthorpe","Braintree Town",1,1,"D",1,0,"H",1.55,4,5,"1-0","1-1",0,0,0,0,2,1,0,0,0,0,0,0,2,0,0,"0-0","Y","N","N",3,0,20
"2065","EC",2025-11-22,"Southend","Altrincham",3,0,"H",2,0,"H",1.5,4.1,5.5,"2-0","3-0",0,0,0,0,3,1,0,1,0,0,0,0,3,0,0,"0-0","Y","Y","N",4,1,20
"2066","EC",2025-11-22,"Truro","Sutton",2,3,"A",0,1,"A",2.25,3.3,2.88,"0-1","2-3",0,0,0,0,2,0,0,0,0,0,0,0,5,0,0,"0-0","Y","Y","Y",2,0,20
"2067","EC",2025-11-22,"Wealdstone","Forest Green",1,1,"D",0,1,"A",3.5,3.7,1.85,"0-1","1-1",0,0,0,0,2,2,0,0,0,0,0,0,2,0,0,"0-0","Y","N","N",4,0,20
"2068","EC",2025-11-22,"Boston Utd","Carlisle",1,2,"A",0,0,"D",4.5,3.7,1.67,"0-0","1-2",0,0,0,0,3,2,0,0,0,0,0,0,3,0,0,"0-0","Y","Y","N",5,0,20
"2069","EC",2025-11-29,"Solihull","Wealdstone",1,1,"D",1,1,"D",2.1,3.5,3,"1-1","1-1",0,0,0,0,2,1,0,0,0,0,0,0,2,0,0,"0-0","Y","N","N",3,0,20
"2070","EC",2025-11-29,"Altrincham","Scunthorpe",4,2,"H",1,1,"D",2.5,3.4,2.5,"1-1","4-2",0,0,0,0,2,2,0,0,0,0,0,0,6,0,0,"0-0","Y","Y","Y",4,0,20
"2071","EC",2025-11-29,"Braintree Town","Morecambe",1,0,"H",1,0,"H",2.15,3.6,2.88,"1-0","1-0",0,0,0,0,3,3,0,0,0,0,0,0,1,0,0,"0-0","N","N","N",6,0,21
"2072","EC",2025-11-29,"Carlisle","Tamworth",2,1,"H",1,1,"D",1.4,4.5,6.5,"1-1","2-1",0,0,0,0,2,3,0,0,0,0,0,0,3,0,0,"0-0","Y","Y","N",5,0,21
"2073","EC",2025-11-29,"Forest Green","Southend",2,1,"H",0,0,"D",2.15,3.4,3,"0-0","2-1",0,0,0,0,2,3,0,0,0,0,0,0,3,0,0,"0-0","Y","Y","N",5,0,21
"2074","EC",2025-11-29,"Hartlepool","Truro",3,1,"H",1,0,"H",1.67,3.6,4.5,"1-0","3-1",0,0,0,0,1,1,0,0,0,0,0,0,4,0,0,"0-0","Y","Y","Y",2,0,21
"2075","EC",2025-11-29,"Rochdale","Eastleigh",2,0,"H",0,0,"D",1.29,5,8.5,"0-0","2-0",0,0,0,0,0,1,0,0,0,0,0,0,2,0,0,"0-0","Y","N","N",1,0,21
"2076","EC",2025-11-29,"Sutton","Gateshead",4,2,"H",1,1,"D",1.8,3.8,3.6,"1-1","4-2",0,0,0,0,2,1,0,0,0,0,0,0,6,0,0,"0-0","Y","Y","Y",3,0,21
"2077","EC",2025-11-29,"Woking","Brackley Town",2,0,"H",1,0,"H",2.05,3.25,3.4,"1-0","2-0",0,0,0,0,0,4,0,1,0,0,0,0,2,0,0,"0-0","Y","N","N",4,1,21
"2078","EC",2025-11-29,"Yeovil","Boston Utd",2,1,"H",0,0,"D",2.3,3.2,2.88,"0-0","2-1",0,0,0,0,4,1,0,0,0,0,0,0,3,0,0,"0-0","Y","Y","N",5,0,21
"2079","EC",2025-11-29,"York","Aldershot",5,1,"H",1,1,"D",1.22,6,9,"1-1","5-1",0,0,0,0,0,2,0,1,0,0,0,0,6,0,0,"0-0","Y","Y","Y",2,1,21
"2080","EC",2025-11-29,"Boreham Wood","Halifax",2,1,"H",1,0,"H",1.4,4.33,6.5,"1-0","2-1",0,0,0,0,2,0,0,0,0,0,0,0,3,0,0,"0-0","Y","Y","N",2,0,21
"2081","EC",2025-12-06,"Morecambe","Boston Utd",0,3,"A",0,3,"A",2.25,3.5,2.75,"0-3","0-3",0,0,0,0,2,1,0,0,0,0,0,0,3,0,0,"0-0","Y","Y","N",3,0,21
"2082","EC",2025-12-06,"Aldershot","Altrincham",2,1,"H",0,0,"D",2.45,3.5,2.5,"0-0","2-1",0,0,0,0,3,3,0,0,0,0,0,0,3,0,0,"0-0","Y","Y","N",6,0,21
"2083","EC",2025-12-06,"Forest Green","Solihull",1,1,"D",0,1,"A",1.45,4.2,5.75,"0-1","1-1",0,0,0,0,2,4,0,0,0,0,0,0,2,0,0,"0-0","Y","N","N",6,0,22
"2084","EC",2025-12-06,"Halifax","Braintree Town",4,0,"H",1,0,"H",1.85,3.5,3.7,"1-0","4-0",0,0,0,0,0,1,0,0,0,0,0,0,4,0,0,"0-0","Y","Y","Y",1,0,22
"2085","EC",2025-12-06,"Hartlepool","Yeovil",0,2,"A",0,1,"A",1.73,3.5,4.33,"0-1","0-2",0,0,0,0,1,4,1,0,0,0,0,0,2,0,0,"0-0","Y","N","N",5,1,22
"2086","EC",2025-12-06,"Scunthorpe","Tamworth",3,1,"H",1,1,"D",1.73,3.7,4.1,"1-1","3-1",0,0,0,0,0,0,0,0,0,0,0,0,4,0,0,"0-0","Y","Y","Y",0,0,22
"2087","EC",2025-12-10,"Carlisle","Woking",1,3,"A",1,2,"A",1.45,4.2,6,"1-2","1-3",0,0,0,0,0,0,0,0,0,0,0,0,4,0,0,"0-0","Y","Y","Y",0,0,22
"2088","EC",2025-12-16,"Truro","Wealdstone",2,0,"H",1,0,"H",2.8,3.2,2.38,"1-0","2-0",0,0,0,0,3,2,0,0,0,0,0,0,2,0,0,"0-0","Y","N","N",5,0,22
"2089","EC",2025-12-19,"Altrincham","Rochdale",0,3,"A",0,2,"A",3.75,3.6,1.83,"0-2","0-3",0,0,0,0,0,1,0,0,0,0,0,0,3,0,0,"0-0","Y","Y","N",1,0,22
"2090","EC",2025-12-20,"Boston Utd","Aldershot",0,2,"A",0,2,"A",1.95,3.6,3.3,"0-2","0-2",0,0,0,0,0,0,0,0,0,0,0,0,2,0,0,"0-0","Y","N","N",0,0,22
"2091","EC",2025-12-20,"Woking","Scunthorpe",1,2,"A",0,1,"A",2.6,3.3,2.45,"0-1","1-2",0,0,0,0,0,2,0,0,0,0,0,0,3,0,0,"0-0","Y","Y","N",2,0,22
"2092","EC",2025-12-20,"Tamworth","Southend",2,1,"H",1,0,"H",3.5,3.5,1.91,"1-0","2-1",0,0,0,0,1,1,0,0,0,0,0,0,3,0,0,"0-0","Y","Y","N",2,0,22
"2093","EC",2025-12-20,"York","Truro",4,0,"H",3,0,"H",1.17,6.5,12,"3-0","4-0",0,0,0,0,0,2,0,0,0,0,0,0,4,0,0,"0-0","Y","Y","Y",2,0,22
"2094","EC",2025-12-20,"Yeovil","Forest Green",0,2,"A",0,1,"A",5.25,3.9,1.55,"0-1","0-2",0,0,0,0,4,0,0,1,0,0,0,0,2,0,0,"0-0","Y","N","N",4,1,22
"2095","EC",2025-12-21,"Brackley Town","Morecambe",0,2,"A",0,1,"A",2.05,3.5,3.1,"0-1","0-2",0,0,0,0,3,3,0,0,0,0,0,0,2,0,0,"0-0","Y","N","N",6,0,23
"2096","EC",2025-12-21,"Solihull","Sutton",4,1,"H",0,0,"D",2.05,3.4,3.2,"0-0","4-1",0,0,0,0,2,2,0,1,0,0,0,0,5,0,0,"0-0","Y","Y","Y",4,1,23
"2097","EC",2025-12-21,"Braintree Town","Hartlepool",0,0,"D",0,0,"D",3.5,3.4,1.95,"0-0","0-0",0,0,0,0,0,0,0,0,0,0,0,0,0,0,0,"0-0","N","N","N",0,0,23
"2098","EC",2025-12-21,"Gateshead","Eastleigh",1,3,"A",1,2,"A",2.45,3.5,2.5,"1-2","1-3",0,0,0,0,2,2,1,0,0,0,0,0,4,0,0,"0-0","Y","Y","Y",4,1,23
"2099","EC",2025-12-21,"Boreham Wood","Carlisle",2,0,"H",2,0,"H",1.95,3.6,3.3,"2-0","2-0",0,0,0,0,1,3,0,0,0,0,0,0,2,0,0,"0-0","Y","N","N",4,0,23
"2100","EC",2025-12-21,"Halifax","Wealdstone",2,2,"D",1,0,"H",2.15,3.4,3,"1-0","2-2",0,0,0,0,2,3,0,0,0,0,0,0,4,0,0,"0-0","Y","Y","Y",5,0,23
"2101","EC",2025-12-26,"Brackley Town","Forest Green",1,0,"H",1,0,"H",4.6,3.7,1.65,"1-0","1-0",0,0,0,0,5,2,0,0,0,0,0,0,1,0,0,"0-0","N","N","N",7,0,23
"2102","EC",2025-12-26,"Braintree Town","Southend",0,1,"A",0,0,"D",4.6,3.6,1.67,"0-0","0-1",0,0,0,0,2,4,0,1,0,0,0,0,1,0,0,"0-0","N","N","N",6,1,23
"2103","EC",2025-12-26,"Eastleigh","Woking",1,1,"D",0,0,"D",2.5,3.2,2.63,"0-0","1-1",0,0,0,0,2,1,0,0,0,0,0,0,2,0,0,"0-0","Y","N","N",3,0,23
"2104","EC",2025-12-26,"Gateshead","Carlisle",0,3,"A",0,1,"A",5,4.2,1.53,"0-1","0-3",0,0,0,0,1,0,0,0,0,0,0,0,3,0,0,"0-0","Y","Y","N",1,0,23
"2105","EC",2025-12-26,"Halifax","Altrincham",2,1,"H",0,0,"D",2.1,3.3,3.1,"0-0","2-1",0,0,0,0,2,3,0,0,0,0,0,0,3,0,0,"0-0","Y","Y","N",5,0,23
"2106","EC",2025-12-26,"Hartlepool","Scunthorpe",1,2,"A",0,0,"D",2.15,3.4,3,"0-0","1-2",0,0,0,0,2,2,0,0,0,0,0,0,3,0,0,"0-0","Y","Y","N",4,0,23
"2107","EC",2025-12-26,"Morecambe","Rochdale",1,2,"A",0,1,"A",6,4.2,1.44,"0-1","1-2",0,0,0,0,2,2,0,0,0,0,0,0,3,0,0,"0-0","Y","Y","N",4,0,24
"2108","EC",2025-12-26,"Solihull","Tamworth",7,1,"H",4,1,"H",1.95,3.5,3.4,"4-1","7-1",0,0,0,0,1,3,0,0,0,0,0,0,8,0,0,"0-0","Y","Y","Y",4,0,24
"2109","EC",2025-12-26,"Sutton","Aldershot",0,0,"D",0,0,"D",1.9,3.75,3.3,"0-0","0-0",0,0,0,0,1,2,0,0,0,0,0,0,0,0,0,"0-0","N","N","N",3,0,24
"2110","EC",2025-12-26,"Truro","Yeovil",1,0,"H",1,0,"H",2.2,3.13,3.1,"1-0","1-0",0,0,0,0,0,1,0,0,0,0,0,0,1,0,0,"0-0","N","N","N",1,0,24
"2111","EC",2025-12-26,"Wealdstone","Boreham Wood",0,4,"A",0,2,"A",4,3.75,1.73,"0-2","0-4",0,0,0,0,2,1,0,0,0,0,0,0,4,0,0,"0-0","Y","Y","Y",3,0,24
"2112","EC",2025-12-26,"York","Boston Utd",2,2,"D",1,0,"H",1.25,5.5,9,"1-0","2-2",0,0,0,0,1,2,1,0,0,0,0,0,4,0,0,"0-0","Y","Y","Y",3,1,24
"2113","EC",2025-12-30,"Aldershot","Wealdstone",4,1,"H",3,1,"H",2.2,3.6,2.8,"3-1","4-1",0,0,0,0,1,3,0,0,0,0,0,0,5,0,0,"0-0","Y","Y","Y",4,0,24
"2114","EC",2025-12-30,"Altrincham","York",1,2,"A",0,1,"A",5.5,4.5,1.45,"0-1","1-2",0,0,0,0,0,1,1,0,0,0,0,0,3,0,0,"0-0","Y","Y","N",1,1,24
"2115","EC",2025-12-30,"Boreham Wood","Solihull",2,1,"H",2,1,"H",1.44,4.33,5.75,"2-1","2-1",0,0,0,0,2,0,0,0,0,0,0,0,3,0,0,"0-0","Y","Y","N",2,0,24
"2116","EC",2025-12-30,"Boston Utd","Brackley Town",1,2,"A",1,0,"H",2.1,3.25,3.2,"1-0","1-2",0,0,0,0,2,5,0,0,0,0,0,0,3,0,0,"0-0","Y","Y","N",7,0,24
"2117","EC",2025-12-30,"Carlisle","Morecambe",1,0,"H",1,0,"H",1.36,4.8,6.5,"1-0","1-0",0,0,0,0,1,3,0,0,0,0,0,0,1,0,0,"0-0","N","N","N",4,0,24
"2118","EC",2025-12-30,"Forest Green","Truro",1,1,"D",1,1,"D",1.22,5.5,10.5,"1-1","1-1",0,0,0,0,2,4,0,0,0,0,0,0,2,0,0,"0-0","Y","N","N",6,0,24
"2119","EC",2025-12-30,"Rochdale","Hartlepool",1,2,"A",0,2,"A",1.5,4,5.5,"0-2","1-2",0,0,0,0,0,0,0,0,0,0,0,0,3,0,0,"0-0","Y","Y","N",0,0,25
"2120","EC",2025-12-30,"Scunthorpe","Gateshead",2,0,"H",1,0,"H",1.33,5,7,"1-0","2-0",0,0,0,0,2,1,0,1,0,0,0,0,2,0,0,"0-0","Y","N","N",3,1,25
"2121","EC",2025-12-30,"Southend","Sutton",1,0,"H",1,0,"H",1.4,4.4,6.5,"1-0","1-0",0,0,0,0,2,3,0,0,0,0,0,0,1,0,0,"0-0","N","N","N",5,0,25
"2122","EC",2025-12-30,"Tamworth","Halifax",0,2,"A",0,2,"A",2.6,3.3,2.45,"0-2","0-2",0,0,0,0,1,3,0,0,0,0,0,0,2,0,0,"0-0","Y","N","N",4,0,25
"2123","EC",2025-12-30,"Woking","Braintree Town",0,1,"A",0,1,"A",1.8,3.4,4.1,"0-1","0-1",0,0,0,0,1,1,0,0,0,0,0,0,1,0,0,"0-0","N","N","N",2,0,25
"2124","EC",2025-12-30,"Yeovil","Eastleigh",1,1,"D",1,1,"D",2.4,3.2,2.75,"1-1","1-1",0,0,0,0,5,3,0,0,0,0,0,0,2,0,0,"0-0","Y","N","N",8,0,25
"2125","EC",2026-01-03,"Boston Utd","Eastleigh",1,2,"A",1,1,"D",2.3,3.2,2.9,"1-1","1-2",0,0,0,0,3,4,0,0,0,0,0,0,3,0,0,"0-0","Y","Y","N",7,0,25
"2126","EC",2026-01-03,"Carlisle","Wealdstone",2,0,"H",1,0,"H",1.44,4.4,5.75,"1-0","2-0",0,0,0,0,2,2,0,0,0,0,0,0,2,0,0,"0-0","Y","N","N",4,0,25
"2127","EC",2026-01-03,"Forest Green","Halifax",2,1,"H",0,1,"A",1.36,4.5,7,"0-1","2-1",0,0,0,0,1,3,0,0,0,0,0,0,3,0,0,"0-0","Y","Y","N",4,0,25
"2128","EC",2026-01-03,"Tamworth","Gateshead",3,1,"H",1,0,"H",1.67,3.9,4.2,"1-0","3-1",0,0,0,0,1,3,0,0,0,0,0,0,4,0,0,"0-0","Y","Y","Y",4,0,25
"2129","EC",2026-01-03,"Yeovil","Braintree Town",3,1,"H",0,0,"D",2.3,3.2,2.9,"0-0","3-1",0,0,0,0,0,2,0,0,0,0,0,0,4,0,0,"0-0","Y","Y","Y",2,0,25
"2130","EC",2026-01-10,"Aldershot","Solihull",1,5,"A",0,4,"A",1.95,3.75,3.2,"0-4","1-5",0,0,0,0,2,2,1,0,0,0,0,0,6,0,0,"0-0","Y","Y","Y",4,1,25
"2131","EC",2026-01-10,"Sutton","York",1,2,"A",1,1,"D",5.5,4.5,1.45,"1-1","1-2",0,0,0,0,4,1,0,0,0,0,0,0,3,0,0,"0-0","Y","Y","N",5,0,26
"2132","EC",2026-01-10,"Woking","Hartlepool",4,0,"H",2,0,"H",2.4,3.4,2.63,"2-0","4-0",0,0,0,0,1,0,0,1,0,0,0,0,4,0,0,"0-0","Y","Y","Y",1,1,26
"2133","EC",2026-01-10,"Braintree Town","Boston Utd",0,0,"D",0,0,"D",2.5,3.25,2.6,"0-0","0-0",0,0,0,0,4,3,0,0,0,0,0,0,0,0,0,"0-0","N","N","N",7,0,26
"2134","EC",2026-01-17,"Hartlepool","Altrincham",1,0,"H",0,0,"D",1.91,3.4,3.6,"0-0","1-0",0,0,0,0,4,6,0,0,0,0,0,0,1,0,0,"0-0","N","N","N",10,0,26
"2135","EC",2026-01-17,"Brackley Town","Yeovil",2,1,"H",2,1,"H",1.95,3.25,3.6,"2-1","2-1",0,0,0,0,3,2,0,0,0,0,0,0,3,0,0,"0-0","Y","Y","N",5,0,26
"2136","EC",2026-01-17,"Braintree Town","Boreham Wood",0,3,"A",0,2,"A",5.5,4.1,1.5,"0-2","0-3",0,0,0,0,3,1,0,0,0,0,0,0,3,0,0,"0-0","Y","Y","N",4,0,26
"2137","EC",2026-01-17,"Eastleigh","Aldershot",1,4,"A",0,0,"D",2.25,3.5,2.75,"0-0","1-4",0,0,0,0,4,3,0,0,0,0,0,0,5,0,0,"0-0","Y","Y","Y",7,0,26
"2138","EC",2026-01-17,"Gateshead","Rochdale",0,2,"A",0,1,"A",7.5,5,1.3,"0-1","0-2",0,0,0,0,2,0,0,0,0,0,0,0,2,0,0,"0-0","Y","N","N",2,0,26
"2139","EC",2026-01-17,"Halifax","Boston Utd",2,1,"H",1,1,"D",1.93,3.4,3.6,"1-1","2-1",0,0,0,0,1,1,0,0,0,0,0,0,3,0,0,"0-0","Y","Y","N",2,0,26
"2140","EC",2026-01-17,"Morecambe","Scunthorpe",2,2,"D",1,0,"H",3.5,3.6,1.87,"1-0","2-2",0,0,0,0,3,6,0,0,0,0,0,0,4,0,0,"0-0","Y","Y","Y",9,0,26
"2141","EC",2026-01-17,"Solihull","Carlisle",3,3,"D",2,1,"H",3,3.5,2.1,"2-1","3-3",0,0,0,0,2,3,0,0,0,0,0,0,6,0,0,"0-0","Y","Y","Y",5,0,26
"2142","EC",2026-01-17,"Sutton","Forest Green",1,1,"D",0,1,"A",4.75,3.9,1.6,"0-1","1-1",0,0,0,0,5,2,0,1,0,0,0,0,2,0,0,"0-0","Y","N","N",7,1,26
"2143","EC",2026-01-17,"Truro","Tamworth",0,0,"D",0,0,"D",2.25,3.4,2.8,"0-0","0-0",0,0,0,0,2,0,1,0,0,0,0,0,0,0,0,"0-0","N","N","N",2,1,27
"2144","EC",2026-01-17,"Wealdstone","Woking",1,0,"H",0,0,"D",2.5,3.2,2.6,"0-0","1-0",0,0,0,0,2,3,0,0,0,0,0,0,1,0,0,"0-0","N","N","N",5,0,27
"2145","EC",2026-01-17,"York","Southend",1,1,"D",0,1,"A",1.7,3.8,4.1,"0-1","1-1",0,0,0,0,3,3,0,0,0,0,0,0,2,0,0,"0-0","Y","N","N",6,0,27
"2146","EC",2026-01-20,"Boreham Wood","Scunthorpe",1,3,"A",0,3,"A",1.62,3.9,4.6,"0-3","1-3",0,0,0,0,0,1,0,0,0,0,0,0,4,0,0,"0-0","Y","Y","Y",1,0,27
"2147","EC",2026-01-20,"Hartlepool","Gateshead",2,1,"H",0,1,"A",1.45,4.33,5.5,"0-1","2-1",0,0,0,0,0,0,0,1,0,0,0,0,3,0,0,"0-0","Y","Y","N",0,1,27
"2148","EC",2026-01-20,"Southend","Eastleigh",4,1,"H",1,0,"H",1.33,4.75,7.5,"1-0","4-1",0,0,0,0,3,1,0,0,0,0,0,0,5,0,0,"0-0","Y","Y","Y",4,0,27
"2149","EC",2026-01-20,"Truro","Brackley Town",3,3,"D",0,1,"A",2.38,3.1,2.88,"0-1","3-3",0,0,0,0,2,2,0,0,0,0,0,0,6,0,0,"0-0","Y","Y","Y",4,0,27
"2150","EC",2026-01-21,"Carlisle","York",0,3,"A",0,1,"A",2.9,3.5,2.15,"0-1","0-3",0,0,0,0,0,0,0,0,0,0,0,0,3,0,0,"0-0","Y","Y","N",0,0,27
"2151","EC",2026-01-21,"Forest Green","Altrincham",1,1,"D",0,1,"A",1.4,4.4,6.5,"0-1","1-1",0,0,0,0,2,2,0,0,0,0,0,0,2,0,0,"0-0","Y","N","N",4,0,27
"2152","EC",2026-01-21,"Halifax","Morecambe",1,0,"H",1,0,"H",1.83,3.6,3.7,"1-0","1-0",0,0,0,0,2,4,0,0,0,0,0,0,1,0,0,"0-0","N","N","N",6,0,27
"2153","EC",2026-01-21,"Solihull","Rochdale",0,1,"A",0,0,"D",3.4,3.6,1.91,"0-0","0-1",0,0,0,0,0,0,0,0,0,0,0,0,1,0,0,"0-0","N","N","N",0,0,27
"2154","EC",2026-01-24,"Altrincham","Boreham Wood",3,1,"H",1,0,"H",5.5,4.1,1.5,"1-0","3-1",0,0,0,0,2,3,0,0,0,0,0,0,4,0,0,"0-0","Y","Y","Y",5,0,27
"2155","EC",2026-01-24,"Boston Utd","Southend",3,3,"D",1,1,"D",4.6,3.7,1.65,"1-1","3-3",0,0,0,0,2,3,0,0,0,0,0,0,6,0,0,"0-0","Y","Y","Y",5,0,28
"2156","EC",2026-01-24,"Brackley Town","Hartlepool",0,0,"D",0,0,"D",2.45,3.25,2.63,"0-0","0-0",0,0,0,0,3,2,0,0,0,0,0,0,0,0,0,"0-0","N","N","N",5,0,28
"2157","EC",2026-01-24,"Eastleigh","Halifax",2,3,"A",1,2,"A",2.7,3.25,2.4,"1-2","2-3",0,0,0,0,1,3,0,0,0,0,0,0,5,0,0,"0-0","Y","Y","Y",4,0,28
"2158","EC",2026-01-24,"Morecambe","Solihull",0,2,"A",0,1,"A",2.88,3.5,2.15,"0-1","0-2",0,0,0,0,3,1,0,0,0,0,0,0,2,0,0,"0-0","Y","N","N",4,0,28
"2159","EC",2026-01-24,"Rochdale","Truro",2,0,"H",2,0,"H",1.25,5.25,9.5,"2-0","2-0",0,0,0,0,0,0,0,0,0,0,0,0,2,0,0,"0-0","Y","N","N",0,0,28
"2160","EC",2026-01-24,"Tamworth","Sutton",0,1,"A",0,0,"D",2.25,3.4,2.8,"0-0","0-1",0,0,0,0,5,5,0,0,0,0,0,0,1,0,0,"0-0","N","N","N",10,0,28
"2161","EC",2026-01-24,"York","Braintree Town",5,0,"H",4,0,"H",1.15,7,12,"4-0","5-0",0,0,0,0,1,1,0,0,0,0,0,0,5,0,0,"0-0","Y","Y","Y",2,0,28
"2162","EC",2026-01-24,"Scunthorpe","Forest Green",3,2,"H",1,1,"D",3,3.4,2.15,"1-1","3-2",0,0,0,0,2,3,0,0,0,0,0,0,5,0,0,"0-0","Y","Y","Y",5,0,28
"2163","EC",2026-01-27,"Rochdale","Southend",2,1,"H",1,1,"D",2.1,3.3,3.13,"1-1","2-1",0,0,0,0,1,0,0,0,0,0,0,0,3,0,0,"0-0","Y","Y","N",1,0,28
"2164","EC",2026-01-31,"Boreham Wood","Boston Utd",1,2,"A",1,0,"H",1.33,4.75,7.5,"1-0","1-2",0,0,0,0,2,1,2,0,0,0,0,0,3,0,0,"0-0","Y","Y","N",3,2,28
"2165","EC",2026-01-31,"Braintree Town","Eastleigh",2,1,"H",1,0,"H",2.63,3.25,2.45,"1-0","2-1",0,0,0,0,4,2,0,0,0,0,0,0,3,0,0,"0-0","Y","Y","N",6,0,28
"2166","EC",2026-01-31,"Carlisle","Altrincham",3,1,"H",3,0,"H",1.5,4.1,5.5,"3-0","3-1",0,0,0,0,2,3,0,0,0,0,0,0,4,0,0,"0-0","Y","Y","Y",5,0,28
"2167","EC",2026-01-31,"Hartlepool","Aldershot",0,3,"A",0,1,"A",1.91,3.7,3.3,"0-1","0-3",0,0,0,0,1,0,0,0,0,0,0,0,3,0,0,"0-0","Y","Y","N",1,0,29
"2168","EC",2026-01-31,"Solihull","York",0,2,"A",0,0,"D",4.1,4,1.67,"0-0","0-2",0,0,0,0,2,4,0,0,0,0,0,0,2,0,0,"0-0","Y","N","N",6,0,29
"2169","EC",2026-01-31,"Sutton","Brackley Town",1,1,"D",1,1,"D",2,3.3,3.4,"1-1","1-1",0,0,0,0,3,2,0,0,0,0,0,0,2,0,0,"0-0","Y","N","N",5,0,29
"2170","EC",2026-02-03,"Altrincham","Morecambe",1,1,"D",0,0,"D",2.1,3.5,3,"0-0","1-1",0,0,0,0,2,1,0,0,0,0,0,0,2,0,0,"0-0","Y","N","N",3,0,29
"2171","EC",2026-02-03,"Forest Green","Woking",4,2,"H",1,2,"A",1.45,4,6,"1-2","4-2",0,0,0,0,0,2,0,0,0,0,0,0,6,0,0,"0-0","Y","Y","Y",2,0,29
"2172","EC",2026-02-03,"Rochdale","Boreham Wood",4,1,"H",2,0,"H",1.87,3.5,3.6,"2-0","4-1",0,0,0,0,1,1,0,0,0,0,0,0,5,0,0,"0-0","Y","Y","Y",2,0,29
"2173","EC",2026-02-07,"Aldershot","Halifax",3,2,"H",0,1,"A",2.1,3.5,3,"0-1","3-2",0,0,0,0,3,3,1,0,0,0,0,0,5,0,0,"0-0","Y","Y","Y",6,1,29
"2174","EC",2026-02-07,"Altrincham","Yeovil",0,1,"A",0,0,"D",2,3.3,3.4,"0-0","0-1",0,0,0,0,4,2,0,0,0,0,0,0,1,0,0,"0-0","N","N","N",6,0,29
"2175","EC",2026-02-07,"Boston Utd","Sutton",1,0,"H",0,0,"D",2.2,3.4,2.88,"0-0","1-0",0,0,0,0,1,2,0,0,0,0,0,0,1,0,0,"0-0","N","N","N",3,0,29
"2176","EC",2026-02-07,"Morecambe","Truro",1,2,"A",0,2,"A",1.85,3.5,3.7,"0-2","1-2",0,0,0,0,2,2,0,0,0,0,0,0,3,0,0,"0-0","Y","Y","N",4,0,29
"2177","EC",2026-02-07,"Rochdale","Carlisle",1,0,"H",1,0,"H",1.75,3.5,4.2,"1-0","1-0",0,0,0,0,1,2,0,0,0,0,0,0,1,0,0,"0-0","N","N","N",3,0,29
"2178","EC",2026-02-07,"Scunthorpe","Southend",1,0,"H",1,0,"H",2.6,3.3,2.45,"1-0","1-0",0,0,0,0,2,1,0,0,0,0,0,0,1,0,0,"0-0","N","N","N",3,0,29
"2179","EC",2026-02-07,"Tamworth","Hartlepool",1,1,"D",0,0,"D",2.88,3.2,2.3,"0-0","1-1",0,0,0,0,2,2,0,0,0,0,0,0,2,0,0,"0-0","Y","N","N",4,0,30
"2180","EC",2026-02-07,"York","Forest Green",2,1,"H",2,0,"H",1.73,3.8,3.9,"2-0","2-1",0,0,0,0,4,1,0,0,0,0,0,0,3,0,0,"0-0","Y","Y","N",5,0,30
"2181","EC",2026-02-07,"Eastleigh","Wealdstone",2,2,"D",1,0,"H",2.15,3.25,3.13,"1-0","2-2",0,0,0,0,2,2,0,0,0,0,0,0,4,0,0,"0-0","Y","Y","Y",4,0,30
"2182","EC",2026-02-10,"Altrincham","Wealdstone",1,0,"H",1,0,"H",2.1,3.4,3.1,"1-0","1-0",0,0,0,0,2,0,0,0,0,0,0,0,1,0,0,"0-0","N","N","N",2,0,30
"2183","EC",2026-02-10,"Boston Utd","Gateshead",1,0,"H",1,0,"H",1.67,3.9,4.2,"1-0","1-0",0,0,0,0,1,1,0,0,0,0,0,0,1,0,0,"0-0","N","N","N",2,0,30
"2184","EC",2026-02-10,"Carlisle","Scunthorpe",3,2,"H",1,1,"D",2.38,3.4,2.63,"1-1","3-2",0,0,0,0,3,2,0,0,0,0,0,0,5,0,0,"0-0","Y","Y","Y",5,0,30
"2185","EC",2026-02-10,"Morecambe","Tamworth",2,2,"D",1,1,"D",2.25,3.4,2.8,"1-1","2-2",0,0,0,0,3,1,0,0,0,0,0,0,4,0,0,"0-0","Y","Y","Y",4,0,30
"2186","EC",2026-02-10,"Solihull","Eastleigh",2,3,"A",2,0,"H",1.7,3.7,4.2,"2-0","2-3",0,0,0,0,1,0,0,0,0,0,0,0,5,0,0,"0-0","Y","Y","Y",1,0,30
"2187","EC",2026-02-10,"Truro","Woking",0,2,"A",0,0,"D",2.7,3,2.55,"0-0","0-2",0,0,0,0,1,1,0,0,0,0,0,0,2,0,0,"0-0","Y","N","N",2,0,30
"2188","EC",2026-02-11,"Boreham Wood","Yeovil",3,2,"H",1,1,"D",1.45,4.2,6,"1-1","3-2",0,0,0,0,0,1,0,1,0,0,0,0,5,0,0,"0-0","Y","Y","Y",1,1,30
"2189","EC",2026-02-11,"Brackley Town","Halifax",1,1,"D",0,0,"D",2.55,3.1,2.63,"0-0","1-1",0,0,0,0,4,2,0,0,0,0,0,0,2,0,0,"0-0","Y","N","N",6,0,30
"2190","EC",2026-02-11,"Rochdale","Forest Green",2,1,"H",1,1,"D",1.9,3.4,3.6,"1-1","2-1",0,0,0,0,1,1,0,0,0,0,0,0,3,0,0,"0-0","Y","Y","N",2,0,30
"2191","EC",2026-02-11,"Sutton","Braintree Town",1,1,"D",0,0,"D",1.65,3.8,4.4,"0-0","1-1",0,0,0,0,4,2,1,0,0,0,0,0,2,0,0,"0-0","Y","N","N",6,1,31
"2192","EC",2026-02-11,"York","Hartlepool",3,2,"H",1,1,"D",1.29,5,8.5,"1-1","3-2",0,0,0,0,4,1,0,0,0,0,0,0,5,0,0,"0-0","Y","Y","Y",5,0,31
"2193","EC",2026-02-14,"Braintree Town","Solihull",0,0,"D",0,0,"D",3.3,3.5,1.95,"0-0","0-0",0,0,0,0,1,4,0,0,0,0,0,0,0,0,0,"0-0","N","N","N",5,0,31
"2194","EC",2026-02-14,"Eastleigh","Boreham Wood",2,2,"D",1,2,"A",4.33,3.75,1.67,"1-2","2-2",0,0,0,0,2,0,0,0,0,0,0,0,4,0,0,"0-0","Y","Y","Y",2,0,31
"2195","EC",2026-02-14,"Gateshead","Brackley Town",1,2,"A",0,2,"A",2.9,3.4,2.2,"0-2","1-2",0,0,0,0,1,0,0,0,0,0,0,0,3,0,0,"0-0","Y","Y","N",1,0,31
"2196","EC",2026-02-14,"Halifax","Truro",1,0,"H",0,0,"D",1.95,3.3,3.6,"0-0","1-0",0,0,0,0,1,0,0,0,0,0,0,0,1,0,0,"0-0","N","N","N",1,0,31
"2197","EC",2026-02-14,"Scunthorpe","Boston Utd",3,6,"A",2,4,"A",1.53,4,5.25,"2-4","3-6",0,0,0,0,2,4,0,0,0,0,0,0,9,0,0,"0-0","Y","Y","Y",6,0,31
"2198","EC",2026-02-14,"Southend","Morecambe",5,1,"H",2,0,"H",1.36,4.75,7,"2-0","5-1",0,0,0,0,1,1,0,0,0,0,0,0,6,0,0,"0-0","Y","Y","Y",2,0,31
"2199","EC",2026-02-14,"Tamworth","Aldershot",1,1,"D",0,0,"D",2.38,3.5,2.6,"0-0","1-1",0,0,0,0,1,1,1,1,0,0,0,0,2,0,0,"0-0","Y","N","N",2,2,31
"2200","EC",2026-02-14,"Wealdstone","York",0,3,"A",0,0,"D",6,4.6,1.4,"0-0","0-3",0,0,0,0,1,0,1,0,0,0,0,0,3,0,0,"0-0","Y","Y","N",1,1,31
"2201","EC",2026-02-14,"Yeovil","Rochdale",1,1,"D",1,1,"D",5,3.7,1.6,"1-1","1-1",0,0,0,0,0,0,1,0,0,0,0,0,2,0,0,"0-0","Y","N","N",0,1,31
"2202","EC",2026-02-14,"Forest Green","Carlisle",1,3,"A",0,3,"A",1.8,3.6,3.8,"0-3","1-3",0,0,0,0,2,3,0,0,0,0,0,0,4,0,0,"0-0","Y","Y","Y",5,0,31
"2203","EC",2026-02-17,"Halifax","Gateshead",1,2,"A",0,1,"A",1.55,3.9,5,"0-1","1-2",0,0,0,0,1,3,0,0,0,0,0,0,3,0,0,"0-0","Y","Y","N",4,0,32
"2204","EC",2026-02-17,"Rochdale","Scunthorpe",1,1,"D",1,1,"D",1.7,3.6,4.33,"1-1","1-1",0,0,0,0,0,4,0,0,0,0,0,0,2,0,0,"0-0","Y","N","N",4,0,32
"2205","EC",2026-02-17,"Sutton","Woking",2,1,"H",2,1,"H",2.3,3.3,2.8,"2-1","2-1",0,0,0,0,3,2,1,0,0,0,0,0,3,0,0,"0-0","Y","Y","N",5,1,32
"2206","EC",2026-02-17,"Yeovil","Aldershot",1,2,"A",1,1,"D",2.88,3.3,2.25,"1-1","1-2",0,0,0,0,3,2,0,0,0,0,0,0,3,0,0,"0-0","Y","Y","N",5,0,32
"2207","EC",2026-02-21,"Aldershot","Scunthorpe",3,1,"H",3,0,"H",2.7,3.6,2.25,"3-0","3-1",0,0,0,0,4,2,0,0,0,0,0,0,4,0,0,"0-0","Y","Y","Y",6,0,32
"2208","EC",2026-02-21,"Altrincham","Braintree Town",2,1,"H",1,0,"H",1.8,3.5,4,"1-0","2-1",0,0,0,0,1,3,0,0,0,0,0,0,3,0,0,"0-0","Y","Y","N",4,0,32
"2209","EC",2026-02-21,"Boreham Wood","Forest Green",1,1,"D",0,0,"D",2.45,3.4,2.55,"0-0","1-1",0,0,0,0,2,2,0,1,0,0,0,0,2,0,0,"0-0","Y","N","N",4,1,32
"2210","EC",2026-02-21,"Boston Utd","Tamworth",0,0,"D",0,0,"D",2.05,3.3,3.3,"0-0","0-0",0,0,0,0,2,0,0,0,0,0,0,0,0,0,0,"0-0","N","N","N",2,0,32
"2211","EC",2026-02-21,"Brackley Town","Southend",0,3,"A",0,0,"D",4.6,3.6,1.67,"0-0","0-3",0,0,0,0,3,2,0,0,0,0,0,0,3,0,0,"0-0","Y","Y","N",5,0,32
"2212","EC",2026-02-21,"Carlisle","Yeovil",3,0,"H",3,0,"H",1.53,3.9,5.25,"3-0","3-0",0,0,0,0,1,0,0,0,0,0,0,0,3,0,0,"0-0","Y","Y","N",1,0,32
"2213","EC",2026-02-21,"Morecambe","Eastleigh",4,0,"H",1,0,"H",2.25,3.4,2.8,"1-0","4-0",0,0,0,0,1,0,0,0,0,0,0,0,4,0,0,"0-0","Y","Y","Y",1,0,32
"2214","EC",2026-02-21,"Rochdale","Woking",3,0,"H",2,0,"H",1.36,4.2,8,"2-0","3-0",0,0,0,0,2,4,0,0,0,0,0,0,3,0,0,"0-0","Y","Y","N",6,0,32
"2215","EC",2026-02-21,"Solihull","Hartlepool",3,4,"A",2,2,"D",2.05,3.4,3.2,"2-2","3-4",0,0,0,0,6,1,0,0,0,0,0,0,7,0,0,"0-0","Y","Y","Y",7,0,33
"2216","EC",2026-02-21,"Sutton","Wealdstone",3,0,"H",0,0,"D",2.3,3.3,2.8,"0-0","3-0",0,0,0,0,3,0,0,0,0,0,0,0,3,0,0,"0-0","Y","Y","N",3,0,33
"2217","EC",2026-02-21,"York","Halifax",4,1,"H",3,0,"H",1.3,5,8,"3-0","4-1",0,0,0,0,2,1,0,0,0,0,0,0,5,0,0,"0-0","Y","Y","Y",3,0,33
"2218","EC",2026-02-21,"Truro","Gateshead",1,2,"A",1,1,"D",2.15,3.4,3,"1-1","1-2",0,0,0,0,2,3,0,0,0,0,0,0,3,0,0,"0-0","Y","Y","N",5,0,33
"2219","EC",2026-02-24,"Forest Green","Boston Utd",2,3,"A",0,3,"A",1.53,4,5.25,"0-3","2-3",0,0,0,0,3,2,0,0,0,0,0,0,5,0,0,"0-0","Y","Y","Y",5,0,33
"2220","EC",2026-02-24,"Halifax","Rochdale",2,2,"D",0,1,"A",4.5,3.6,1.67,"0-1","2-2",0,0,0,0,3,1,0,0,0,0,0,0,4,0,0,"0-0","Y","Y","Y",4,0,33
"2221","EC",2026-02-24,"Scunthorpe","York",0,3,"A",0,2,"A",3.8,4,1.73,"0-2","0-3",0,0,0,0,3,3,0,0,0,0,0,0,3,0,0,"0-0","Y","Y","N",6,0,33
"2222","EC",2026-02-24,"Southend","Boreham Wood",0,2,"A",0,1,"A",2.05,3.5,3.13,"0-1","0-2",0,0,0,0,1,1,0,0,0,0,0,0,2,0,0,"0-0","Y","N","N",2,0,33
"2223","EC",2026-02-24,"Tamworth","Altrincham",5,1,"H",1,0,"H",2.25,3.4,2.8,"1-0","5-1",0,0,0,0,1,4,0,2,0,0,0,0,6,0,0,"0-0","Y","Y","Y",5,2,33
"2224","EC",2026-02-24,"Wealdstone","Brackley Town",2,1,"H",1,0,"H",2.1,3.3,3.2,"1-0","2-1",0,0,0,0,2,2,0,1,0,0,0,0,3,0,0,"0-0","Y","Y","N",4,1,33
"2225","EC",2026-02-25,"Braintree Town","Aldershot",1,2,"A",0,0,"D",3.7,3.75,1.8,"0-0","1-2",0,0,0,0,1,2,0,0,0,0,0,0,3,0,0,"0-0","Y","Y","N",3,0,33
"2226","EC",2026-02-25,"Eastleigh","Truro",2,1,"H",0,0,"D",2.15,3.25,3.13,"0-0","2-1",0,0,0,0,1,1,0,0,0,0,0,0,3,0,0,"0-0","Y","Y","N",2,0,33
"2227","EC",2026-02-25,"Gateshead","Morecambe",4,4,"D",2,3,"A",2.38,3.5,2.55,"2-3","4-4",0,0,0,0,1,3,0,0,0,0,0,0,8,0,0,"0-0","Y","Y","Y",4,0,34
"2228","EC",2026-02-25,"Hartlepool","Carlisle",3,1,"H",1,0,"H",3,3.4,2.15,"1-0","3-1",0,0,0,0,1,1,0,1,0,0,0,0,4,0,0,"0-0","Y","Y","Y",2,1,34
"2229","EC",2026-02-25,"Yeovil","Sutton",3,2,"H",1,1,"D",2.38,3.25,2.75,"1-1","3-2",0,0,0,0,3,5,0,0,0,0,0,0,5,0,0,"0-0","Y","Y","Y",8,0,34
"2230","EC",2026-02-28,"Aldershot","Rochdale",0,2,"A",0,1,"A",3.9,3.7,1.75,"0-1","0-2",0,0,0,0,2,2,0,0,0,0,0,0,2,0,0,"0-0","Y","N","N",4,0,34
"2231","EC",2026-02-28,"Brackley Town","Altrincham",0,2,"A",0,1,"A",2.2,3.3,3,"0-1","0-2",0,0,0,0,3,3,0,0,0,0,0,0,2,0,0,"0-0","Y","N","N",6,0,34
"2232","EC",2026-02-28,"Eastleigh","Carlisle",1,2,"A",0,0,"D",4.1,3.6,1.73,"0-0","1-2",0,0,0,0,1,1,0,0,0,0,0,0,3,0,0,"0-0","Y","Y","N",2,0,34
"2233","EC",2026-02-28,"Gateshead","Forest Green",0,2,"A",0,1,"A",4.8,4.2,1.53,"0-1","0-2",0,0,0,0,2,2,0,0,0,0,0,0,2,0,0,"0-0","Y","N","N",4,0,34
"2234","EC",2026-02-28,"Halifax","Sutton",2,2,"D",1,1,"D",1.95,3.4,3.4,"1-1","2-2",0,0,0,0,1,2,0,0,0,0,0,0,4,0,0,"0-0","Y","Y","Y",3,0,34
"2235","EC",2026-02-28,"Scunthorpe","Solihull",3,3,"D",0,2,"A",1.73,3.8,3.9,"0-2","3-3",0,0,0,0,1,2,0,1,0,0,0,0,6,0,0,"0-0","Y","Y","Y",3,1,34
"2236","EC",2026-02-28,"Tamworth","Boreham Wood",3,2,"H",1,0,"H",4,3.75,1.73,"1-0","3-2",0,0,0,0,0,1,0,0,0,0,0,0,5,0,0,"0-0","Y","Y","Y",1,0,34
"2237","EC",2026-02-28,"Truro","Braintree Town",2,3,"A",1,1,"D",1.87,3.4,3.75,"1-1","2-3",0,0,0,0,2,5,0,0,0,0,0,0,5,0,0,"0-0","Y","Y","Y",7,0,34
"2238","EC",2026-02-28,"Morecambe","York",0,1,"A",0,0,"D",7,5,1.33,"0-0","0-1",0,0,0,0,3,5,1,0,0,0,0,0,1,0,0,"0-0","N","N","N",8,1,34
"2239","EC",2026-03-03,"Boreham Wood","York",3,2,"H",0,1,"A",2.88,3.6,2.15,"0-1","3-2",0,0,0,0,3,2,0,1,0,0,0,0,5,0,0,"0-0","Y","Y","Y",5,1,35
"2240","EC",2026-03-03,"Boston Utd","Woking",2,2,"D",1,2,"A",1.93,3.3,3.7,"1-2","2-2",0,0,0,0,1,5,0,0,0,0,0,0,4,0,0,"0-0","Y","Y","Y",6,0,35
"2241","EC",2026-03-03,"Hartlepool","Sutton",0,2,"A",0,0,"D",1.95,3.5,3.4,"0-0","0-2",0,0,0,0,0,0,0,0,0,0,0,0,2,0,0,"0-0","Y","N","N",0,0,35
"2242","EC",2026-03-03,"Rochdale","Brackley Town",3,2,"H",1,1,"D",1.25,5,10.5,"1-1","3-2",0,0,0,0,0,0,0,0,0,0,0,0,5,0,0,"0-0","Y","Y","Y",0,0,35
"2243","EC",2026-03-03,"Southend","Truro",1,1,"D",0,1,"A",1.29,5,8.5,"0-1","1-1",0,0,0,0,1,2,0,0,0,0,0,0,2,0,0,"0-0","Y","N","N",3,0,35
"2244","EC",2026-03-03,"Wealdstone","Morecambe",2,3,"A",1,2,"A",1.95,3.6,3.3,"1-2","2-3",0,0,0,0,2,3,0,1,0,0,0,0,5,0,0,"0-0","Y","Y","Y",5,1,35
"2245","EC",2026-03-03,"Yeovil","Tamworth",2,0,"H",1,0,"H",2.5,3.2,2.63,"1-0","2-0",0,0,0,0,2,2,0,0,0,0,0,0,2,0,0,"0-0","Y","N","N",4,0,35
"2246","EC",2026-03-04,"Gateshead","Braintree Town",1,0,"H",0,0,"D",1.83,3.75,3.5,"0-0","1-0",0,0,0,0,1,2,0,0,0,0,0,0,1,0,0,"0-0","N","N","N",3,0,35
"2247","EC",2026-03-07,"Boreham Wood","Brackley Town",5,3,"H",3,1,"H",1.36,4.6,7,"3-1","5-3",0,0,0,0,2,3,0,0,0,0,0,0,8,0,0,"0-0","Y","Y","Y",5,0,35
"2248","EC",2026-03-07,"Altrincham","Truro",2,0,"H",2,0,"H",1.93,3.4,3.6,"2-0","2-0",0,0,0,0,2,0,0,0,0,0,0,0,2,0,0,"0-0","Y","N","N",2,0,35
"2249","EC",2026-03-07,"Braintree Town","Wealdstone",1,4,"A",1,2,"A",3.4,3.5,1.95,"1-2","1-4",0,0,0,0,3,3,0,0,0,0,0,0,5,0,0,"0-0","Y","Y","Y",6,0,35
"2250","EC",2026-03-07,"Forest Green","Aldershot",2,1,"H",2,0,"H",1.8,3.9,3.5,"2-0","2-1",0,0,0,0,3,4,0,0,0,0,0,0,3,0,0,"0-0","Y","Y","N",7,0,35
"2251","EC",2026-03-07,"Hartlepool","Halifax",0,1,"A",0,0,"D",1.95,3.4,3.5,"0-0","0-1",0,0,0,0,3,0,0,0,0,0,0,0,1,0,0,"0-0","N","N","N",3,0,36
"2252","EC",2026-03-07,"Rochdale","Boston Utd",1,0,"H",0,0,"D",1.4,2.8,5.75,"0-0","1-0",0,0,0,0,1,3,0,0,0,0,0,0,1,0,0,"0-0","N","N","N",4,0,36
"2253","EC",2026-03-07,"Solihull","Gateshead",1,2,"A",1,1,"D",1.62,4.1,4.33,"1-1","1-2",0,0,0,0,2,2,0,0,0,0,0,0,3,0,0,"0-0","Y","Y","N",4,0,36
"2254","EC",2026-03-07,"Sutton","Morecambe",0,5,"A",0,4,"A",1.8,3.7,3.7,"0-4","0-5",0,0,0,0,3,2,1,0,0,0,0,0,5,0,0,"0-0","Y","Y","Y",5,1,36
"2255","EC",2026-03-07,"Woking","Tamworth",3,1,"H",1,0,"H",2.05,3.3,3.3,"1-0","3-1",0,0,0,0,2,1,0,0,0,0,0,0,4,0,0,"0-0","Y","Y","Y",3,0,36
"2256","EC",2026-03-07,"Yeovil","Scunthorpe",0,3,"A",0,0,"D",3.3,3.4,2,"0-0","0-3",0,0,0,0,1,1,0,0,0,0,0,0,3,0,0,"0-0","Y","Y","N",2,0,36
"2257","EC",2026-03-07,"York","Eastleigh",3,1,"H",2,1,"H",1.13,7,15,"2-1","3-1",0,0,0,0,1,1,0,0,0,0,0,0,4,0,0,"0-0","Y","Y","Y",2,0,36
"2258","EC",2026-03-07,"Carlisle","Southend",2,2,"D",2,0,"H",2.4,3.4,2.6,"2-0","2-2",0,0,0,0,0,2,0,0,0,0,0,0,4,0,0,"0-0","Y","Y","Y",2,0,36
"2259","EC",2026-03-10,"Aldershot","Carlisle",0,2,"A",0,2,"A",2.5,3.4,2.5,"0-2","0-2",0,0,0,0,2,4,0,0,0,0,0,0,2,0,0,"0-0","Y","N","N",6,0,36
"2260","EC",2026-03-10,"Eastleigh","Brackley Town",2,1,"H",1,1,"D",2.25,3.4,2.88,"1-1","2-1",0,0,0,0,3,4,0,0,0,0,0,0,3,0,0,"0-0","Y","Y","N",7,0,36
"2261","EC",2026-03-10,"Scunthorpe","Sutton",1,2,"A",0,0,"D",1.75,3.8,3.8,"0-0","1-2",0,0,0,0,2,2,0,0,0,0,0,0,3,0,0,"0-0","Y","Y","N",4,0,36
"2262","EC",2026-03-10,"Southend","Gateshead",1,1,"D",1,1,"D",1.33,5,7,"1-1","1-1",0,0,0,0,1,1,0,0,0,0,0,0,2,0,0,"0-0","Y","N","N",2,0,36
"2263","EC",2026-03-10,"Wealdstone","Tamworth",3,2,"H",2,2,"D",2,3.5,3.2,"2-2","3-2",0,0,0,0,0,3,0,0,0,0,0,0,5,0,0,"0-0","Y","Y","Y",3,0,37
"2264","EC",2026-03-10,"Woking","Boreham Wood",2,2,"D",0,1,"A",3.3,3.6,1.95,"0-1","2-2",0,0,0,0,1,1,0,1,0,0,0,0,4,0,0,"0-0","Y","Y","Y",2,1,37
"2265","EC",2026-03-14,"Wealdstone","Solihull",5,1,"H",1,0,"H",2.3,3.5,2.7,"1-0","5-1",0,0,0,0,1,3,0,0,0,0,0,0,6,0,0,"0-0","Y","Y","Y",4,0,37
"2266","EC",2026-03-14,"Aldershot","York",0,3,"A",0,1,"A",3.9,4,1.7,"0-1","0-3",0,0,0,0,3,1,0,0,0,0,0,0,3,0,0,"0-0","Y","Y","N",4,0,37
"2267","EC",2026-03-14,"Boston Utd","Yeovil",2,1,"H",1,1,"D",1.85,3.4,3.8,"1-1","2-1",0,0,0,0,1,0,0,0,0,0,0,0,3,0,0,"0-0","Y","Y","N",1,0,37
"2268","EC",2026-03-14,"Brackley Town","Woking",1,4,"A",0,0,"D",2.55,3.13,2.63,"0-0","1-4",0,0,0,0,1,1,0,0,0,0,0,0,5,0,0,"0-0","Y","Y","Y",2,0,37
"2269","EC",2026-03-14,"Gateshead","Sutton",1,1,"D",1,0,"H",2.4,3.6,2.5,"1-0","1-1",0,0,0,0,1,2,0,0,0,0,0,0,2,0,0,"0-0","Y","N","N",3,0,37
"2270","EC",2026-03-14,"Halifax","Boreham Wood",3,2,"H",2,1,"H",3.1,3.5,2.05,"2-1","3-2",0,0,0,0,4,1,0,0,0,0,0,0,5,0,0,"0-0","Y","Y","Y",5,0,37
"2271","EC",2026-03-14,"Southend","Forest Green",2,0,"H",1,0,"H",2.05,3.5,3.13,"1-0","2-0",0,0,0,0,1,1,0,0,0,0,0,0,2,0,0,"0-0","Y","N","N",2,0,37
"2272","EC",2026-03-14,"Tamworth","Carlisle",2,1,"H",0,0,"D",3.2,3.4,2.05,"0-0","2-1",0,0,0,0,1,0,0,0,0,0,0,0,3,0,0,"0-0","Y","Y","N",1,0,37
"2273","EC",2026-03-14,"Truro","Hartlepool",0,1,"A",0,0,"D",3,3.25,2.2,"0-0","0-1",0,0,0,0,4,2,0,0,0,0,0,0,1,0,0,"0-0","N","N","N",6,0,37
"2274","EC",2026-03-14,"Eastleigh","Rochdale",1,3,"A",0,1,"A",6.5,4,1.44,"0-1","1-3",0,0,0,0,1,0,0,0,0,0,0,0,4,0,0,"0-0","Y","Y","Y",1,0,37
"2275","EC",2026-03-14,"Morecambe","Braintree Town",1,1,"D",0,0,"D",1.7,3.75,4.33,"0-0","1-1",0,0,0,0,4,1,0,0,0,0,0,0,2,0,0,"0-0","Y","N","N",5,0,38
"2276","EC",2026-03-14,"Scunthorpe","Altrincham",2,1,"H",0,1,"A",1.62,3.9,4.5,"0-1","2-1",0,0,0,0,2,1,0,0,0,0,0,0,3,0,0,"0-0","Y","Y","N",3,0,38
"2277","EC",2026-03-17,"Brackley Town","Solihull",1,1,"D",0,0,"D",2.55,3.4,2.45,"0-0","1-1",0,0,0,0,0,0,1,0,0,0,0,0,2,0,0,"0-0","Y","N","N",0,1,38
"2278","EC",2026-03-17,"Gateshead","Wealdstone",1,0,"H",1,0,"H",2.45,3.7,2.4,"1-0","1-0",0,0,0,0,3,2,0,0,0,0,0,0,1,0,0,"0-0","N","N","N",5,0,38
"2279","EC",2026-03-17,"Southend","Rochdale",3,2,"H",3,1,"H",2.6,3.1,2.6,"3-1","3-2",0,0,0,0,1,2,0,0,0,0,0,0,5,0,0,"0-0","Y","Y","Y",3,0,38
"2280","EC",2026-03-17,"Truro","Scunthorpe",1,2,"A",1,2,"A",3.5,3.5,1.93,"1-2","1-2",0,0,0,0,1,2,0,0,0,0,0,0,3,0,0,"0-0","Y","Y","N",3,0,38
"2281","EC",2026-03-17,"Woking","Yeovil",1,0,"H",1,0,"H",1.93,3.3,3.7,"1-0","1-0",0,0,0,0,2,3,0,0,0,0,0,0,1,0,0,"0-0","N","N","N",5,0,38
"2282","EC",2026-03-21,"Woking","Aldershot",3,2,"H",2,1,"H",2.38,3.5,2.6,"2-1","3-2",0,0,0,0,4,3,0,0,0,0,0,0,5,0,0,"0-0","Y","Y","Y",7,0,38
"2283","EC",2026-03-21,"Altrincham","Southend",1,0,"H",1,0,"H",4.33,3.8,1.67,"1-0","1-0",0,0,0,0,3,2,0,0,0,0,0,0,1,0,0,"0-0","N","N","N",5,0,38
"2284","EC",2026-03-21,"Boreham Wood","Gateshead",3,0,"H",2,0,"H",1.36,5,6,"2-0","3-0",0,0,0,0,1,2,0,0,0,0,0,0,3,0,0,"0-0","Y","Y","N",3,0,38
"2285","EC",2026-03-21,"Braintree Town","Scunthorpe",2,3,"A",1,1,"D",4.5,4,1.6,"1-1","2-3",0,0,0,0,5,3,0,0,0,0,0,0,5,0,0,"0-0","Y","Y","Y",8,0,38
"2286","EC",2026-03-21,"Carlisle","Boston Utd",6,2,"H",1,2,"A",1.73,3.6,4.2,"1-2","6-2",0,0,0,0,1,5,0,1,0,0,0,0,8,0,0,"0-0","Y","Y","Y",6,1,38
"2287","EC",2026-03-21,"Forest Green","Wealdstone",2,0,"H",1,0,"H",1.55,4.1,4.8,"1-0","2-0",0,0,0,0,2,3,0,0,0,0,0,0,2,0,0,"0-0","Y","N","N",5,0,39
"2288","EC",2026-03-21,"Hartlepool","Eastleigh",1,0,"H",1,0,"H",1.6,3.8,4.8,"1-0","1-0",0,0,0,0,2,1,0,0,0,0,0,0,1,0,0,"0-0","N","N","N",3,0,39
"2289","EC",2026-03-21,"Rochdale","Tamworth",3,2,"H",2,2,"D",1.3,4.8,8.5,"2-2","3-2",0,0,0,0,0,0,0,0,0,0,0,0,5,0,0,"0-0","Y","Y","Y",0,0,39
"2290","EC",2026-03-21,"Sutton","Truro",0,3,"A",0,1,"A",1.73,3.7,4.1,"0-1","0-3",0,0,0,0,3,2,0,0,0,0,0,0,3,0,0,"0-0","Y","Y","N",5,0,39
"2291","EC",2026-03-21,"Yeovil","Morecambe",3,2,"H",1,1,"D",2.15,3.4,3,"1-1","3-2",0,0,0,0,0,3,0,0,0,0,0,0,5,0,0,"0-0","Y","Y","Y",3,0,39
"2292","EC",2026-03-21,"York","Brackley Town",4,0,"H",2,0,"H",1.13,7,15,"2-0","4-0",0,0,0,0,0,1,0,0,0,0,0,0,4,0,0,"0-0","Y","Y","Y",1,0,39
"2293","EC",2026-03-21,"Solihull","Halifax",0,3,"A",0,2,"A",2.25,3.5,2.75,"0-2","0-3",0,0,0,0,3,2,1,0,0,0,0,0,3,0,0,"0-0","Y","Y","N",5,1,39
"2294","EC",2026-03-24,"Aldershot","Boreham Wood",1,2,"A",1,2,"A",3.2,3.8,1.93,"1-2","1-2",0,0,0,0,3,2,0,0,0,0,0,0,3,0,0,"0-0","Y","Y","N",5,0,39
"2295","EC",2026-03-24,"Boston Utd","Altrincham",2,2,"D",1,0,"H",1.91,3.6,3.4,"1-0","2-2",0,0,0,0,6,3,0,0,0,0,0,0,4,0,0,"0-0","Y","Y","Y",9,0,39
"2296","EC",2026-03-24,"Brackley Town","Braintree Town",1,1,"D",0,0,"D",1.75,3.6,4,"0-0","1-1",0,0,0,0,0,3,0,0,0,0,0,0,2,0,0,"0-0","Y","N","N",3,0,39
"2297","EC",2026-03-24,"Eastleigh","Sutton",0,2,"A",0,1,"A",2.8,3.5,2.2,"0-1","0-2",0,0,0,0,0,2,1,0,0,0,0,0,2,0,0,"0-0","Y","N","N",2,1,39
"2298","EC",2026-03-24,"Gateshead","York",3,1,"H",1,0,"H",7,5,1.33,"1-0","3-1",0,0,0,0,3,2,0,0,0,0,0,0,4,0,0,"0-0","Y","Y","Y",5,0,39
"2299","EC",2026-03-24,"Halifax","Carlisle",0,1,"A",0,0,"D",2.7,3.3,2.38,"0-0","0-1",0,0,0,0,2,3,0,0,0,0,0,0,1,0,0,"0-0","N","N","N",5,0,40
"2300","EC",2026-03-25,"Morecambe","Hartlepool",2,3,"A",1,1,"D",2.9,3.5,2.15,"1-1","2-3",0,0,0,0,1,2,0,0,0,0,0,0,5,0,0,"0-0","Y","Y","Y",3,0,40
"2301","EC",2026-03-25,"Scunthorpe","Rochdale",2,2,"D",0,1,"A",3.4,3.4,1.95,"0-1","2-2",0,0,0,0,1,1,0,0,0,0,0,0,4,0,0,"0-0","Y","Y","Y",2,0,40
"2302","EC",2026-03-25,"Southend","Woking",1,1,"D",0,1,"A",1.6,3.8,4.8,"0-1","1-1",0,0,0,0,1,1,0,0,0,0,0,0,2,0,0,"0-0","Y","N","N",2,0,40
"2303","EC",2026-03-25,"Tamworth","Forest Green",1,0,"H",0,0,"D",3.4,3.6,1.91,"0-0","1-0",0,0,0,0,1,1,0,0,0,0,0,0,1,0,0,"0-0","N","N","N",2,0,40
"2304","EC",2026-03-25,"Truro","Solihull",1,1,"D",0,0,"D",2.88,3.3,2.25,"0-0","1-1",0,0,0,0,1,2,0,0,0,0,0,0,2,0,0,"0-0","Y","N","N",3,0,40
"2305","EC",2026-03-25,"Wealdstone","Yeovil",0,2,"A",0,1,"A",1.83,3.4,4,"0-1","0-2",0,0,0,0,1,1,0,1,0,0,0,0,2,0,0,"0-0","Y","N","N",2,1,40
"2306","EC",2026-03-28,"Brackley Town","Tamworth",0,1,"A",0,0,"D",2.63,3.4,2.38,"0-0","0-1",0,0,0,0,2,2,0,0,0,0,0,0,1,0,0,"0-0","N","N","N",4,0,40
"2307","EC",2026-03-28,"Braintree Town","Carlisle",1,2,"A",1,1,"D",5.25,4.2,1.5,"1-1","1-2",0,0,0,0,2,0,0,0,0,0,0,0,3,0,0,"0-0","Y","Y","N",2,0,40
"2308","EC",2026-03-28,"Eastleigh","Forest Green",2,4,"A",2,1,"H",4.5,3.8,1.65,"2-1","2-4",0,0,0,0,3,6,0,0,0,0,0,0,6,0,0,"0-0","Y","Y","Y",9,0,40
"2309","EC",2026-03-28,"Gateshead","Yeovil",2,1,"H",0,0,"D",2.1,3.5,3,"0-0","2-1",0,0,0,0,3,3,0,1,0,0,0,0,3,0,0,"0-0","Y","Y","N",6,1,40
"2310","EC",2026-03-28,"Halifax","Scunthorpe",1,2,"A",1,1,"D",2.3,3.5,2.7,"1-1","1-2",0,0,0,0,3,2,0,0,0,0,0,0,3,0,0,"0-0","Y","Y","N",5,0,40
"2311","EC",2026-03-28,"Morecambe","Aldershot",0,2,"A",0,0,"D",2.3,3.75,2.55,"0-0","0-2",0,0,0,0,0,1,0,0,0,0,0,0,2,0,0,"0-0","Y","N","N",1,0,41
"2312","EC",2026-03-28,"Solihull","Altrincham",1,0,"H",1,0,"H",1.91,3.6,3.4,"1-0","1-0",0,0,0,0,3,2,0,0,0,0,0,0,1,0,0,"0-0","N","N","N",5,0,41
"2313","EC",2026-03-28,"Sutton","Rochdale",1,2,"A",0,0,"D",3.8,3.6,1.8,"0-0","1-2",0,0,0,0,2,2,1,0,0,0,0,0,3,0,0,"0-0","Y","Y","N",4,1,41
"2314","EC",2026-03-28,"Truro","Boreham Wood",0,0,"D",0,0,"D",4.4,4,1.62,"0-0","0-0",0,0,0,0,2,0,0,0,0,0,0,0,0,0,0,"0-0","N","N","N",2,0,41
"2315","EC",2026-03-28,"York","Woking",1,0,"H",0,0,"D",1.3,5,8,"0-0","1-0",0,0,0,0,2,3,0,0,0,0,0,0,1,0,0,"0-0","N","N","N",5,0,41
"2316","EC",2026-03-31,"Southend","Yeovil",2,1,"H",1,0,"H",1.33,4.4,8.5,"1-0","2-1",0,0,0,0,3,1,0,0,0,0,0,0,3,0,0,"0-0","Y","Y","N",4,0,41
"2317","EC",2026-03-31,"Wealdstone","Hartlepool",7,0,"H",5,0,"H",2.5,3.4,2.5,"5-0","7-0",0,0,0,0,1,0,0,0,0,0,0,0,7,0,0,"0-0","Y","Y","Y",1,0,41
"2318","EC",2026-03-31,"Woking","Altrincham",1,1,"D",0,1,"A",1.9,3.5,3.5,"0-1","1-1",0,0,0,0,2,3,0,2,0,0,0,0,2,0,0,"0-0","Y","N","N",5,2,41
"2319","EC",2026-04-03,"Aldershot","Sutton",2,2,"D",2,1,"H",2.1,3.7,2.9,"2-1","2-2",0,0,0,0,2,3,1,1,0,0,0,0,4,0,0,"0-0","Y","Y","Y",5,2,41
"2320","EC",2026-04-03,"Altrincham","Halifax",0,1,"A",0,0,"D",2.63,3.4,2.38,"0-0","0-1",0,0,0,0,3,3,0,0,0,0,0,0,1,0,0,"0-0","N","N","N",6,0,41
"2321","EC",2026-04-03,"Boreham Wood","Wealdstone",5,1,"H",2,0,"H",1.55,4.2,4.75,"2-0","5-1",0,0,0,0,2,2,0,0,0,0,0,0,6,0,0,"0-0","Y","Y","Y",4,0,41
"2322","EC",2026-04-03,"Boston Utd","York",0,1,"A",0,0,"D",5.25,4.33,1.5,"0-0","0-1",0,0,0,0,1,1,0,0,0,0,0,0,1,0,0,"0-0","N","N","N",2,0,41
"2323","EC",2026-04-03,"Carlisle","Gateshead",0,0,"D",0,0,"D",1.5,4.33,5,"0-0","0-0",0,0,0,0,2,2,0,0,0,0,0,0,0,0,0,"0-0","N","N","N",4,0,42
"2324","EC",2026-04-03,"Forest Green","Brackley Town",4,0,"H",1,0,"H",1.33,4.75,7.5,"1-0","4-0",0,0,0,0,0,1,0,1,0,0,0,0,4,0,0,"0-0","Y","Y","Y",1,1,42
"2325","EC",2026-04-03,"Rochdale","Morecambe",2,4,"A",1,1,"D",1.25,5.5,9,"1-1","2-4",0,0,0,0,2,1,0,0,0,0,0,0,6,0,0,"0-0","Y","Y","Y",3,0,42
"2326","EC",2026-04-03,"Scunthorpe","Hartlepool",0,0,"D",0,0,"D",1.9,3.6,3.4,"0-0","0-0",0,0,0,0,1,3,0,0,0,0,0,0,0,0,0,"0-0","N","N","N",4,0,42
"2327","EC",2026-04-03,"Southend","Braintree Town",3,2,"H",2,0,"H",1.22,5.75,9.5,"2-0","3-2",0,0,0,0,2,3,0,0,0,0,0,0,5,0,0,"0-0","Y","Y","Y",5,0,42
"2328","EC",2026-04-03,"Tamworth","Solihull",1,0,"H",0,0,"D",2.15,3.5,2.88,"0-0","1-0",0,0,0,0,3,2,0,0,0,0,0,0,1,0,0,"0-0","N","N","N",5,0,42
"2329","EC",2026-04-03,"Woking","Eastleigh",3,3,"D",1,1,"D",1.7,3.7,4.2,"1-1","3-3",0,0,0,0,3,2,0,0,0,0,0,0,6,0,0,"0-0","Y","Y","Y",5,0,42
"2330","EC",2026-04-03,"Yeovil","Truro",1,0,"H",0,0,"D",2.25,3.2,3,"0-0","1-0",0,0,0,0,2,1,0,0,0,0,0,0,1,0,0,"0-0","N","N","N",3,0,42
"2331","EC",2026-04-06,"Brackley Town","Boston Utd",1,1,"D",0,0,"D",3.1,3.4,2.1,"0-0","1-1",0,0,0,0,1,3,0,0,0,0,0,0,2,0,0,"0-0","Y","N","N",4,0,42
"2332","EC",2026-04-06,"Braintree Town","Woking",0,0,"D",0,0,"D",3.6,3.5,1.87,"0-0","0-0",0,0,0,0,2,1,0,0,0,0,0,0,0,0,0,"0-0","N","N","N",3,0,42
"2333","EC",2026-04-06,"Eastleigh","Yeovil",2,1,"H",1,0,"H",2.4,3.25,2.7,"1-0","2-1",0,0,0,0,0,2,0,0,0,0,0,0,3,0,0,"0-0","Y","Y","N",2,0,42
"2334","EC",2026-04-06,"Gateshead","Scunthorpe",2,0,"H",1,0,"H",3.13,3.8,1.95,"1-0","2-0",0,0,0,0,0,0,0,1,0,0,0,0,2,0,0,"0-0","Y","N","N",0,1,42
"2335","EC",2026-04-06,"Halifax","Tamworth",2,2,"D",0,1,"A",1.95,3.5,3.4,"0-1","2-2",0,0,0,0,2,3,0,1,0,0,0,0,4,0,0,"0-0","Y","Y","Y",5,1,43
"2336","EC",2026-04-06,"Hartlepool","Rochdale",0,0,"D",0,0,"D",3.9,3.5,1.8,"0-0","0-0",0,0,0,0,1,3,0,0,0,0,0,0,0,0,0,"0-0","N","N","N",4,0,43
"2337","EC",2026-04-06,"Morecambe","Carlisle",2,2,"D",1,0,"H",3.6,3.8,1.8,"1-0","2-2",0,0,0,0,2,2,0,0,0,0,0,0,4,0,0,"0-0","Y","Y","Y",4,0,43
"2338","EC",2026-04-06,"Solihull","Boreham Wood",4,1,"H",2,0,"H",3.3,3.8,1.9,"2-0","4-1",0,0,0,0,1,2,0,0,0,0,0,0,5,0,0,"0-0","Y","Y","Y",3,0,43
"2339","EC",2026-04-06,"Sutton","Southend",0,3,"A",0,0,"D",3.8,3.75,1.75,"0-0","0-3",0,0,0,0,2,1,0,0,0,0,0,0,3,0,0,"0-0","Y","Y","N",3,0,43
"2340","EC",2026-04-06,"Truro","Forest Green",1,1,"D",0,0,"D",4.33,3.8,1.67,"0-0","1-1",0,0,0,0,2,3,0,1,0,0,0,0,2,0,0,"0-0","Y","N","N",5,1,43
"2341","EC",2026-04-06,"Wealdstone","Aldershot",3,0,"H",1,0,"H",2.2,3.7,2.7,"1-0","3-0",0,0,0,0,2,2,0,0,0,0,0,0,3,0,0,"0-0","Y","Y","N",4,0,43
"2342","EC",2026-04-06,"York","Altrincham",2,1,"H",1,1,"D",1.14,7,13,"1-1","2-1",0,0,0,0,2,1,0,0,0,0,0,0,3,0,0,"0-0","Y","Y","N",3,0,43
"2343","EC",2026-04-11,"Boreham Wood","Hartlepool",3,0,"H",0,0,"D",1.53,4.2,4.8,"0-0","3-0",0,0,0,0,1,1,0,0,0,0,0,0,3,0,0,"0-0","Y","Y","N",2,0,43
"2344","EC",2026-04-11,"Tamworth","York",0,1,"A",0,1,"A",7,5,1.33,"0-1","0-1",0,0,0,0,2,3,0,0,0,0,0,0,1,0,0,"0-0","N","N","N",5,0,43
"2345","EC",2026-04-11,"Aldershot","Gateshead",0,1,"A",0,1,"A",1.87,3.9,3.3,"0-1","0-1",0,0,0,0,3,5,0,0,0,0,0,0,1,0,0,"0-0","N","N","N",8,0,43
"2346","EC",2026-04-11,"Altrincham","Eastleigh",1,0,"H",1,0,"H",2.25,3.5,2.75,"1-0","1-0",0,0,0,0,1,0,0,0,0,0,0,0,1,0,0,"0-0","N","N","N",1,0,43
"2347","EC",2026-04-11,"Boston Utd","Truro",1,0,"H",1,0,"H",1.73,3.6,4.2,"1-0","1-0",0,0,0,0,1,0,0,0,0,0,0,0,1,0,0,"0-0","N","N","N",1,0,44
"2348","EC",2026-04-11,"Carlisle","Sutton",3,0,"H",3,0,"H",1.53,4.1,5,"3-0","3-0",0,0,0,0,1,5,0,0,0,0,0,0,3,0,0,"0-0","Y","Y","N",6,0,44
"2349","EC",2026-04-11,"Forest Green","Braintree Town",3,1,"H",1,0,"H",1.18,6.5,10.5,"1-0","3-1",0,0,0,0,1,1,0,0,0,0,0,0,4,0,0,"0-0","Y","Y","Y",2,0,44
"2350","EC",2026-04-11,"Scunthorpe","Brackley Town",1,0,"H",1,0,"H",1.4,4.4,6.5,"1-0","1-0",0,0,0,0,1,3,0,0,0,0,0,0,1,0,0,"0-0","N","N","N",4,0,44
"2351","EC",2026-04-11,"Southend","Solihull",0,0,"D",0,0,"D",1.4,4.4,6.5,"0-0","0-0",0,0,0,0,2,2,0,0,0,0,0,0,0,0,0,"0-0","N","N","N",4,0,44
"2352","EC",2026-04-11,"Woking","Morecambe",5,1,"H",2,1,"H",1.73,3.8,4,"2-1","5-1",0,0,0,0,3,0,0,0,0,0,0,0,6,0,0,"0-0","Y","Y","Y",3,0,44
"2353","EC",2026-04-11,"Yeovil","Halifax",0,0,"D",0,0,"D",3.3,3.25,2.05,"0-0","0-0",0,0,0,0,1,3,0,0,0,0,0,0,0,0,0,"0-0","N","N","N",4,0,44
"2354","EC",2026-04-11,"Rochdale","Wealdstone",2,1,"H",0,0,"D",1.3,4.8,8.5,"0-0","2-1",0,0,0,0,2,1,0,0,0,0,0,0,3,0,0,"0-0","Y","Y","N",3,0,44
"3572","F1",2025-08-15,"Rennes","Marseille",1,0,"H",0,0,"D",3.5,3.5,2.05,"0-0","1-0",12,5,24,2,2,3,1,0,1,12,8,11,1,13,19,"1-12","N","N","N",5,1,1
"3573","F1",2025-08-16,"Lens","Lyon",0,1,"A",0,1,"A",2.25,3.5,2.8,"0-1","0-1",18,5,11,3,2,3,0,0,13,8,13,20,1,21,33,"13-8","N","N","N",5,0,1
"3574","F1",2025-08-16,"Monaco","Le Havre",3,1,"H",1,0,"H",1.3,5,8.5,"1-0","3-1",13,3,9,4,0,1,0,0,5,4,5,14,4,9,19,"5-4","Y","Y","Y",1,0,1
"3575","F1",2025-08-16,"Nice","Toulouse",0,1,"A",0,0,"D",2.05,3.3,3.3,"0-0","0-1",13,2,10,2,2,3,0,0,9,4,12,13,1,13,25,"9-4","N","N","N",5,0,1
"3576","F1",2025-08-17,"Brest","Lille",3,3,"D",1,2,"A",3.13,3.4,2.1,"1-2","3-3",18,5,10,6,2,1,0,0,2,2,11,13,6,4,24,"2-2","Y","Y","Y",3,0,1
"3577","F1",2025-08-17,"Angers","Paris FC",1,0,"H",1,0,"H",2.55,3.1,2.63,"1-0","1-0",8,2,17,7,2,1,1,0,3,7,14,10,1,10,24,"3-7","N","N","N",3,1,1
"3578","F1",2025-08-17,"Auxerre","Lorient",1,0,"H",0,0,"D",2.3,3.3,2.88,"0-0","1-0",7,3,14,3,3,2,0,0,4,5,18,14,1,9,32,"4-5","N","N","N",5,0,1
"3579","F1",2025-08-17,"Metz","Strasbourg",0,1,"A",0,0,"D",3,3.3,2.2,"0-0","0-1",2,0,9,4,2,2,0,0,3,3,16,13,1,6,29,"3-3","N","N","N",4,0,1
"3580","F1",2025-08-17,"Nantes","Paris SG",0,1,"A",0,0,"D",8,5,1.3,"0-0","0-1",6,0,18,4,1,1,0,0,2,7,6,6,1,9,12,"2-7","N","N","N",2,0,1
"3581","F1",2025-08-22,"Paris SG","Angers",1,0,"H",0,0,"D",1.07,11.5,26,"0-0","1-0",21,4,3,0,0,0,0,0,12,0,3,9,1,12,12,"12-0","N","N","N",0,0,2
"3582","F1",2025-08-23,"Marseille","Paris FC",5,2,"H",2,1,"H",1.33,4.6,8,"2-1","5-2",12,7,8,4,1,0,0,0,5,2,9,12,7,7,21,"5-2","Y","Y","Y",1,0,2
"3583","F1",2025-08-23,"Nice","Auxerre",3,1,"H",2,1,"H",1.62,3.8,4.8,"2-1","3-1",16,6,12,8,2,2,0,1,5,4,10,15,4,9,25,"5-4","Y","Y","Y",4,1,2
"3584","F1",2025-08-23,"Lyon","Metz",3,0,"H",2,0,"H",1.36,4.75,7,"2-0","3-0",13,8,11,2,0,2,0,0,4,3,13,15,3,7,28,"4-3","Y","Y","N",2,0,2
"3585","F1",2025-08-24,"Lorient","Rennes",4,0,"H",1,0,"H",2.63,3.25,2.5,"1-0","4-0",22,7,5,1,6,0,0,2,3,2,18,7,4,5,25,"3-2","Y","Y","Y",6,2,2
"3586","F1",2025-08-24,"Le Havre","Lens",1,2,"A",1,2,"A",3.6,3.5,1.9,"1-2","1-2",18,6,6,3,3,1,0,0,7,0,17,16,3,7,33,"7-0","Y","Y","N",4,0,2
"3587","F1",2025-08-24,"Strasbourg","Nantes",1,0,"H",0,0,"D",1.73,3.6,4.33,"0-0","1-0",15,4,9,2,2,2,0,0,7,6,11,9,1,13,20,"7-6","N","N","N",4,0,2
"3588","F1",2025-08-24,"Toulouse","Brest",2,0,"H",0,0,"D",2.05,3.4,3.25,"0-0","2-0",6,3,16,2,0,1,0,0,3,9,14,10,2,12,24,"3-9","Y","N","N",1,0,2
"3589","F1",2025-08-24,"Lille","Monaco",1,0,"H",0,0,"D",2.9,3.5,2.15,"0-0","1-0",18,1,6,1,1,2,0,0,8,3,7,14,1,11,21,"8-3","N","N","N",3,0,2
"3590","F1",2025-08-29,"Lens","Brest",3,1,"H",0,1,"A",1.83,3.7,4.1,"0-1","3-1",30,10,9,2,1,3,0,1,15,1,7,12,4,16,19,"15-1","Y","Y","Y",4,1,3
"3591","F1",2025-08-30,"Lorient","Lille",1,7,"A",0,0,"D",3.2,3.4,2.05,"0-0","1-7",6,2,20,11,3,3,0,0,3,8,14,18,8,11,32,"3-8","Y","Y","Y",6,0,3
"3592","F1",2025-08-30,"Nantes","Auxerre",1,0,"H",1,0,"H",2.2,3.13,3.2,"1-0","1-0",4,3,14,4,1,3,0,0,3,9,13,11,1,12,24,"3-9","N","N","N",4,0,3
"3593","F1",2025-08-30,"Toulouse","Paris SG",3,6,"A",1,4,"A",8.5,5,1.3,"1-4","3-6",14,6,13,8,1,0,0,0,5,7,7,11,9,12,18,"5-7","Y","Y","Y",1,0,3
"3594","F1",2025-08-31,"Angers","Rennes",1,1,"D",0,1,"A",3.3,3.1,2.05,"0-1","1-1",10,7,15,7,2,2,0,0,1,7,9,11,2,8,20,"1-7","Y","N","N",4,0,3
"3595","F1",2025-08-31,"Le Havre","Nice",3,1,"H",1,0,"H",3.4,3.4,2,"1-0","3-1",12,8,7,3,1,4,0,0,0,5,13,16,4,5,29,"0-5","Y","Y","Y",5,0,3
"3596","F1",2025-08-31,"Monaco","Strasbourg",3,2,"H",1,0,"H",1.5,4.1,5.5,"1-0","3-2",12,4,12,4,2,1,0,1,6,5,13,12,5,11,25,"6-5","Y","Y","Y",3,1,3
"3597","F1",2025-08-31,"Paris FC","Metz",3,2,"H",1,1,"D",1.75,3.5,4.33,"1-1","3-2",24,9,14,2,1,1,0,1,14,6,4,8,5,20,12,"14-6","Y","Y","Y",2,1,3
"3598","F1",2025-08-31,"Lyon","Marseille",1,0,"H",0,0,"D",2.55,3.6,2.38,"0-0","1-0",17,5,5,2,2,2,0,1,9,4,16,11,1,13,27,"9-4","N","N","N",4,1,3
"3599","F1",2025-09-12,"Marseille","Lorient",4,0,"H",3,0,"H",1.36,5.25,7.5,"3-0","4-0",15,8,4,1,3,2,0,1,10,0,18,5,4,10,23,"10-0","Y","Y","Y",5,1,4
"3600","F1",2025-09-13,"Nice","Nantes",1,0,"H",0,0,"D",1.65,3.7,4.75,"0-0","1-0",19,8,14,3,2,0,0,0,7,4,16,13,1,11,29,"7-4","N","N","N",2,0,4
"3601","F1",2025-09-13,"Auxerre","Monaco",1,2,"A",0,1,"A",4.8,4.2,1.55,"0-1","1-2",9,2,13,3,3,6,1,0,5,8,12,19,3,13,31,"5-8","Y","Y","N",9,1,4
"3602","F1",2025-09-14,"Lille","Toulouse",2,1,"H",0,0,"D",1.73,3.7,4.2,"0-0","2-1",20,5,9,4,2,3,0,1,7,6,12,10,3,13,22,"7-6","Y","Y","N",5,1,4
"3603","F1",2025-09-14,"Brest","Paris FC",1,2,"A",0,2,"A",2.2,3.4,2.9,"0-2","1-2",23,8,7,4,0,2,0,1,6,1,11,10,3,7,21,"6-1","Y","Y","N",2,1,4
"3604","F1",2025-09-14,"Metz","Angers",1,1,"D",1,0,"H",2.25,3.2,3,"1-0","1-1",9,5,11,4,0,1,0,0,4,3,10,7,2,7,17,"4-3","Y","N","N",1,0,4
"3605","F1",2025-09-14,"Paris SG","Lens",2,0,"H",1,0,"H",1.3,5.5,7.5,"1-0","2-0",14,6,11,3,1,2,0,0,4,3,10,8,2,7,18,"4-3","Y","N","N",3,0,4
"3606","F1",2025-09-14,"Strasbourg","Le Havre",1,0,"H",0,0,"D",1.57,3.9,5,"0-0","1-0",9,7,10,1,2,2,1,0,4,3,8,16,1,7,24,"4-3","N","N","N",4,1,4
"3607","F1",2025-09-14,"Rennes","Lyon",3,1,"H",0,1,"A",2.6,3.4,2.45,"0-1","3-1",23,5,8,5,2,2,0,1,5,4,18,13,4,9,31,"5-4","Y","Y","Y",4,1,4
"3608","F1",2025-09-19,"Lyon","Angers",1,0,"H",0,0,"D",1.4,4.6,7.5,"0-0","1-0",16,5,10,2,2,2,0,0,7,4,16,10,1,11,26,"7-4","N","N","N",4,0,5
"3609","F1",2025-09-20,"Nantes","Rennes",2,2,"D",0,2,"A",3.4,3.25,2.05,"0-2","2-2",16,4,8,4,3,1,0,0,4,4,14,18,4,8,32,"4-4","Y","Y","Y",4,0,5
"3610","F1",2025-09-20,"Brest","Nice",4,1,"H",2,1,"H",2.6,3.4,2.45,"2-1","4-1",11,5,21,4,1,3,0,0,2,7,17,11,5,9,28,"2-7","Y","Y","Y",4,0,5
"3611","F1",2025-09-20,"Lens","Lille",3,0,"H",2,0,"H",2.3,3.4,2.75,"2-0","3-0",15,6,17,3,1,3,0,0,4,10,17,11,3,14,28,"4-10","Y","Y","N",4,0,5
"3612","F1",2025-09-21,"Paris FC","Strasbourg",2,3,"A",0,1,"A",2.3,3.4,2.75,"0-1","2-3",18,6,8,4,1,5,0,0,4,2,11,10,5,6,21,"4-2","Y","Y","Y",6,0,5
"3613","F1",2025-09-21,"Auxerre","Toulouse",1,0,"H",1,0,"H",2.6,3.2,2.55,"1-0","1-0",6,1,13,3,1,6,1,0,3,4,12,20,1,7,32,"3-4","N","N","N",7,1,5
"3614","F1",2025-09-21,"Le Havre","Lorient",1,1,"D",0,1,"A",2.2,3.3,3,"0-1","1-1",13,2,8,4,3,6,0,0,6,2,20,15,2,8,35,"6-2","Y","N","N",9,0,5
"3615","F1",2025-09-21,"Monaco","Metz",5,2,"H",1,1,"D",1.22,6,9.5,"1-1","5-2",16,6,8,3,1,0,0,0,4,5,15,6,7,9,21,"4-5","Y","Y","Y",1,0,5
"3616","F1",2025-09-22,"Marseille","Paris SG",1,0,"H",1,0,"H",3.6,3.8,1.83,"1-0","1-0",9,2,12,5,3,0,0,0,5,3,16,7,1,8,23,"5-3","N","N","N",3,0,5
"3617","F1",2025-09-26,"Strasbourg","Marseille",1,2,"A",0,0,"D",3.5,3.6,2,"0-0","1-2",9,1,16,9,2,4,0,0,5,4,13,15,3,9,28,"5-4","Y","Y","N",6,0,6
"3618","F1",2025-09-27,"Lorient","Monaco",3,1,"H",1,0,"H",4.8,4.1,1.57,"1-0","3-1",19,8,5,2,2,3,0,1,2,4,10,11,4,6,21,"2-4","Y","Y","Y",5,1,6
"3619","F1",2025-09-27,"Toulouse","Nantes",2,2,"D",0,1,"A",1.65,3.5,5,"0-1","2-2",20,7,12,2,2,3,0,0,1,4,18,12,4,5,30,"1-4","Y","Y","Y",5,0,6
"3620","F1",2025-09-27,"Paris SG","Auxerre",2,0,"H",1,0,"H",1.13,7.5,15,"1-0","2-0",15,8,12,3,1,2,0,0,5,5,17,10,2,10,27,"5-5","Y","N","N",3,0,6
"3621","F1",2025-09-28,"Nice","Paris FC",1,1,"D",1,0,"H",1.8,3.75,3.7,"1-0","1-1",11,5,13,3,1,1,0,0,5,5,14,14,2,10,28,"5-5","Y","N","N",2,0,6
"3622","F1",2025-09-28,"Angers","Brest",0,2,"A",0,2,"A",2.9,3.25,2.3,"0-2","0-2",11,2,7,3,1,1,0,0,11,4,13,13,2,15,26,"11-4","Y","N","N",2,0,6
"3623","F1",2025-09-28,"Lille","Lyon",0,1,"A",0,1,"A",2.15,3.4,3,"0-1","0-1",14,3,5,2,4,4,1,0,3,4,20,24,1,7,44,"3-4","N","N","N",8,1,6
"3624","F1",2025-09-28,"Metz","Le Havre",0,0,"D",0,0,"D",2.55,3.25,2.55,"0-0","0-0",7,0,11,2,2,2,0,0,4,6,16,16,0,10,32,"4-6","N","N","N",4,0,6
"3625","F1",2025-09-28,"Rennes","Lens",0,0,"D",0,0,"D",2.38,3.5,2.63,"0-0","0-0",14,2,13,2,3,2,0,1,8,4,16,9,0,12,25,"8-4","N","N","N",5,1,6
"3626","F1",2025-10-03,"Paris FC","Lorient",2,0,"H",2,0,"H",1.73,3.9,4.5,"2-0","2-0",10,2,8,3,0,2,0,0,1,5,19,10,2,6,29,"1-5","Y","N","N",2,0,7
"3627","F1",2025-10-04,"Metz","Marseille",0,3,"A",0,0,"D",6,4.33,1.44,"0-0","0-3",4,1,21,9,0,0,0,0,4,4,8,7,3,8,15,"4-4","Y","Y","N",0,0,7
"3628","F1",2025-10-04,"Brest","Nantes",0,0,"D",0,0,"D",1.8,3.5,4,"0-0","0-0",17,5,6,0,2,1,0,0,12,3,11,12,0,15,23,"12-3","N","N","N",3,0,7
"3629","F1",2025-10-04,"Auxerre","Lens",1,2,"A",0,1,"A",3.5,3.5,1.93,"0-1","1-2",18,2,7,4,3,7,0,1,2,2,10,21,3,4,31,"2-2","Y","Y","N",10,1,7
"3630","F1",2025-10-05,"Lyon","Toulouse",1,2,"A",1,0,"H",1.87,3.5,3.7,"1-0","1-2",13,3,14,4,1,3,0,0,8,5,13,17,3,13,30,"8-5","Y","Y","N",4,0,7
"3631","F1",2025-10-05,"Le Havre","Rennes",2,2,"D",1,2,"A",3,3.25,2.25,"1-2","2-2",10,2,9,3,1,2,0,0,3,4,13,9,4,7,22,"3-4","Y","Y","Y",3,0,7
"3632","F1",2025-10-05,"Monaco","Nice",2,2,"D",1,2,"A",1.87,3.75,3.5,"1-2","2-2",20,6,9,2,1,3,0,1,6,7,10,9,4,13,19,"6-7","Y","Y","Y",4,1,7
"3633","F1",2025-10-05,"Strasbourg","Angers",5,0,"H",1,0,"H",1.62,3.6,5,"1-0","5-0",18,12,5,1,2,2,0,0,2,5,12,11,5,7,23,"2-5","Y","Y","Y",4,0,7
"3634","F1",2025-10-05,"Lille","Paris SG",1,1,"D",0,0,"D",4.2,3.8,1.7,"0-0","1-1",9,3,17,5,1,1,0,0,3,5,11,12,2,8,23,"3-5","Y","N","N",2,0,7
"3635","F1",2025-10-17,"Paris SG","Strasbourg",3,3,"D",1,2,"A",1.29,5.75,9,"1-2","3-3",21,9,12,7,2,1,0,0,4,1,12,15,6,5,27,"4-1","Y","Y","Y",3,0,8
"3636","F1",2025-10-18,"Nice","Lyon",3,2,"H",2,1,"H",2.4,3.4,2.63,"2-1","3-2",5,4,29,7,1,2,0,0,1,16,10,11,5,17,21,"1-16","Y","Y","Y",3,0,8
"3637","F1",2025-10-18,"Angers","Monaco",1,1,"D",0,0,"D",5,4,1.57,"0-0","1-1",16,3,11,4,2,2,0,0,10,3,15,14,2,13,29,"10-3","Y","N","N",4,0,8
"3638","F1",2025-10-18,"Marseille","Le Havre",6,2,"H",1,1,"D",1.3,5,8.5,"1-1","6-2",18,11,8,3,2,1,0,1,2,1,17,13,8,3,30,"2-1","Y","Y","Y",3,1,8
"3639","F1",2025-10-19,"Lens","Paris FC",2,1,"H",1,1,"D",1.8,3.7,3.75,"1-1","2-1",11,3,9,3,2,2,0,0,11,3,11,8,3,14,19,"11-3","Y","Y","N",4,0,8
"3640","F1",2025-10-19,"Lorient","Brest",3,3,"D",1,2,"A",2.3,3.3,2.8,"1-2","3-3",12,7,8,4,3,2,0,0,5,2,13,16,6,7,29,"5-2","Y","Y","Y",5,0,8
"3641","F1",2025-10-19,"Rennes","Auxerre",2,2,"D",1,1,"D",1.7,3.7,4.4,"1-1","2-2",19,7,7,4,1,3,0,0,6,2,11,15,4,8,26,"6-2","Y","Y","Y",4,0,8
"3642","F1",2025-10-19,"Toulouse","Metz",4,0,"H",2,0,"H",1.55,3.8,5.5,"2-0","4-0",16,7,2,2,2,1,0,1,5,1,14,11,4,6,25,"5-1","Y","Y","Y",3,1,8
"3643","F1",2025-10-19,"Nantes","Lille",0,2,"A",0,1,"A",4.2,3.6,1.75,"0-1","0-2",8,3,23,5,1,4,0,0,5,9,12,15,2,14,27,"5-9","Y","N","N",5,0,8
"3644","F1",2025-10-24,"Paris FC","Nantes",1,2,"A",1,2,"A",1.62,4,5.25,"1-2","1-2",14,3,11,3,3,2,0,0,8,2,10,13,3,10,23,"8-2","Y","Y","N",5,0,9
"3645","F1",2025-10-25,"Brest","Paris SG",0,3,"A",0,2,"A",8,5,1.3,"0-2","0-3",8,2,18,8,1,1,0,0,2,7,10,10,3,9,20,"2-7","Y","Y","N",2,0,9
"3646","F1",2025-10-25,"Monaco","Toulouse",1,0,"H",1,0,"H",1.8,3.75,3.75,"1-0","1-0",14,5,10,2,3,4,0,0,2,5,15,18,1,7,33,"2-5","N","N","N",7,0,9
"3647","F1",2025-10-25,"Lens","Marseille",2,1,"H",1,1,"D",2.63,3.5,2.38,"1-1","2-1",8,5,17,3,3,2,0,0,4,8,12,9,3,12,21,"4-8","Y","Y","N",5,0,9
"3648","F1",2025-10-26,"Lille","Metz",6,1,"H",2,0,"H",1.29,5,9,"2-0","6-1",23,12,10,4,3,2,0,0,7,8,18,12,7,15,30,"7-8","Y","Y","Y",5,0,9
"3649","F1",2025-10-26,"Angers","Lorient",2,0,"H",1,0,"H",2.5,3.1,2.7,"1-0","2-0",7,4,23,4,1,0,0,0,1,6,14,6,2,7,20,"1-6","Y","N","N",1,0,9
"3650","F1",2025-10-26,"Auxerre","Le Havre",0,1,"A",0,0,"D",2.1,3.25,3.3,"0-0","0-1",14,3,9,4,2,2,0,0,13,5,21,12,1,18,33,"13-5","N","N","N",4,0,9
"3651","F1",2025-10-26,"Rennes","Nice",1,2,"A",0,2,"A",2.1,3.5,3,"0-2","1-2",19,7,8,3,5,2,0,0,7,3,13,22,3,10,35,"7-3","Y","Y","N",7,0,9
"3652","F1",2025-10-26,"Lyon","Strasbourg",2,1,"H",1,1,"D",2.05,3.5,3.2,"1-1","2-1",8,3,7,2,0,4,0,1,4,2,15,19,3,6,34,"4-2","Y","Y","N",4,1,9
"3653","F1",2025-10-29,"Le Havre","Brest",1,0,"H",0,0,"D",2.45,3.25,2.7,"0-0","1-0",13,3,8,2,1,3,0,0,5,1,12,11,1,6,23,"5-1","N","N","N",4,0,10
"3654","F1",2025-10-29,"Lorient","Paris SG",1,1,"D",0,0,"D",10,5.75,1.22,"0-0","1-1",5,2,15,8,0,2,0,0,0,8,5,13,2,8,18,"0-8","Y","N","N",2,0,10
"3655","F1",2025-10-29,"Metz","Lens",2,0,"H",0,0,"D",6,4.33,1.45,"0-0","2-0",16,7,10,2,3,2,1,0,2,5,15,15,2,7,30,"2-5","Y","N","N",5,1,10
"3656","F1",2025-10-29,"Nice","Lille",2,0,"H",1,0,"H",2.88,3.4,2.25,"1-0","2-0",8,4,21,4,3,3,0,0,2,13,11,10,2,15,21,"2-13","Y","N","N",6,0,10
"3657","F1",2025-10-29,"Marseille","Angers",2,2,"D",0,1,"A",1.2,5.75,12,"0-1","2-2",11,6,12,6,2,1,0,0,1,5,11,7,4,6,18,"1-5","Y","Y","Y",3,0,10
"3658","F1",2025-10-29,"Nantes","Monaco",3,5,"A",2,2,"D",4.5,3.8,1.65,"2-2","3-5",18,5,19,9,3,5,0,0,1,3,13,17,8,4,30,"1-3","Y","Y","Y",8,0,10
"3659","F1",2025-10-29,"Paris FC","Lyon",3,3,"D",0,1,"A",2.55,3.5,2.45,"0-1","3-3",11,3,7,4,6,2,1,1,4,2,18,16,6,6,34,"4-2","Y","Y","Y",8,2,10
"3660","F1",2025-10-29,"Strasbourg","Auxerre",3,0,"H",0,0,"D",1.7,3.7,4.4,"0-0","3-0",18,9,6,1,1,1,0,0,4,3,11,16,3,7,27,"4-3","Y","Y","N",2,0,10
"3661","F1",2025-10-29,"Toulouse","Rennes",2,2,"D",0,0,"D",2.1,3.3,3.2,"0-0","2-2",15,4,11,5,2,3,0,0,5,8,9,12,4,13,21,"5-8","Y","Y","Y",5,0,10
"3662","F1",2025-11-01,"Paris SG","Nice",1,0,"H",0,0,"D",1.22,6,9.5,"0-0","1-0",28,8,5,2,3,1,0,0,11,1,12,5,1,12,17,"11-1","N","N","N",4,0,11
"3663","F1",2025-11-01,"Monaco","Paris FC",0,1,"A",0,0,"D",1.65,4.1,4.2,"0-0","0-1",10,1,9,1,3,2,0,0,3,2,10,12,1,5,22,"3-2","N","N","N",5,0,11
"3664","F1",2025-11-01,"Auxerre","Marseille",0,1,"A",0,1,"A",4.6,3.9,1.62,"0-1","0-1",9,4,6,2,3,4,1,1,3,3,12,14,1,6,26,"3-3","N","N","N",7,2,11
"3665","F1",2025-11-02,"Rennes","Strasbourg",4,1,"H",2,0,"H",2.25,3.5,2.8,"2-0","4-1",13,6,20,2,1,1,0,0,6,5,15,9,5,11,24,"6-5","Y","Y","Y",2,0,11
"3666","F1",2025-11-02,"Lens","Lorient",3,0,"H",1,0,"H",1.44,4.2,6.5,"1-0","3-0",9,6,12,3,2,2,0,0,7,6,8,10,3,13,18,"7-6","Y","Y","N",4,0,11
"3667","F1",2025-11-02,"Lille","Angers",1,0,"H",1,0,"H",1.25,5.25,10.5,"1-0","1-0",15,4,6,1,1,0,0,0,9,2,10,10,1,11,20,"9-2","N","N","N",1,0,11
"3668","F1",2025-11-02,"Nantes","Metz",0,2,"A",0,0,"D",1.87,3.4,3.8,"0-0","0-2",16,4,14,7,1,3,0,0,8,5,8,8,2,13,16,"8-5","Y","N","N",4,0,11
"3669","F1",2025-11-02,"Toulouse","Le Havre",0,0,"D",0,0,"D",1.7,3.5,4.5,"0-0","0-0",18,2,9,3,1,2,0,0,10,2,12,14,0,12,26,"10-2","N","N","N",3,0,11
"3670","F1",2025-11-02,"Brest","Lyon",0,0,"D",0,0,"D",2.9,3.4,2.15,"0-0","0-0",13,3,4,2,1,0,0,1,12,2,19,6,0,14,25,"12-2","N","N","N",1,1,11
"3671","F1",2025-11-07,"Paris FC","Rennes",0,1,"A",0,0,"D",2.2,3.5,3.1,"0-0","0-1",19,4,10,3,4,2,0,0,8,9,9,13,1,17,22,"8-9","N","N","N",6,0,12
"3672","F1",2025-11-08,"Marseille","Brest",3,0,"H",2,0,"H",1.4,4.5,6.5,"2-0","3-0",19,7,4,2,0,1,0,0,6,2,12,10,3,8,22,"6-2","Y","Y","N",1,0,12
"3673","F1",2025-11-08,"Le Havre","Nantes",1,1,"D",0,1,"A",1.85,3.25,4.1,"0-1","1-1",17,4,5,2,3,3,0,0,8,3,15,13,2,11,28,"8-3","Y","N","N",6,0,12
"3674","F1",2025-11-08,"Monaco","Lens",1,4,"A",1,3,"A",2,3.75,3.1,"1-3","1-4",16,6,20,12,1,2,1,0,5,4,15,19,5,9,34,"5-4","Y","Y","Y",3,1,12
"3675","F1",2025-11-09,"Lorient","Toulouse",1,1,"D",1,0,"H",2.88,3.13,2.38,"1-0","1-1",10,2,6,2,0,4,0,0,6,4,6,18,2,10,24,"6-4","Y","N","N",4,0,12
"3676","F1",2025-11-09,"Angers","Auxerre",2,0,"H",0,0,"D",2.5,3.1,2.75,"0-0","2-0",9,5,12,5,2,2,0,0,3,3,19,14,2,6,33,"3-3","Y","N","N",4,0,12
"3677","F1",2025-11-09,"Metz","Nice",2,1,"H",0,1,"A",3.2,3.5,2.05,"0-1","2-1",9,2,11,4,2,4,0,0,6,3,12,19,3,9,31,"6-3","Y","Y","N",6,0,12
"3678","F1",2025-11-09,"Strasbourg","Lille",2,0,"H",1,0,"H",2.6,3.4,2.45,"1-0","2-0",5,2,7,4,4,3,0,1,1,4,9,20,2,5,29,"1-4","Y","N","N",7,1,12
"3679","F1",2025-11-09,"Lyon","Paris SG",2,3,"A",1,2,"A",3.9,3.8,1.75,"1-2","2-3",9,2,9,4,5,2,1,0,5,5,10,8,5,10,18,"5-5","Y","Y","Y",7,1,12
"3680","F1",2025-11-21,"Nice","Marseille",1,5,"A",0,2,"A",3.7,3.7,1.93,"0-2","1-5",15,7,13,11,2,2,0,0,8,6,9,10,6,14,19,"8-6","Y","Y","Y",4,0,13
"3681","F1",2025-11-22,"Lens","Strasbourg",1,0,"H",0,0,"D",2,3.6,3.2,"0-0","1-0",13,5,7,1,2,3,1,1,3,1,13,13,1,4,26,"3-1","N","N","N",5,2,13
"3682","F1",2025-11-22,"Rennes","Monaco",4,1,"H",1,0,"H",2.55,3.6,2.38,"1-0","4-1",17,9,13,3,0,1,0,1,4,6,3,13,5,10,16,"4-6","Y","Y","Y",1,1,13
"3683","F1",2025-11-22,"Paris SG","Le Havre",3,0,"H",1,0,"H",1.14,7,15,"1-0","3-0",31,11,12,4,2,1,0,0,6,4,10,8,3,10,18,"6-4","Y","Y","N",3,0,13
"3684","F1",2025-11-23,"Auxerre","Lyon",0,0,"D",0,0,"D",3.5,3.4,1.95,"0-0","0-0",12,5,16,7,1,3,0,0,7,11,10,11,0,18,21,"7-11","N","N","N",4,0,13
"3685","F1",2025-11-23,"Brest","Metz",3,2,"H",1,1,"D",1.75,3.6,4.2,"1-1","3-2",20,7,7,3,2,3,0,0,6,2,11,8,5,8,19,"6-2","Y","Y","Y",5,0,13
"3686","F1",2025-11-23,"Nantes","Lorient",1,1,"D",0,1,"A",2.55,3.2,2.6,"0-1","1-1",9,1,7,1,1,1,0,0,1,1,17,17,2,2,34,"1-1","Y","N","N",2,0,13
"3687","F1",2025-11-23,"Toulouse","Angers",0,1,"A",0,1,"A",1.57,3.7,5.5,"0-1","0-1",25,6,6,2,1,3,0,0,11,1,15,15,1,12,30,"11-1","N","N","N",4,0,13
"3688","F1",2025-11-23,"Lille","Paris FC",4,2,"H",1,1,"D",1.57,3.9,5,"1-1","4-2",17,10,6,3,1,2,0,0,9,4,9,12,6,13,21,"9-4","Y","Y","Y",3,0,13
"3689","F1",2025-11-28,"Metz","Rennes",0,1,"A",0,1,"A",3.8,3.8,1.87,"0-1","0-1",16,5,9,2,0,0,0,0,6,3,9,8,1,9,17,"6-3","N","N","N",0,0,14
"3690","F1",2025-11-29,"Monaco","Paris SG",1,0,"H",0,0,"D",4.8,4.33,1.53,"0-0","1-0",10,5,17,4,3,1,1,0,4,4,10,13,1,8,23,"4-4","N","N","N",4,1,14
"3691","F1",2025-11-29,"Paris FC","Auxerre",1,1,"D",1,1,"D",1.75,3.6,4.2,"1-1","1-1",11,2,11,3,2,1,0,0,4,3,11,17,2,7,28,"4-3","Y","N","N",3,0,14
"3692","F1",2025-11-29,"Marseille","Toulouse",2,2,"D",0,1,"A",1.55,3.9,5.25,"0-1","2-2",20,5,6,4,2,1,0,0,9,1,7,10,4,10,17,"9-1","Y","Y","Y",3,0,14
"3693","F1",2025-11-30,"Strasbourg","Brest",1,2,"A",1,0,"H",1.75,3.7,4,"1-0","1-2",14,6,7,4,0,3,0,0,5,0,12,14,3,5,26,"5-0","Y","Y","N",3,0,14
"3694","F1",2025-11-30,"Angers","Lens",1,2,"A",0,1,"A",4.5,3.6,1.7,"0-1","1-2",7,5,17,6,1,1,0,0,2,8,7,11,3,10,18,"2-8","Y","Y","N",2,0,14
"3695","F1",2025-11-30,"Le Havre","Lille",0,1,"A",0,0,"D",4,3.5,1.8,"0-0","0-1",14,7,8,2,1,3,0,1,6,2,15,13,1,8,28,"6-2","N","N","N",4,1,14
"3696","F1",2025-11-30,"Lorient","Nice",3,1,"H",2,1,"H",2.38,3.3,2.75,"2-1","3-1",18,7,9,2,1,2,0,0,3,7,7,11,4,10,18,"3-7","Y","Y","Y",3,0,14
"3697","F1",2025-11-30,"Lyon","Nantes",3,0,"H",0,0,"D",1.4,4.33,7,"0-0","3-0",20,8,6,2,1,2,0,1,7,0,14,9,3,7,23,"7-0","Y","Y","N",3,1,14
"3698","F1",2025-12-05,"Brest","Monaco",1,0,"H",1,0,"H",3.3,3.9,2,"1-0","1-0",12,4,10,2,2,4,1,0,2,3,17,15,1,5,32,"2-3","N","N","N",6,1,15
"3699","F1",2025-12-05,"Lille","Marseille",1,0,"H",1,0,"H",2.3,3.6,2.88,"1-0","1-0",5,2,6,2,1,1,0,0,2,5,9,11,1,7,20,"2-5","N","N","N",2,0,15
"3700","F1",2025-12-06,"Nantes","Lens",1,2,"A",1,1,"D",4.6,3.8,1.65,"1-1","1-2",10,4,20,6,2,0,0,0,1,12,8,13,3,13,21,"1-12","Y","Y","N",2,0,15
"3701","F1",2025-12-06,"Toulouse","Strasbourg",1,0,"H",1,0,"H",2.45,3.3,2.63,"1-0","1-0",6,3,3,0,3,3,0,0,1,2,21,13,1,3,34,"1-2","N","N","N",6,0,15
"3702","F1",2025-12-06,"Paris SG","Rennes",5,0,"H",2,0,"H",1.25,5.5,9,"2-0","5-0",20,9,6,2,0,3,0,1,8,6,9,5,5,14,14,"8-6","Y","Y","Y",3,1,15
"3703","F1",2025-12-07,"Nice","Angers",0,1,"A",0,1,"A",1.93,3.4,3.6,"0-1","0-1",13,3,8,4,1,1,1,0,4,1,11,9,1,5,20,"4-1","N","N","N",2,1,15
"3704","F1",2025-12-07,"Auxerre","Metz",3,1,"H",2,1,"H",1.95,3.3,3.6,"2-1","3-1",14,7,5,3,2,1,0,0,5,3,10,12,4,8,22,"5-3","Y","Y","Y",3,0,15
"3705","F1",2025-12-07,"Le Havre","Paris FC",0,0,"D",0,0,"D",2.55,3.25,2.55,"0-0","0-0",13,2,13,2,0,2,0,0,7,2,10,13,0,9,23,"7-2","N","N","N",2,0,15
"3706","F1",2025-12-07,"Lorient","Lyon",1,0,"H",1,0,"H",3.1,3.4,2.15,"1-0","1-0",14,6,7,4,2,2,0,1,1,7,12,21,1,8,33,"1-7","N","N","N",4,1,15
"3707","F1",2025-12-12,"Angers","Nantes",4,1,"H",1,0,"H",2.15,3.2,3.5,"1-0","4-1",20,9,7,4,1,2,0,0,6,3,17,13,5,9,30,"6-3","Y","Y","Y",3,0,16
"3708","F1",2025-12-13,"Rennes","Brest",3,1,"H",2,1,"H",1.8,3.6,3.9,"2-1","3-1",9,5,14,7,2,3,0,0,5,7,16,22,4,12,38,"5-7","Y","Y","Y",5,0,16
"3709","F1",2025-12-13,"Metz","Paris SG",2,3,"A",1,2,"A",9.5,6,1.22,"1-2","2-3",9,5,14,9,2,1,0,0,4,4,10,10,5,8,20,"4-4","Y","Y","Y",3,0,16
"3710","F1",2025-12-13,"Paris FC","Toulouse",0,3,"A",0,2,"A",2.38,3.25,2.8,"0-2","0-3",9,2,7,4,3,1,0,0,7,4,12,14,3,11,26,"7-4","Y","Y","N",4,0,16
"3711","F1",2025-12-14,"Lyon","Le Havre",1,0,"H",0,0,"D",1.55,3.8,5.5,"0-0","1-0",18,4,10,4,2,4,0,0,5,4,14,18,1,9,32,"5-4","N","N","N",6,0,16
"3712","F1",2025-12-14,"Auxerre","Lille",3,4,"A",0,1,"A",4.33,3.5,1.75,"0-1","3-4",18,8,8,5,5,2,2,2,10,3,21,10,7,13,31,"10-3","Y","Y","Y",7,4,16
"3713","F1",2025-12-14,"Lens","Nice",2,0,"H",1,0,"H",1.44,4.4,5.75,"1-0","2-0",15,5,8,4,0,2,0,0,2,5,17,13,2,7,30,"2-5","Y","N","N",2,0,16
"3714","F1",2025-12-14,"Strasbourg","Lorient",0,0,"D",0,0,"D",1.67,3.7,4.5,"0-0","0-0",12,2,10,2,1,0,0,0,11,3,6,3,0,14,9,"11-3","N","N","N",1,0,16
"3715","F1",2025-12-14,"Marseille","Monaco",1,0,"H",0,0,"D",1.85,3.8,3.5,"0-0","1-0",18,8,18,7,2,1,0,0,3,7,11,11,1,10,22,"3-7","N","N","N",3,0,16
"3716","F1",2026-01-02,"Toulouse","Lens",0,3,"A",0,0,"D",2.55,3.4,2.7,"0-0","0-3",8,2,16,7,2,3,1,0,2,8,16,16,3,10,32,"2-8","Y","Y","N",5,1,17
"3717","F1",2026-01-03,"Monaco","Lyon",1,3,"A",1,1,"D",2,3.6,3.2,"1-1","1-3",6,2,13,9,2,3,1,0,7,2,14,12,4,9,26,"7-2","Y","Y","Y",5,1,17
"3718","F1",2026-01-03,"Nice","Strasbourg",1,1,"D",0,1,"A",2.6,3.4,2.45,"0-1","1-1",19,6,8,5,1,2,0,0,5,7,12,12,2,12,24,"5-7","Y","N","N",3,0,17
"3719","F1",2026-01-03,"Lille","Rennes",0,2,"A",0,0,"D",1.83,3.6,3.75,"0-0","0-2",13,3,18,4,1,1,1,0,4,7,4,14,2,11,18,"4-7","Y","N","N",2,1,17
"3720","F1",2026-01-04,"Marseille","Nantes",0,2,"A",0,1,"A",1.2,6,11,"0-1","0-2",11,4,15,9,2,3,2,0,6,3,17,20,2,9,37,"6-3","Y","N","N",5,2,17
"3721","F1",2026-01-04,"Brest","Auxerre",2,0,"H",1,0,"H",1.87,3.4,3.8,"1-0","2-0",11,4,10,1,3,2,0,0,7,6,16,9,2,13,25,"7-6","Y","N","N",5,0,17
"3722","F1",2026-01-04,"Le Havre","Angers",2,1,"H",1,0,"H",2,3.2,3.6,"1-0","2-1",11,6,9,3,1,1,0,0,6,6,15,8,3,12,23,"6-6","Y","Y","N",2,0,17
"3723","F1",2026-01-04,"Lorient","Metz",1,1,"D",0,1,"A",1.75,3.6,4.2,"0-1","1-1",16,5,8,2,1,2,0,0,4,4,9,8,2,8,17,"4-4","Y","N","N",3,0,17
"3724","F1",2026-01-04,"Paris SG","Paris FC",2,1,"H",1,0,"H",1.13,7,15,"1-0","2-1",20,6,6,3,1,0,0,0,7,1,7,4,3,8,11,"7-1","Y","Y","N",1,0,17
"3725","F1",2026-01-16,"Monaco","Lorient",1,3,"A",0,0,"D",1.62,4.2,4.8,"0-0","1-3",14,7,14,4,1,0,0,0,4,3,16,9,4,7,25,"4-3","Y","Y","Y",1,0,18
"3726","F1",2026-01-16,"Paris SG","Lille",3,0,"H",1,0,"H",1.29,5.75,9,"1-0","3-0",13,7,7,4,0,1,0,0,4,2,14,6,3,6,20,"4-2","Y","Y","N",1,0,18
"3727","F1",2026-01-17,"Lens","Auxerre",1,0,"H",0,0,"D",1.4,4.33,7,"0-0","1-0",19,7,5,0,2,5,0,0,1,5,19,20,1,6,39,"1-5","N","N","N",7,0,18
"3728","F1",2026-01-17,"Toulouse","Nice",5,1,"H",2,0,"H",1.93,3.4,3.6,"2-0","5-1",22,10,15,6,1,2,0,0,6,7,12,17,6,13,29,"6-7","Y","Y","Y",3,0,18
"3729","F1",2026-01-17,"Angers","Marseille",2,5,"A",1,4,"A",5.5,3.8,1.55,"1-4","2-5",7,3,23,11,1,1,0,0,6,2,9,8,7,8,17,"6-2","Y","Y","Y",2,0,18
"3730","F1",2026-01-18,"Strasbourg","Metz",2,1,"H",2,1,"H",1.5,4.1,5.5,"2-1","2-1",14,6,9,2,2,3,0,0,4,1,12,12,3,5,24,"4-1","Y","Y","N",5,0,18
"3731","F1",2026-01-18,"Nantes","Paris FC",1,2,"A",0,1,"A",2.8,3.25,2.38,"0-1","1-2",5,1,10,3,1,3,0,0,1,2,16,14,3,3,30,"1-2","Y","Y","N",4,0,18
"3732","F1",2026-01-18,"Rennes","Le Havre",1,1,"D",0,0,"D",1.62,3.8,4.8,"0-0","1-1",19,7,7,4,1,4,0,0,10,6,18,14,2,16,32,"10-6","Y","N","N",5,0,18
"3733","F1",2026-01-18,"Lyon","Brest",2,1,"H",2,0,"H",1.6,3.8,4.8,"2-0","2-1",19,6,5,2,2,0,0,1,5,0,18,9,3,5,27,"5-0","Y","Y","N",2,1,18
"3734","F1",2026-01-23,"Auxerre","Paris SG",0,1,"A",0,0,"D",10,5.5,1.29,"0-0","0-1",8,0,16,8,0,1,0,0,2,7,10,12,1,9,22,"2-7","N","N","N",1,0,19
"3735","F1",2026-01-24,"Rennes","Lorient",0,2,"A",0,1,"A",1.8,3.5,4,"0-1","0-2",22,5,6,4,2,0,0,0,9,3,18,7,2,12,25,"9-3","Y","N","N",2,0,19
"3736","F1",2026-01-24,"Le Havre","Monaco",0,0,"D",0,0,"D",3.3,3.6,1.95,"0-0","0-0",7,1,10,2,0,3,0,0,5,6,9,20,0,11,29,"5-6","N","N","N",3,0,19
"3737","F1",2026-01-24,"Marseille","Lens",3,1,"H",2,0,"H",1.95,3.6,3.3,"2-0","3-1",10,5,7,2,0,3,0,0,2,2,18,16,4,4,34,"2-2","Y","Y","Y",3,0,19
"3738","F1",2026-01-25,"Nantes","Nice",1,4,"A",1,3,"A",2.75,3.4,2.3,"1-3","1-4",20,5,7,4,2,3,0,0,4,2,11,15,5,6,26,"4-2","Y","Y","Y",5,0,19
"3739","F1",2026-01-25,"Brest","Toulouse",0,2,"A",0,2,"A",2.63,3.13,2.55,"0-2","0-2",13,5,8,5,2,3,0,0,3,2,16,16,2,5,32,"3-2","Y","N","N",5,0,19
"3740","F1",2026-01-25,"Metz","Lyon",2,5,"A",1,4,"A",4.5,3.75,1.67,"1-4","2-5",15,6,13,10,1,0,0,0,6,4,10,5,7,10,15,"6-4","Y","Y","Y",1,0,19
"3741","F1",2026-01-25,"Paris FC","Angers",0,0,"D",0,0,"D",1.8,3.4,4.2,"0-0","0-0",8,1,7,1,1,1,0,0,2,1,14,7,0,3,21,"2-1","N","N","N",2,0,19
"3742","F1",2026-01-25,"Lille","Strasbourg",1,4,"A",0,2,"A",1.95,3.5,3.4,"0-2","1-4",20,6,15,6,2,2,0,0,8,1,11,13,5,9,24,"8-1","Y","Y","Y",4,0,19
"3743","F1",2026-01-30,"Lens","Le Havre",1,0,"H",1,0,"H",1.36,5,7.5,"1-0","1-0",15,3,8,2,1,2,0,0,4,3,20,10,1,7,30,"4-3","N","N","N",3,0,20
"3744","F1",2026-01-31,"Paris FC","Marseille",2,2,"D",0,1,"A",3.7,3.6,1.85,"0-1","2-2",9,4,18,4,1,4,0,0,4,4,12,15,4,8,27,"4-4","Y","Y","Y",5,0,20
"3745","F1",2026-01-31,"Lorient","Nantes",2,1,"H",1,0,"H",1.8,3.4,4.2,"1-0","2-1",5,4,10,2,4,5,0,0,1,4,12,18,3,5,30,"1-4","Y","Y","N",9,0,20
"3746","F1",2026-01-31,"Monaco","Rennes",4,0,"H",1,0,"H",1.95,3.75,3.2,"1-0","4-0",14,6,8,4,1,2,0,0,5,2,15,9,4,7,24,"5-2","Y","Y","Y",3,0,20
"3747","F1",2026-02-01,"Lyon","Lille",1,0,"H",1,0,"H",1.87,3.6,3.7,"1-0","1-0",4,2,11,4,1,4,0,0,2,7,15,11,1,9,26,"2-7","N","N","N",5,0,20
"3748","F1",2026-02-01,"Angers","Metz",1,0,"H",1,0,"H",2.05,3.25,3.4,"1-0","1-0",17,7,5,0,2,2,0,1,4,3,11,11,1,7,22,"4-3","N","N","N",4,1,20
"3749","F1",2026-02-01,"Nice","Brest",2,2,"D",0,2,"A",2.05,3.4,3.25,"0-2","2-2",15,7,12,2,5,3,0,0,6,5,15,21,4,11,36,"6-5","Y","Y","Y",8,0,20
"3750","F1",2026-02-01,"Toulouse","Auxerre",0,0,"D",0,0,"D",1.7,3.4,4.8,"0-0","0-0",12,4,8,2,1,2,0,0,5,4,12,13,0,9,25,"5-4","N","N","N",3,0,20
"3751","F1",2026-02-01,"Strasbourg","Paris SG",1,2,"A",1,1,"D",5,4.1,1.55,"1-1","1-2",9,4,13,4,1,0,0,1,5,6,8,6,3,11,14,"5-6","Y","Y","N",1,1,20
"3752","F1",2026-02-06,"Metz","Lille",0,0,"D",0,0,"D",6,4.2,1.53,"0-0","0-0",6,2,16,1,1,1,0,0,1,6,12,9,0,7,21,"1-6","N","N","N",2,0,21
"3753","F1",2026-02-07,"Lens","Rennes",3,1,"H",1,1,"D",1.73,3.8,4,"1-1","3-1",10,3,14,1,4,2,1,0,4,4,13,17,4,8,30,"4-4","Y","Y","Y",6,1,21
"3754","F1",2026-02-07,"Brest","Lorient",2,0,"H",0,0,"D",2.15,3.2,3.2,"0-0","2-0",11,5,13,2,2,0,0,0,7,7,11,10,2,14,21,"7-7","Y","N","N",2,0,21
"3755","F1",2026-02-07,"Nantes","Lyon",0,1,"A",0,1,"A",4.75,3.6,1.67,"0-1","0-1",13,2,10,3,4,2,0,1,5,4,13,11,1,9,24,"5-4","N","N","N",6,1,21
"3756","F1",2026-02-08,"Nice","Monaco",0,0,"D",0,0,"D",2.9,3.7,2.1,"0-0","0-0",13,3,10,2,2,2,0,0,8,6,10,11,0,14,21,"8-6","N","N","N",4,0,21
"3757","F1",2026-02-08,"Angers","Toulouse",1,0,"H",0,0,"D",3.3,3,2.2,"0-0","1-0",12,4,12,5,3,2,0,0,3,5,11,16,1,8,27,"3-5","N","N","N",5,0,21
"3758","F1",2026-02-08,"Auxerre","Paris FC",0,0,"D",0,0,"D",2.4,3.13,2.8,"0-0","0-0",12,2,8,4,1,4,0,0,7,4,8,12,0,11,20,"7-4","N","N","N",5,0,21
"3759","F1",2026-02-08,"Le Havre","Strasbourg",2,1,"H",1,1,"D",3.9,3.4,1.85,"1-1","2-1",15,7,10,3,2,1,0,1,9,3,15,12,3,12,27,"9-3","Y","Y","N",3,1,21
"3760","F1",2026-02-08,"Paris SG","Marseille",5,0,"H",2,0,"H",1.36,4.75,6.5,"2-0","5-0",22,7,9,3,2,2,0,0,5,2,11,18,5,7,29,"5-2","Y","Y","Y",4,0,21
"3761","F1",2026-02-13,"Rennes","Paris SG",3,1,"H",1,0,"H",6.5,5,1.36,"1-0","3-1",13,4,22,7,0,0,0,0,5,8,10,9,4,13,19,"5-8","Y","Y","Y",0,0,22
"3762","F1",2026-02-13,"Monaco","Nantes",3,1,"H",3,1,"H",1.44,4.4,6,"3-1","3-1",12,6,13,2,5,2,1,0,9,3,15,8,4,12,23,"9-3","Y","Y","Y",7,1,22
"3763","F1",2026-02-14,"Marseille","Strasbourg",2,2,"D",1,0,"H",1.65,3.9,4.5,"1-0","2-2",10,6,12,4,4,2,0,0,5,5,11,10,4,10,21,"5-5","Y","Y","Y",6,0,22
"3764","F1",2026-02-14,"Lille","Brest",1,1,"D",0,0,"D",1.7,3.6,4.5,"0-0","1-1",20,5,11,4,0,1,0,0,13,1,6,12,2,14,18,"13-1","Y","N","N",1,0,22
"3765","F1",2026-02-14,"Paris FC","Lens",0,5,"A",0,2,"A",3.9,3.5,1.83,"0-2","0-5",11,6,17,6,2,1,0,0,3,5,13,9,5,8,22,"3-5","Y","Y","Y",3,0,22
"3766","F1",2026-02-15,"Le Havre","Toulouse",2,1,"H",1,1,"D",3.1,3.1,2.25,"1-1","2-1",5,2,25,9,1,4,1,0,1,10,7,16,3,11,23,"1-10","Y","Y","N",5,1,22
"3767","F1",2026-02-15,"Lorient","Angers",2,0,"H",1,0,"H",1.9,3.2,4,"1-0","2-0",8,2,10,3,0,0,0,0,3,2,7,8,2,5,15,"3-2","Y","N","N",0,0,22
"3768","F1",2026-02-15,"Metz","Auxerre",1,3,"A",0,1,"A",2.7,3.1,2.55,"0-1","1-3",13,4,14,3,2,3,0,0,4,3,13,12,4,7,25,"4-3","Y","Y","Y",5,0,22
"3769","F1",2026-02-15,"Lyon","Nice",2,0,"H",1,0,"H",1.57,3.9,5,"1-0","2-0",9,2,10,3,3,1,0,0,8,5,16,12,2,13,28,"8-5","Y","N","N",4,0,22
"3770","F1",2026-02-20,"Brest","Marseille",2,0,"H",2,0,"H",3.7,3.75,1.91,"2-0","2-0",12,4,17,4,1,4,0,0,3,2,10,17,2,5,27,"3-2","Y","N","N",5,0,23
"3771","F1",2026-02-21,"Lens","Monaco",2,3,"A",1,0,"H",1.6,4.1,4.5,"1-0","2-3",18,7,10,5,2,1,0,0,7,2,13,12,5,9,25,"7-2","Y","Y","Y",3,0,23
"3772","F1",2026-02-21,"Toulouse","Paris FC",1,1,"D",0,1,"A",1.85,3.25,4.1,"0-1","1-1",23,10,5,2,1,5,0,0,12,3,13,7,2,15,20,"12-3","Y","N","N",6,0,23
"3773","F1",2026-02-21,"Paris SG","Metz",3,0,"H",2,0,"H",1.11,8,15,"2-0","3-0",17,7,3,0,0,2,0,0,4,1,9,15,3,5,24,"4-1","Y","Y","N",2,0,23
"3774","F1",2026-02-22,"Auxerre","Rennes",0,3,"A",0,3,"A",2.8,3.4,2.3,"0-3","0-3",11,2,12,7,1,4,0,0,4,5,17,22,3,9,39,"4-5","Y","Y","N",5,0,23
"3775","F1",2026-02-22,"Angers","Lille",0,1,"A",0,1,"A",3.9,3.3,1.87,"0-1","0-1",6,2,14,5,3,1,0,0,1,7,14,11,1,8,25,"1-7","N","N","N",4,0,23
"3776","F1",2026-02-22,"Nantes","Le Havre",2,0,"H",2,0,"H",2.38,3.13,2.88,"2-0","2-0",9,2,6,1,4,3,0,0,5,6,17,13,2,11,30,"5-6","Y","N","N",7,0,23
"3777","F1",2026-02-22,"Nice","Lorient",3,3,"D",2,1,"H",2.05,3.4,3.25,"2-1","3-3",8,4,17,5,2,3,0,0,3,7,15,4,6,10,19,"3-7","Y","Y","Y",5,0,23
"3778","F1",2026-02-22,"Strasbourg","Lyon",3,1,"H",1,0,"H",2.25,3.4,2.88,"1-0","3-1",13,7,4,2,1,2,0,0,4,2,11,12,4,6,23,"4-2","Y","Y","Y",3,0,23
"3779","F1",2026-02-27,"Strasbourg","Lens",1,1,"D",1,0,"H",2.25,3.5,3,"1-0","1-1",8,5,25,5,2,2,0,0,2,8,9,8,2,10,17,"2-8","Y","N","N",4,0,24
"3780","F1",2026-02-28,"Rennes","Toulouse",1,0,"H",1,0,"H",1.93,3.4,3.6,"1-0","1-0",10,2,9,2,1,3,0,0,6,1,9,13,1,7,22,"6-1","N","N","N",4,0,24
"3781","F1",2026-02-28,"Monaco","Angers",2,0,"H",0,0,"D",1.45,4.33,6,"0-0","2-0",10,4,6,2,0,3,0,0,5,2,9,10,2,7,19,"5-2","Y","N","N",3,0,24
"3782","F1",2026-02-28,"Le Havre","Paris SG",0,1,"A",0,1,"A",9.5,5.5,1.25,"0-1","0-1",10,2,22,9,3,0,0,0,3,3,12,10,1,6,22,"3-3","N","N","N",3,0,24
"3783","F1",2026-03-01,"Paris FC","Nice",1,0,"H",1,0,"H",2.3,3.3,2.88,"1-0","1-0",16,6,11,3,6,3,1,0,8,6,7,8,1,14,15,"8-6","N","N","N",9,1,24
"3784","F1",2026-03-01,"Lille","Nantes",1,0,"H",0,0,"D",1.44,4.2,6.5,"0-0","1-0",9,3,3,1,3,1,0,0,4,1,11,15,1,5,26,"4-1","N","N","N",4,0,24
"3785","F1",2026-03-01,"Lorient","Auxerre",2,2,"D",2,2,"D",1.95,3.2,3.7,"2-2","2-2",15,5,10,3,1,3,0,0,3,7,11,10,4,10,21,"3-7","Y","Y","Y",4,0,24
"3786","F1",2026-03-01,"Metz","Brest",0,1,"A",0,0,"D",3.3,3.3,2.05,"0-0","0-1",24,6,6,1,2,1,0,1,12,4,14,11,1,16,25,"12-4","N","N","N",3,1,24
"3787","F1",2026-03-01,"Marseille","Lyon",3,2,"H",0,1,"A",1.9,3.6,3.5,"0-1","3-2",18,7,12,6,3,2,0,0,8,1,16,8,5,9,24,"8-1","Y","Y","Y",5,0,24
"3788","F1",2026-03-06,"Paris SG","Monaco",1,3,"A",0,1,"A",1.33,5.75,7.5,"0-1","1-3",20,6,11,6,1,3,0,0,7,3,12,6,4,10,18,"7-3","Y","Y","Y",4,0,25
"3789","F1",2026-03-07,"Nantes","Angers",0,1,"A",0,0,"D",2.15,3.1,3.3,"0-0","0-1",13,3,11,4,1,1,0,0,3,4,14,19,1,7,33,"3-4","N","N","N",2,0,25
"3790","F1",2026-03-07,"Auxerre","Strasbourg",0,0,"D",0,0,"D",3.4,3.3,2.05,"0-0","0-0",10,4,13,5,1,2,0,0,5,4,10,11,0,9,21,"5-4","N","N","N",3,0,25
"3791","F1",2026-03-07,"Toulouse","Marseille",0,1,"A",0,1,"A",2.88,3.4,2.25,"0-1","0-1",12,2,10,3,2,3,0,0,4,2,15,14,1,6,29,"4-2","N","N","N",5,0,25
"3792","F1",2026-03-08,"Lens","Metz",3,0,"H",1,0,"H",1.22,5.75,10,"1-0","3-0",24,7,5,0,0,3,0,0,6,4,12,17,3,10,29,"6-4","Y","Y","N",3,0,25
"3793","F1",2026-03-08,"Brest","Le Havre",2,0,"H",1,0,"H",1.87,3.3,3.9,"1-0","2-0",11,2,14,0,3,1,0,0,1,3,15,17,2,4,32,"1-3","Y","N","N",4,0,25
"3794","F1",2026-03-08,"Lille","Lorient",1,1,"D",0,0,"D",1.5,3.9,5.75,"0-0","1-1",12,2,9,5,4,1,0,0,5,1,14,13,2,6,27,"5-1","Y","N","N",5,0,25
"3795","F1",2026-03-08,"Nice","Rennes",0,4,"A",0,2,"A",2.7,3.5,2.3,"0-2","0-4",14,2,12,6,2,1,0,0,7,1,9,8,4,8,17,"7-1","Y","Y","Y",3,0,25
"3796","F1",2026-03-08,"Lyon","Paris FC",1,1,"D",0,0,"D",1.65,3.7,4.75,"0-0","1-1",14,4,14,4,2,0,0,0,8,2,7,9,2,10,16,"8-2","Y","N","N",2,0,25
"3797","F1",2026-03-13,"Marseille","Auxerre",1,0,"H",0,0,"D",1.4,4.8,7.5,"0-0","1-0",16,3,8,3,4,2,0,0,9,2,12,17,1,11,29,"9-2","N","N","N",6,0,26
"3798","F1",2026-03-14,"Lorient","Lens",2,1,"H",1,0,"H",4,3.5,1.8,"1-0","2-1",6,3,20,6,2,3,0,0,1,10,6,11,3,11,17,"1-10","Y","Y","N",5,0,26
"3799","F1",2026-03-14,"Angers","Nice",0,2,"A",0,0,"D",2.8,3.2,2.38,"0-0","0-2",11,1,12,8,1,3,0,0,7,6,10,13,2,13,23,"7-6","Y","N","N",4,0,26
"3800","F1",2026-03-14,"Monaco","Brest",2,0,"H",1,0,"H",1.62,3.9,4.6,"1-0","2-0",10,4,13,1,2,1,0,0,3,8,9,8,2,11,17,"3-8","Y","N","N",3,0,26
"3801","F1",2026-03-15,"Strasbourg","Paris FC",0,0,"D",0,0,"D",1.73,3.6,4.33,"0-0","0-0",12,3,11,2,1,0,0,0,12,4,11,17,0,16,28,"12-4","N","N","N",1,0,26
"3802","F1",2026-03-15,"Le Havre","Lyon",0,0,"D",0,0,"D",3.5,3.25,2,"0-0","0-0",12,4,13,4,1,3,1,0,2,2,7,16,0,4,23,"2-2","N","N","N",4,1,26
"3803","F1",2026-03-15,"Metz","Toulouse",3,4,"A",2,3,"A",3.8,3.25,1.93,"2-3","3-4",17,8,19,6,0,3,0,0,4,4,10,13,7,8,23,"4-4","Y","Y","Y",3,0,26
"3804","F1",2026-03-15,"Rennes","Lille",1,2,"A",0,1,"A",2.15,3.4,3,"0-1","1-2",12,4,8,3,2,5,0,0,5,2,16,7,3,7,23,"5-2","Y","Y","N",7,0,26
"3805","F1",2026-03-20,"Lens","Angers",5,1,"H",3,0,"H",1.2,6.5,13,"3-0","5-1",26,9,16,5,0,0,0,0,7,3,7,5,6,10,12,"7-3","Y","Y","Y",0,0,26
"3806","F1",2026-03-21,"Toulouse","Lorient",1,0,"H",0,0,"D",1.93,3.3,3.8,"0-0","1-0",12,4,7,2,2,3,0,0,1,4,9,10,1,5,19,"1-4","N","N","N",5,0,27
"3807","F1",2026-03-21,"Auxerre","Brest",3,0,"H",1,0,"H",2.25,3.1,3.1,"1-0","3-0",11,7,9,2,0,4,1,0,6,3,10,14,3,9,24,"6-3","Y","Y","N",4,1,27
"3808","F1",2026-03-21,"Nice","Paris SG",0,4,"A",0,1,"A",7.5,5.25,1.3,"0-1","0-4",6,1,17,10,0,1,1,0,2,5,12,5,4,7,17,"2-5","Y","Y","Y",1,1,27
"3809","F1",2026-03-22,"Lyon","Monaco",1,2,"A",1,0,"H",2.7,3.4,2.38,"1-0","1-2",15,4,21,7,1,3,1,0,2,6,11,19,3,8,30,"2-6","Y","Y","N",4,1,27
"3810","F1",2026-03-22,"Marseille","Lille",1,2,"A",1,0,"H",1.85,3.6,3.7,"1-0","1-2",14,3,11,4,1,3,0,0,6,4,8,6,3,10,14,"6-4","Y","Y","N",4,0,27
"3811","F1",2026-03-22,"Paris FC","Le Havre",3,2,"H",2,0,"H",1.95,3.25,3.7,"2-0","3-2",15,4,20,6,0,1,1,0,9,5,9,13,5,14,22,"9-5","Y","Y","Y",1,1,27
"3812","F1",2026-03-22,"Rennes","Metz",0,0,"D",0,0,"D",1.3,5,8,"0-0","0-0",25,8,7,2,1,3,0,0,8,2,13,13,0,10,26,"8-2","N","N","N",4,0,27
"3813","F1",2026-03-22,"Nantes","Strasbourg",2,3,"A",1,1,"D",3.5,3.3,2,"1-1","2-3",14,9,13,9,3,3,0,0,3,6,15,17,5,9,32,"3-6","Y","Y","Y",6,0,27
"3814","F1",2026-04-03,"Paris SG","Toulouse",3,1,"H",2,1,"H",1.22,6.5,11.5,"2-1","3-1",17,7,5,1,0,1,0,0,5,2,4,13,4,7,17,"5-2","Y","Y","Y",1,0,27
"3815","F1",2026-04-04,"Strasbourg","Nice",3,1,"H",3,0,"H",1.8,3.7,3.9,"3-0","3-1",16,6,8,3,0,2,0,0,4,10,7,15,4,14,22,"4-10","Y","Y","Y",2,0,28
"3816","F1",2026-04-04,"Brest","Rennes",3,4,"A",1,2,"A",3,3.3,2.2,"1-2","3-4",10,4,15,7,2,4,0,0,3,7,13,11,7,10,24,"3-7","Y","Y","Y",6,0,28
"3817","F1",2026-04-04,"Lille","Lens",3,0,"H",1,0,"H",2.55,3.3,2.55,"1-0","3-0",13,7,5,1,3,2,0,0,3,3,9,13,3,6,22,"3-3","Y","Y","N",5,0,28
"3818","F1",2026-04-05,"Angers","Lyon",0,0,"D",0,0,"D",4.5,3.4,1.75,"0-0","0-0",7,1,11,2,3,0,0,0,3,7,14,13,0,10,27,"3-7","N","N","N",3,0,28
"3819","F1",2026-04-05,"Le Havre","Auxerre",1,1,"D",1,1,"D",2.45,3.1,2.8,"1-1","1-1",10,3,12,2,2,2,0,0,5,5,16,21,2,10,37,"5-5","Y","N","N",4,0,28
"3820","F1",2026-04-05,"Lorient","Paris FC",1,1,"D",0,0,"D",2.2,3.2,3.1,"0-0","1-1",10,3,7,5,1,2,0,0,5,6,8,6,2,11,14,"5-6","Y","N","N",3,0,28
"3821","F1",2026-04-05,"Metz","Nantes",0,0,"D",0,0,"D",2.75,3.13,2.45,"0-0","0-0",19,5,6,2,2,1,0,1,6,3,14,10,0,9,24,"6-3","N","N","N",3,1,28
"3822","F1",2026-04-05,"Monaco","Marseille",2,1,"H",0,0,"D",2.1,3.6,3,"0-0","2-1",7,3,19,9,2,2,0,0,0,8,14,9,3,8,23,"0-8","Y","Y","N",4,0,28
"3823","F1",2026-04-10,"Paris FC","Monaco",4,1,"H",3,1,"H",3.75,3.9,1.87,"3-1","4-1",12,6,19,5,1,0,0,0,1,11,5,6,5,12,11,"1-11","Y","Y","Y",1,0,28
"3824","F1",2026-04-10,"Marseille","Metz",3,1,"H",1,0,"H",1.22,6.5,11.5,"1-0","3-1",18,9,6,2,1,2,0,0,7,4,12,8,4,11,20,"7-4","Y","Y","Y",3,0,29
"3825","F1",2026-04-11,"Auxerre","Nantes",0,0,"D",0,0,"D",1.95,3.2,3.8,"0-0","0-0",5,0,13,4,0,4,0,0,3,2,20,15,0,5,35,"3-2","N","N","N",4,0,29
"3826","F1",2026-04-11,"Rennes","Angers",2,1,"H",2,0,"H",1.36,4.6,7.5,"2-0","2-1",15,7,6,4,0,2,0,0,11,3,9,15,3,14,24,"11-3","Y","Y","N",2,0,29
"3827","F1",2026-04-12,"Nice","Le Havre",1,1,"D",0,1,"A",1.87,3.4,3.8,"0-1","1-1",15,5,11,6,1,1,0,0,5,2,20,14,2,7,34,"5-2","Y","N","N",2,0,29
"3828","F1",2026-04-12,"Toulouse","Lille",0,4,"A",0,1,"A",3,3.13,2.3,"0-1","0-4",9,1,15,9,2,0,1,0,4,2,13,12,4,6,25,"4-2","Y","Y","Y",2,1,29
"3829","F1",2026-04-12,"Lyon","Lorient",2,0,"H",0,0,"D",1.65,3.7,4.8,"0-0","2-0",11,5,12,6,4,1,0,0,4,6,17,14,2,10,31,"4-6","Y","N","N",5,0,29
"3830","F2",2025-08-09,"Guingamp","Le Mans",3,3,"D",0,2,"A",1.67,3.6,4.75,"0-2","3-3",14,7,10,3,3,3,0,1,10,5,16,22,6,15,38,"10-5","Y","Y","Y",6,1,1
"3831","F2",2025-08-09,"Dunkerque","Clermont",2,2,"D",1,2,"A",2.15,3.2,3.2,"1-2","2-2",15,4,6,4,2,1,0,0,9,2,17,9,4,11,26,"9-2","Y","Y","Y",3,0,1
"3832","F2",2025-08-09,"Laval","St Etienne",3,3,"D",2,2,"D",3,3.3,2.25,"2-2","3-3",10,4,10,6,3,0,1,0,4,7,11,16,6,11,27,"4-7","Y","Y","Y",3,1,1
"3833","F2",2025-08-09,"Montpellier","Red Star",1,1,"D",1,1,"D",1.85,3.5,3.9,"1-1","1-1",6,2,7,3,0,2,0,0,1,2,16,10,2,3,26,"1-2","Y","N","N",2,0,1
"3834","F2",2025-08-09,"Pau FC","Annecy",2,0,"H",1,0,"H",2.38,3.2,2.88,"1-0","2-0",9,3,4,1,2,2,0,1,5,5,20,18,2,10,38,"5-5","Y","N","N",4,1,1
"3835","F2",2025-08-09,"Rodez","Nancy",0,0,"D",0,0,"D",2.05,3.3,3.4,"0-0","0-0",11,5,12,2,1,2,0,0,4,9,14,11,0,13,25,"4-9","N","N","N",3,0,1
"3836","F2",2025-08-09,"Troyes","Grenoble",2,1,"H",1,1,"D",1.75,3.5,4.4,"1-1","2-1",21,9,5,5,1,1,0,1,3,1,12,14,3,4,26,"3-1","Y","Y","N",2,1,1
"3837","F2",2025-08-11,"Amiens","Reims",2,2,"D",1,1,"D",4.5,3.5,1.73,"1-1","2-2",10,2,10,4,1,1,0,0,8,7,7,16,4,15,23,"8-7","Y","Y","Y",2,0,1
"3838","F2",2025-08-15,"Bastia","Pau FC",1,1,"D",1,0,"H",1.75,3.6,4.4,"1-0","1-1",13,5,9,3,2,3,1,1,6,11,13,6,2,17,19,"6-11","Y","N","N",5,2,1
"3839","F2",2025-08-15,"Clermont","Troyes",0,0,"D",0,0,"D",2.63,3.2,2.63,"0-0","0-0",4,1,11,2,2,3,0,0,3,3,12,12,0,6,24,"3-3","N","N","N",5,0,2
"3840","F2",2025-08-15,"Grenoble","Laval",1,1,"D",0,0,"D",2.5,3.2,2.8,"0-0","1-1",14,2,7,3,0,0,0,0,7,4,16,9,2,11,25,"7-4","Y","N","N",0,0,2
"3841","F2",2025-08-15,"Nancy","Boulogne",1,0,"H",1,0,"H",1.83,3.4,4.4,"1-0","1-0",8,3,10,3,4,2,0,0,4,2,23,16,1,6,39,"4-2","N","N","N",6,0,2
"3842","F2",2025-08-15,"Red Star","Amiens",1,3,"A",0,1,"A",1.87,3.4,4.1,"0-1","1-3",26,7,10,5,2,3,0,0,13,2,10,11,4,15,21,"13-2","Y","Y","Y",5,0,2
"3843","F2",2025-08-16,"Annecy","Dunkerque",2,2,"D",2,1,"H",3,3.13,2.3,"2-1","2-2",8,3,5,2,4,1,0,0,3,5,21,9,4,8,30,"3-5","Y","Y","Y",5,0,2
"3844","F2",2025-08-16,"Reims","Guingamp",1,0,"H",1,0,"H",2,3.25,3.6,"1-0","1-0",16,6,8,3,2,1,0,0,4,3,9,12,1,7,21,"4-3","N","N","N",3,0,2
"3845","F2",2025-08-16,"St Etienne","Rodez",4,0,"H",1,0,"H",1.73,3.6,4.33,"1-0","4-0",19,7,5,1,2,2,0,0,5,5,13,14,4,10,27,"5-5","Y","Y","Y",4,0,2
"3846","F2",2025-08-18,"Le Mans","Montpellier",1,2,"A",0,0,"D",2.5,3.25,2.63,"0-0","1-2",11,3,12,3,3,2,0,0,5,9,10,14,3,14,24,"5-9","Y","Y","N",5,0,2
"3847","F2",2025-08-22,"Amiens","Annecy",0,1,"A",0,1,"A",2.55,3.1,2.8,"0-1","0-1",10,3,9,2,3,4,0,0,5,3,13,14,1,8,27,"5-3","N","N","N",7,0,2
"3848","F2",2025-08-22,"Clermont","Grenoble",2,1,"H",0,0,"D",2.2,3.3,3.25,"0-0","2-1",14,6,13,2,1,0,0,0,5,3,7,9,3,8,16,"5-3","Y","Y","N",1,0,3
"3849","F2",2025-08-22,"Dunkerque","Nancy",1,3,"A",1,2,"A",2.15,3.2,3.4,"1-2","1-3",12,7,18,4,2,2,0,0,6,6,9,21,4,12,30,"6-6","Y","Y","Y",4,0,3
"3850","F2",2025-08-22,"Le Mans","Bastia",1,0,"H",0,0,"D",2.7,3.13,2.63,"0-0","1-0",13,3,13,3,4,2,0,0,9,5,17,11,1,14,28,"9-5","N","N","N",6,0,3
"3851","F2",2025-08-22,"Rodez","Laval",1,1,"D",1,0,"H",2.3,3.4,3,"1-0","1-1",21,6,8,4,2,1,0,0,5,9,13,14,2,14,27,"5-9","Y","N","N",3,0,3
"3852","F2",2025-08-23,"Guingamp","Red Star",0,4,"A",0,1,"A",1.8,3.5,4.1,"0-1","0-4",12,6,13,8,1,3,0,0,8,2,16,19,4,10,35,"8-2","Y","Y","Y",4,0,3
"3853","F2",2025-08-23,"Troyes","Montpellier",1,0,"H",1,0,"H",2.25,3.2,3,"1-0","1-0",14,4,7,0,3,1,0,1,6,4,14,11,1,10,25,"6-4","N","N","N",4,1,3
"3854","F2",2025-08-23,"Boulogne","St Etienne",0,1,"A",0,0,"D",NA,NA,NA,"0-0","0-1",4,0,11,3,5,3,0,0,3,5,14,12,1,8,26,"3-5","N","N","N",8,0,3
"3855","F2",2025-08-25,"Pau FC","Reims",2,0,"H",2,0,"H",3,3.25,2.25,"2-0","2-0",7,5,7,1,3,2,0,0,5,4,7,16,2,9,23,"5-4","Y","N","N",5,0,3
"3856","F2",2025-08-29,"Dunkerque","Troyes",2,0,"H",0,0,"D",3,3.25,2.3,"0-0","2-0",6,4,11,3,1,1,0,0,2,11,14,12,2,13,26,"2-11","Y","N","N",2,0,3
"3857","F2",2025-08-29,"Laval","Clermont",0,0,"D",0,0,"D",2.05,3.4,3.5,"0-0","0-0",10,6,11,0,2,0,0,0,13,5,15,6,0,18,21,"13-5","N","N","N",2,0,4
"3858","F2",2025-08-29,"Montpellier","Amiens",1,1,"D",0,1,"A",1.5,4.1,6.5,"0-1","1-1",20,4,6,2,3,3,0,0,3,1,18,16,2,4,34,"3-1","Y","N","N",6,0,4
"3859","F2",2025-08-29,"Nancy","Pau FC",2,2,"D",2,1,"H",2,3.5,3.5,"2-1","2-2",15,6,15,4,1,1,0,0,11,3,17,8,4,14,25,"11-3","Y","Y","Y",2,0,4
"3860","F2",2025-08-29,"Red Star","Annecy",1,0,"H",1,0,"H",1.83,3.4,4.33,"1-0","1-0",5,1,5,0,0,1,0,0,2,4,14,16,1,6,30,"2-4","N","N","N",1,0,4
"3861","F2",2025-08-29,"Rodez","Boulogne",1,0,"H",1,0,"H",1.83,3.6,4.1,"1-0","1-0",12,4,21,7,2,1,0,1,4,4,15,8,1,8,23,"4-4","N","N","N",3,1,4
"3862","F2",2025-08-30,"Bastia","Guingamp",1,3,"A",0,2,"A",2.1,3.25,3.3,"0-2","1-3",10,2,12,6,4,2,0,0,6,3,27,12,4,9,39,"6-3","Y","Y","Y",6,0,4
"3863","F2",2025-08-30,"Reims","Le Mans",1,0,"H",0,0,"D",1.8,3.4,4.2,"0-0","1-0",12,3,5,0,0,2,0,0,5,4,10,15,1,9,25,"5-4","N","N","N",2,0,4
"3864","F2",2025-08-30,"St Etienne","Grenoble",1,1,"D",1,0,"H",1.5,4.1,6,"1-0","1-1",20,6,7,2,2,4,0,1,9,1,12,20,2,10,32,"9-1","Y","N","N",6,1,4
"3865","F2",2025-09-12,"Amiens","Bastia",0,0,"D",0,0,"D",3.6,3.25,2.05,"0-0","0-0",4,1,7,1,0,1,0,0,5,3,14,14,0,8,28,"5-3","N","N","N",1,0,4
"3866","F2",2025-09-12,"Boulogne","Laval",1,2,"A",0,2,"A",3.3,3.2,2.2,"0-2","1-2",11,3,7,4,1,0,0,0,3,2,10,15,3,5,25,"3-2","Y","Y","N",1,0,5
"3867","F2",2025-09-12,"Le Mans","Rodez",0,1,"A",0,0,"D",2.05,3.4,3.4,"0-0","0-1",20,3,12,5,2,2,0,0,5,3,10,14,1,8,24,"5-3","N","N","N",4,0,5
"3868","F2",2025-09-12,"Pau FC","Red Star",0,3,"A",0,2,"A",2.8,3.2,2.5,"0-2","0-3",13,3,16,6,1,2,2,0,2,2,6,12,3,4,18,"2-2","Y","Y","N",3,2,5
"3869","F2",2025-09-12,"Troyes","Nancy",3,0,"H",1,0,"H",2.15,3.2,3.4,"1-0","3-0",22,11,7,3,1,0,0,0,7,3,11,16,3,10,27,"7-3","Y","Y","N",1,0,5
"3870","F2",2025-09-13,"Annecy","Reims",1,1,"D",1,0,"H",3.2,3.13,2.2,"1-0","1-1",6,2,15,7,3,5,0,0,5,7,19,17,2,12,36,"5-7","Y","N","N",8,0,5
"3871","F2",2025-09-13,"Grenoble","Dunkerque",1,0,"H",1,0,"H",2.75,3.2,2.45,"1-0","1-0",12,2,13,5,2,1,0,0,6,7,20,14,1,13,34,"6-7","N","N","N",3,0,5
"3872","F2",2025-09-13,"Clermont","St Etienne",1,2,"A",1,0,"H",3.7,3.4,1.93,"1-0","1-2",12,2,16,6,1,1,0,0,2,5,10,13,3,7,23,"2-5","Y","Y","N",2,0,5
"3873","F2",2025-09-15,"Guingamp","Montpellier",1,0,"H",1,0,"H",2.38,3.25,2.8,"1-0","1-0",11,4,14,1,1,3,0,0,5,6,8,17,1,11,25,"5-6","N","N","N",4,0,5
"3874","F2",2025-09-16,"Boulogne","Bastia",1,0,"H",0,0,"D",3.9,3.1,2.05,"0-0","1-0",6,2,11,6,3,4,0,0,2,4,14,13,1,6,27,"2-4","N","N","N",7,0,5
"3875","F2",2025-09-19,"Boulogne","Pau FC",0,3,"A",0,3,"A",2.7,3.25,2.55,"0-3","0-3",5,2,10,3,3,2,0,0,6,0,25,11,3,6,36,"6-0","Y","Y","N",5,0,6
"3876","F2",2025-09-19,"Dunkerque","Le Mans",2,2,"D",1,1,"D",2.1,3.25,3.5,"1-1","2-2",14,5,8,5,1,3,1,1,7,3,12,11,4,10,23,"7-3","Y","Y","Y",4,2,6
"3877","F2",2025-09-19,"Grenoble","Annecy",1,3,"A",0,0,"D",2.2,3.2,3.3,"0-0","1-3",5,3,12,7,0,1,0,0,4,10,8,18,4,14,26,"4-10","Y","Y","Y",1,0,6
"3878","F2",2025-09-19,"Laval","Amiens",0,3,"A",0,1,"A",1.75,3.6,4.6,"0-1","0-3",17,3,14,6,2,2,0,0,8,6,10,12,3,14,22,"8-6","Y","Y","N",4,0,6
"3879","F2",2025-09-19,"Nancy","Red Star",0,1,"A",0,0,"D",2.5,3.13,2.88,"0-0","0-1",4,0,15,6,2,3,1,0,3,4,15,11,1,7,26,"3-4","N","N","N",5,1,6
"3880","F2",2025-09-19,"Rodez","Clermont",0,1,"A",0,0,"D",2.1,3.4,3.3,"0-0","0-1",20,3,7,3,2,1,0,1,7,2,16,13,1,9,29,"7-2","N","N","N",3,1,6
"3881","F2",2025-09-20,"Montpellier","Bastia",2,0,"H",2,0,"H",2.25,3.13,3.13,"2-0","2-0",8,4,13,4,3,3,0,0,2,9,15,20,2,11,35,"2-9","Y","N","N",6,0,6
"3882","F2",2025-09-20,"Troyes","Guingamp",5,2,"H",3,1,"H",1.83,3.5,3.9,"3-1","5-2",18,11,8,4,0,0,0,0,1,3,13,10,7,4,23,"1-3","Y","Y","Y",0,0,6
"3883","F2",2025-09-20,"St Etienne","Reims",3,2,"H",2,1,"H",1.87,3.5,3.8,"2-1","3-2",16,10,17,7,0,4,0,0,1,6,6,26,5,7,32,"1-6","Y","Y","Y",4,0,6
"3884","F2",2025-09-23,"Amiens","St Etienne",0,1,"A",0,0,"D",5.25,3.9,1.6,"0-0","0-1",10,2,23,4,2,2,0,0,3,9,11,12,1,12,23,"3-9","N","N","N",4,0,7
"3885","F2",2025-09-23,"Annecy","Nancy",1,2,"A",1,1,"D",2.55,3.1,2.8,"1-1","1-2",11,2,12,6,4,3,0,0,4,3,15,14,3,7,29,"4-3","Y","Y","N",7,0,7
"3886","F2",2025-09-23,"Bastia","Rodez",2,3,"A",1,0,"H",1.87,3.6,3.9,"1-0","2-3",20,9,10,3,1,1,0,0,7,6,15,16,5,13,31,"7-6","Y","Y","Y",2,0,7
"3887","F2",2025-09-23,"Guingamp","Dunkerque",2,1,"H",2,1,"H",2.5,3.3,2.7,"2-1","2-1",10,3,13,4,2,3,0,0,4,4,13,15,3,8,28,"4-4","Y","Y","N",5,0,7
"3888","F2",2025-09-23,"Le Mans","Grenoble",1,0,"H",1,0,"H",2,3.4,3.7,"1-0","1-0",7,2,11,1,4,2,1,0,5,5,16,10,1,10,26,"5-5","N","N","N",6,1,7
"3889","F2",2025-09-23,"Montpellier","Boulogne",1,3,"A",0,1,"A",1.55,3.7,6.5,"0-1","1-3",6,2,24,10,0,3,1,0,4,5,14,16,4,9,30,"4-5","Y","Y","Y",3,1,7
"3890","F2",2025-09-23,"Pau FC","Laval",1,0,"H",0,0,"D",2.2,3.4,3.1,"0-0","1-0",17,4,5,2,3,1,0,0,4,4,10,18,1,8,28,"4-4","N","N","N",4,0,7
"3891","F2",2025-09-23,"Red Star","Troyes",1,3,"A",1,2,"A",2.45,3.3,2.8,"1-2","1-3",12,4,15,8,0,3,0,0,2,4,17,17,4,6,34,"2-4","Y","Y","Y",3,0,7
"3892","F2",2025-09-23,"Reims","Clermont",4,1,"H",2,0,"H",1.4,4.6,7,"2-0","4-1",18,5,7,3,3,0,0,1,3,1,18,8,5,4,26,"3-1","Y","Y","Y",3,1,7
"3893","F2",2025-09-26,"Clermont","Le Mans",1,1,"D",1,0,"H",2.8,3.25,2.45,"1-0","1-1",8,2,24,7,2,2,0,0,2,13,7,12,2,15,19,"2-13","Y","N","N",4,0,8
"3894","F2",2025-09-26,"Grenoble","Bastia",0,0,"D",0,0,"D",2.9,3.13,2.45,"0-0","0-0",10,3,5,1,3,2,0,1,5,2,15,9,0,7,24,"5-2","N","N","N",5,1,8
"3895","F2",2025-09-26,"Nancy","Reims",0,1,"A",0,0,"D",3.25,3.4,2.15,"0-0","0-1",19,2,8,2,4,1,0,0,8,1,10,13,1,9,23,"8-1","N","N","N",5,0,8
"3896","F2",2025-09-26,"Rodez","Pau FC",1,2,"A",1,1,"D",2.38,3.3,2.88,"1-1","1-2",10,2,22,6,1,3,0,0,3,10,11,8,3,13,19,"3-10","Y","Y","N",4,0,8
"3897","F2",2025-09-26,"Troyes","Annecy",3,1,"H",1,0,"H",1.5,3.9,7,"1-0","3-1",9,3,12,6,2,1,0,0,2,2,12,22,4,4,34,"2-2","Y","Y","Y",3,0,8
"3898","F2",2025-09-27,"Dunkerque","Amiens",6,2,"H",4,0,"H",1.67,3.7,4.5,"4-0","6-2",18,12,6,2,3,1,0,0,5,2,17,13,8,7,30,"5-2","Y","Y","Y",4,0,8
"3899","F2",2025-09-27,"Laval","Montpellier",0,1,"A",0,1,"A",2.75,3.1,2.5,"0-1","0-1",18,7,11,4,0,5,0,0,11,5,13,17,1,16,30,"11-5","N","N","N",5,0,8
"3900","F2",2025-09-27,"St Etienne","Guingamp",2,3,"A",1,1,"D",1.6,4,4.75,"1-1","2-3",13,2,12,7,3,2,1,0,5,4,12,12,5,9,24,"5-4","Y","Y","Y",5,1,8
"3901","F2",2025-09-29,"Boulogne","Red Star",1,2,"A",1,1,"D",NA,NA,NA,"1-1","1-2",16,6,8,5,1,0,0,0,7,3,10,10,3,10,20,"7-3","Y","Y","N",1,0,8
"3902","F2",2025-10-03,"Amiens","Boulogne",0,1,"A",0,0,"D",2.7,3.13,2.63,"0-0","0-1",4,1,19,6,2,1,1,0,5,4,14,14,1,9,28,"5-4","N","N","N",3,1,9
"3903","F2",2025-10-03,"Annecy","Laval",0,0,"D",0,0,"D",2.7,3,2.75,"0-0","0-0",8,2,3,1,3,2,0,1,5,0,31,19,0,5,50,"5-0","N","N","N",5,1,9
"3904","F2",2025-10-03,"Bastia","Dunkerque",0,0,"D",0,0,"D",2.3,3.2,3.1,"0-0","0-0",15,2,6,1,1,3,0,1,6,3,17,11,0,9,28,"6-3","N","N","N",4,1,9
"3905","F2",2025-10-03,"Guingamp","Nancy",2,2,"D",0,0,"D",2.45,3.4,2.75,"0-0","2-2",15,5,7,3,2,4,0,2,5,2,8,17,4,7,25,"5-2","Y","Y","Y",6,2,9
"3906","F2",2025-10-03,"Le Mans","Troyes",2,2,"D",0,0,"D",3.1,3.3,2.25,"0-0","2-2",13,6,8,3,1,3,0,0,1,6,17,12,4,7,29,"1-6","Y","Y","Y",4,0,9
"3907","F2",2025-10-03,"Pau FC","Clermont",3,1,"H",3,0,"H",1.65,3.9,4.8,"3-0","3-1",7,4,10,2,0,0,0,0,5,6,11,11,4,11,22,"5-6","Y","Y","Y",0,0,9
"3908","F2",2025-10-04,"Red Star","Rodez",1,1,"D",0,0,"D",1.9,3.5,3.7,"0-0","1-1",16,4,7,3,2,4,0,0,5,2,14,19,2,7,33,"5-2","Y","N","N",6,0,9
"3909","F2",2025-10-04,"Reims","Grenoble",2,4,"A",1,2,"A",1.5,4,6,"1-2","2-4",21,8,6,4,1,0,0,0,7,0,7,9,6,7,16,"7-0","Y","Y","Y",1,0,9
"3910","F2",2025-10-04,"Montpellier","St Etienne",0,2,"A",0,2,"A",2.9,3.4,2.25,"0-2","0-2",18,4,8,4,4,4,0,0,8,3,18,16,2,11,34,"8-3","Y","N","N",8,0,9
"3911","F2",2025-10-17,"Boulogne","Guingamp",2,2,"D",0,1,"A",2.6,3.13,2.75,"0-1","2-2",8,3,8,3,5,1,0,0,2,2,14,12,4,4,26,"2-2","Y","Y","Y",6,0,10
"3912","F2",2025-10-17,"Clermont","Annecy",0,1,"A",0,1,"A",2.7,3.1,2.63,"0-1","0-1",10,2,9,4,2,1,0,0,6,3,10,18,1,9,28,"6-3","N","N","N",3,0,10
"3913","F2",2025-10-17,"Grenoble","Pau FC",1,1,"D",0,0,"D",2.88,3.13,2.5,"0-0","1-1",12,5,24,6,1,2,0,0,3,5,13,10,2,8,23,"3-5","Y","N","N",3,0,10
"3914","F2",2025-10-17,"Rodez","Reims",2,2,"D",1,1,"D",3.2,3.5,2.15,"1-1","2-2",13,3,13,5,2,4,0,0,2,10,5,14,4,12,19,"2-10","Y","Y","Y",6,0,10
"3915","F2",2025-10-17,"Troyes","Bastia",1,0,"H",1,0,"H",1.8,3.4,4.5,"1-0","1-0",10,4,17,3,4,3,1,0,2,5,11,12,1,7,23,"2-5","N","N","N",7,1,10
"3916","F2",2025-10-18,"Dunkerque","Montpellier",0,1,"A",0,0,"D",2.1,3.3,3.25,"0-0","0-1",10,3,8,3,2,2,0,0,6,4,13,15,1,10,28,"6-4","N","N","N",4,0,10
"3917","F2",2025-10-18,"Laval","Red Star",0,1,"A",0,0,"D",2.5,3.1,2.75,"0-0","0-1",9,1,10,3,1,2,0,0,6,5,22,12,1,11,34,"6-5","N","N","N",3,0,10
"3918","F2",2025-10-18,"St Etienne","Le Mans",2,3,"A",1,1,"D",1.53,4.1,5.25,"1-1","2-3",12,4,14,7,2,3,0,0,4,3,14,24,5,7,38,"4-3","Y","Y","Y",5,0,10
"3919","F2",2025-10-20,"Nancy","Amiens",0,1,"A",0,1,"A",1.7,3.5,4.75,"0-1","0-1",23,3,5,3,1,3,0,0,7,4,14,16,1,11,30,"7-4","N","N","N",4,0,10
"3920","F2",2025-10-24,"Guingamp","Clermont",0,1,"A",0,0,"D",1.7,3.7,4.8,"0-0","0-1",21,3,4,1,2,3,0,0,6,1,10,11,1,7,21,"6-1","N","N","N",5,0,11
"3921","F2",2025-10-24,"Le Mans","Boulogne",1,0,"H",0,0,"D",1.95,3.25,4,"0-0","1-0",15,6,4,1,2,2,0,0,10,3,11,20,1,13,31,"10-3","N","N","N",4,0,11
"3922","F2",2025-10-24,"Pau FC","Dunkerque",0,3,"A",0,2,"A",2.15,3.4,3.25,"0-2","0-3",15,0,11,4,2,0,1,0,8,1,13,15,3,9,28,"8-1","Y","Y","N",2,1,11
"3923","F2",2025-10-24,"Red Star","Grenoble",1,0,"H",0,0,"D",1.73,3.6,4.75,"0-0","1-0",15,5,11,5,1,1,0,0,9,4,10,16,1,13,26,"9-4","N","N","N",2,0,11
"3924","F2",2025-10-24,"Reims","Troyes",0,0,"D",0,0,"D",2.1,3.3,3.4,"0-0","0-0",12,4,14,5,1,2,0,0,7,1,12,8,0,8,20,"7-1","N","N","N",3,0,11
"3925","F2",2025-10-25,"Amiens","Rodez",2,1,"H",0,1,"A",2.8,3.5,2.25,"0-1","2-1",7,4,14,7,1,2,0,0,1,4,11,12,3,5,23,"1-4","Y","Y","N",3,0,11
"3926","F2",2025-10-25,"Montpellier","Nancy",4,1,"H",1,1,"D",2,3.25,3.6,"1-1","4-1",19,9,7,3,1,2,0,1,9,1,14,15,5,10,29,"9-1","Y","Y","Y",3,1,11
"3927","F2",2025-10-25,"Annecy","St Etienne",4,0,"H",1,0,"H",3.4,3.3,2.05,"1-0","4-0",13,8,6,2,2,0,0,1,4,4,19,5,4,8,24,"4-4","Y","Y","Y",2,1,11
"3928","F2",2025-10-28,"Boulogne","Reims",2,6,"A",2,4,"A",3.8,3.3,2,"2-4","2-6",10,2,15,7,2,1,0,0,1,3,16,8,8,4,24,"1-3","Y","Y","Y",3,0,11
"3929","F2",2025-10-28,"Clermont","Montpellier",1,1,"D",1,1,"D",3.25,3.25,2.2,"1-1","1-1",13,6,16,4,0,3,0,0,4,10,11,15,2,14,26,"4-10","Y","N","N",3,0,12
"3930","F2",2025-10-28,"Dunkerque","Red Star",3,0,"H",1,0,"H",2.45,3.25,2.8,"1-0","3-0",9,4,7,2,1,4,0,0,3,3,12,11,3,6,23,"3-3","Y","Y","N",5,0,12
"3931","F2",2025-10-28,"Grenoble","Guingamp",0,0,"D",0,0,"D",2.88,3.3,2.4,"0-0","0-0",4,1,6,1,1,2,0,0,3,2,16,15,0,5,31,"3-2","N","N","N",3,0,12
"3932","F2",2025-10-28,"Laval","Le Mans",1,1,"D",0,1,"A",2.7,3,2.75,"0-1","1-1",9,7,6,3,3,3,0,0,6,6,16,18,2,12,34,"6-6","Y","N","N",6,0,12
"3933","F2",2025-10-28,"Nancy","Bastia",2,0,"H",1,0,"H",2.45,3,3.1,"1-0","2-0",9,5,6,2,1,2,0,0,2,4,19,19,2,6,38,"2-4","Y","N","N",3,0,12
"3934","F2",2025-10-28,"Rodez","Annecy",2,1,"H",0,0,"D",2.2,3.25,3.3,"0-0","2-1",5,4,8,3,2,3,0,0,4,4,12,16,3,8,28,"4-4","Y","Y","N",5,0,12
"3935","F2",2025-10-28,"St Etienne","Pau FC",6,0,"H",4,0,"H",1.67,4,4.5,"4-0","6-0",16,8,11,4,2,1,0,1,4,4,16,12,6,8,28,"4-4","Y","Y","Y",3,1,12
"3936","F2",2025-10-28,"Troyes","Amiens",3,1,"H",0,1,"A",1.4,4.5,7.5,"0-1","3-1",17,4,4,2,3,2,0,0,4,1,16,15,4,5,31,"4-1","Y","Y","Y",5,0,12
"3937","F2",2025-10-31,"Annecy","Boulogne",1,1,"D",1,0,"H",2.15,3,3.7,"1-0","1-1",8,2,11,5,2,3,0,1,6,1,17,15,2,7,32,"6-1","Y","N","N",5,1,12
"3938","F2",2025-10-31,"Bastia","Clermont",1,0,"H",0,0,"D",1.8,3.4,4.5,"0-0","1-0",13,4,9,1,4,3,0,0,2,6,17,11,1,8,28,"2-6","N","N","N",7,0,13
"3939","F2",2025-10-31,"Guingamp","Laval",2,0,"H",2,0,"H",1.85,3.4,4.2,"2-0","2-0",11,4,13,2,2,1,0,0,5,4,11,21,2,9,32,"5-4","Y","N","N",3,0,13
"3940","F2",2025-10-31,"Le Mans","Nancy",1,0,"H",0,0,"D",2.1,3.2,3.6,"0-0","1-0",9,2,7,1,5,2,0,0,7,3,12,11,1,10,23,"7-3","N","N","N",7,0,13
"3941","F2",2025-10-31,"Montpellier","Rodez",2,0,"H",0,0,"D",1.83,3.6,4,"0-0","2-0",26,5,9,3,2,2,0,1,8,2,14,13,2,10,27,"8-2","Y","N","N",4,1,13
"3942","F2",2025-11-01,"Amiens","Grenoble",2,3,"A",0,2,"A",2.7,3.13,2.5,"0-2","2-3",15,8,18,9,2,4,0,0,6,5,16,27,5,11,43,"6-5","Y","Y","Y",6,0,13
"3943","F2",2025-11-01,"Reims","Dunkerque",1,2,"A",1,1,"D",2.05,3.3,3.3,"1-1","1-2",10,4,5,4,4,2,0,0,3,0,20,11,3,3,31,"3-0","Y","Y","N",6,0,13
"3944","F2",2025-11-01,"Red Star","St Etienne",2,1,"H",2,0,"H",2.75,3.3,2.38,"2-0","2-1",11,3,15,6,1,1,0,0,0,5,15,16,3,5,31,"0-5","Y","Y","N",2,0,13
"3945","F2",2025-11-03,"Pau FC","Troyes",1,1,"D",1,0,"H",2.88,3.3,2.3,"1-0","1-1",18,6,9,4,2,1,0,1,9,1,14,5,2,10,19,"9-1","Y","N","N",3,1,13
"3946","F2",2025-11-07,"Bastia","Reims",1,3,"A",1,2,"A",3.3,2.9,2.38,"1-2","1-3",17,2,9,5,4,4,0,0,2,4,13,15,4,6,28,"2-4","Y","Y","Y",8,0,13
"3947","F2",2025-11-07,"Clermont","Amiens",2,1,"H",0,0,"D",1.87,3.4,4.1,"0-0","2-1",17,5,9,4,2,5,0,0,11,4,12,16,3,15,28,"11-4","Y","Y","N",7,0,14
"3948","F2",2025-11-07,"Dunkerque","Boulogne",1,1,"D",0,0,"D",1.6,3.8,5.5,"0-0","1-1",12,4,11,4,4,1,0,0,3,7,15,23,2,10,38,"3-7","Y","N","N",5,0,14
"3949","F2",2025-11-07,"Grenoble","Rodez",2,1,"H",2,0,"H",2.25,3.3,3.1,"2-0","2-1",14,6,14,4,5,2,0,0,5,8,11,10,3,13,21,"5-8","Y","Y","N",7,0,14
"3950","F2",2025-11-07,"Montpellier","Annecy",1,0,"H",0,0,"D",1.7,3.5,5,"0-0","1-0",14,5,8,4,3,2,0,0,11,3,13,22,1,14,35,"11-3","N","N","N",5,0,14
"3951","F2",2025-11-07,"Nancy","Laval",0,2,"A",0,2,"A",2.1,3.2,3.6,"0-2","0-2",14,3,9,3,1,3,0,0,10,3,20,15,2,13,35,"10-3","Y","N","N",4,0,14
"3952","F2",2025-11-08,"Guingamp","Pau FC",2,2,"D",2,1,"H",2.05,3.3,3.3,"2-1","2-2",9,4,9,5,2,5,0,0,6,2,7,18,4,8,25,"6-2","Y","Y","Y",7,0,14
"3953","F2",2025-11-08,"Le Mans","Red Star",0,0,"D",0,0,"D",2.25,3.13,3.13,"0-0","0-0",9,3,8,2,0,0,0,0,5,6,17,4,0,11,21,"5-6","N","N","N",0,0,14
"3954","F2",2025-11-08,"Troyes","St Etienne",2,3,"A",0,3,"A",2.2,3.4,3,"0-3","2-3",21,8,7,5,4,1,0,0,6,0,8,14,5,6,22,"6-0","Y","Y","Y",5,0,14
"3955","F2",2025-11-21,"Annecy","Bastia",1,0,"H",1,0,"H",2.3,2.9,3.4,"1-0","1-0",18,3,3,3,2,2,0,1,9,2,20,13,1,11,33,"9-2","N","N","N",4,1,14
"3956","F2",2025-11-21,"Boulogne","Grenoble",3,1,"H",0,1,"A",2.6,3.1,2.75,"0-1","3-1",20,8,13,7,4,3,1,0,6,6,13,14,4,12,27,"6-6","Y","Y","Y",7,1,15
"3957","F2",2025-11-21,"Laval","Troyes",0,1,"A",0,0,"D",3.5,3,2.2,"0-0","0-1",12,3,15,5,4,3,0,0,3,7,13,13,1,10,26,"3-7","N","N","N",7,0,15
"3958","F2",2025-11-21,"Pau FC","Le Mans",1,2,"A",1,2,"A",2.55,3.2,2.75,"1-2","1-2",12,2,4,2,3,3,0,0,7,2,8,17,3,9,25,"7-2","Y","Y","N",6,0,15
"3959","F2",2025-11-21,"Rodez","Dunkerque",1,1,"D",0,1,"A",2.6,3.3,2.63,"0-1","1-1",11,3,6,3,2,0,0,0,6,5,12,11,2,11,23,"6-5","Y","N","N",2,0,15
"3960","F2",2025-11-22,"Amiens","Guingamp",1,2,"A",1,2,"A",4,3.4,1.85,"1-2","1-2",14,4,17,3,4,2,0,0,8,9,13,14,3,17,27,"8-9","Y","Y","N",6,0,15
"3961","F2",2025-11-22,"Red Star","Clermont",2,2,"D",1,2,"A",1.67,3.6,4.8,"1-2","2-2",14,3,7,3,3,2,0,0,2,3,18,11,4,5,29,"2-3","Y","Y","Y",5,0,15
"3962","F2",2025-11-22,"St Etienne","Nancy",2,1,"H",1,0,"H",1.62,3.9,4.75,"1-0","2-1",9,2,11,3,2,3,0,0,4,2,11,20,3,6,31,"4-2","Y","Y","N",5,0,15
"3963","F2",2025-11-24,"Reims","Montpellier",2,0,"H",1,0,"H",2,3.3,3.5,"1-0","2-0",15,5,12,4,2,3,0,0,5,4,20,8,2,9,28,"5-4","Y","N","N",5,0,15
"3964","F2",2025-11-25,"Bastia","Laval",0,2,"A",0,1,"A",2.15,3.1,3.6,"0-1","0-2",9,2,12,7,3,3,0,0,6,2,17,23,2,8,40,"6-2","Y","N","N",6,0,15
"3965","F2",2025-12-05,"Clermont","Boulogne",1,1,"D",0,0,"D",2.25,3.13,3.25,"0-0","1-1",11,2,17,5,2,1,0,0,3,8,10,12,2,11,22,"3-8","Y","N","N",3,0,16
"3966","F2",2025-12-05,"Grenoble","Nancy",1,0,"H",0,0,"D",2.88,3.2,2.45,"0-0","1-0",15,5,9,0,3,1,0,1,7,1,19,7,1,8,26,"7-1","N","N","N",4,1,16
"3967","F2",2025-12-05,"Guingamp","Annecy",0,3,"A",0,1,"A",1.95,3.3,3.9,"0-1","0-3",10,2,15,6,0,2,0,0,10,5,4,15,3,15,19,"10-5","Y","Y","N",2,0,16
"3968","F2",2025-12-05,"Le Mans","Amiens",1,0,"H",1,0,"H",1.36,4.6,8.5,"1-0","1-0",14,3,3,1,1,0,0,0,6,3,23,4,1,9,27,"6-3","N","N","N",1,0,16
"3969","F2",2025-12-06,"Montpellier","Pau FC",0,1,"A",0,1,"A",1.87,3.5,3.75,"0-1","0-1",13,5,8,4,2,5,0,0,13,4,22,18,1,17,40,"13-4","N","N","N",7,0,16
"3970","F2",2025-12-06,"Troyes","Rodez",1,1,"D",0,0,"D",1.62,3.8,5,"0-0","1-1",19,6,8,1,2,1,0,0,7,4,13,18,2,11,31,"7-4","Y","N","N",3,0,16
"3971","F2",2025-12-06,"Dunkerque","St Etienne",1,0,"H",0,0,"D",2.3,3.5,2.75,"0-0","1-0",6,2,13,5,2,2,0,0,4,3,8,11,1,7,19,"4-3","N","N","N",4,0,16
"3972","F2",2025-12-08,"Reims","Laval",4,0,"H",3,0,"H",1.6,3.6,5.5,"3-0","4-0",11,5,3,0,1,2,0,0,5,2,14,9,4,7,23,"5-2","Y","Y","Y",3,0,16
"3973","F2",2025-12-12,"Annecy","Le Mans",1,2,"A",0,1,"A",2.8,2.9,2.7,"0-1","1-2",7,2,7,3,2,3,0,0,5,5,22,20,3,10,42,"5-5","Y","Y","N",5,0,16
"3974","F2",2025-12-12,"Laval","Dunkerque",1,2,"A",1,1,"D",3.25,3.13,2.25,"1-1","1-2",4,3,10,5,4,4,1,0,2,7,13,16,3,9,29,"2-7","Y","Y","N",8,1,17
"3975","F2",2025-12-12,"Nancy","Clermont",1,0,"H",1,0,"H",1.93,3.4,3.9,"1-0","1-0",20,6,16,3,1,2,0,0,7,4,10,16,1,11,26,"7-4","N","N","N",3,0,17
"3976","F2",2025-12-12,"Pau FC","Amiens",1,2,"A",0,1,"A",1.45,4.2,7,"0-1","1-2",16,4,9,6,5,2,0,0,8,2,24,16,3,10,40,"8-2","Y","Y","N",7,0,17
"3977","F2",2025-12-12,"Rodez","Guingamp",2,1,"H",1,0,"H",2.2,3.4,3.1,"1-0","2-1",16,5,13,3,4,4,0,1,6,10,23,8,3,16,31,"6-10","Y","Y","N",8,1,17
"3978","F2",2025-12-13,"Grenoble","Montpellier",1,1,"D",0,0,"D",3,3.25,2.25,"0-0","1-1",14,5,11,5,0,1,0,0,7,5,16,13,2,12,29,"7-5","Y","N","N",1,0,17
"3979","F2",2025-12-13,"Red Star","Reims",0,0,"D",0,0,"D",2.8,3.2,2.4,"0-0","0-0",5,2,13,4,1,2,0,0,4,4,7,16,0,8,23,"4-4","N","N","N",3,0,17
"3980","F2",2025-12-13,"St Etienne","Bastia",2,2,"D",1,2,"A",1.67,3.7,4.6,"1-2","2-2",16,10,6,2,2,5,0,0,5,3,14,13,4,8,27,"5-3","Y","Y","Y",7,0,17
"3981","F2",2025-12-15,"Boulogne","Troyes",1,2,"A",1,1,"D",3.7,3.2,2,"1-1","1-2",8,2,11,2,1,3,0,1,7,4,14,17,3,11,31,"7-4","Y","Y","N",4,1,17
"3982","F2",2026-01-03,"Troyes","Red Star",1,0,"H",1,0,"H",1.8,3.4,4.2,"1-0","1-0",18,6,14,1,1,2,0,0,6,4,14,11,1,10,25,"6-4","N","N","N",3,0,17
"3983","F2",2026-01-03,"Amiens","Nancy",1,2,"A",0,2,"A",3.6,3.4,1.95,"0-2","1-2",14,5,9,6,0,3,0,0,9,3,14,20,3,12,34,"9-3","Y","Y","N",3,0,18
"3984","F2",2026-01-03,"Bastia","Grenoble",1,0,"H",1,0,"H",2.1,3.13,3.5,"1-0","1-0",11,4,17,6,4,3,0,0,1,4,22,15,1,5,37,"1-4","N","N","N",7,0,18
"3985","F2",2026-01-03,"Clermont","Laval",4,1,"H",1,0,"H",2.6,3,2.75,"1-0","4-1",13,7,8,1,0,2,0,0,1,4,14,20,5,5,34,"1-4","Y","Y","Y",2,0,18
"3986","F2",2026-01-03,"Guingamp","Boulogne",3,0,"H",2,0,"H",1.85,3.4,4,"2-0","3-0",18,7,8,2,2,2,0,0,11,2,14,18,3,13,32,"11-2","Y","Y","N",4,0,18
"3987","F2",2026-01-03,"Le Mans","St Etienne",0,0,"D",0,0,"D",2.8,3.4,2.3,"0-0","0-0",10,4,13,3,2,1,0,0,5,10,16,7,0,15,23,"5-10","N","N","N",3,0,18
"3988","F2",2026-01-03,"Pau FC","Rodez",3,3,"D",2,2,"D",2.1,3.5,3.1,"2-2","3-3",24,12,5,3,2,2,0,1,9,4,10,10,6,13,20,"9-4","Y","Y","Y",4,1,18
"3989","F2",2026-01-03,"Reims","Annecy",2,1,"H",2,1,"H",1.75,3.4,4.5,"2-1","2-1",7,4,10,1,2,3,0,1,2,4,15,10,3,6,25,"2-4","Y","Y","N",5,1,18
"3990","F2",2026-01-05,"Montpellier","Dunkerque",1,3,"A",0,1,"A",2.3,3.2,3,"0-1","1-3",10,4,16,11,1,2,0,0,3,6,10,16,4,9,26,"3-6","Y","Y","Y",3,0,18
"3991","F2",2026-01-16,"Annecy","Amiens",2,0,"H",0,0,"D",1.8,3.4,4.5,"0-0","2-0",10,2,11,5,2,2,0,0,5,6,22,11,2,11,33,"5-6","Y","N","N",4,0,18
"3992","F2",2026-01-16,"Boulogne","Montpellier",1,0,"H",0,0,"D",3,3.2,2.38,"0-0","1-0",6,1,7,2,3,1,0,0,5,2,9,15,1,7,24,"5-2","N","N","N",4,0,19
"3993","F2",2026-01-16,"Dunkerque","Pau FC",3,1,"H",2,0,"H",1.8,3.7,4.1,"2-0","3-1",7,3,15,3,2,3,0,0,0,8,10,11,4,8,21,"0-8","Y","Y","Y",5,0,19
"3994","F2",2026-01-16,"Laval","Bastia",0,2,"A",0,0,"D",2.45,2.9,3.13,"0-0","0-2",4,2,11,5,6,3,0,0,6,3,17,18,2,9,35,"6-3","Y","N","N",9,0,19
"3995","F2",2026-01-16,"Rodez","Le Mans",1,1,"D",0,0,"D",2.6,3.3,2.63,"0-0","1-1",5,1,10,4,1,2,0,0,4,8,11,17,2,12,28,"4-8","Y","N","N",3,0,19
"3996","F2",2026-01-17,"Grenoble","Red Star",0,3,"A",0,1,"A",2.45,3.13,2.8,"0-1","0-3",6,3,6,5,3,0,1,0,2,3,20,16,3,5,36,"2-3","Y","Y","N",3,1,19
"3997","F2",2026-01-17,"Troyes","Reims",2,1,"H",2,0,"H",2.25,3.13,3.1,"2-0","2-1",12,3,15,4,2,3,1,0,3,9,12,19,3,12,31,"3-9","Y","Y","N",5,1,19
"3998","F2",2026-01-17,"St Etienne","Clermont",1,0,"H",0,0,"D",1.5,4.33,5.25,"0-0","1-0",17,6,12,5,1,0,0,0,6,4,12,14,1,10,26,"6-4","N","N","N",1,0,19
"3999","F2",2026-01-19,"Nancy","Guingamp",0,3,"A",0,0,"D",2.5,3.2,2.7,"0-0","0-3",6,0,6,4,1,1,0,1,2,0,13,12,3,2,25,"2-0","Y","Y","N",2,1,19
"4000","F2",2026-01-23,"Amiens","Laval",0,0,"D",0,0,"D",3,3,2.5,"0-0","0-0",8,3,11,2,1,3,0,0,4,5,17,19,0,9,36,"4-5","N","N","N",4,0,19
"4001","F2",2026-01-23,"Annecy","Clermont",2,1,"H",1,0,"H",2.05,3.25,3.7,"1-0","2-1",11,7,8,1,3,0,0,0,5,3,12,9,3,8,21,"5-3","Y","Y","N",3,0,20
"4002","F2",2026-01-23,"Bastia","Montpellier",0,2,"A",0,1,"A",2.88,3.1,2.5,"0-1","0-2",15,4,9,5,3,4,1,0,6,1,14,18,2,7,32,"6-1","Y","N","N",7,1,20
"4003","F2",2026-01-23,"Nancy","Rodez",1,3,"A",0,1,"A",2,3.4,3.6,"0-1","1-3",21,7,8,4,3,0,0,0,7,2,16,19,4,9,35,"7-2","Y","Y","Y",3,0,20
"4004","F2",2026-01-23,"Pau FC","Grenoble",2,2,"D",1,0,"H",1.8,3.6,4.33,"1-0","2-2",19,5,11,5,1,2,0,0,9,5,13,11,4,14,24,"9-5","Y","Y","Y",3,0,20
"4005","F2",2026-01-24,"Guingamp","Troyes",1,0,"H",0,0,"D",2.6,3.2,2.6,"0-0","1-0",13,1,9,0,3,5,1,0,3,4,13,19,1,7,32,"3-4","N","N","N",8,1,20
"4006","F2",2026-01-24,"Red Star","Boulogne",2,2,"D",1,0,"H",1.8,3.3,4.33,"1-0","2-2",9,5,12,5,4,2,1,0,8,3,9,21,4,11,30,"8-3","Y","Y","Y",6,1,20
"4007","F2",2026-01-24,"Reims","St Etienne",1,0,"H",0,0,"D",1.95,3.6,3.4,"0-0","1-0",12,3,15,5,3,3,1,0,5,2,9,16,1,7,25,"5-2","N","N","N",6,1,20
"4008","F2",2026-01-26,"Le Mans","Dunkerque",1,0,"H",0,0,"D",NA,NA,NA,"0-0","1-0",10,4,14,3,4,2,0,0,1,2,19,10,1,3,29,"1-2","N","N","N",6,0,20
"4009","F2",2026-01-30,"Bastia","Nancy",0,0,"D",0,0,"D",2.1,3.1,3.7,"0-0","0-0",12,2,8,1,3,2,0,0,8,1,17,23,0,9,40,"8-1","N","N","N",5,0,20
"4010","F2",2026-01-30,"Clermont","Reims",0,1,"A",0,0,"D",3.9,3.6,1.87,"0-0","0-1",8,1,10,6,1,3,1,1,2,5,13,13,1,7,26,"2-5","N","N","N",4,2,21
"4011","F2",2026-01-30,"Grenoble","Amiens",2,1,"H",1,0,"H",2,3.25,3.8,"1-0","2-1",19,7,14,3,3,2,0,0,6,7,16,12,3,13,28,"6-7","Y","Y","N",5,0,21
"4012","F2",2026-01-30,"Laval","Pau FC",0,1,"A",0,1,"A",3.4,3.2,2.15,"0-1","0-1",9,1,6,2,2,1,0,0,8,2,14,22,1,10,36,"8-2","N","N","N",3,0,21
"4013","F2",2026-01-30,"Montpellier","Guingamp",3,1,"H",2,1,"H",2.63,3,2.8,"2-1","3-1",12,7,9,2,3,6,0,0,3,6,23,17,4,9,40,"3-6","Y","Y","Y",9,0,21
"4014","F2",2026-01-30,"Rodez","Red Star",1,1,"D",1,1,"D",2.75,3.4,2.45,"1-1","1-1",8,4,10,4,2,0,0,0,5,2,19,8,2,7,27,"5-2","Y","N","N",2,0,21
"4015","F2",2026-01-31,"Dunkerque","Annecy",0,1,"A",0,1,"A",1.95,3.25,3.75,"0-1","0-1",8,2,8,3,1,2,0,0,5,5,15,17,1,10,32,"5-5","N","N","N",3,0,21
"4016","F2",2026-01-31,"Troyes","Le Mans",0,2,"A",0,2,"A",2,3.2,3.7,"0-2","0-2",12,2,5,3,3,6,0,1,3,3,8,19,2,6,27,"3-3","Y","N","N",9,1,21
"4017","F2",2026-01-31,"St Etienne","Boulogne",0,1,"A",0,1,"A",1.5,4.1,5.75,"0-1","0-1",4,0,18,6,3,2,1,0,2,7,13,11,1,9,24,"2-7","N","N","N",5,1,21
"4018","F2",2026-02-06,"Annecy","Grenoble",1,1,"D",1,0,"H",1.9,3.1,4.5,"1-0","1-1",14,2,6,3,4,2,0,1,7,0,11,11,2,7,22,"7-0","Y","N","N",6,1,21
"4019","F2",2026-02-06,"Boulogne","Rodez",1,2,"A",0,1,"A",2.25,3.3,3.1,"0-1","1-2",10,4,8,2,4,2,0,0,4,2,16,23,3,6,39,"4-2","Y","Y","N",6,0,22
"4020","F2",2026-02-06,"Dunkerque","Guingamp",0,0,"D",0,0,"D",2.15,3.13,3.5,"0-0","0-0",14,2,17,5,1,2,1,0,5,4,12,10,0,9,22,"5-4","N","N","N",3,1,22
"4021","F2",2026-02-06,"Red Star","Pau FC",0,3,"A",0,0,"D",2.25,3.3,3.1,"0-0","0-3",18,2,9,4,3,2,0,0,8,1,14,9,3,9,23,"8-1","Y","Y","N",5,0,22
"4022","F2",2026-02-06,"Reims","Bastia",0,0,"D",0,0,"D",1.7,3.5,5,"0-0","0-0",13,1,5,1,1,3,0,0,7,2,9,12,0,9,21,"7-2","N","N","N",4,0,22
"4023","F2",2026-02-07,"Le Mans","Laval",1,1,"D",0,0,"D",1.73,3.2,5.25,"0-0","1-1",9,5,8,3,3,3,0,0,10,4,20,10,2,14,30,"10-4","Y","N","N",6,0,22
"4024","F2",2026-02-07,"Nancy","Troyes",2,1,"H",1,1,"D",3.4,3.2,2.1,"1-1","2-1",10,4,12,7,3,2,0,0,4,7,15,18,3,11,33,"4-7","Y","Y","N",5,0,22
"4025","F2",2026-02-07,"St Etienne","Montpellier",1,0,"H",0,0,"D",1.87,3.6,3.7,"0-0","1-0",10,2,5,1,1,2,0,0,3,6,15,19,1,9,34,"3-6","N","N","N",3,0,22
"4026","F2",2026-02-09,"Amiens","Clermont",4,3,"H",3,2,"H",2.7,3.2,2.5,"3-2","4-3",9,6,20,6,2,1,0,0,7,4,13,17,7,11,30,"7-4","Y","Y","Y",3,0,22
"4027","F2",2026-02-13,"Amiens","Dunkerque",1,4,"A",0,1,"A",4,3.4,1.83,"0-1","1-4",14,3,13,8,1,1,0,0,5,4,16,15,5,9,31,"5-4","Y","Y","Y",2,0,22
"4028","F2",2026-02-13,"Clermont","Rodez",1,2,"A",1,1,"D",2.4,3.3,2.75,"1-1","1-2",15,7,7,2,2,3,0,0,3,5,8,15,3,8,23,"3-5","Y","Y","N",5,0,23
"4029","F2",2026-02-13,"Laval","Annecy",2,2,"D",1,0,"H",3.25,2.9,2.3,"1-0","2-2",9,3,12,4,3,1,0,0,4,6,7,15,4,10,22,"4-6","Y","Y","Y",4,0,23
"4030","F2",2026-02-13,"Pau FC","Boulogne",1,2,"A",0,0,"D",1.91,3.4,3.75,"0-0","1-2",10,4,9,4,1,4,1,0,5,3,10,16,3,8,26,"5-3","Y","Y","N",5,1,23
"4031","F2",2026-02-13,"Red Star","Nancy",2,1,"H",1,0,"H",1.93,3.25,3.9,"1-0","2-1",16,3,4,1,3,1,0,0,8,2,19,16,3,10,35,"8-2","Y","Y","N",4,0,23
"4032","F2",2026-02-14,"Grenoble","Reims",0,0,"D",0,0,"D",4,3.4,1.85,"0-0","0-0",10,2,25,8,1,2,0,0,3,12,15,12,0,15,27,"3-12","N","N","N",3,0,23
"4033","F2",2026-02-14,"Montpellier","Le Mans",4,2,"H",1,1,"D",2.2,3.2,3.2,"1-1","4-2",7,4,13,8,0,2,0,0,4,6,8,15,6,10,23,"4-6","Y","Y","Y",2,0,23
"4034","F2",2026-02-14,"Guingamp","St Etienne",1,2,"A",0,2,"A",2.5,3.4,2.55,"0-2","1-2",12,4,12,6,2,1,0,0,6,3,13,12,3,9,25,"6-3","Y","Y","N",3,0,23
"4035","F2",2026-02-16,"Bastia","Troyes",0,0,"D",0,0,"D",3.1,3.1,2.25,"0-0","0-0",16,5,3,0,2,3,0,0,5,2,11,21,0,7,32,"5-2","N","N","N",5,0,23
"4036","F2",2026-02-20,"Annecy","Red Star",2,1,"H",0,0,"D",2.4,3,3.13,"0-0","2-1",16,8,11,4,3,2,0,0,2,4,15,9,3,6,24,"2-4","Y","Y","N",5,0,23
"4037","F2",2026-02-20,"Boulogne","Clermont",0,2,"A",0,0,"D",2.4,3.13,3,"0-0","0-2",6,1,9,5,3,3,0,0,7,4,10,9,2,11,19,"7-4","Y","N","N",6,0,24
"4038","F2",2026-02-20,"Dunkerque","Bastia",1,1,"D",1,1,"D",2,3.25,3.8,"1-1","1-1",8,2,13,5,3,1,0,0,3,5,11,13,2,8,24,"3-5","Y","N","N",4,0,24
"4039","F2",2026-02-20,"Nancy","Grenoble",0,0,"D",0,0,"D",2,3.3,3.75,"0-0","0-0",16,2,9,2,1,1,0,1,12,3,9,14,0,15,23,"12-3","N","N","N",2,1,24
"4040","F2",2026-02-20,"Rodez","Montpellier",1,0,"H",0,0,"D",2.8,3.3,2.45,"0-0","1-0",14,8,12,3,1,3,0,0,6,6,13,19,1,12,32,"6-6","N","N","N",4,0,24
"4041","F2",2026-02-21,"Reims","Amiens",0,0,"D",0,0,"D",1.4,4.4,7,"0-0","0-0",18,4,13,2,1,3,0,0,8,3,12,9,0,11,21,"8-3","N","N","N",4,0,24
"4042","F2",2026-02-21,"Troyes","Pau FC",4,3,"H",2,2,"D",1.87,3.5,3.75,"2-2","4-3",22,8,11,5,5,3,0,0,5,2,11,13,7,7,24,"5-2","Y","Y","Y",8,0,24
"4043","F2",2026-02-21,"St Etienne","Laval",2,1,"H",2,1,"H",1.53,3.9,5.75,"2-1","2-1",19,4,6,2,3,1,0,0,10,2,12,10,3,12,22,"10-2","Y","Y","N",4,0,24
"4044","F2",2026-02-23,"Le Mans","Guingamp",1,1,"D",1,0,"H",2.38,3.2,2.88,"1-0","1-1",9,4,14,6,3,1,0,0,3,4,19,13,2,7,32,"3-4","Y","N","N",4,0,24
"4045","F2",2026-02-27,"Bastia","Annecy",0,2,"A",0,2,"A",2.5,2.9,3.1,"0-2","0-2",8,1,8,4,1,3,1,0,3,5,8,19,2,8,27,"3-5","Y","N","N",4,1,24
"4046","F2",2026-02-27,"Clermont","Dunkerque",2,1,"H",0,1,"A",2.75,3.25,2.5,"0-1","2-1",10,5,9,2,1,4,0,0,7,7,7,17,3,14,24,"7-7","Y","Y","N",5,0,25
"4047","F2",2026-02-27,"Grenoble","Boulogne",0,0,"D",0,0,"D",2.7,3,2.75,"0-0","0-0",7,0,6,0,2,1,0,0,4,4,13,13,0,8,26,"4-4","N","N","N",3,0,25
"4048","F2",2026-02-27,"Laval","Nancy",1,1,"D",1,0,"H",2.7,3,2.75,"1-0","1-1",8,5,16,5,2,1,0,0,2,10,19,21,2,12,40,"2-10","Y","N","N",3,0,25
"4049","F2",2026-02-27,"Montpellier","Reims",0,0,"D",0,0,"D",3.1,3.25,2.3,"0-0","0-0",10,2,15,4,1,0,0,0,3,4,20,15,0,7,35,"3-4","N","N","N",1,0,25
"4050","F2",2026-02-28,"Guingamp","Rodez",0,0,"D",0,0,"D",1.73,3.7,4.2,"0-0","0-0",9,1,10,2,0,3,0,0,5,6,10,17,0,11,27,"5-6","N","N","N",3,0,25
"4051","F2",2026-02-28,"Red Star","Le Mans",0,0,"D",0,0,"D",2.38,3,3,"0-0","0-0",7,0,6,2,2,3,0,0,6,4,9,17,0,10,26,"6-4","N","N","N",5,0,25
"4052","F2",2026-02-28,"Pau FC","St Etienne",0,3,"A",0,1,"A",2.75,3.6,2.25,"0-1","0-3",9,4,10,6,2,1,0,0,5,4,14,19,3,9,33,"5-4","Y","Y","N",3,0,25
"4053","F2",2026-03-02,"Amiens","Troyes",0,2,"A",0,0,"D",4.1,3.5,1.8,"0-0","0-2",14,4,13,6,1,1,0,0,8,4,11,18,2,12,29,"8-4","Y","N","N",2,0,25
"4054","F2",2026-03-06,"Boulogne","Amiens",4,2,"H",1,1,"D",2.1,3.2,3.6,"1-1","4-2",13,6,13,6,3,2,0,1,6,5,18,9,6,11,27,"6-5","Y","Y","Y",5,1,25
"4055","F2",2026-03-06,"Laval","Guingamp",2,2,"D",1,0,"H",3.4,3.1,2.2,"1-0","2-2",19,11,18,8,1,2,0,0,6,7,15,11,4,13,26,"6-7","Y","Y","Y",3,0,26
"4056","F2",2026-03-06,"Nancy","Montpellier",0,3,"A",0,1,"A",2.8,3.2,2.5,"0-1","0-3",11,2,8,4,2,3,1,1,4,6,12,19,3,10,31,"4-6","Y","Y","N",5,2,26
"4057","F2",2026-03-06,"Pau FC","Bastia",2,2,"D",2,1,"H",2.25,3.25,3.1,"2-1","2-2",7,2,16,5,1,3,0,0,4,5,20,19,4,9,39,"4-5","Y","Y","Y",4,0,26
"4058","F2",2026-03-06,"Rodez","Grenoble",1,0,"H",0,0,"D",1.93,3.5,3.8,"0-0","1-0",12,4,5,2,3,2,0,0,7,1,11,17,1,8,28,"7-1","N","N","N",5,0,26
"4059","F2",2026-03-07,"Le Mans","Annecy",3,0,"H",2,0,"H",2.3,3,3.13,"2-0","3-0",16,6,10,3,4,0,0,0,6,5,11,9,3,11,20,"6-5","Y","Y","N",4,0,26
"4060","F2",2026-03-07,"Troyes","Clermont",2,1,"H",0,0,"D",1.65,3.7,4.8,"0-0","2-1",13,5,5,2,1,2,0,0,6,1,19,15,3,7,34,"6-1","Y","Y","N",3,0,26
"4061","F2",2026-03-07,"St Etienne","Red Star",2,0,"H",0,0,"D",1.73,3.6,4.4,"0-0","2-0",12,4,8,2,1,1,0,0,8,7,12,9,2,15,21,"8-7","Y","N","N",2,0,26
"4062","F2",2026-03-09,"Dunkerque","Reims",1,1,"D",1,0,"H",3.13,3.3,2.15,"1-0","1-1",7,4,13,3,2,2,0,0,4,4,12,13,2,8,25,"4-4","Y","N","N",4,0,26
"4063","F2",2026-03-13,"Bastia","Boulogne",0,1,"A",0,1,"A",2,3.1,4.1,"0-1","0-1",13,4,4,1,3,1,0,0,8,2,23,18,1,10,41,"8-2","N","N","N",4,0,26
"4064","F2",2026-03-13,"Clermont","Pau FC",0,1,"A",0,1,"A",2.38,3.4,2.8,"0-1","0-1",10,3,8,3,2,2,0,0,5,0,20,15,1,5,35,"5-0","N","N","N",4,0,27
"4065","F2",2026-03-13,"Guingamp","Amiens",1,0,"H",1,0,"H",1.53,4.2,5.5,"1-0","1-0",13,5,8,3,1,3,0,0,6,4,8,16,1,10,24,"6-4","N","N","N",4,0,27
"4066","F2",2026-03-13,"Montpellier","Laval",2,0,"H",0,0,"D",1.8,3.4,4.5,"0-0","2-0",17,7,7,1,0,2,0,0,5,3,23,17,2,8,40,"5-3","Y","N","N",2,0,27
"4067","F2",2026-03-13,"Nancy","Le Mans",2,4,"A",1,1,"D",3,3.2,2.38,"1-1","2-4",8,4,11,5,1,1,0,0,4,7,10,19,6,11,29,"4-7","Y","Y","Y",2,0,27
"4068","F2",2026-03-14,"Red Star","Dunkerque",1,0,"H",1,0,"H",2.3,3.2,3,"1-0","1-0",11,3,7,1,1,1,0,0,3,0,16,15,1,3,31,"3-0","N","N","N",2,0,27
"4069","F2",2026-03-14,"Reims","Rodez",1,2,"A",1,0,"H",1.57,3.9,5.25,"1-0","1-2",18,8,13,5,2,2,1,0,6,5,14,13,3,11,27,"6-5","Y","Y","N",4,1,27
"4070","F2",2026-03-14,"Grenoble","St Etienne",0,0,"D",0,0,"D",4.4,3.7,1.7,"0-0","0-0",15,4,6,2,1,2,0,0,5,4,10,11,0,9,21,"5-4","N","N","N",3,0,27
"4071","F2",2026-03-16,"Annecy","Troyes",1,2,"A",1,0,"H",2.75,3.13,2.5,"1-0","1-2",7,2,9,3,5,1,1,0,2,1,20,11,3,3,31,"2-1","Y","Y","N",6,1,27
"4072","F2",2026-03-20,"Amiens","Le Mans",3,4,"A",2,3,"A",3.5,3.4,2.05,"2-3","3-4",9,5,18,8,5,4,1,0,1,7,15,22,7,8,37,"1-7","Y","Y","Y",9,1,27
"4073","F2",2026-03-20,"Boulogne","Nancy",0,0,"D",0,0,"D",2.38,3.1,3.13,"0-0","0-0",4,1,12,3,2,3,0,0,2,6,16,15,0,8,31,"2-6","N","N","N",5,0,28
"4074","F2",2026-03-20,"Clermont","Red Star",0,1,"A",0,0,"D",2.75,3.2,2.55,"0-0","0-1",9,3,9,4,1,3,0,0,1,9,12,17,1,10,29,"1-9","N","N","N",4,0,28
"4075","F2",2026-03-20,"Laval","Grenoble",3,2,"H",0,1,"A",2.38,3.1,3.13,"0-1","3-2",12,5,11,6,3,2,0,0,7,5,13,11,5,12,24,"7-5","Y","Y","Y",5,0,28
"4076","F2",2026-03-20,"Pau FC","Montpellier",0,0,"D",0,0,"D",2.63,3.4,2.5,"0-0","0-0",18,2,4,1,2,1,0,1,4,3,10,14,0,7,24,"4-3","N","N","N",3,1,28
"4077","F2",2026-03-20,"Rodez","Bastia",1,1,"D",1,1,"D",2.5,3.2,2.8,"1-1","1-1",12,3,13,6,1,2,0,0,9,2,9,10,2,11,19,"9-2","Y","N","N",3,0,28
"4078","F2",2026-03-21,"Guingamp","Reims",0,2,"A",0,1,"A",2.7,3.25,2.45,"0-1","0-2",16,5,11,4,5,2,0,0,6,6,13,11,2,12,24,"6-6","Y","N","N",7,0,28
"4079","F2",2026-03-21,"Troyes","Dunkerque",5,1,"H",2,1,"H",1.87,3.5,3.75,"2-1","5-1",18,8,8,3,0,2,0,1,6,3,14,15,6,9,29,"6-3","Y","Y","Y",2,1,28
"4080","F2",2026-03-21,"St Etienne","Annecy",4,0,"H",3,0,"H",1.73,3.6,4.33,"3-0","4-0",16,6,3,2,1,1,0,0,6,2,19,13,4,8,32,"6-2","Y","Y","Y",2,0,28
"4081","F2",2026-04-03,"Annecy","Guingamp",1,0,"H",0,0,"D",2.9,3.25,2.4,"0-0","1-0",12,6,13,2,3,2,1,0,4,7,6,18,1,11,24,"4-7","N","N","N",5,1,28
"4082","F2",2026-04-03,"Bastia","Amiens",1,1,"D",1,1,"D",1.93,3.3,4,"1-1","1-1",18,9,9,3,2,1,0,0,2,7,13,12,2,9,25,"2-7","Y","N","N",3,0,29
"4083","F2",2026-04-03,"Dunkerque","Rodez",1,1,"D",0,1,"A",2.05,3.6,3.3,"0-1","1-1",13,3,6,2,2,3,0,0,9,0,8,16,2,9,24,"9-0","Y","N","N",5,0,29
"4084","F2",2026-04-03,"Grenoble","Clermont",2,2,"D",2,1,"H",2.55,3.3,2.7,"2-1","2-2",9,2,14,6,2,2,0,0,3,4,12,14,4,7,26,"3-4","Y","Y","Y",4,0,29
"4085","F2",2026-04-03,"Red Star","Laval",0,0,"D",0,0,"D",1.67,3.6,5.25,"0-0","0-0",20,5,3,2,2,3,0,0,7,3,11,12,0,10,23,"7-3","N","N","N",5,0,29
"4086","F2",2026-04-04,"Montpellier","Troyes",2,2,"D",2,1,"H",2.7,3.4,2.4,"2-1","2-2",14,5,15,4,2,2,0,0,5,9,17,16,4,14,33,"5-9","Y","Y","Y",4,0,29
"4087","F2",2026-04-04,"Reims","Boulogne",0,0,"D",0,0,"D",1.5,4,6,"0-0","0-0",18,5,10,1,1,1,0,0,7,3,13,8,0,10,21,"7-3","N","N","N",2,0,29
"4088","F2",2026-04-04,"Nancy","St Etienne",1,1,"D",1,0,"H",3.6,3.4,1.95,"1-0","1-1",6,2,14,5,1,2,0,0,2,4,9,21,2,6,30,"2-4","Y","N","N",3,0,29
"4089","F2",2026-04-06,"Le Mans","Pau FC",4,0,"H",2,0,"H",1.9,3.5,3.7,"2-0","4-0",16,9,5,2,1,3,0,0,6,3,20,4,4,9,24,"6-3","Y","Y","Y",4,0,29
"4090","F2",2026-04-10,"Amiens","Pau FC",0,1,"A",0,1,"A",2.5,3.5,2.6,"0-1","0-1",4,1,10,4,1,2,1,0,7,4,15,15,1,11,30,"7-4","N","N","N",3,1,29
"4091","F2",2026-04-10,"Annecy","Montpellier",0,0,"D",0,0,"D",2.6,3.1,2.8,"0-0","0-0",9,3,4,0,1,1,0,0,3,5,17,16,0,8,33,"3-5","N","N","N",2,0,30
"4092","F2",2026-04-10,"Clermont","Nancy",2,2,"D",0,1,"A",2.25,3.1,3.3,"0-1","2-2",16,6,5,2,5,2,0,0,6,1,20,9,4,7,29,"6-1","Y","Y","Y",7,0,30
"4093","F2",2026-04-10,"Guingamp","Grenoble",1,1,"D",0,1,"A",1.67,3.8,4.8,"0-1","1-1",22,4,6,2,2,3,0,0,5,1,12,21,2,6,33,"5-1","Y","N","N",5,0,30
"4094","F2",2026-04-10,"Laval","Reims",2,2,"D",1,0,"H",4.33,3.5,1.8,"1-0","2-2",12,4,12,6,1,2,0,0,8,4,12,8,4,12,20,"8-4","Y","Y","Y",3,0,30
"4095","F2",2026-04-11,"Boulogne","Le Mans",0,0,"D",0,0,"D",3.3,3.13,2.15,"0-0","0-0",2,2,13,3,0,0,0,0,2,7,10,13,0,9,23,"2-7","N","N","N",0,0,30
"4096","F2",2026-04-11,"Red Star","Bastia",4,3,"H",1,3,"A",2.2,3,3.4,"1-3","4-3",18,8,12,7,2,1,0,0,4,2,5,13,7,6,18,"4-2","Y","Y","Y",3,0,30
"4097","F2",2026-04-11,"St Etienne","Dunkerque",2,1,"H",1,1,"D",1.62,3.9,4.75,"1-1","2-1",20,7,6,2,1,2,0,0,6,2,16,16,3,8,32,"6-2","Y","Y","N",3,0,30
"4098","F2",2026-04-13,"Rodez","Troyes",2,1,"H",0,1,"A",3.3,3.6,2,"0-1","2-1",20,7,14,7,2,4,0,1,3,3,9,13,3,6,22,"3-3","Y","Y","N",6,1,30
"5804","G1",2025-08-23,"Aris","Volos NFC",2,0,"H",0,0,"D",NA,NA,NA,"0-0","2-0",12,4,10,5,2,4,0,0,5,4,16,13,2,9,29,"5-4","Y","N","N",6,0,1
"5805","G1",2025-08-23,"Olympiakos","Asteras Tripolis",2,0,"H",0,0,"D",1.2,5.5,13,"0-0","2-0",22,3,3,1,0,3,0,0,12,3,10,10,2,15,20,"12-3","Y","N","N",3,0,1
"5806","G1",2025-08-23,"Panetolikos","Atromitos",0,2,"A",0,1,"A",2.88,2.9,2.45,"0-1","0-2",11,0,14,3,1,2,0,0,1,4,12,15,2,5,27,"1-4","Y","N","N",3,0,1
"5807","G1",2025-08-24,"AEK","Panserraikos",2,0,"H",2,0,"H",1.2,5.75,11.5,"2-0","2-0",25,8,6,1,1,1,0,0,9,1,10,14,2,10,24,"9-1","Y","N","N",2,0,1
"5808","G1",2025-08-24,"PAOK","Larisa",1,0,"H",0,0,"D",1.22,5.25,11.5,"0-0","1-0",19,7,7,2,1,2,0,0,9,2,8,12,1,11,20,"9-2","N","N","N",3,0,1
"5809","G1",2025-08-25,"Levadeiakos","Kifisia",3,2,"H",2,2,"D",NA,NA,NA,"2-2","3-2",13,5,9,5,2,3,1,0,7,3,14,23,5,10,37,"7-3","Y","Y","Y",5,1,1
"5810","G1",2025-08-30,"Volos NFC","Olympiakos",0,2,"A",0,0,"D",13,5,1.22,"0-0","0-2",9,4,14,7,2,0,0,0,4,8,14,14,2,12,28,"4-8","Y","N","N",2,0,1
"5811","G1",2025-08-30,"Panserraikos","OFI Crete",0,1,"A",0,0,"D",2.9,3.25,2.25,"0-0","0-1",13,1,14,6,2,2,0,0,3,6,12,13,1,9,25,"3-6","N","N","N",4,0,2
"5812","G1",2025-08-30,"Aris","Panetolikos",0,2,"A",0,0,"D",NA,NA,NA,"0-0","0-2",18,8,12,4,0,6,0,0,7,2,11,16,2,9,27,"7-2","Y","N","N",6,0,2
"5813","G1",2025-08-30,"Larisa","Kifisia",1,1,"D",0,0,"D",2.15,3.1,3.25,"0-0","1-1",15,4,15,5,4,5,0,0,2,5,13,14,2,7,27,"2-5","Y","N","N",9,0,2
"5814","G1",2025-08-31,"AEK","Asteras Tripolis",1,0,"H",1,0,"H",1.22,5.25,11,"1-0","1-0",15,4,4,2,3,2,0,0,5,3,17,7,1,8,24,"5-3","N","N","N",5,0,2
"5815","G1",2025-08-31,"PAOK","Atromitos",1,0,"H",0,0,"D",1.33,4.5,8,"0-0","1-0",26,5,1,1,1,6,0,1,6,1,11,18,1,7,29,"6-1","N","N","N",7,1,2
"5816","G1",2025-08-31,"Panathinaikos","Levadeiakos",1,1,"D",1,0,"H",1.29,4.8,9,"1-0","1-1",20,1,7,1,1,1,0,0,7,3,11,14,2,10,25,"7-3","Y","N","N",2,0,2
"5817","G1",2025-09-13,"Olympiakos","Panserraikos",5,0,"H",0,0,"D",1.08,8,21,"0-0","5-0",29,12,2,1,0,3,0,1,11,0,8,14,5,11,22,"11-0","Y","Y","Y",3,1,2
"5818","G1",2025-09-13,"Atromitos","Aris",1,2,"A",1,1,"D",NA,NA,NA,"1-1","1-2",7,2,11,5,1,2,0,0,4,7,12,17,3,11,29,"4-7","Y","Y","N",3,0,3
"5819","G1",2025-09-13,"Panetolikos","Volos NFC",1,2,"A",1,2,"A",2.55,3,2.7,"1-2","1-2",7,1,10,2,5,6,0,0,7,3,14,16,3,10,30,"7-3","Y","Y","N",11,0,3
"5820","G1",2025-09-14,"Asteras Tripolis","Larisa",2,2,"D",2,0,"H",1.87,3.1,4.2,"2-0","2-2",10,2,16,5,4,4,0,0,4,2,12,15,4,6,27,"4-2","Y","Y","Y",8,0,3
"5821","G1",2025-09-14,"Kifisia","Panathinaikos",3,2,"H",1,1,"D",NA,NA,NA,"1-1","3-2",10,4,12,4,5,4,0,0,3,6,22,20,5,9,42,"3-6","Y","Y","Y",9,0,3
"5822","G1",2025-09-14,"Levadeiakos","AEK",0,1,"A",0,0,"D",7,3.9,1.44,"0-0","0-1",13,4,19,6,2,2,0,0,2,8,9,20,1,10,29,"2-8","N","N","N",4,0,3
"5823","G1",2025-09-14,"OFI Crete","PAOK",1,2,"A",0,2,"A",NA,NA,NA,"0-2","1-2",7,2,14,4,2,1,0,0,5,2,10,16,3,7,26,"5-2","Y","Y","N",3,0,3
"5824","G1",2025-09-20,"Kifisia","Aris",0,1,"A",0,0,"D",NA,NA,NA,"0-0","0-1",7,1,15,4,1,3,1,0,2,4,14,20,1,6,34,"2-4","N","N","N",4,1,3
"5825","G1",2025-09-20,"Panserraikos","Atromitos",1,1,"D",0,1,"A",3.4,2.9,2.2,"0-1","1-1",15,2,11,2,5,3,0,0,3,7,19,21,2,10,40,"3-7","Y","N","N",8,0,4
"5826","G1",2025-09-20,"Volos NFC","Asteras Tripolis",2,1,"H",1,0,"H",2.45,3.1,2.8,"1-0","2-1",16,5,11,4,3,4,0,0,7,3,16,21,3,10,37,"7-3","Y","Y","N",7,0,4
"5827","G1",2025-09-20,"PAOK","Panetolikos",0,0,"D",0,0,"D",1.15,6,15,"0-0","0-0",24,8,3,2,1,5,0,1,12,1,10,19,0,13,29,"12-1","N","N","N",6,1,4
"5828","G1",2025-09-21,"Larisa","AEK",1,1,"D",0,0,"D",8,4.2,1.36,"0-0","1-1",14,3,24,4,4,0,0,0,4,6,13,15,2,10,28,"4-6","Y","N","N",4,0,4
"5829","G1",2025-09-21,"Levadeiakos","OFI Crete",4,0,"H",1,0,"H",2.05,3.3,3.3,"1-0","4-0",17,6,5,2,1,3,0,2,7,3,16,19,4,10,35,"7-3","Y","Y","Y",4,2,4
"5830","G1",2025-09-21,"Panathinaikos","Olympiakos",1,1,"D",0,0,"D",3.25,3.1,2.15,"0-0","1-1",6,2,9,3,4,4,0,0,1,4,16,18,2,5,34,"1-4","Y","N","N",8,0,4
"5831","G1",2025-09-27,"Olympiakos","Levadeiakos",3,2,"H",1,0,"H",1.17,6,15,"1-0","3-2",19,5,6,4,2,5,0,0,10,3,13,17,5,13,30,"10-3","Y","Y","Y",7,0,4
"5832","G1",2025-09-27,"Aris","Panserraikos",1,1,"D",1,0,"H",NA,NA,NA,"1-0","1-1",25,4,8,2,2,4,0,0,10,1,11,12,2,11,23,"10-1","Y","N","N",6,0,5
"5833","G1",2025-09-28,"AEK","Volos NFC",1,0,"H",0,0,"D",1.2,5.5,12,"0-0","1-0",14,2,3,1,3,2,0,0,2,1,16,19,1,3,35,"2-1","N","N","N",5,0,5
"5834","G1",2025-09-28,"OFI Crete","Kifisia",1,3,"A",0,1,"A",1.91,3.25,3.8,"0-1","1-3",6,3,22,9,2,6,1,0,3,6,18,20,4,9,38,"3-6","Y","Y","Y",8,1,5
"5835","G1",2025-09-28,"Asteras Tripolis","PAOK",3,3,"D",2,3,"A",6,3.8,1.5,"2-3","3-3",9,8,14,4,7,4,1,0,4,4,9,12,6,8,21,"4-4","Y","Y","Y",11,1,5
"5836","G1",2025-09-28,"Panetolikos","Panathinaikos",1,2,"A",1,0,"H",8,3.9,1.4,"1-0","1-2",8,1,12,5,2,3,0,0,2,5,12,16,3,7,28,"2-5","Y","Y","N",5,0,5
"5837","G1",2025-09-29,"Atromitos","Larisa",1,1,"D",1,0,"H",NA,NA,NA,"1-0","1-1",14,3,6,2,1,6,0,1,2,3,17,18,2,5,35,"2-3","Y","N","N",7,1,5
"5838","G1",2025-10-04,"OFI Crete","Aris",3,0,"H",1,0,"H",4,3.4,1.83,"1-0","3-0",9,6,12,6,4,0,0,0,2,5,17,19,3,7,36,"2-5","Y","Y","N",4,0,5
"5839","G1",2025-10-04,"Panserraikos","Asteras Tripolis",2,1,"H",1,0,"H",2.88,3.1,2.38,"1-0","2-1",10,2,10,5,5,4,0,0,2,4,25,18,3,6,43,"2-4","Y","Y","N",9,0,6
"5840","G1",2025-10-04,"Larisa","Volos NFC",2,5,"A",1,2,"A",2.38,3.1,2.88,"1-2","2-5",15,5,20,12,4,3,0,0,10,2,16,21,7,12,37,"10-2","Y","Y","Y",7,0,6
"5841","G1",2025-10-05,"Kifisia","AEK",2,3,"A",2,1,"H",11,5,1.25,"2-1","2-3",16,7,9,3,3,6,0,1,6,3,20,18,5,9,38,"6-3","Y","Y","Y",9,1,6
"5842","G1",2025-10-05,"Levadeiakos","Panetolikos",6,0,"H",4,0,"H",1.67,3.3,5.25,"4-0","6-0",17,10,8,1,0,3,0,2,6,2,11,9,6,8,20,"6-2","Y","Y","Y",3,2,6
"5843","G1",2025-10-05,"PAOK","Olympiakos",2,1,"H",0,1,"A",2.5,3.1,2.7,"0-1","2-1",10,5,9,2,4,3,0,0,1,3,13,14,3,4,27,"1-3","Y","Y","N",7,0,6
"5844","G1",2025-10-05,"Panathinaikos","Atromitos",1,0,"H",0,0,"D",1.4,4.2,7,"0-0","1-0",19,8,3,0,0,2,0,0,6,2,18,17,1,8,35,"6-2","N","N","N",2,0,6
"5845","G1",2025-10-18,"Larisa","Olympiakos",0,2,"A",0,2,"A",13,5.5,1.2,"0-2","0-2",4,2,14,5,3,1,0,0,1,6,14,21,2,7,35,"1-6","Y","N","N",4,0,6
"5846","G1",2025-10-18,"Atromitos","Levadeiakos",2,2,"D",2,1,"H",2.45,3.13,2.7,"2-1","2-2",7,4,9,3,6,0,0,0,1,5,19,11,4,6,30,"1-5","Y","Y","Y",6,0,7
"5847","G1",2025-10-18,"Panetolikos","OFI Crete",4,2,"H",0,0,"D",2.7,3.1,2.5,"0-0","4-2",10,5,14,5,4,4,1,1,4,7,14,7,6,11,21,"4-7","Y","Y","Y",8,2,7
"5848","G1",2025-10-19,"Asteras Tripolis","Kifisia",2,2,"D",0,1,"A",2,3.13,3.7,"0-1","2-2",9,4,9,6,6,5,0,0,3,5,14,24,4,8,38,"3-5","Y","Y","Y",11,0,7
"5849","G1",2025-10-19,"Volos NFC","Panserraikos",2,1,"H",1,0,"H",1.67,3.6,4.6,"1-0","2-1",13,6,7,3,0,3,0,0,11,2,8,19,3,13,27,"11-2","Y","Y","N",3,0,7
"5850","G1",2025-10-19,"Aris","Panathinaikos",1,1,"D",0,1,"A",3.1,3.13,2.2,"0-1","1-1",14,3,14,4,1,2,0,0,2,2,13,16,2,4,29,"2-2","Y","N","N",3,0,7
"5851","G1",2025-10-19,"AEK","PAOK",0,2,"A",0,1,"A",2.3,3.2,2.9,"0-1","0-2",13,5,11,5,2,1,1,0,5,3,20,14,2,8,34,"5-3","Y","N","N",3,1,7
"5852","G1",2025-10-25,"Kifisia","Panetolikos",1,1,"D",1,1,"D",1.8,3.3,4.2,"1-1","1-1",11,4,12,3,6,1,1,0,4,4,16,14,2,8,30,"4-4","Y","N","N",7,1,7
"5853","G1",2025-10-25,"Panserraikos","Larisa",0,2,"A",0,2,"A",2.3,3.2,2.88,"0-2","0-2",9,1,20,7,2,3,1,0,1,6,17,18,2,7,35,"1-6","Y","N","N",5,1,8
"5854","G1",2025-10-25,"OFI Crete","Atromitos",1,3,"A",1,1,"D",2.05,3.25,3.3,"1-1","1-3",18,2,11,4,2,2,0,0,4,8,16,18,4,12,34,"4-8","Y","Y","Y",4,0,8
"5855","G1",2025-10-26,"Levadeiakos","Aris",1,1,"D",0,1,"A",2.6,3.13,2.55,"0-1","1-1",15,4,8,2,1,3,0,0,5,7,15,19,2,12,34,"5-7","Y","N","N",4,0,8
"5856","G1",2025-10-26,"Panathinaikos","Asteras Tripolis",2,0,"H",1,0,"H",1.22,5.5,10.5,"1-0","2-0",17,6,3,0,3,3,0,0,6,2,17,11,2,8,28,"6-2","Y","N","N",6,0,8
"5857","G1",2025-10-26,"PAOK","Volos NFC",3,0,"H",0,0,"D",1.25,5.25,9.5,"0-0","3-0",8,3,2,1,2,2,0,0,6,0,11,12,3,6,23,"6-0","Y","Y","N",4,0,8
"5858","G1",2025-10-26,"Olympiakos","AEK",2,0,"H",1,0,"H",1.75,3.5,4.33,"1-0","2-0",11,5,6,1,3,2,0,0,4,4,9,17,2,8,26,"4-4","Y","N","N",5,0,8
"5859","G1",2025-11-01,"Volos NFC","Panathinaikos",1,0,"H",1,0,"H",5.25,3.75,1.57,"1-0","1-0",5,2,15,4,5,1,0,0,0,5,16,16,1,5,32,"0-5","N","N","N",6,0,8
"5860","G1",2025-11-01,"Atromitos","Kifisia",1,2,"A",0,0,"D",2.2,3.13,3.13,"0-0","1-2",20,3,23,8,1,4,0,0,3,9,5,18,3,12,23,"3-9","Y","Y","N",5,0,9
"5861","G1",2025-11-01,"Olympiakos","Aris",2,1,"H",0,0,"D",1.29,4.75,9.5,"0-0","2-1",12,5,12,4,2,1,1,0,5,7,12,11,3,12,23,"5-7","Y","Y","N",3,1,9
"5862","G1",2025-11-02,"Larisa","Levadeiakos",0,2,"A",0,1,"A",NA,NA,NA,"0-1","0-2",15,5,12,6,3,4,0,0,3,11,14,12,2,14,26,"3-11","Y","N","N",7,0,9
"5863","G1",2025-11-02,"Panserraikos","PAOK",0,5,"A",0,2,"A",NA,NA,NA,"0-2","0-5",7,1,16,7,0,0,0,0,2,4,10,7,5,6,17,"2-4","Y","Y","Y",0,0,9
"5864","G1",2025-11-02,"AEK","Panetolikos",1,0,"H",0,0,"D",NA,NA,NA,"0-0","1-0",18,3,5,1,4,2,0,0,8,2,16,12,1,10,28,"8-2","N","N","N",6,0,9
"5865","G1",2025-11-03,"Asteras Tripolis","OFI Crete",3,0,"H",1,0,"H",NA,NA,NA,"1-0","3-0",21,7,7,3,2,4,0,1,10,1,13,11,3,11,24,"10-1","Y","Y","N",6,1,9
"5866","G1",2025-11-08,"Panetolikos","Larisa",3,0,"H",1,0,"H",2.15,3.1,3.2,"1-0","3-0",9,5,16,3,1,1,0,0,4,2,7,9,3,6,16,"4-2","Y","Y","N",2,0,9
"5867","G1",2025-11-09,"Aris","Asteras Tripolis",0,0,"D",0,0,"D",1.67,3.5,4.75,"0-0","0-0",6,2,12,4,2,6,1,0,4,6,19,23,0,10,42,"4-6","N","N","N",8,1,10
"5868","G1",2025-11-09,"Kifisia","Olympiakos",1,3,"A",0,1,"A",10.5,5,1.25,"0-1","1-3",9,3,18,8,5,1,1,0,1,10,14,14,4,11,28,"1-10","Y","Y","Y",6,1,10
"5869","G1",2025-11-09,"Levadeiakos","Panserraikos",5,2,"H",2,1,"H",1.36,4.4,7.5,"2-1","5-2",17,9,8,2,1,4,0,0,6,4,6,11,7,10,17,"6-4","Y","Y","Y",5,0,10
"5870","G1",2025-11-09,"OFI Crete","AEK",0,1,"A",0,0,"D",6.5,4.2,1.44,"0-0","0-1",4,0,23,7,2,2,0,0,0,6,17,16,1,6,33,"0-6","N","N","N",4,0,10
"5871","G1",2025-11-09,"Atromitos","Volos NFC",0,1,"A",0,1,"A",2.4,3.13,2.8,"0-1","0-1",23,4,5,4,2,4,0,0,7,0,16,16,1,7,32,"7-0","N","N","N",6,0,10
"5872","G1",2025-11-09,"Panathinaikos","PAOK",2,1,"H",2,0,"H",2.3,3.2,2.88,"2-0","2-1",6,3,6,1,5,3,0,0,3,5,16,16,3,8,32,"3-5","Y","Y","N",8,0,10
"5873","G1",2025-11-22,"Asteras Tripolis","Panetolikos",1,1,"D",1,0,"H",2,3.2,3.5,"1-0","1-1",6,3,8,4,2,1,0,0,3,3,9,16,2,6,25,"3-3","Y","N","N",3,0,10
"5874","G1",2025-11-22,"Olympiakos","Atromitos",3,0,"H",1,0,"H",1.12,7,17,"1-0","3-0",27,7,6,2,0,2,0,0,7,1,5,13,3,8,18,"7-1","Y","Y","N",2,0,11
"5875","G1",2025-11-23,"Panserraikos","Panathinaikos",0,3,"A",0,1,"A",8,4.5,1.33,"0-1","0-3",10,2,18,6,2,1,0,0,3,8,13,7,3,11,20,"3-8","Y","Y","N",3,0,11
"5876","G1",2025-11-23,"PAOK","Kifisia",3,0,"H",1,0,"H",1.18,6,12,"1-0","3-0",19,6,6,2,1,7,0,1,8,4,9,17,3,12,26,"8-4","Y","Y","N",8,1,11
"5877","G1",2025-11-23,"AEK","Aris",1,0,"H",0,0,"D",1.44,3.9,7,"0-0","1-0",27,7,6,3,3,2,0,0,10,1,13,11,1,11,24,"10-1","N","N","N",5,0,11
"5878","G1",2025-11-24,"Volos NFC","Levadeiakos",1,2,"A",1,1,"D",NA,NA,NA,"1-1","1-2",20,5,12,5,3,2,0,0,2,2,17,15,3,4,32,"2-2","Y","Y","N",5,0,11
"5879","G1",2025-11-24,"Larisa","OFI Crete",1,2,"A",1,2,"A",NA,NA,NA,"1-2","1-2",18,6,8,4,4,3,0,0,6,3,23,13,3,9,36,"6-3","Y","Y","N",7,0,11
"5880","G1",2025-11-29,"OFI Crete","Volos NFC",0,1,"A",0,0,"D",2.5,3.2,2.63,"0-0","0-1",4,1,16,4,2,3,0,0,1,5,16,23,1,6,39,"1-5","N","N","N",5,0,11
"5881","G1",2025-11-29,"Aris","Larisa",2,1,"H",1,0,"H",1.55,3.75,5.5,"1-0","2-1",18,8,2,1,4,6,0,1,7,0,14,21,3,7,35,"7-0","Y","Y","N",10,1,12
"5882","G1",2025-11-29,"Kifisia","Panserraikos",3,0,"H",1,0,"H",1.5,3.9,5.5,"1-0","3-0",21,6,6,1,2,3,1,1,4,4,11,13,3,8,24,"4-4","Y","Y","N",5,2,12
"5883","G1",2025-11-30,"Atromitos","Asteras Tripolis",0,1,"A",0,1,"A",2.15,3.1,3.25,"0-1","0-1",11,4,9,6,2,1,0,0,7,6,15,18,1,13,33,"7-6","N","N","N",3,0,12
"5884","G1",2025-11-30,"Panetolikos","Olympiakos",0,1,"A",0,0,"D",11.5,5.5,1.2,"0-0","0-1",7,2,24,5,0,0,0,0,3,9,8,11,1,12,19,"3-9","N","N","N",0,0,12
"5885","G1",2025-11-30,"Levadeiakos","PAOK",2,3,"A",1,1,"D",4.33,3.5,1.73,"1-1","2-3",13,5,14,6,0,2,0,1,2,5,14,14,5,7,28,"2-5","Y","Y","Y",2,1,12
"5886","G1",2025-11-30,"Panathinaikos","AEK",2,3,"A",0,2,"A",2.55,3.13,2.6,"0-2","2-3",14,5,7,4,4,5,1,1,5,2,18,22,5,7,40,"5-2","Y","Y","Y",9,2,12
"5887","G1",2025-12-06,"Olympiakos","OFI Crete",3,0,"H",2,0,"H",1.1,8,17,"2-0","3-0",32,12,2,1,0,2,0,0,7,0,16,8,3,7,24,"7-0","Y","Y","N",2,0,12
"5888","G1",2025-12-06,"Volos NFC","Kifisia",1,1,"D",1,1,"D",2.05,3.2,3.4,"1-1","1-1",16,5,21,9,4,4,0,0,8,8,13,15,2,16,28,"8-8","Y","N","N",8,0,13
"5889","G1",2025-12-07,"Asteras Tripolis","Levadeiakos",1,1,"D",1,0,"H",3,3.2,2.25,"1-0","1-1",6,3,14,5,3,1,0,0,2,9,19,6,2,11,25,"2-9","Y","N","N",4,0,13
"5890","G1",2025-12-07,"Larisa","Panathinaikos",2,2,"D",1,1,"D",7,4.2,1.4,"1-1","2-2",10,4,14,8,4,4,0,1,4,5,11,10,4,9,21,"4-5","Y","Y","Y",8,1,13
"5891","G1",2025-12-07,"PAOK","Aris",3,1,"H",2,1,"H",1.45,4,6.5,"2-1","3-1",19,6,9,3,2,0,0,0,7,2,11,11,4,9,22,"7-2","Y","Y","Y",2,0,13
"5892","G1",2025-12-07,"AEK","Atromitos",4,1,"H",1,0,"H",1.22,5.25,11.5,"1-0","4-1",17,9,5,2,1,3,0,0,5,0,14,14,5,5,28,"5-0","Y","Y","Y",4,0,13
"5893","G1",2025-12-08,"Panserraikos","Panetolikos",0,1,"A",0,1,"A",NA,NA,NA,"0-1","0-1",14,0,6,2,2,3,0,0,2,0,20,14,1,2,34,"2-0","N","N","N",5,0,13
"5894","G1",2025-12-13,"Levadeiakos","Larisa",3,0,"H",1,0,"H",1.36,4.4,7.5,"1-0","3-0",18,6,3,1,1,3,0,0,9,2,9,20,3,11,29,"9-2","Y","Y","N",4,0,13
"5895","G1",2025-12-13,"OFI Crete","Panserraikos",3,0,"H",3,0,"H",1.87,3.4,3.7,"3-0","3-0",11,4,8,3,4,3,0,0,8,5,16,12,3,13,28,"8-5","Y","Y","N",7,0,14
"5896","G1",2025-12-13,"Kifisia","Asteras Tripolis",0,0,"D",0,0,"D",2,3.25,3.5,"0-0","0-0",20,6,9,3,1,3,0,0,6,4,17,10,0,10,27,"6-4","N","N","N",4,0,14
"5897","G1",2025-12-14,"Panetolikos","AEK",0,5,"A",0,2,"A",8,4.2,1.36,"0-2","0-5",5,0,13,10,2,2,0,0,2,3,13,14,5,5,27,"2-3","Y","Y","Y",4,0,14
"5898","G1",2025-12-14,"Atromitos","PAOK",2,0,"H",1,0,"H",7,4.2,1.4,"1-0","2-0",7,2,11,2,3,1,0,0,3,9,16,11,2,12,27,"3-9","Y","N","N",4,0,14
"5899","G1",2025-12-14,"Aris","Olympiakos",0,0,"D",0,0,"D",7,3.9,1.44,"0-0","0-0",12,0,15,5,5,3,1,1,3,5,7,12,0,8,19,"3-5","N","N","N",8,2,14
"5900","G1",2025-12-14,"Panathinaikos","Volos NFC",2,1,"H",2,1,"H",1.29,4.8,9.5,"2-1","2-1",7,2,11,4,3,6,0,0,6,5,21,17,3,11,38,"6-5","Y","Y","N",9,0,14
"5901","G1",2025-12-20,"Asteras Tripolis","Aris",0,1,"A",0,1,"A",2.7,2.9,2.6,"0-1","0-1",7,4,11,1,3,3,0,0,7,3,12,19,1,10,31,"7-3","N","N","N",6,0,14
"5902","G1",2025-12-20,"Volos NFC","Panetolikos",1,0,"H",0,0,"D",1.87,3.2,4,"0-0","1-0",9,3,14,4,3,1,0,0,4,9,13,14,1,13,27,"4-9","N","N","N",4,0,15
"5903","G1",2025-12-20,"Olympiakos","Kifisia",1,1,"D",1,1,"D",1.1,7.5,18,"1-1","1-1",29,6,5,1,0,5,0,1,18,1,11,18,2,19,29,"18-1","Y","N","N",5,1,15
"5904","G1",2025-12-21,"Larisa","Atromitos",0,0,"D",0,0,"D",2.63,3,2.63,"0-0","0-0",4,2,9,0,2,5,0,0,1,4,19,18,0,5,37,"1-4","N","N","N",7,0,15
"5905","G1",2025-12-21,"PAOK","Panathinaikos",2,0,"H",1,0,"H",1.95,3.25,3.6,"1-0","2-0",16,11,3,1,1,3,0,0,7,3,13,11,2,10,24,"7-3","Y","N","N",4,0,15
"5906","G1",2025-12-21,"AEK","OFI Crete",2,1,"H",0,1,"A",1.12,7,17,"0-1","2-1",15,5,12,3,4,4,0,0,5,3,20,15,3,8,35,"5-3","Y","Y","N",8,0,15
"5907","G1",2025-12-22,"Panserraikos","Levadeiakos",0,2,"A",0,0,"D",NA,NA,NA,"0-0","0-2",8,1,17,6,2,2,2,0,2,7,14,10,2,9,24,"2-7","Y","N","N",4,2,15
"5908","G1",2026-01-10,"Kifisia","Larisa",1,1,"D",0,0,"D",1.62,3.6,5,"0-0","1-1",23,6,13,7,4,4,0,1,4,4,18,14,2,8,32,"4-4","Y","N","N",8,1,15
"5909","G1",2026-01-10,"Atromitos","Olympiakos",0,2,"A",0,1,"A",10.5,5,1.25,"0-1","0-2",4,2,9,5,3,2,0,0,2,5,16,15,2,7,31,"2-5","Y","N","N",5,0,16
"5910","G1",2026-01-10,"Panetolikos","PAOK",0,3,"A",0,2,"A",7.5,4.33,1.36,"0-2","0-3",2,1,23,8,3,1,0,0,5,8,14,13,3,13,27,"5-8","Y","Y","N",4,0,16
"5911","G1",2026-01-11,"Levadeiakos","Volos NFC",3,1,"H",2,0,"H",1.6,3.7,5,"2-0","3-1",14,6,13,2,1,3,0,0,1,3,11,16,4,4,27,"1-3","Y","Y","Y",4,0,16
"5912","G1",2026-01-11,"OFI Crete","Asteras Tripolis",4,0,"H",2,0,"H",2.55,3.1,2.63,"2-0","4-0",18,7,15,3,1,3,0,1,2,6,15,13,4,8,28,"2-6","Y","Y","Y",4,1,16
"5913","G1",2026-01-11,"Aris","AEK",1,1,"D",1,1,"D",5.25,3.5,1.62,"1-1","1-1",10,4,8,2,3,2,0,0,7,4,14,13,2,11,27,"7-4","Y","N","N",5,0,16
"5914","G1",2026-01-11,"Panathinaikos","Panserraikos",3,0,"H",3,0,"H",1.1,7.5,19,"3-0","3-0",19,10,4,2,1,5,0,1,10,1,13,12,3,11,25,"10-1","Y","Y","N",6,1,16
"5915","G1",2026-01-17,"Panserraikos","Kifisia",2,1,"H",0,1,"A",3.6,3.3,1.95,"0-1","2-1",16,12,8,3,4,3,0,0,7,3,22,17,3,10,39,"7-3","Y","Y","N",7,0,16
"5916","G1",2026-01-18,"Larisa","Aris",1,0,"H",1,0,"H",3.4,3.1,2.1,"1-0","1-0",12,5,7,1,5,4,0,0,4,6,26,21,1,10,47,"4-6","N","N","N",9,0,17
"5917","G1",2026-01-18,"PAOK","OFI Crete",3,0,"H",3,0,"H",1.1,7.5,18,"3-0","3-0",12,5,3,1,1,3,0,0,6,0,14,8,3,6,22,"6-0","Y","Y","N",4,0,17
"5918","G1",2026-01-18,"AEK","Panathinaikos",4,0,"H",1,0,"H",2,3.25,3.5,"1-0","4-0",12,5,12,3,1,1,0,0,2,3,17,13,4,5,30,"2-3","Y","Y","Y",2,0,17
"5919","G1",2026-01-19,"Panetolikos","Levadeiakos",1,3,"A",0,3,"A",NA,NA,NA,"0-3","1-3",16,3,11,6,2,2,0,0,6,5,14,13,4,11,27,"6-5","Y","Y","Y",4,0,17
"5920","G1",2026-01-19,"Volos NFC","Atromitos",0,3,"A",0,2,"A",NA,NA,NA,"0-2","0-3",7,1,15,9,6,3,0,0,3,4,15,18,3,7,33,"3-4","Y","Y","N",9,0,17
"5921","G1",2026-01-24,"Olympiakos","Volos NFC",1,0,"H",1,0,"H",NA,NA,NA,"1-0","1-0",17,4,6,3,0,0,0,0,13,3,11,10,1,16,21,"13-3","N","N","N",0,0,17
"5922","G1",2026-01-24,"Asteras Tripolis","AEK",0,1,"A",0,1,"A",NA,NA,NA,"0-1","0-1",15,2,9,2,2,4,0,0,10,8,8,18,1,18,26,"10-8","N","N","N",6,0,17
"5923","G1",2026-01-24,"Larisa","Panserraikos",1,0,"H",0,0,"D",NA,NA,NA,"0-0","1-0",16,8,3,1,5,4,0,1,5,1,18,13,1,6,31,"5-1","N","N","N",9,1,18
"5924","G1",2026-01-25,"Aris","Levadeiakos",2,2,"D",1,0,"H",NA,NA,NA,"1-0","2-2",19,6,8,2,6,5,0,0,7,6,17,15,4,13,32,"7-6","Y","Y","Y",11,0,18
"5925","G1",2026-01-25,"OFI Crete","Panetolikos",1,0,"H",1,0,"H",NA,NA,NA,"1-0","1-0",14,5,11,5,1,3,0,1,4,5,16,13,1,9,29,"4-5","N","N","N",4,1,18
"5926","G1",2026-01-25,"Atromitos","Panathinaikos",0,0,"D",0,0,"D",NA,NA,NA,"0-0","0-0",11,4,9,3,2,2,0,0,1,2,16,17,0,3,33,"1-2","N","N","N",4,0,18
"5927","G1",2026-01-31,"Panetolikos","Aris",0,1,"A",0,0,"D",NA,NA,NA,"0-0","0-1",1,1,22,7,1,2,1,0,1,5,12,19,1,6,31,"1-5","N","N","N",3,1,18
"5928","G1",2026-01-31,"Atromitos","OFI Crete",1,2,"A",1,1,"D",NA,NA,NA,"1-1","1-2",15,1,6,4,2,3,0,0,8,2,14,14,3,10,28,"8-2","Y","Y","N",5,0,18
"5929","G1",2026-01-31,"Volos NFC","Larisa",0,2,"A",0,2,"A",NA,NA,NA,"0-2","0-2",12,2,18,7,1,0,1,0,7,4,15,22,2,11,37,"7-4","Y","N","N",1,1,18
"5930","G1",2026-02-01,"Levadeiakos","Asteras Tripolis",3,1,"H",1,0,"H",NA,NA,NA,"1-0","3-1",10,4,18,5,3,4,0,0,3,6,18,22,4,9,40,"3-6","Y","Y","Y",7,0,19
"5931","G1",2026-02-01,"Panathinaikos","Kifisia",3,0,"H",1,0,"H",NA,NA,NA,"1-0","3-0",14,6,7,4,2,7,0,1,4,5,14,24,3,9,38,"4-5","Y","Y","N",9,1,19
"5932","G1",2026-02-01,"PAOK","Panserraikos",4,1,"H",4,1,"H",NA,NA,NA,"4-1","4-1",13,6,5,1,0,0,0,0,6,1,7,8,5,7,15,"6-1","Y","Y","Y",0,0,19
"5933","G1",2026-02-01,"AEK","Olympiakos",1,1,"D",0,0,"D",NA,NA,NA,"0-0","1-1",9,4,11,6,3,5,0,0,3,1,14,21,2,4,35,"3-1","Y","N","N",8,0,19
"5934","G1",2026-02-04,"Asteras Tripolis","Olympiakos",0,3,"A",0,2,"A",NA,NA,NA,"0-2","0-3",3,2,20,9,1,2,0,0,0,7,15,19,3,7,34,"0-7","Y","Y","N",3,0,19
"5935","G1",2026-02-07,"Larisa","Panetolikos",1,4,"A",1,3,"A",1.73,3.25,4.8,"1-3","1-4",11,2,8,5,4,2,0,0,5,2,17,19,5,7,36,"5-2","Y","Y","Y",6,0,19
"5936","G1",2026-02-07,"Asteras Tripolis","Volos NFC",2,0,"H",0,0,"D",1.75,3.25,4.6,"0-0","2-0",9,2,12,1,1,3,0,0,11,5,10,19,2,16,29,"11-5","Y","N","N",4,0,19
"5937","G1",2026-02-07,"Kifisia","Atromitos",0,1,"A",0,0,"D",2.4,3,2.9,"0-0","0-1",11,2,7,4,0,2,0,0,4,4,12,17,1,8,29,"4-4","N","N","N",2,0,20
"5938","G1",2026-02-08,"Panserraikos","AEK",0,4,"A",0,0,"D",13,6,1.17,"0-0","0-4",3,1,20,6,4,3,1,0,0,9,11,11,4,9,22,"0-9","Y","Y","Y",7,1,20
"5939","G1",2026-02-08,"OFI Crete","Levadeiakos",3,2,"H",2,1,"H",3.1,3.25,2.15,"2-1","3-2",11,5,9,4,1,2,0,0,3,6,17,14,5,9,31,"3-6","Y","Y","Y",3,0,20
"5940","G1",2026-02-08,"Aris","PAOK",0,0,"D",0,0,"D",3.6,3.13,2,"0-0","0-0",8,2,13,4,4,3,0,0,4,4,12,10,0,8,22,"4-4","N","N","N",7,0,20
"5941","G1",2026-02-08,"Olympiakos","Panathinaikos",0,1,"A",0,1,"A",1.5,3.8,6,"0-1","0-1",12,3,7,4,1,3,0,0,2,2,12,12,1,4,24,"2-2","N","N","N",4,0,20
"5942","G1",2026-02-14,"Panetolikos","Asteras Tripolis",3,1,"H",1,1,"D",3.4,3,2.15,"1-1","3-1",16,4,7,3,2,2,0,0,6,2,10,10,4,8,20,"6-2","Y","Y","Y",4,0,20
"5943","G1",2026-02-14,"Levadeiakos","Olympiakos",0,0,"D",0,0,"D",7,4.2,1.4,"0-0","0-0",3,2,23,3,3,1,1,0,2,8,9,16,0,10,25,"2-8","N","N","N",4,1,20
"5944","G1",2026-02-14,"Volos NFC","Aris",1,1,"D",0,1,"A",4,3.1,1.93,"0-1","1-1",16,4,4,1,2,3,0,1,4,1,14,13,2,5,27,"4-1","Y","N","N",5,1,21
"5945","G1",2026-02-15,"Kifisia","OFI Crete",2,2,"D",1,2,"A",NA,NA,NA,"1-2","2-2",25,10,6,3,3,2,0,0,4,2,19,19,4,6,38,"4-2","Y","Y","Y",5,0,21
"5946","G1",2026-02-15,"PAOK","AEK",0,0,"D",0,0,"D",NA,NA,NA,"0-0","0-0",8,1,12,1,4,4,0,0,7,5,12,12,0,12,24,"7-5","N","N","N",8,0,21
"5947","G1",2026-02-15,"Panathinaikos","Larisa",1,1,"D",0,0,"D",NA,NA,NA,"0-0","1-1",16,4,8,3,3,2,0,0,4,1,19,15,2,5,34,"4-1","Y","N","N",5,0,21
"5948","G1",2026-02-16,"Atromitos","Panserraikos",2,2,"D",1,1,"D",NA,NA,NA,"1-1","2-2",15,4,6,4,3,3,0,1,4,3,16,18,4,7,34,"4-3","Y","Y","Y",6,1,21
"5949","G1",2026-02-21,"Asteras Tripolis","Atromitos",1,2,"A",0,2,"A",2.3,3,3,"0-2","1-2",15,4,8,3,2,1,0,0,6,6,20,12,3,12,32,"6-6","Y","Y","N",3,0,21
"5950","G1",2026-02-21,"Olympiakos","Panetolikos",2,0,"H",1,0,"H",1.08,8,21,"1-0","2-0",27,9,5,1,1,2,0,0,12,4,12,13,2,16,25,"12-4","Y","N","N",3,0,21
"5951","G1",2026-02-22,"OFI Crete","Panathinaikos",0,2,"A",0,1,"A",3.8,3.25,1.9,"0-1","0-2",4,3,12,4,2,3,1,0,2,7,15,20,2,9,35,"2-7","Y","N","N",5,1,22
"5952","G1",2026-02-22,"Panserraikos","Volos NFC",2,1,"H",1,1,"D",4.33,3.25,1.8,"1-1","2-1",7,2,12,3,1,3,0,0,2,3,16,17,3,5,33,"2-3","Y","Y","N",4,0,22
"5953","G1",2026-02-22,"Larisa","PAOK",1,1,"D",0,1,"A",9.5,4.75,1.29,"0-1","1-1",6,2,10,1,4,0,0,0,4,5,13,12,2,9,25,"4-5","Y","N","N",4,0,22
"5954","G1",2026-02-22,"Aris","Kifisia",1,1,"D",1,1,"D",1.73,3.3,4.75,"1-1","1-1",24,5,14,4,3,3,0,0,9,3,17,19,2,12,36,"9-3","Y","N","N",6,0,22
"5955","G1",2026-02-22,"AEK","Levadeiakos",4,0,"H",1,0,"H",1.4,4.2,7.5,"1-0","4-0",15,5,6,1,3,2,0,0,3,3,20,17,4,6,37,"3-3","Y","Y","Y",5,0,22
"5956","G1",2026-02-28,"OFI Crete","Larisa",3,0,"H",2,0,"H",2.45,3.1,2.75,"2-0","3-0",9,4,10,4,0,4,0,0,4,7,13,20,3,11,33,"4-7","Y","Y","N",4,0,22
"5957","G1",2026-02-28,"Atromitos","Panetolikos",1,0,"H",1,0,"H",1.95,3.13,3.8,"1-0","1-0",9,3,6,4,5,3,0,0,4,0,14,20,1,4,34,"4-0","N","N","N",8,0,22
"5958","G1",2026-02-28,"Kifisia","Levadeiakos",1,0,"H",1,0,"H",3,3.2,2.25,"1-0","1-0",9,2,8,2,6,2,0,0,3,5,21,16,1,8,37,"3-5","N","N","N",8,0,23
"5959","G1",2026-03-01,"Panserraikos","Olympiakos",1,2,"A",0,0,"D",21,8,1.08,"0-0","1-2",4,2,21,10,1,1,0,0,1,5,8,12,3,6,20,"1-5","Y","Y","N",2,0,23
"5960","G1",2026-03-01,"Volos NFC","AEK",2,2,"D",1,1,"D",9.5,4.75,1.29,"1-1","2-2",6,4,17,5,6,3,0,0,1,7,18,20,4,8,38,"1-7","Y","Y","Y",9,0,23
"5961","G1",2026-03-01,"PAOK","Asteras Tripolis",2,0,"H",1,0,"H",1.25,5,10.5,"1-0","2-0",22,9,3,1,0,2,0,0,6,1,11,18,2,7,29,"6-1","Y","N","N",2,0,23
"5962","G1",2026-03-01,"Panathinaikos","Aris",3,1,"H",1,0,"H",1.83,3.1,4.4,"1-0","3-1",10,3,13,1,2,3,0,0,1,5,12,13,4,6,25,"1-5","Y","Y","Y",5,0,23
"5963","G1",2026-03-04,"Panathinaikos","OFI Crete",4,1,"H",2,1,"H",1.4,4.2,7.5,"2-1","4-1",18,14,4,2,1,3,0,0,5,0,14,9,5,5,23,"5-0","Y","Y","Y",4,0,23
"5964","G1",2026-03-04,"Kifisia","PAOK",1,4,"A",0,1,"A",6.5,4,1.44,"0-1","1-4",7,4,9,4,1,2,0,0,1,2,18,22,5,3,40,"1-2","Y","Y","Y",3,0,23
"5965","G1",2026-03-07,"Aris","Atromitos",0,0,"D",0,0,"D",1.91,3.1,4,"0-0","0-0",7,3,11,1,0,3,1,0,2,8,17,18,0,10,35,"2-8","N","N","N",3,1,24
"5966","G1",2026-03-07,"AEK","Larisa",1,0,"H",1,0,"H",1.2,5.5,12,"1-0","1-0",20,8,9,2,2,3,0,0,7,3,13,14,1,10,27,"7-3","N","N","N",5,0,24
"5967","G1",2026-03-08,"Asteras Tripolis","Panserraikos",0,1,"A",0,1,"A",1.5,3.6,6.5,"0-1","0-1",8,0,10,6,2,4,1,0,4,2,18,16,1,6,34,"4-2","N","N","N",6,1,24
"5968","G1",2026-03-08,"Volos NFC","OFI Crete",1,1,"D",0,0,"D",2.2,3.13,3.1,"0-0","1-1",16,6,12,3,1,3,0,0,9,4,11,11,2,13,22,"9-4","Y","N","N",4,0,24
"5969","G1",2026-03-08,"Levadeiakos","Panathinaikos",1,4,"A",0,2,"A",3.4,3.1,2.1,"0-2","1-4",7,2,14,8,2,3,0,0,3,3,13,19,5,6,32,"3-3","Y","Y","Y",5,0,24
"5970","G1",2026-03-08,"Olympiakos","PAOK",0,0,"D",0,0,"D",1.8,3.25,4.33,"0-0","0-0",19,2,5,1,1,1,0,0,8,3,9,11,0,11,20,"8-3","N","N","N",2,0,24
"5971","G1",2026-03-09,"Panetolikos","Kifisia",2,1,"H",2,1,"H",NA,NA,NA,"2-1","2-1",14,5,9,1,3,2,1,0,6,5,13,12,3,11,25,"6-5","Y","Y","N",5,1,24
"5972","G1",2026-03-14,"OFI Crete","Olympiakos",0,3,"A",0,1,"A",13,5.5,1.2,"0-1","0-3",2,1,14,7,2,3,0,0,0,1,13,15,3,1,28,"0-1","Y","Y","N",5,0,25
"5973","G1",2026-03-14,"Panserraikos","Aris",0,0,"D",0,0,"D",5.5,3.4,1.62,"0-0","0-0",13,5,9,2,1,1,0,1,6,6,11,17,0,12,28,"6-6","N","N","N",2,1,25
"5974","G1",2026-03-14,"Larisa","Asteras Tripolis",1,1,"D",0,1,"A",2.25,3,3.13,"0-1","1-1",15,4,15,3,3,2,0,0,6,5,14,16,2,11,30,"6-5","Y","N","N",5,0,25
"5975","G1",2026-03-15,"Kifisia","Volos NFC",2,0,"H",1,0,"H",2.1,3.13,3.3,"1-0","2-0",12,7,11,2,2,3,0,0,3,6,21,15,2,9,36,"3-6","Y","N","N",5,0,25
"5976","G1",2026-03-15,"PAOK","Levadeiakos",3,0,"H",1,0,"H",1.29,4.75,9.5,"1-0","3-0",9,3,3,1,2,2,0,0,9,4,15,9,3,13,24,"9-4","Y","Y","N",4,0,25
"5977","G1",2026-03-15,"Atromitos","AEK",2,2,"D",1,0,"H",6,3.8,1.5,"1-0","2-2",12,6,14,6,2,2,0,0,1,7,20,17,4,8,37,"1-7","Y","Y","Y",4,0,25
"5978","G1",2026-03-15,"Panathinaikos","Panetolikos",0,0,"D",0,0,"D",1.29,4.8,10,"0-0","0-0",17,6,11,3,0,1,0,0,5,6,10,14,0,11,24,"5-6","N","N","N",1,0,25
"5979","G1",2026-03-22,"AEK","Kifisia",3,0,"H",3,0,"H",NA,NA,NA,"3-0","3-0",12,5,14,4,1,4,0,0,3,5,15,17,3,8,32,"3-5","Y","Y","N",5,0,26
"5980","G1",2026-03-22,"Aris","OFI Crete",0,2,"A",0,1,"A",NA,NA,NA,"0-1","0-2",35,10,8,4,4,3,0,0,7,3,13,14,2,10,27,"7-3","Y","N","N",7,0,26
"5981","G1",2026-03-22,"Asteras Tripolis","Panathinaikos",1,2,"A",0,2,"A",NA,NA,NA,"0-2","1-2",8,2,12,5,1,1,0,0,2,5,13,17,3,7,30,"2-5","Y","Y","N",2,0,26
"5982","G1",2026-03-22,"Levadeiakos","Atromitos",1,0,"H",0,0,"D",NA,NA,NA,"0-0","1-0",10,3,13,4,4,3,0,0,3,4,15,27,1,7,42,"3-4","N","N","N",7,0,26
"5983","G1",2026-03-22,"Olympiakos","Larisa",0,0,"D",0,0,"D",NA,NA,NA,"0-0","0-0",35,7,3,2,0,3,0,0,10,0,15,10,0,10,25,"10-0","N","N","N",3,0,26
"5984","G1",2026-03-22,"Panetolikos","Panserraikos",0,0,"D",0,0,"D",NA,NA,NA,"0-0","0-0",22,3,9,1,2,2,0,0,9,1,10,7,0,10,17,"9-1","N","N","N",4,0,26
"5985","G1",2026-03-22,"Volos NFC","PAOK",2,1,"H",0,1,"A",NA,NA,NA,"0-1","2-1",9,3,9,4,4,0,0,0,3,6,11,9,3,9,20,"3-6","Y","Y","N",4,0,26
"5986","G1",2026-04-04,"Kifisia","Panserraikos",1,2,"A",0,2,"A",NA,NA,NA,"0-2","1-2",16,6,6,3,5,2,0,0,9,1,23,14,3,10,37,"9-1","Y","Y","N",7,0,27
"5987","G1",2026-04-04,"Asteras Tripolis","Larisa",3,1,"H",1,0,"H",NA,NA,NA,"1-0","3-1",11,4,11,4,1,2,0,0,4,8,15,3,4,12,18,"4-8","Y","Y","Y",3,0,27
"5988","G1",2026-04-04,"Panetolikos","Atromitos",1,1,"D",1,0,"H",NA,NA,NA,"1-0","1-1",9,3,10,4,2,2,0,0,3,10,10,19,2,13,29,"3-10","Y","N","N",4,0,27
"5989","G1",2026-04-05,"Levadeiakos","Aris",1,1,"D",0,1,"A",NA,NA,NA,"0-1","1-1",9,2,13,3,1,3,0,0,4,3,15,17,2,7,32,"4-3","Y","N","N",4,0,27
"5990","G1",2026-04-05,"Volos NFC","OFI Crete",1,1,"D",0,0,"D",NA,NA,NA,"0-0","1-1",9,4,15,6,4,1,0,0,3,5,18,14,2,8,32,"3-5","Y","N","N",5,0,27
"5991","G1",2026-04-05,"PAOK","Panathinaikos",0,0,"D",0,0,"D",NA,NA,NA,"0-0","0-0",7,1,9,2,2,1,0,0,2,4,19,15,0,6,34,"2-4","N","N","N",3,0,27
"5992","G1",2026-04-05,"Olympiakos","AEK",0,1,"A",0,1,"A",NA,NA,NA,"0-1","0-1",6,1,7,1,1,2,0,0,5,3,12,16,1,8,28,"5-3","N","N","N",3,0,27
"5993","G1",2026-04-08,"Larisa","Panetolikos",1,2,"A",0,1,"A",NA,NA,NA,"0-1","1-2",13,4,8,3,2,3,1,0,5,1,15,16,3,6,31,"5-1","Y","Y","N",5,1,28
"5994","G1",2026-04-08,"Panserraikos","Asteras Tripolis",0,0,"D",0,0,"D",NA,NA,NA,"0-0","0-0",10,3,4,1,2,2,0,0,6,4,16,12,0,10,28,"6-4","N","N","N",4,0,28
"5995","G1",2026-04-08,"Atromitos","Kifisia",0,0,"D",0,0,"D",NA,NA,NA,"0-0","0-0",12,1,6,3,2,6,0,1,4,2,15,20,0,6,35,"4-2","N","N","N",8,1,28
"4099","I1",2025-08-23,"Genoa","Lecce",0,0,"D",0,0,"D",1.9,3.25,4.4,"0-0","0-0",5,2,7,0,2,3,0,0,3,7,16,13,0,10,29,"3-7","N","N","N",5,0,1
"4100","I1",2025-08-23,"Sassuolo","Napoli",0,2,"A",0,1,"A",6,4,1.55,"0-1","0-2",7,2,13,4,3,1,1,0,1,2,17,17,2,3,34,"1-2","Y","N","N",4,1,1
"4101","I1",2025-08-23,"Milan","Cremonese",1,2,"A",1,1,"D",1.33,5,9,"1-1","1-2",24,6,4,3,1,4,0,0,9,2,10,14,3,11,24,"9-2","Y","Y","N",5,0,1
"4102","I1",2025-08-23,"Roma","Bologna",1,0,"H",0,0,"D",2.1,3.3,3.6,"0-0","1-0",14,4,10,2,1,1,0,0,2,4,15,13,1,6,28,"2-4","N","N","N",2,0,1
"4103","I1",2025-08-24,"Cagliari","Fiorentina",1,1,"D",0,0,"D",3.13,3.3,2.2,"0-0","1-1",14,6,4,1,4,2,0,0,3,2,18,14,2,5,32,"3-2","Y","N","N",6,0,1
"4104","I1",2025-08-24,"Como","Lazio",2,0,"H",0,0,"D",2.4,3.3,2.8,"0-0","2-0",19,6,5,1,2,3,0,0,6,0,15,12,2,6,27,"6-0","Y","N","N",5,0,1
"4105","I1",2025-08-24,"Atalanta","Pisa",1,1,"D",0,1,"A",1.36,4.75,7.5,"0-1","1-1",21,6,11,2,2,0,0,0,10,4,9,10,2,14,19,"10-4","Y","N","N",2,0,1
"4106","I1",2025-08-24,"Juventus","Parma",2,0,"H",0,0,"D",1.4,4.4,7.5,"0-0","2-0",25,8,8,2,1,2,1,0,6,6,9,13,2,12,22,"6-6","Y","N","N",3,1,1
"4107","I1",2025-08-25,"Udinese","Verona",1,1,"D",0,0,"D",1.95,3.3,3.9,"0-0","1-1",14,4,9,3,3,2,0,0,5,1,14,14,2,6,28,"5-1","Y","N","N",5,0,1
"4108","I1",2025-08-25,"Inter","Torino",5,0,"H",2,0,"H",1.4,4.5,7.5,"2-0","5-0",20,9,12,4,0,0,0,0,6,5,14,6,5,11,20,"6-5","Y","Y","Y",0,0,1
"4109","I1",2025-08-29,"Cremonese","Sassuolo",3,2,"H",2,0,"H",2.6,3.13,2.8,"2-0","3-2",11,6,9,6,2,2,0,0,5,4,12,17,5,9,29,"5-4","Y","Y","Y",4,0,2
"4110","I1",2025-08-29,"Lecce","Milan",0,2,"A",0,0,"D",6.5,3.8,1.55,"0-0","0-2",7,2,14,6,1,0,0,0,4,5,10,8,2,9,18,"4-5","Y","N","N",1,0,2
"4111","I1",2025-08-30,"Bologna","Como",1,0,"H",0,0,"D",2.4,3.2,3,"0-0","1-0",15,2,13,2,4,3,0,0,7,4,13,19,1,11,32,"7-4","N","N","N",7,0,2
"4112","I1",2025-08-30,"Parma","Atalanta",1,1,"D",0,0,"D",4,3.4,1.95,"0-0","1-1",7,3,11,3,2,2,0,0,1,2,8,15,2,3,23,"1-2","Y","N","N",4,0,2
"4113","I1",2025-08-30,"Napoli","Cagliari",1,0,"H",0,0,"D",1.29,5.25,11,"0-0","1-0",20,6,10,1,2,1,0,0,13,0,16,12,1,13,28,"13-0","N","N","N",3,0,2
"4114","I1",2025-08-30,"Pisa","Roma",0,1,"A",0,0,"D",5,3.7,1.7,"0-0","0-1",7,3,10,5,2,1,0,0,1,7,14,10,1,8,24,"1-7","N","N","N",3,0,2
"4115","I1",2025-08-31,"Genoa","Juventus",0,1,"A",0,0,"D",4.4,3.3,1.83,"0-0","0-1",10,1,13,3,1,2,0,0,3,4,14,15,1,7,29,"3-4","N","N","N",3,0,2
"4116","I1",2025-08-31,"Torino","Fiorentina",0,0,"D",0,0,"D",3.1,3.13,2.3,"0-0","0-0",7,4,16,4,2,2,0,0,7,3,21,13,0,10,34,"7-3","N","N","N",4,0,2
"4117","I1",2025-08-31,"Inter","Udinese",1,2,"A",1,2,"A",1.29,5.25,9.5,"1-2","1-2",16,4,10,5,1,3,0,0,13,2,17,5,3,15,22,"13-2","Y","Y","N",4,0,2
"4118","I1",2025-08-31,"Lazio","Verona",4,0,"H",3,0,"H",1.44,4.2,7,"3-0","4-0",22,6,12,4,0,0,0,0,8,1,8,19,4,9,27,"8-1","Y","Y","Y",0,0,2
"4119","I1",2025-09-13,"Cagliari","Parma",2,0,"H",1,0,"H",2.15,3.25,3.5,"1-0","2-0",12,5,17,5,3,1,0,0,4,5,15,18,2,9,33,"4-5","Y","N","N",4,0,3
"4120","I1",2025-09-13,"Juventus","Inter",4,3,"H",2,1,"H",2.8,2.9,2.8,"2-1","4-3",12,4,18,4,2,1,0,0,5,9,14,10,7,14,24,"5-9","Y","Y","Y",3,0,3
"4121","I1",2025-09-13,"Fiorentina","Napoli",1,3,"A",0,2,"A",3.4,3.13,2.25,"0-2","1-3",19,3,14,9,0,0,0,0,8,5,14,14,4,13,28,"8-5","Y","Y","Y",0,0,3
"4122","I1",2025-09-14,"Roma","Torino",0,1,"A",0,0,"D",1.5,4,6.5,"0-0","0-1",22,5,8,4,2,3,0,0,7,4,11,17,1,11,28,"7-4","N","N","N",5,0,3
"4123","I1",2025-09-14,"Atalanta","Lecce",4,1,"H",1,0,"H",1.36,4.6,8,"1-0","4-1",19,8,12,3,0,0,0,0,8,2,12,7,5,10,19,"8-2","Y","Y","Y",0,0,3
"4124","I1",2025-09-14,"Pisa","Udinese",0,1,"A",0,1,"A",2.7,3.1,2.63,"0-1","0-1",12,2,13,3,1,2,0,0,8,6,13,15,1,14,28,"8-6","N","N","N",3,0,3
"4125","I1",2025-09-14,"Sassuolo","Lazio",1,0,"H",0,0,"D",3.5,3.5,2,"0-0","1-0",10,3,13,3,6,3,0,0,3,7,15,11,1,10,26,"3-7","N","N","N",9,0,3
"4126","I1",2025-09-14,"Milan","Bologna",1,0,"H",0,0,"D",1.87,3.5,3.9,"0-0","1-0",14,3,5,0,3,2,0,0,7,4,17,16,1,11,33,"7-4","N","N","N",5,0,3
"4127","I1",2025-09-15,"Verona","Cremonese",0,0,"D",0,0,"D",2.38,3.13,3,"0-0","0-0",20,9,6,2,2,1,0,0,10,1,18,3,0,11,21,"10-1","N","N","N",3,0,3
"4128","I1",2025-09-15,"Como","Genoa",1,1,"D",1,0,"H",1.62,3.6,5.5,"1-0","1-1",13,4,13,6,2,2,1,0,0,8,13,17,2,8,30,"0-8","Y","N","N",4,1,3
"4129","I1",2025-09-19,"Lecce","Cagliari",1,2,"A",1,1,"D",2.8,2.9,2.8,"1-1","1-2",11,5,15,6,2,3,0,0,4,7,10,19,3,11,29,"4-7","Y","Y","N",5,0,4
"4130","I1",2025-09-20,"Bologna","Genoa",2,1,"H",0,0,"D",1.83,3.3,4.75,"0-0","2-1",14,6,7,4,1,5,0,0,8,2,12,15,3,10,27,"8-2","Y","Y","N",6,0,4
"4131","I1",2025-09-20,"Verona","Juventus",1,1,"D",1,1,"D",7,3.8,1.53,"1-1","1-1",14,4,10,4,3,3,0,0,5,3,18,10,2,8,28,"5-3","Y","N","N",6,0,4
"4132","I1",2025-09-20,"Udinese","Milan",0,3,"A",0,1,"A",4.4,3.5,1.83,"0-1","0-3",10,4,13,6,2,0,0,0,1,4,9,7,3,5,16,"1-4","Y","Y","N",2,0,4
"4133","I1",2025-09-21,"Lazio","Roma",0,1,"A",0,1,"A",2.75,3.13,2.55,"0-1","0-1",10,2,13,6,1,1,2,0,3,6,14,22,1,9,36,"3-6","N","N","N",2,2,4
"4134","I1",2025-09-21,"Cremonese","Parma",0,0,"D",0,0,"D",2.5,3.13,2.8,"0-0","0-0",3,1,15,3,1,0,0,0,3,3,16,8,0,6,24,"3-3","N","N","N",1,0,4
"4135","I1",2025-09-21,"Torino","Atalanta",0,3,"A",0,3,"A",3.4,3.2,2.15,"0-3","0-3",11,5,9,5,0,0,0,0,1,0,11,9,3,1,20,"1-0","Y","Y","N",0,0,4
"4136","I1",2025-09-21,"Fiorentina","Como",1,2,"A",1,0,"H",2.55,3.2,2.7,"1-0","1-2",8,1,19,7,4,3,0,0,2,6,16,19,3,8,35,"2-6","Y","Y","N",7,0,4
"4137","I1",2025-09-21,"Inter","Sassuolo",2,1,"H",1,0,"H",1.25,5.5,10.5,"1-0","2-1",20,6,9,5,2,1,0,0,7,3,15,8,3,10,23,"7-3","Y","Y","N",3,0,4
"4138","I1",2025-09-22,"Napoli","Pisa",3,2,"H",1,0,"H",1.22,5.5,13,"1-0","3-2",18,6,15,6,1,2,0,0,5,3,10,18,5,8,28,"5-3","Y","Y","Y",3,0,4
"4139","I1",2025-09-27,"Como","Cremonese",1,1,"D",1,0,"H",1.4,4.5,8,"1-0","1-1",14,6,9,2,3,4,1,0,4,3,16,17,2,7,33,"4-3","Y","N","N",7,1,5
"4140","I1",2025-09-27,"Juventus","Atalanta",1,1,"D",0,1,"A",1.83,3.6,4.2,"0-1","1-1",24,10,12,2,0,3,0,1,14,5,6,7,2,19,13,"14-5","Y","N","N",3,1,5
"4141","I1",2025-09-27,"Cagliari","Inter",0,2,"A",0,1,"A",6,4.1,1.53,"0-1","0-2",6,0,20,5,0,2,0,0,4,4,13,14,2,8,27,"4-4","Y","N","N",2,0,5
"4142","I1",2025-09-28,"Sassuolo","Udinese",3,1,"H",2,0,"H",2.25,3.25,3.1,"2-0","3-1",11,5,12,5,0,3,0,0,1,5,5,22,4,6,27,"1-5","Y","Y","Y",3,0,5
"4143","I1",2025-09-28,"Pisa","Fiorentina",0,0,"D",0,0,"D",3.3,3.13,2.2,"0-0","0-0",11,1,14,2,0,1,0,0,4,6,15,15,0,10,30,"4-6","N","N","N",1,0,5
"4144","I1",2025-09-28,"Roma","Verona",2,0,"H",1,0,"H",1.4,4.2,8,"1-0","2-0",10,5,12,3,0,4,0,0,8,1,11,19,2,9,30,"8-1","Y","N","N",4,0,5
"4145","I1",2025-09-28,"Lecce","Bologna",2,2,"D",1,1,"D",3.9,3.1,2,"1-1","2-2",12,4,14,5,4,2,0,0,3,9,13,13,4,12,26,"3-9","Y","Y","Y",6,0,5
"4146","I1",2025-09-28,"Milan","Napoli",2,1,"H",2,0,"H",2.3,3.2,3.1,"2-0","2-1",6,3,19,7,1,0,1,0,1,7,7,7,3,8,14,"1-7","Y","Y","N",1,1,5
"4147","I1",2025-09-29,"Parma","Torino",2,1,"H",1,0,"H",2.25,3,3.4,"1-0","2-1",13,2,15,4,3,3,0,0,4,3,10,12,3,7,22,"4-3","Y","Y","N",6,0,5
"4148","I1",2025-09-29,"Genoa","Lazio",0,3,"A",0,2,"A",2.9,3,2.55,"0-2","0-3",17,5,10,6,5,1,0,0,6,0,18,16,3,6,34,"6-0","Y","Y","N",6,0,5
"4149","I1",2025-10-03,"Verona","Sassuolo",0,1,"A",0,0,"D",2.4,3.2,3,"0-0","0-1",17,9,11,3,2,2,0,0,4,2,14,12,1,6,26,"4-2","N","N","N",4,0,6
"4150","I1",2025-10-04,"Lazio","Torino",3,3,"D",2,1,"H",1.7,3.6,5.25,"2-1","3-3",9,4,16,8,3,3,0,0,3,5,13,22,6,8,35,"3-5","Y","Y","Y",6,0,6
"4151","I1",2025-10-04,"Parma","Lecce",0,1,"A",0,1,"A",1.87,3.4,4.33,"0-1","0-1",10,2,7,3,1,2,0,0,4,9,16,16,1,13,32,"4-9","N","N","N",3,0,6
"4152","I1",2025-10-04,"Inter","Cremonese",4,1,"H",2,0,"H",1.17,7.5,15,"2-0","4-1",27,9,3,2,1,1,0,0,13,1,9,8,5,14,17,"13-1","Y","Y","Y",2,0,6
"4153","I1",2025-10-04,"Atalanta","Como",1,1,"D",1,1,"D",2.2,3.4,3.25,"1-1","1-1",16,4,12,4,1,3,0,0,8,3,10,19,2,11,29,"8-3","Y","N","N",4,0,6
"4154","I1",2025-10-05,"Udinese","Cagliari",1,1,"D",0,1,"A",2.15,3.2,3.4,"0-1","1-1",23,4,8,2,1,2,0,0,7,2,14,16,2,9,30,"7-2","Y","N","N",3,0,6
"4155","I1",2025-10-05,"Bologna","Pisa",4,0,"H",3,0,"H",1.6,3.6,5.75,"3-0","4-0",24,7,2,0,0,1,0,1,2,2,16,12,4,4,28,"2-2","Y","Y","Y",1,1,6
"4156","I1",2025-10-05,"Fiorentina","Roma",1,2,"A",1,2,"A",2.9,3.25,2.38,"1-2","1-2",11,3,8,3,2,3,0,0,3,4,19,21,3,7,40,"3-4","Y","Y","N",5,0,6
"4157","I1",2025-10-05,"Napoli","Genoa",2,1,"H",0,1,"A",1.45,4,7.5,"0-1","2-1",12,5,6,1,1,3,0,0,7,5,16,15,3,12,31,"7-5","Y","Y","N",4,0,6
"4158","I1",2025-10-05,"Juventus","Milan",0,0,"D",0,0,"D",2.6,3.25,2.63,"0-0","0-0",12,3,13,4,2,2,0,0,6,0,15,8,0,6,23,"6-0","N","N","N",4,0,6
"4159","I1",2025-10-18,"Lecce","Sassuolo",0,0,"D",0,0,"D",2.88,3.2,2.5,"0-0","0-0",11,2,9,2,2,2,0,0,6,4,16,14,0,10,30,"6-4","N","N","N",4,0,7
"4160","I1",2025-10-18,"Pisa","Verona",0,0,"D",0,0,"D",2.55,3.13,2.88,"0-0","0-0",7,0,15,3,4,2,0,0,3,8,8,14,0,11,22,"3-8","N","N","N",6,0,7
"4161","I1",2025-10-18,"Torino","Napoli",1,0,"H",1,0,"H",4.8,3.5,1.75,"1-0","1-0",12,2,22,5,1,2,0,0,3,11,9,9,1,14,18,"3-11","N","N","N",3,0,7
"4162","I1",2025-10-18,"Roma","Inter",0,1,"A",0,1,"A",3.2,3.3,2.25,"0-1","0-1",15,5,12,3,4,3,0,0,4,5,18,29,1,9,47,"4-5","N","N","N",7,0,7
"4163","I1",2025-10-19,"Como","Juventus",2,0,"H",1,0,"H",2.9,3.2,2.4,"1-0","2-0",12,6,15,3,3,1,0,0,4,1,17,15,2,5,32,"4-1","Y","N","N",4,0,7
"4164","I1",2025-10-19,"Cagliari","Bologna",0,2,"A",0,1,"A",3.5,3.2,2.1,"0-1","0-2",4,3,10,7,1,3,0,0,2,7,15,22,2,9,37,"2-7","Y","N","N",4,0,7
"4165","I1",2025-10-19,"Genoa","Parma",0,0,"D",0,0,"D",2.05,3.1,3.7,"0-0","0-0",23,7,1,0,2,5,0,1,3,0,15,13,0,3,28,"3-0","N","N","N",7,1,7
"4166","I1",2025-10-19,"Atalanta","Lazio",0,0,"D",0,0,"D",1.7,3.75,4.6,"0-0","0-0",16,6,4,1,4,0,0,0,7,1,10,5,0,8,15,"7-1","N","N","N",4,0,7
"4167","I1",2025-10-19,"Milan","Fiorentina",2,1,"H",0,0,"D",1.5,4.1,6,"0-0","2-1",14,4,5,1,3,3,0,0,1,3,14,12,3,4,26,"1-3","Y","Y","N",6,0,7
"4168","I1",2025-10-20,"Cremonese","Udinese",1,1,"D",1,0,"H",3,3.13,2.4,"1-0","1-1",11,4,8,1,4,2,0,0,5,4,15,14,2,9,29,"5-4","Y","N","N",6,0,7
"4169","I1",2025-10-24,"Milan","Pisa",2,2,"D",1,0,"H",1.29,5.25,11,"1-0","2-2",20,7,8,2,1,3,0,0,6,2,8,21,4,8,29,"6-2","Y","Y","Y",4,0,8
"4170","I1",2025-10-25,"Parma","Como",0,0,"D",0,0,"D",3.9,3.4,1.95,"0-0","0-0",10,3,6,2,0,1,0,0,3,3,7,14,0,6,21,"3-3","N","N","N",1,0,8
"4171","I1",2025-10-25,"Udinese","Lecce",3,2,"H",2,0,"H",1.8,3.5,4.6,"2-0","3-2",8,4,13,3,2,2,0,0,4,9,12,12,5,13,24,"4-9","Y","Y","Y",4,0,8
"4172","I1",2025-10-25,"Napoli","Inter",3,1,"H",1,0,"H",2.9,3.25,2.45,"1-0","3-1",7,3,15,3,2,1,0,0,1,4,15,10,4,5,25,"1-4","Y","Y","Y",3,0,8
"4173","I1",2025-10-25,"Cremonese","Atalanta",1,1,"D",0,0,"D",5.5,4,1.6,"0-0","1-1",9,5,20,6,3,1,0,0,2,10,6,8,2,12,14,"2-10","Y","N","N",4,0,8
"4174","I1",2025-10-26,"Torino","Genoa",2,1,"H",0,1,"A",2.25,3,3.4,"0-1","2-1",13,6,11,3,2,2,0,0,9,1,14,9,3,10,23,"9-1","Y","Y","N",4,0,8
"4175","I1",2025-10-26,"Sassuolo","Roma",0,1,"A",0,1,"A",4.2,3.4,1.83,"0-1","0-1",11,1,15,8,3,2,0,0,6,6,18,16,1,12,34,"6-6","N","N","N",5,0,8
"4176","I1",2025-10-26,"Verona","Cagliari",2,2,"D",1,0,"H",2.2,3.1,3.4,"1-0","2-2",10,6,7,3,3,4,0,0,3,2,16,12,4,5,28,"3-2","Y","Y","Y",7,0,8
"4177","I1",2025-10-26,"Fiorentina","Bologna",2,2,"D",0,1,"A",2.6,3.13,2.7,"0-1","2-2",19,7,6,3,3,5,0,1,5,6,13,20,4,11,33,"5-6","Y","Y","Y",8,1,8
"4178","I1",2025-10-26,"Lazio","Juventus",1,0,"H",1,0,"H",3.13,3.2,2.25,"1-0","1-0",13,3,14,5,2,4,0,0,2,5,11,18,1,7,29,"2-5","N","N","N",6,0,8
"4179","I1",2025-10-28,"Lecce","Napoli",0,1,"A",0,0,"D",7,3.8,1.53,"0-0","0-1",7,2,14,3,2,1,0,0,3,5,10,14,1,8,24,"3-5","N","N","N",3,0,9
"4180","I1",2025-10-28,"Atalanta","Milan",1,1,"D",1,1,"D",2.63,3.2,2.5,"1-1","1-1",17,3,6,1,1,3,0,0,9,4,9,8,2,13,17,"9-4","Y","N","N",4,0,9
"4181","I1",2025-10-29,"Como","Verona",3,1,"H",1,1,"D",1.6,3.6,6.5,"1-1","3-1",15,5,13,9,1,4,0,0,1,3,11,21,4,4,32,"1-3","Y","Y","Y",5,0,9
"4182","I1",2025-10-29,"Juventus","Udinese",3,1,"H",1,1,"D",1.44,4.33,7.5,"1-1","3-1",25,11,8,2,1,4,0,0,8,4,12,13,4,12,25,"8-4","Y","Y","Y",5,0,9
"4183","I1",2025-10-29,"Roma","Parma",2,1,"H",0,0,"D",1.5,4,7,"0-0","2-1",18,6,8,5,0,3,0,0,9,2,8,9,3,11,17,"9-2","Y","Y","N",3,0,9
"4184","I1",2025-10-29,"Bologna","Torino",0,0,"D",0,0,"D",1.75,3.5,5,"0-0","0-0",11,2,8,2,2,3,0,0,3,3,11,20,0,6,31,"3-3","N","N","N",5,0,9
"4185","I1",2025-10-29,"Genoa","Cremonese",0,2,"A",0,1,"A",1.83,3.3,4.75,"0-1","0-2",16,1,12,4,3,1,0,0,7,3,16,13,2,10,29,"7-3","Y","N","N",4,0,9
"4186","I1",2025-10-29,"Inter","Fiorentina",3,0,"H",0,0,"D",1.36,4.8,8.5,"0-0","3-0",22,8,10,2,1,2,0,1,8,5,11,16,3,13,27,"8-5","Y","Y","N",3,1,9
"4187","I1",2025-10-30,"Cagliari","Sassuolo",1,2,"A",0,0,"D",2.5,3.2,2.75,"0-0","1-2",8,1,12,4,4,4,0,0,6,7,20,21,3,13,41,"6-7","Y","Y","N",8,0,9
"4188","I1",2025-10-30,"Pisa","Lazio",0,0,"D",0,0,"D",3.5,3.2,2.1,"0-0","0-0",10,2,11,6,2,2,0,0,3,1,16,12,0,4,28,"3-1","N","N","N",4,0,9
"4189","I1",2025-11-01,"Udinese","Atalanta",1,0,"H",1,0,"H",4.33,3.7,1.8,"1-0","1-0",11,5,5,0,1,3,0,0,5,4,14,11,1,9,25,"5-4","N","N","N",4,0,10
"4190","I1",2025-11-01,"Napoli","Como",0,0,"D",0,0,"D",1.95,3.25,4.2,"0-0","0-0",13,8,13,2,3,2,0,0,4,2,15,16,0,6,31,"4-2","N","N","N",5,0,10
"4191","I1",2025-11-01,"Cremonese","Juventus",1,2,"A",0,1,"A",7,4.1,1.5,"0-1","1-2",9,2,15,5,1,0,0,0,2,3,10,14,3,5,24,"2-3","Y","Y","N",1,0,10
"4192","I1",2025-11-02,"Verona","Inter",1,2,"A",1,1,"D",7.5,4.4,1.4,"1-1","1-2",8,2,21,6,2,1,0,0,4,8,15,4,3,12,19,"4-8","Y","Y","N",3,0,10
"4193","I1",2025-11-02,"Fiorentina","Lecce",0,1,"A",0,1,"A",1.62,3.6,5.5,"0-1","0-1",15,4,11,4,4,1,0,0,4,4,14,21,1,8,35,"4-4","N","N","N",5,0,10
"4194","I1",2025-11-02,"Torino","Pisa",2,2,"D",2,2,"D",1.93,3.25,4,"2-2","2-2",15,3,11,3,2,1,0,0,4,2,14,8,4,6,22,"4-2","Y","Y","Y",3,0,10
"4195","I1",2025-11-02,"Parma","Bologna",1,3,"A",1,1,"D",3.75,3.13,2.05,"1-1","1-3",7,1,22,6,3,2,1,0,1,5,16,15,4,6,31,"1-5","Y","Y","Y",5,1,10
"4196","I1",2025-11-02,"Milan","Roma",1,0,"H",1,0,"H",2.1,3.2,3.5,"1-0","1-0",17,8,20,6,1,5,0,0,7,8,12,13,1,15,25,"7-8","N","N","N",6,0,10
"4197","I1",2025-11-03,"Sassuolo","Genoa",1,2,"A",0,1,"A",2.4,3.1,3,"0-1","1-2",13,4,16,5,1,3,0,0,3,7,13,13,3,10,26,"3-7","Y","Y","N",4,0,10
"4198","I1",2025-11-03,"Lazio","Cagliari",2,0,"H",0,0,"D",1.53,3.9,6,"0-0","2-0",8,3,17,5,0,2,0,0,7,5,8,18,2,12,26,"7-5","Y","N","N",2,0,10
"4199","I1",2025-11-07,"Pisa","Cremonese",1,0,"H",0,0,"D",2.25,3,3.5,"0-0","1-0",14,6,13,3,4,2,0,0,4,5,11,17,1,9,28,"4-5","N","N","N",6,0,11
"4200","I1",2025-11-08,"Como","Cagliari",0,0,"D",0,0,"D",1.45,4.2,7,"0-0","0-0",10,6,4,2,3,1,0,0,10,0,21,15,0,10,36,"10-0","N","N","N",4,0,11
"4201","I1",2025-11-08,"Lecce","Verona",0,0,"D",0,0,"D",2.7,2.88,2.9,"0-0","0-0",11,6,5,2,1,4,0,0,7,2,10,18,0,9,28,"7-2","N","N","N",5,0,11
"4202","I1",2025-11-08,"Juventus","Torino",0,0,"D",0,0,"D",1.5,4,7,"0-0","0-0",22,6,8,3,0,1,0,0,6,2,9,4,0,8,13,"6-2","N","N","N",1,0,11
"4203","I1",2025-11-08,"Parma","Milan",2,2,"D",1,2,"A",6,3.9,1.57,"1-2","2-2",14,4,10,5,1,1,0,0,4,3,14,10,4,7,24,"4-3","Y","Y","Y",2,0,11
"4204","I1",2025-11-09,"Atalanta","Sassuolo",0,3,"A",0,1,"A",1.4,4.5,7,"0-1","0-3",14,2,8,4,0,2,0,0,4,1,9,8,3,5,17,"4-1","Y","Y","N",2,0,11
"4205","I1",2025-11-09,"Bologna","Napoli",2,0,"H",0,0,"D",2.9,2.9,2.6,"0-0","2-0",11,4,4,1,1,3,0,0,5,4,14,15,2,9,29,"5-4","Y","N","N",4,0,11
"4206","I1",2025-11-09,"Genoa","Fiorentina",2,2,"D",1,1,"D",2.7,3,2.7,"1-1","2-2",10,6,7,3,2,3,0,0,3,7,20,15,4,10,35,"3-7","Y","Y","Y",5,0,11
"4207","I1",2025-11-09,"Roma","Udinese",2,0,"H",1,0,"H",1.53,3.9,6,"1-0","2-0",13,4,10,4,2,1,0,0,3,4,13,14,2,7,27,"3-4","Y","N","N",3,0,11
"4208","I1",2025-11-09,"Inter","Lazio",2,0,"H",1,0,"H",1.33,4.8,8.5,"1-0","2-0",8,3,8,5,3,1,0,0,3,1,26,11,2,4,37,"3-1","Y","N","N",4,0,11
"4209","I1",2025-11-22,"Cagliari","Genoa",3,3,"D",2,2,"D",2.8,3,2.7,"2-2","3-3",11,5,13,8,4,3,0,1,6,2,22,16,6,8,38,"6-2","Y","Y","Y",7,1,12
"4210","I1",2025-11-22,"Udinese","Bologna",0,3,"A",0,0,"D",3.6,3.25,2.1,"0-0","0-3",12,3,10,5,0,1,0,0,7,2,19,16,3,9,35,"7-2","Y","Y","N",1,0,12
"4211","I1",2025-11-22,"Fiorentina","Juventus",1,1,"D",0,1,"A",3.75,3.4,2,"0-1","1-1",11,2,17,4,2,3,0,0,7,3,11,18,2,10,29,"7-3","Y","N","N",5,0,12
"4212","I1",2025-11-22,"Napoli","Atalanta",3,1,"H",3,0,"H",2.2,3.3,3.3,"3-0","3-1",11,6,14,3,1,2,0,0,5,3,11,12,4,8,23,"5-3","Y","Y","Y",3,0,12
"4213","I1",2025-11-23,"Verona","Parma",1,2,"A",0,1,"A",2.25,3.1,3.3,"0-1","1-2",10,2,15,7,4,3,0,0,4,4,24,6,3,8,30,"4-4","Y","Y","N",7,0,12
"4214","I1",2025-11-23,"Cremonese","Roma",1,3,"A",0,1,"A",5.5,3.7,1.6,"0-1","1-3",9,4,12,6,2,2,0,0,3,5,12,16,4,8,28,"3-5","Y","Y","Y",4,0,12
"4215","I1",2025-11-23,"Lazio","Lecce",2,0,"H",1,0,"H",1.6,3.6,5.75,"1-0","2-0",19,9,5,1,1,1,0,0,8,2,8,13,2,10,21,"8-2","Y","N","N",2,0,12
"4216","I1",2025-11-23,"Inter","Milan",0,1,"A",0,0,"D",1.93,3.5,3.7,"0-0","0-1",20,6,7,3,1,2,0,0,9,1,7,9,1,10,16,"9-1","N","N","N",3,0,12
"4217","I1",2025-11-24,"Torino","Como",1,5,"A",1,1,"D",3.3,3.13,2.2,"1-1","1-5",10,2,15,7,0,1,0,0,3,4,6,9,6,7,15,"3-4","Y","Y","Y",1,0,12
"4218","I1",2025-11-24,"Sassuolo","Pisa",2,2,"D",1,1,"D",2.05,3.25,3.6,"1-1","2-2",22,7,10,3,2,1,0,0,5,2,10,10,4,7,20,"5-2","Y","Y","Y",3,0,12
"4219","I1",2025-11-28,"Como","Sassuolo",2,0,"H",1,0,"H",1.7,3.75,4.8,"1-0","2-0",18,13,12,5,2,1,0,0,4,4,11,7,2,8,18,"4-4","Y","N","N",3,0,13
"4220","I1",2025-11-29,"Genoa","Verona",2,1,"H",1,1,"D",2.05,3,4.1,"1-1","2-1",15,4,13,5,1,3,0,0,2,3,9,19,3,5,28,"2-3","Y","Y","N",4,0,13
"4221","I1",2025-11-29,"Parma","Udinese",0,2,"A",0,1,"A",2.63,3.2,2.75,"0-1","0-2",17,2,14,5,1,2,1,1,5,9,6,19,2,14,25,"5-9","Y","N","N",3,2,13
"4222","I1",2025-11-29,"Juventus","Cagliari",2,1,"H",2,1,"H",1.3,5,11,"2-1","2-1",14,6,5,3,1,5,0,0,1,6,16,16,3,7,32,"1-6","Y","Y","N",6,0,13
"4223","I1",2025-11-29,"Milan","Lazio",1,0,"H",0,0,"D",1.62,3.75,5.75,"0-0","1-0",16,4,9,4,3,3,0,0,1,4,10,12,1,5,22,"1-4","N","N","N",6,0,13
"4224","I1",2025-11-30,"Lecce","Torino",2,1,"H",2,0,"H",2.9,3,2.55,"2-0","2-1",10,2,15,6,2,3,0,0,6,6,16,22,3,12,38,"6-6","Y","Y","N",5,0,13
"4225","I1",2025-11-30,"Pisa","Inter",0,2,"A",0,0,"D",10,5,1.29,"0-0","0-2",10,2,14,3,2,1,0,0,4,6,13,15,2,10,28,"4-6","Y","N","N",3,0,13
"4226","I1",2025-11-30,"Atalanta","Fiorentina",2,0,"H",1,0,"H",1.67,3.75,4.75,"1-0","2-0",21,9,15,3,1,3,0,0,4,5,15,10,2,9,25,"4-5","Y","N","N",4,0,13
"4227","I1",2025-11-30,"Roma","Napoli",0,1,"A",0,1,"A",2.55,2.88,3,"0-1","0-1",8,2,8,5,4,3,0,0,4,2,14,13,1,6,27,"4-2","N","N","N",7,0,13
"4228","I1",2025-12-01,"Bologna","Cremonese",1,3,"A",1,2,"A",1.44,4,7.5,"1-2","1-3",29,7,10,5,0,2,0,0,13,8,13,12,4,21,25,"13-8","Y","Y","Y",2,0,13
"4229","I1",2025-12-06,"Sassuolo","Fiorentina",3,1,"H",2,1,"H",2.9,3.1,2.55,"2-1","3-1",13,5,9,1,2,3,0,0,7,1,15,15,4,8,30,"7-1","Y","Y","Y",5,0,14
"4230","I1",2025-12-06,"Inter","Como",4,0,"H",1,0,"H",1.5,4.2,6.5,"1-0","4-0",11,7,15,3,1,2,0,0,7,4,16,13,4,11,29,"7-4","Y","Y","Y",3,0,14
"4231","I1",2025-12-06,"Verona","Atalanta",3,1,"H",2,0,"H",5.25,3.8,1.65,"2-0","3-1",12,7,12,5,2,1,0,0,5,5,14,7,4,10,21,"5-5","Y","Y","Y",3,0,14
"4232","I1",2025-12-07,"Cremonese","Lecce",2,0,"H",0,0,"D",2.38,3,3.1,"0-0","2-0",11,4,9,1,1,2,0,0,5,5,15,12,2,10,27,"5-5","Y","N","N",3,0,14
"4233","I1",2025-12-07,"Cagliari","Roma",1,0,"H",0,0,"D",5.25,3.5,1.65,"0-0","1-0",15,8,6,2,2,1,0,1,4,1,18,16,1,5,34,"4-1","N","N","N",3,1,14
"4234","I1",2025-12-07,"Lazio","Bologna",1,1,"D",1,1,"D",2.55,3,2.88,"1-1","1-1",16,9,13,6,4,3,1,0,7,3,13,18,2,10,31,"7-3","Y","N","N",7,1,14
"4235","I1",2025-12-07,"Napoli","Juventus",2,1,"H",1,0,"H",2.38,2.9,3.25,"1-0","2-1",9,4,5,2,2,1,0,0,9,0,6,15,3,9,21,"9-0","Y","Y","N",3,0,14
"4236","I1",2025-12-08,"Pisa","Parma",0,1,"A",0,1,"A",2.38,3,3.1,"0-1","0-1",14,2,9,2,2,2,1,0,6,0,15,7,1,6,22,"6-0","N","N","N",4,1,14
"4237","I1",2025-12-08,"Udinese","Genoa",1,2,"A",0,1,"A",2.4,3,3.1,"0-1","1-2",23,6,12,6,1,0,0,0,6,2,16,12,3,8,28,"6-2","Y","Y","N",1,0,14
"4238","I1",2025-12-08,"Torino","Milan",2,3,"A",2,1,"H",4.6,3.5,1.75,"2-1","2-3",8,4,17,6,2,1,0,0,2,4,16,7,5,6,23,"2-4","Y","Y","Y",3,0,14
"4239","I1",2025-12-12,"Lecce","Pisa",1,0,"H",0,0,"D",2.5,2.8,3.3,"0-0","1-0",21,3,5,0,2,1,0,0,12,1,17,6,1,13,23,"12-1","N","N","N",3,0,15
"4240","I1",2025-12-13,"Torino","Cremonese",1,0,"H",1,0,"H",2,3.3,3.9,"1-0","1-0",18,6,10,3,1,2,0,0,6,6,20,13,1,12,33,"6-6","N","N","N",3,0,15
"4241","I1",2025-12-13,"Parma","Lazio",0,1,"A",0,0,"D",3.6,3.25,2.1,"0-0","0-1",19,5,15,5,2,1,0,2,4,4,14,8,1,8,22,"4-4","N","N","N",3,2,15
"4242","I1",2025-12-13,"Atalanta","Cagliari",2,1,"H",1,0,"H",1.3,5.25,10,"1-0","2-1",17,8,8,1,1,2,0,0,5,4,13,15,3,9,28,"5-4","Y","Y","N",3,0,15
"4243","I1",2025-12-14,"Milan","Sassuolo",2,2,"D",1,1,"D",1.4,4.4,7.5,"1-1","2-2",13,5,8,3,1,3,0,0,7,3,12,12,4,10,24,"7-3","Y","Y","Y",4,0,15
"4244","I1",2025-12-14,"Fiorentina","Verona",1,2,"A",0,1,"A",1.8,3.4,4.5,"0-1","1-2",20,4,13,3,1,5,0,0,9,4,10,22,3,13,32,"9-4","Y","Y","N",6,0,15
"4245","I1",2025-12-14,"Udinese","Napoli",1,0,"H",0,0,"D",4.4,3.3,1.83,"0-0","1-0",18,5,7,0,1,0,0,0,1,3,16,9,1,4,25,"1-3","N","N","N",1,0,15
"4246","I1",2025-12-14,"Genoa","Inter",1,2,"A",0,2,"A",6.5,3.9,1.5,"0-2","1-2",5,3,18,8,2,3,0,0,1,6,10,20,3,7,30,"1-6","Y","Y","N",5,0,15
"4247","I1",2025-12-14,"Bologna","Juventus",0,1,"A",0,0,"D",2.8,3.13,2.5,"0-0","0-1",11,4,13,3,3,1,1,0,3,4,10,11,1,7,21,"3-4","N","N","N",4,1,15
"4248","I1",2025-12-15,"Roma","Como",1,0,"H",0,0,"D",2.15,3.2,3.4,"0-0","1-0",14,4,13,1,3,3,0,0,6,3,16,8,1,9,24,"6-3","N","N","N",6,0,15
"4249","I1",2025-12-20,"Lazio","Cremonese",0,0,"D",0,0,"D",1.62,3.8,5.75,"0-0","0-0",8,2,9,2,4,3,0,1,3,0,13,21,0,3,34,"3-0","N","N","N",7,1,16
"4250","I1",2025-12-20,"Juventus","Roma",2,1,"H",1,0,"H",1.95,3.3,4.1,"1-0","2-1",13,9,14,5,2,3,0,0,2,4,14,13,3,6,27,"2-4","Y","Y","N",5,0,16
"4251","I1",2025-12-21,"Cagliari","Pisa",2,2,"D",0,1,"A",2.15,3.1,3.5,"0-1","2-2",14,5,15,3,3,2,0,0,2,6,15,20,4,8,35,"2-6","Y","Y","Y",5,0,16
"4252","I1",2025-12-21,"Sassuolo","Torino",0,1,"A",0,0,"D",2.3,3.13,3.1,"0-0","0-1",7,1,10,5,3,1,0,0,2,3,15,17,1,5,32,"2-3","N","N","N",4,0,16
"4253","I1",2025-12-21,"Fiorentina","Udinese",5,1,"H",3,0,"H",2.15,3.25,3.3,"3-0","5-1",20,7,11,4,3,1,0,1,1,4,10,8,6,5,18,"1-4","Y","Y","Y",4,1,16
"4254","I1",2025-12-21,"Genoa","Atalanta",0,1,"A",0,0,"D",3.9,3.3,1.93,"0-0","0-1",6,3,16,4,1,2,1,0,6,10,11,19,1,16,30,"6-10","N","N","N",3,1,16
"4255","I1",2025-12-27,"Parma","Fiorentina",1,0,"H",0,0,"D",3.4,3,2.25,"0-0","1-0",13,2,23,4,2,2,0,0,5,6,10,15,1,11,25,"5-6","N","N","N",4,0,16
"4256","I1",2025-12-27,"Lecce","Como",0,3,"A",0,1,"A",4.6,3.3,1.8,"0-1","0-3",11,5,12,6,2,4,0,0,4,6,10,23,3,10,33,"4-6","Y","Y","N",6,0,16
"4257","I1",2025-12-27,"Torino","Cagliari",1,2,"A",1,1,"D",1.93,3.13,4.2,"1-1","1-2",19,10,9,4,3,0,0,0,6,2,14,13,3,8,27,"6-2","Y","Y","N",3,0,16
"4258","I1",2025-12-27,"Udinese","Lazio",1,1,"D",0,0,"D",3.1,3,2.4,"0-0","1-1",15,4,14,2,3,4,0,0,5,6,19,14,2,11,33,"5-6","Y","N","N",7,0,16
"4259","I1",2025-12-27,"Pisa","Juventus",0,2,"A",0,0,"D",7,4.1,1.45,"0-0","0-2",8,0,15,7,4,1,0,0,2,8,10,12,2,10,22,"2-8","Y","N","N",5,0,17
"4260","I1",2025-12-28,"Milan","Verona",3,0,"H",1,0,"H",1.36,4.6,8.5,"1-0","3-0",11,5,9,1,0,1,0,0,7,3,5,15,3,10,20,"7-3","Y","Y","N",1,0,17
"4261","I1",2025-12-28,"Cremonese","Napoli",0,2,"A",0,2,"A",6.5,3.8,1.53,"0-2","0-2",6,2,22,8,2,2,0,0,1,10,13,8,2,11,21,"1-10","Y","N","N",4,0,17
"4262","I1",2025-12-28,"Bologna","Sassuolo",1,1,"D",0,0,"D",1.73,3.6,4.6,"0-0","1-1",16,6,8,5,2,3,0,0,2,3,18,19,2,5,37,"2-3","Y","N","N",5,0,17
"4263","I1",2025-12-28,"Atalanta","Inter",0,1,"A",0,0,"D",3.4,3.6,2,"0-0","0-1",7,0,15,4,2,1,0,0,4,7,8,12,1,11,20,"4-7","N","N","N",3,0,17
"4264","I1",2025-12-29,"Roma","Genoa",3,1,"H",3,0,"H",1.6,3.5,6,"3-0","3-1",16,8,10,2,0,1,0,0,6,1,13,13,4,7,26,"6-1","Y","Y","Y",1,0,17
"4265","I1",2026-01-02,"Cagliari","Milan",0,1,"A",0,0,"D",6.5,3.9,1.55,"0-0","0-1",6,1,11,4,2,1,0,0,6,7,10,8,1,13,18,"6-7","N","N","N",3,0,17
"4266","I1",2026-01-03,"Como","Udinese",1,0,"H",1,0,"H",1.7,3.7,5,"1-0","1-0",15,3,4,1,1,3,0,0,3,2,12,15,1,5,27,"3-2","N","N","N",4,0,17
"4267","I1",2026-01-03,"Genoa","Pisa",1,1,"D",1,1,"D",1.87,3.25,4.6,"1-1","1-1",12,4,10,2,1,3,0,0,2,7,9,17,2,9,26,"2-7","Y","N","N",4,0,17
"4268","I1",2026-01-03,"Sassuolo","Parma",1,1,"D",1,1,"D",1.91,3.4,4.1,"1-1","1-1",11,3,16,5,2,1,0,0,4,7,12,7,2,11,19,"4-7","Y","N","N",3,0,17
"4269","I1",2026-01-03,"Juventus","Lecce",1,1,"D",0,1,"A",1.25,5.5,13,"0-1","1-1",25,5,6,1,0,3,0,0,10,1,6,7,2,11,13,"10-1","Y","N","N",3,0,18
"4270","I1",2026-01-03,"Atalanta","Roma",1,0,"H",1,0,"H",2.25,3.3,3.2,"1-0","1-0",13,2,10,4,1,2,0,0,7,5,16,15,1,12,31,"7-5","N","N","N",3,0,18
"4271","I1",2026-01-04,"Lazio","Napoli",0,2,"A",0,2,"A",3.3,3,2.3,"0-2","0-2",5,0,14,3,5,1,2,1,2,6,10,13,2,8,23,"2-6","Y","N","N",6,3,18
"4272","I1",2026-01-04,"Fiorentina","Cremonese",1,0,"H",0,0,"D",1.73,3.6,4.6,"0-0","1-0",22,8,6,2,1,2,0,0,7,3,10,19,1,10,29,"7-3","N","N","N",3,0,18
"4273","I1",2026-01-04,"Verona","Torino",0,3,"A",0,1,"A",2.55,3,2.8,"0-1","0-3",7,3,21,5,0,2,0,0,4,7,13,7,3,11,20,"4-7","Y","Y","N",2,0,18
"4274","I1",2026-01-04,"Inter","Bologna",3,1,"H",1,0,"H",1.36,4.6,8,"1-0","3-1",19,10,6,2,3,3,0,0,7,1,20,21,4,8,41,"7-1","Y","Y","Y",6,0,18
"4275","I1",2026-01-06,"Pisa","Como",0,3,"A",0,0,"D",5,3.6,1.73,"0-0","0-3",10,4,15,7,2,2,0,0,1,5,9,13,3,6,22,"1-5","Y","Y","N",4,0,18
"4276","I1",2026-01-06,"Lecce","Roma",0,2,"A",0,1,"A",5.25,3.5,1.7,"0-1","0-2",6,1,10,3,3,1,0,0,2,2,10,20,2,4,30,"2-2","Y","N","N",4,0,18
"4277","I1",2026-01-06,"Sassuolo","Juventus",0,3,"A",0,1,"A",5,3.8,1.67,"0-1","0-3",7,2,17,10,0,0,0,0,5,5,3,12,3,10,15,"5-5","Y","Y","N",0,0,18
"4278","I1",2026-01-07,"Bologna","Atalanta",0,2,"A",0,1,"A",2.7,3.4,2.55,"0-1","0-2",11,2,11,5,0,0,0,0,6,6,16,15,2,12,31,"6-6","Y","N","N",0,0,18
"4279","I1",2026-01-07,"Napoli","Verona",2,2,"D",0,2,"A",1.33,4.75,10,"0-2","2-2",15,4,11,4,0,3,0,0,6,1,7,15,4,7,22,"6-1","Y","Y","Y",3,0,19
"4280","I1",2026-01-07,"Lazio","Fiorentina",2,2,"D",0,0,"D",2.38,3.2,3.1,"0-0","2-2",17,9,8,5,3,5,0,0,8,2,11,15,4,10,26,"8-2","Y","Y","Y",8,0,19
"4281","I1",2026-01-07,"Parma","Inter",0,2,"A",0,1,"A",8,5,1.36,"0-1","0-2",4,0,26,8,0,3,0,0,1,3,4,20,2,4,24,"1-3","Y","N","N",3,0,19
"4282","I1",2026-01-07,"Torino","Udinese",1,2,"A",0,0,"D",2.3,3.2,3.2,"0-0","1-2",10,4,9,4,2,1,0,0,3,6,16,8,3,9,24,"3-6","Y","Y","N",3,0,19
"4283","I1",2026-01-08,"Cremonese","Cagliari",2,2,"D",2,0,"H",2.38,3,3.13,"2-0","2-2",12,5,21,5,2,2,0,0,2,4,16,12,4,6,28,"2-4","Y","Y","Y",4,0,19
"4284","I1",2026-01-08,"Milan","Genoa",1,1,"D",0,1,"A",1.4,4.2,8,"0-1","1-1",32,8,7,2,4,1,0,0,12,1,12,8,2,13,20,"12-1","Y","N","N",5,0,19
"4285","I1",2026-01-10,"Como","Bologna",1,1,"D",0,0,"D",1.95,3.4,3.9,"0-0","1-1",12,3,7,2,3,3,0,1,4,2,14,3,2,6,17,"4-2","Y","N","N",6,1,19
"4286","I1",2026-01-10,"Udinese","Pisa",2,2,"D",2,1,"H",1.83,3.4,4.6,"2-1","2-2",11,2,14,7,1,4,0,0,3,8,13,16,4,11,29,"3-8","Y","Y","Y",5,0,19
"4287","I1",2026-01-10,"Roma","Sassuolo",2,0,"H",0,0,"D",1.53,4,6.5,"0-0","2-0",26,6,5,3,2,2,0,0,5,2,15,16,2,7,31,"5-2","Y","N","N",4,0,19
"4288","I1",2026-01-10,"Atalanta","Torino",2,0,"H",1,0,"H",1.57,4,5.75,"1-0","2-0",18,5,10,3,1,2,0,0,5,4,14,17,2,9,31,"5-4","Y","N","N",3,0,19
"4289","I1",2026-01-11,"Lecce","Parma",1,2,"A",1,0,"H",2.63,3,2.75,"1-0","1-2",10,1,12,2,3,1,2,0,3,3,16,17,3,6,33,"3-3","Y","Y","N",4,2,20
"4290","I1",2026-01-11,"Fiorentina","Milan",1,1,"D",0,0,"D",3.6,3.4,2,"0-0","1-1",20,7,13,3,2,3,0,0,8,5,10,14,2,13,24,"8-5","Y","N","N",5,0,20
"4291","I1",2026-01-11,"Verona","Lazio",0,1,"A",0,0,"D",3.4,2.9,2.3,"0-0","0-1",10,2,11,2,2,1,0,0,2,1,12,7,1,3,19,"2-1","N","N","N",3,0,20
"4292","I1",2026-01-11,"Inter","Napoli",2,2,"D",1,1,"D",1.7,3.6,4.8,"1-1","2-2",13,4,7,3,0,1,0,0,4,1,12,11,4,5,23,"4-1","Y","Y","Y",1,0,20
"4293","I1",2026-01-12,"Genoa","Cagliari",3,0,"H",1,0,"H",2.05,3.1,3.8,"1-0","3-0",11,7,15,3,2,5,0,0,2,3,17,20,3,5,37,"2-3","Y","Y","N",7,0,20
"4294","I1",2026-01-12,"Juventus","Cremonese",5,0,"H",3,0,"H",1.2,5.75,13,"3-0","5-0",18,11,9,2,0,1,0,0,4,5,16,8,5,9,24,"4-5","Y","Y","Y",1,0,20
"4295","I1",2026-01-14,"Napoli","Parma",0,0,"D",0,0,"D",1.3,5,11,"0-0","0-0",16,4,4,1,1,3,0,0,7,1,11,12,0,8,23,"7-1","N","N","N",4,0,20
"4296","I1",2026-01-14,"Inter","Lecce",1,0,"H",0,0,"D",1.11,8.5,23,"0-0","1-0",21,7,10,1,2,1,0,0,11,3,11,14,1,14,25,"11-3","N","N","N",3,0,20
"4297","I1",2026-01-15,"Verona","Bologna",2,3,"A",1,3,"A",3.5,3.2,2.1,"1-3","2-3",15,5,14,5,1,2,0,0,4,5,13,14,5,9,27,"4-5","Y","Y","Y",3,0,20
"4298","I1",2026-01-15,"Como","Milan",1,3,"A",1,1,"D",2.88,3.25,2.4,"1-1","1-3",18,8,7,4,1,0,0,0,8,4,7,5,4,12,12,"8-4","Y","Y","Y",1,0,20
"4299","I1",2026-01-16,"Pisa","Atalanta",1,1,"D",0,0,"D",6,4.1,1.53,"0-0","1-1",14,6,9,4,1,2,0,0,10,1,12,11,2,11,23,"10-1","Y","N","N",3,0,21
"4300","I1",2026-01-17,"Udinese","Inter",0,1,"A",0,1,"A",7.5,4.75,1.4,"0-1","0-1",5,1,14,5,0,1,0,0,2,5,17,11,1,7,28,"2-5","N","N","N",1,0,21
"4301","I1",2026-01-17,"Napoli","Sassuolo",1,0,"H",1,0,"H",1.45,4.2,7.5,"1-0","1-0",11,4,21,4,0,3,0,0,5,4,10,11,1,9,21,"5-4","N","N","N",3,0,21
"4302","I1",2026-01-17,"Cagliari","Juventus",1,0,"H",0,0,"D",7,4,1.5,"0-0","1-0",3,1,21,5,0,1,0,0,1,18,16,12,1,19,28,"1-18","N","N","N",1,0,21
"4303","I1",2026-01-18,"Parma","Genoa",0,0,"D",0,0,"D",2.8,2.7,2.88,"0-0","0-0",14,2,11,3,3,2,0,0,7,3,13,18,0,10,31,"7-3","N","N","N",5,0,21
"4304","I1",2026-01-18,"Bologna","Fiorentina",1,2,"A",0,2,"A",2.15,3.3,3.25,"0-2","1-2",18,3,11,4,3,0,0,0,7,1,14,13,3,8,27,"7-1","Y","Y","N",3,0,21
"4305","I1",2026-01-18,"Torino","Roma",0,2,"A",0,1,"A",3.5,3.2,2.1,"0-1","0-2",8,4,14,5,2,1,0,0,2,1,13,9,2,3,22,"2-1","Y","N","N",3,0,21
"4306","I1",2026-01-18,"Milan","Lecce",1,0,"H",0,0,"D",1.25,5.25,12,"0-0","1-0",20,6,4,0,1,1,0,0,10,2,9,11,1,12,20,"10-2","N","N","N",2,0,21
"4307","I1",2026-01-19,"Cremonese","Verona",0,0,"D",0,0,"D",2.45,3.1,2.9,"0-0","0-0",7,1,11,4,3,0,0,0,3,6,13,13,0,9,26,"3-6","N","N","N",3,0,21
"4308","I1",2026-01-19,"Lazio","Como",0,3,"A",0,2,"A",2.55,3.1,2.8,"0-2","0-3",8,4,11,6,4,3,0,0,3,2,14,9,3,5,23,"3-2","Y","Y","N",7,0,21
"4309","I1",2026-01-23,"Inter","Pisa",6,2,"H",3,2,"H",1.15,7.5,17,"3-2","6-2",34,14,8,3,2,3,0,0,7,5,8,11,8,12,19,"7-5","Y","Y","Y",5,0,22
"4310","I1",2026-01-24,"Como","Torino",6,0,"H",2,0,"H",1.65,3.75,5.5,"2-0","6-0",17,7,7,1,0,1,0,0,2,1,9,15,6,3,24,"2-1","Y","Y","Y",1,0,22
"4311","I1",2026-01-24,"Fiorentina","Cagliari",1,2,"A",0,1,"A",1.62,3.9,5.5,"0-1","1-2",15,3,10,6,2,3,0,0,8,3,11,17,3,11,28,"8-3","Y","Y","N",5,0,22
"4312","I1",2026-01-24,"Lecce","Lazio",0,0,"D",0,0,"D",3.9,3.1,2.1,"0-0","0-0",15,2,6,1,2,1,0,0,4,1,16,6,0,5,22,"4-1","N","N","N",3,0,22
"4313","I1",2026-01-25,"Sassuolo","Cremonese",1,0,"H",1,0,"H",1.91,3.3,4,"1-0","1-0",13,7,10,4,1,2,0,0,3,5,13,14,1,8,27,"3-5","N","N","N",3,0,22
"4314","I1",2026-01-25,"Atalanta","Parma",4,0,"H",2,0,"H",1.4,4.5,7.5,"2-0","4-0",21,9,15,2,1,0,0,0,6,9,14,8,4,15,22,"6-9","Y","Y","Y",1,0,22
"4315","I1",2026-01-25,"Genoa","Bologna",3,2,"H",0,1,"A",2.88,3.1,2.5,"0-1","3-2",8,6,13,3,2,2,0,1,5,2,14,17,5,7,31,"5-2","Y","Y","Y",4,1,22
"4316","I1",2026-01-25,"Juventus","Napoli",3,0,"H",1,0,"H",2.05,3.1,3.8,"1-0","3-0",12,6,9,1,1,2,0,0,2,2,21,11,3,4,32,"2-2","Y","Y","N",3,0,22
"4317","I1",2026-01-25,"Roma","Milan",1,1,"D",0,0,"D",2.6,3,2.8,"0-0","1-1",15,7,5,2,0,4,0,0,5,3,15,11,2,8,26,"5-3","Y","N","N",4,0,22
"4318","I1",2026-01-26,"Verona","Udinese",1,3,"A",1,1,"D",2.7,3,2.7,"1-1","1-3",7,4,20,7,2,0,0,0,3,8,8,11,4,11,19,"3-8","Y","Y","Y",2,0,22
"4319","I1",2026-01-30,"Lazio","Genoa",3,2,"H",0,0,"D",2.15,3,3.8,"0-0","3-2",14,4,16,4,2,3,0,0,5,3,12,12,5,8,24,"5-3","Y","Y","Y",5,0,23
"4320","I1",2026-01-31,"Pisa","Sassuolo",1,3,"A",0,2,"A",2.8,3.2,2.55,"0-2","1-3",15,6,21,5,3,3,0,0,2,5,13,8,4,7,21,"2-5","Y","Y","Y",6,0,23
"4321","I1",2026-01-31,"Napoli","Fiorentina",2,1,"H",1,0,"H",1.8,3.6,4.5,"1-0","2-1",19,6,15,5,1,1,0,0,4,4,21,13,3,8,34,"4-4","Y","Y","N",2,0,23
"4322","I1",2026-01-31,"Cagliari","Verona",4,0,"H",2,0,"H",2.15,3.13,3.6,"2-0","4-0",13,7,9,3,0,2,0,1,6,3,9,14,4,9,23,"6-3","Y","Y","Y",2,1,23
"4323","I1",2026-02-01,"Torino","Lecce",1,0,"H",1,0,"H",1.95,3.13,4.1,"1-0","1-0",17,5,14,2,2,2,0,0,3,8,14,12,1,11,26,"3-8","N","N","N",4,0,23
"4324","I1",2026-02-01,"Como","Atalanta",0,0,"D",0,0,"D",2.3,3.3,3,"0-0","0-0",28,9,6,2,4,3,0,1,7,1,9,11,0,8,20,"7-1","N","N","N",7,1,23
"4325","I1",2026-02-01,"Cremonese","Inter",0,2,"A",0,2,"A",10.5,5.5,1.25,"0-2","0-2",9,3,15,4,3,0,0,0,1,6,19,14,2,7,33,"1-6","Y","N","N",3,0,23
"4326","I1",2026-02-01,"Parma","Juventus",1,4,"A",0,2,"A",7.5,4.33,1.4,"0-2","1-4",10,4,15,8,1,3,0,0,5,3,10,13,5,8,23,"5-3","Y","Y","Y",4,0,23
"4327","I1",2026-02-02,"Udinese","Roma",1,0,"H",0,0,"D",4.1,3.3,1.87,"0-0","1-0",8,4,10,3,5,4,0,0,4,7,18,17,1,11,35,"4-7","N","N","N",9,0,23
"4328","I1",2026-02-03,"Bologna","Milan",0,3,"A",0,2,"A",2.9,3.25,2.45,"0-2","0-3",13,2,10,3,3,0,0,0,5,0,14,10,3,5,24,"5-0","Y","Y","N",3,0,23
"4329","I1",2026-02-06,"Verona","Pisa",0,0,"D",0,0,"D",2.55,2.9,3.1,"0-0","0-0",4,0,11,3,1,2,0,0,8,4,13,16,0,12,29,"8-4","N","N","N",3,0,24
"4330","I1",2026-02-07,"Genoa","Napoli",2,3,"A",1,2,"A",4.4,3.2,1.93,"1-2","2-3",12,3,14,5,2,4,0,1,4,3,16,12,5,7,28,"4-3","Y","Y","Y",6,1,24
"4331","I1",2026-02-07,"Fiorentina","Torino",2,2,"D",0,1,"A",1.73,3.7,4.75,"0-1","2-2",21,5,12,4,2,5,0,0,9,4,6,23,4,13,29,"9-4","Y","Y","Y",7,0,24
"4332","I1",2026-02-08,"Bologna","Parma",0,1,"A",0,0,"D",1.6,3.75,5.5,"0-0","0-1",16,2,5,1,1,3,1,1,4,5,10,14,1,9,24,"4-5","N","N","N",4,2,24
"4333","I1",2026-02-08,"Lecce","Udinese",2,1,"H",1,1,"D",3,2.88,2.55,"1-1","2-1",16,5,6,1,1,2,0,0,7,0,9,21,3,7,30,"7-0","Y","Y","N",3,0,24
"4334","I1",2026-02-08,"Sassuolo","Inter",0,5,"A",0,2,"A",7,4.33,1.44,"0-2","0-5",7,2,23,11,2,1,1,0,5,6,6,10,5,11,16,"5-6","Y","Y","Y",3,1,24
"4335","I1",2026-02-08,"Juventus","Lazio",2,2,"D",0,1,"A",1.44,4,7.5,"0-1","2-2",34,8,9,2,0,2,0,0,8,1,10,4,4,9,14,"8-1","Y","Y","Y",2,0,24
"4336","I1",2026-02-09,"Atalanta","Cremonese",2,1,"H",2,0,"H",1.33,4.75,8.5,"2-0","2-1",29,9,12,2,2,0,0,0,13,2,11,11,3,15,22,"13-2","Y","Y","N",2,0,24
"4337","I1",2026-02-09,"Roma","Cagliari",2,0,"H",1,0,"H",1.45,4,7.5,"1-0","2-0",15,5,3,1,2,4,0,0,7,1,18,14,2,8,32,"7-1","Y","N","N",6,0,24
"4338","I1",2026-02-13,"Pisa","Milan",1,2,"A",0,1,"A",6.5,4.2,1.5,"0-1","1-2",7,2,7,2,1,3,0,1,3,1,14,9,3,4,23,"3-1","Y","Y","N",4,1,24
"4339","I1",2026-02-14,"Como","Fiorentina",1,2,"A",0,1,"A",1.7,3.75,4.5,"0-1","1-2",16,3,7,3,4,2,1,0,4,2,14,12,3,6,26,"4-2","Y","Y","N",6,1,25
"4340","I1",2026-02-14,"Lazio","Atalanta",0,2,"A",0,1,"A",3.4,3.3,2.1,"0-1","0-2",18,5,12,5,1,4,0,0,5,4,10,16,2,9,26,"5-4","Y","N","N",5,0,25
"4341","I1",2026-02-14,"Inter","Juventus",3,2,"H",1,1,"D",1.9,3.5,3.8,"1-1","3-2",21,9,11,8,4,2,0,1,4,1,15,7,5,5,22,"4-1","Y","Y","Y",6,1,25
"4342","I1",2026-02-15,"Udinese","Sassuolo",1,2,"A",1,0,"H",2.3,3.13,3.1,"1-0","1-2",8,2,10,3,3,3,0,0,7,6,14,14,3,13,28,"7-6","Y","Y","N",6,0,25
"4343","I1",2026-02-15,"Cremonese","Genoa",0,0,"D",0,0,"D",3.1,3,2.4,"0-0","0-0",19,8,19,6,2,0,0,0,6,11,10,12,0,17,22,"6-11","N","N","N",2,0,25
"4344","I1",2026-02-15,"Parma","Verona",2,1,"H",1,1,"D",2.3,2.9,3.4,"1-1","2-1",27,8,4,1,2,1,0,1,12,1,7,14,3,13,21,"12-1","Y","Y","N",3,1,25
"4345","I1",2026-02-15,"Torino","Bologna",1,2,"A",0,0,"D",3.1,3.25,2.25,"0-0","1-2",7,2,14,6,3,1,0,0,4,2,14,10,3,6,24,"4-2","Y","Y","N",4,0,25
"4346","I1",2026-02-15,"Napoli","Roma",2,2,"D",1,1,"D",2.25,3.1,3.3,"1-1","2-2",11,7,9,2,1,1,0,0,2,1,14,14,4,3,28,"2-1","Y","Y","Y",2,0,25
"4347","I1",2026-02-16,"Cagliari","Lecce",0,2,"A",0,0,"D",2.1,3,3.7,"0-0","0-2",11,0,13,4,0,0,0,0,8,2,16,14,2,10,30,"8-2","Y","N","N",0,0,25
"4348","I1",2026-02-18,"Milan","Como",1,1,"D",0,1,"A",2.25,3.4,3.1,"0-1","1-1",6,4,10,4,2,3,0,0,4,4,11,12,2,8,23,"4-4","Y","N","N",5,0,25
"4349","I1",2026-02-20,"Sassuolo","Verona",3,0,"H",2,0,"H",1.75,3.5,5,"2-0","3-0",8,4,12,1,2,3,0,1,6,5,12,14,3,11,26,"6-5","Y","Y","N",5,1,26
"4350","I1",2026-02-21,"Juventus","Como",0,2,"A",0,1,"A",2.05,3.4,3.6,"0-1","0-2",11,3,11,2,1,0,0,0,7,2,10,15,2,9,25,"7-2","Y","N","N",1,0,26
"4351","I1",2026-02-21,"Lecce","Inter",0,2,"A",0,0,"D",8.5,4.33,1.4,"0-0","0-2",3,0,24,9,1,2,0,0,2,10,10,8,2,12,18,"2-10","Y","N","N",3,0,26
"4352","I1",2026-02-21,"Cagliari","Lazio",0,0,"D",0,0,"D",3.4,3,2.3,"0-0","0-0",11,2,10,3,3,2,1,0,3,6,12,15,0,9,27,"3-6","N","N","N",5,1,26
"4353","I1",2026-02-22,"Genoa","Torino",3,0,"H",2,0,"H",2.2,3,3.5,"2-0","3-0",16,5,7,3,0,1,0,1,1,3,9,14,3,4,23,"1-3","Y","Y","N",1,1,26
"4354","I1",2026-02-22,"Atalanta","Napoli",2,1,"H",0,1,"A",2.4,3.1,3,"0-1","2-1",10,7,10,4,1,1,0,0,6,1,10,9,3,7,19,"6-1","Y","Y","N",2,0,26
"4355","I1",2026-02-22,"Milan","Parma",0,1,"A",0,0,"D",1.3,4.8,10,"0-0","0-1",25,6,9,3,2,1,0,0,5,2,13,10,1,7,23,"5-2","N","N","N",3,0,26
"4356","I1",2026-02-22,"Roma","Cremonese",3,0,"H",0,0,"D",1.33,4.6,9.5,"0-0","3-0",23,5,2,0,1,1,0,0,9,1,12,11,3,10,23,"9-1","Y","Y","N",2,0,26
"4357","I1",2026-02-23,"Fiorentina","Pisa",1,0,"H",1,0,"H",1.65,3.8,4.8,"1-0","1-0",15,5,7,1,3,3,0,0,4,3,8,19,1,7,27,"4-3","N","N","N",6,0,26
"4358","I1",2026-02-23,"Bologna","Udinese",1,0,"H",0,0,"D",1.83,3.4,4.2,"0-0","1-0",11,6,10,3,1,1,0,0,4,7,10,13,1,11,23,"4-7","N","N","N",2,0,26
"4359","I1",2026-02-27,"Parma","Cagliari",1,1,"D",0,0,"D",2.3,2.9,3.5,"0-0","1-1",18,4,11,5,2,4,0,0,6,3,14,8,2,9,22,"6-3","Y","N","N",6,0,27
"4360","I1",2026-02-28,"Como","Lecce",3,1,"H",3,1,"H",1.36,4.6,9.5,"3-1","3-1",12,7,5,2,0,1,0,0,5,1,15,12,4,6,27,"5-1","Y","Y","Y",1,0,27
"4361","I1",2026-02-28,"Verona","Napoli",1,2,"A",0,1,"A",7.5,3.8,1.5,"0-1","1-2",8,2,9,5,3,4,0,0,2,5,11,11,3,7,22,"2-5","Y","Y","N",7,0,27
"4362","I1",2026-02-28,"Inter","Genoa",2,0,"H",1,0,"H",1.3,5.25,10.5,"1-0","2-0",14,6,6,2,2,1,0,0,10,2,13,8,2,12,21,"10-2","Y","N","N",3,0,27
"4363","I1",2026-03-01,"Cremonese","Milan",0,2,"A",0,0,"D",6.5,4.1,1.5,"0-0","0-2",15,3,20,6,2,0,0,0,6,7,14,10,2,13,24,"6-7","Y","N","N",2,0,27
"4364","I1",2026-03-01,"Sassuolo","Atalanta",2,1,"H",1,0,"H",3.7,3.5,1.93,"1-0","2-1",7,5,26,7,2,2,1,0,3,9,3,13,3,12,16,"3-9","Y","Y","N",4,1,27
"4365","I1",2026-03-01,"Torino","Lazio",2,0,"H",1,0,"H",2.75,3,2.7,"1-0","2-0",13,5,12,3,4,1,0,0,6,9,13,5,2,15,18,"6-9","Y","N","N",5,0,27
"4366","I1",2026-03-01,"Roma","Juventus",3,3,"D",1,0,"H",2.55,3.1,2.8,"1-0","3-3",11,5,13,5,1,0,0,0,4,1,7,12,6,5,19,"4-1","Y","Y","Y",1,0,27
"4367","I1",2026-03-02,"Pisa","Bologna",0,1,"A",0,0,"D",3.8,3.3,1.95,"0-0","0-1",6,3,8,1,0,2,0,0,7,4,15,11,1,11,26,"7-4","N","N","N",2,0,27
"4368","I1",2026-03-02,"Udinese","Fiorentina",3,0,"H",1,0,"H",3,3.25,2.3,"1-0","3-0",10,7,10,0,1,4,0,0,5,2,16,12,3,7,28,"5-2","Y","Y","N",5,0,27
"4369","I1",2026-03-06,"Napoli","Torino",2,1,"H",1,0,"H",1.55,3.8,6.5,"1-0","2-1",14,9,7,4,0,3,0,0,11,2,9,11,3,13,20,"11-2","Y","Y","N",3,0,28
"4370","I1",2026-03-07,"Cagliari","Como",1,2,"A",0,1,"A",6,3.9,1.57,"0-1","1-2",8,3,8,2,3,1,0,0,2,3,17,18,3,5,35,"2-3","Y","Y","N",4,0,28
"4371","I1",2026-03-07,"Atalanta","Udinese",2,2,"D",0,1,"A",1.67,3.8,5,"0-1","2-2",22,4,8,2,1,2,0,0,11,3,7,10,4,14,17,"11-3","Y","Y","Y",3,0,28
"4372","I1",2026-03-07,"Juventus","Pisa",4,0,"H",0,0,"D",1.22,6,13,"0-0","4-0",25,7,7,2,1,3,0,0,4,4,7,7,4,8,14,"4-4","Y","Y","Y",4,0,28
"4373","I1",2026-03-08,"Lecce","Cremonese",2,1,"H",2,0,"H",2.1,2.88,4,"2-0","2-1",9,3,10,5,1,4,0,1,4,4,19,27,3,8,46,"4-4","Y","Y","N",5,1,28
"4374","I1",2026-03-08,"Bologna","Verona",1,2,"A",0,0,"D",1.53,3.8,6.5,"0-0","1-2",19,2,15,5,1,2,0,0,5,3,5,20,3,8,25,"5-3","Y","Y","N",3,0,28
"4375","I1",2026-03-08,"Fiorentina","Parma",0,0,"D",0,0,"D",1.67,3.7,4.75,"0-0","0-0",12,1,8,0,2,0,0,0,7,1,12,14,0,8,26,"7-1","N","N","N",2,0,28
"4376","I1",2026-03-08,"Genoa","Roma",2,1,"H",0,0,"D",4.33,3.25,1.87,"0-0","2-1",11,5,8,1,1,3,0,0,3,6,11,17,3,9,28,"3-6","Y","Y","N",4,0,28
"4377","I1",2026-03-08,"Milan","Inter",1,0,"H",1,0,"H",3.3,3.2,2.2,"1-0","1-0",9,2,11,2,2,2,0,0,1,6,8,12,1,7,20,"1-6","N","N","N",4,0,28
"4378","I1",2026-03-09,"Lazio","Sassuolo",2,1,"H",1,1,"D",2.15,3.2,3.4,"1-1","2-1",13,5,7,4,0,4,0,0,1,6,7,8,3,7,15,"1-6","Y","Y","N",4,0,28
"4379","I1",2026-03-13,"Torino","Parma",4,1,"H",1,1,"D",2.15,3,3.8,"1-1","4-1",15,6,6,3,1,3,0,0,2,7,17,13,5,9,30,"2-7","Y","Y","Y",4,0,29
"4380","I1",2026-03-14,"Inter","Atalanta",1,1,"D",1,0,"H",1.53,4.2,6,"1-0","1-1",16,3,8,3,2,2,0,0,2,3,11,5,2,5,16,"2-3","Y","N","N",4,0,29
"4381","I1",2026-03-14,"Napoli","Lecce",2,1,"H",0,1,"A",1.33,4.6,11,"0-1","2-1",12,4,12,2,0,1,0,0,7,7,11,7,3,14,18,"7-7","Y","Y","N",1,0,29
"4382","I1",2026-03-14,"Udinese","Juventus",0,1,"A",0,1,"A",6.5,4,1.53,"0-1","0-1",10,2,22,8,3,1,0,0,2,6,12,14,1,8,26,"2-6","N","N","N",4,0,29
"4383","I1",2026-03-15,"Verona","Genoa",0,2,"A",0,0,"D",3.13,3,2.38,"0-0","0-2",8,1,11,3,2,1,0,0,4,2,22,9,2,6,31,"4-2","Y","N","N",3,0,29
"4384","I1",2026-03-15,"Pisa","Cagliari",3,1,"H",1,0,"H",2.45,3,3,"1-0","3-1",10,6,14,4,1,4,1,1,1,5,14,16,4,6,30,"1-5","Y","Y","Y",5,2,29
"4385","I1",2026-03-15,"Sassuolo","Bologna",0,1,"A",0,1,"A",2.4,3.25,2.88,"0-1","0-1",9,3,16,3,1,2,0,0,7,4,16,11,1,11,27,"7-4","N","N","N",3,0,29
"4386","I1",2026-03-15,"Como","Roma",2,1,"H",0,1,"A",2.05,3.25,3.6,"0-1","2-1",22,7,3,1,2,3,0,1,7,1,16,18,3,8,34,"7-1","Y","Y","N",5,1,29
"4387","I1",2026-03-15,"Lazio","Milan",1,0,"H",1,0,"H",4,3.3,1.91,"1-0","1-0",7,2,17,3,4,1,0,0,1,9,7,19,1,10,26,"1-9","N","N","N",5,0,29
"4388","I1",2026-03-16,"Cremonese","Fiorentina",1,4,"A",0,2,"A",3.8,3.5,1.9,"0-2","1-4",13,3,13,6,1,0,0,0,4,6,17,16,5,10,33,"4-6","Y","Y","Y",1,0,29
"4389","I1",2026-03-20,"Cagliari","Napoli",0,1,"A",0,1,"A",5.25,3.4,1.73,"0-1","0-1",7,0,17,5,2,2,0,0,2,7,12,16,1,9,28,"2-7","N","N","N",4,0,30
"4390","I1",2026-03-20,"Genoa","Udinese",0,2,"A",0,0,"D",2.15,3.13,3.7,"0-0","0-2",18,2,6,4,1,5,0,0,7,1,5,13,2,8,18,"7-1","Y","N","N",6,0,30
"4391","I1",2026-03-21,"Parma","Cremonese",0,2,"A",0,0,"D",2.05,3.2,3.9,"0-0","0-2",8,1,7,4,3,3,0,0,3,1,20,15,2,4,35,"3-1","Y","N","N",6,0,30
"4392","I1",2026-03-21,"Milan","Torino",3,2,"H",1,1,"D",1.36,4.8,8.5,"1-1","3-2",15,6,19,7,3,1,0,0,4,6,9,10,5,10,19,"4-6","Y","Y","Y",4,0,30
"4393","I1",2026-03-21,"Juventus","Sassuolo",1,1,"D",1,0,"H",1.3,5.25,10,"1-0","1-1",18,8,7,1,1,2,0,0,9,4,7,7,2,13,14,"9-4","Y","N","N",3,0,30
"4394","I1",2026-03-22,"Como","Pisa",5,0,"H",2,0,"H",1.22,5.75,12,"2-0","5-0",14,7,7,0,0,2,0,0,7,1,5,6,5,8,11,"7-1","Y","Y","Y",2,0,30
"4395","I1",2026-03-22,"Atalanta","Verona",1,0,"H",1,0,"H",1.36,4.5,8.5,"1-0","1-0",11,3,12,3,1,3,0,0,2,4,12,16,1,6,28,"2-4","N","N","N",4,0,30
"4396","I1",2026-03-22,"Bologna","Lazio",0,2,"A",0,0,"D",2.3,3.13,3.13,"0-0","0-2",15,4,9,5,1,1,0,0,2,1,13,8,2,3,21,"2-1","Y","N","N",2,0,30
"4397","I1",2026-03-22,"Roma","Lecce",1,0,"H",0,0,"D",1.45,4,7,"0-0","1-0",14,2,8,3,2,2,0,0,10,2,14,17,1,12,31,"10-2","N","N","N",4,0,30
"4398","I1",2026-03-22,"Fiorentina","Inter",1,1,"D",0,1,"A",5.25,4,1.57,"0-1","1-1",16,6,12,4,3,3,0,0,3,5,16,12,2,8,28,"3-5","Y","N","N",6,0,30
"4399","I1",2026-04-04,"Sassuolo","Cagliari",2,1,"H",0,1,"A",2,3.2,4.1,"0-1","2-1",9,2,11,3,1,0,0,0,2,2,14,11,3,4,25,"2-2","Y","Y","N",1,0,31
"4400","I1",2026-04-04,"Verona","Fiorentina",0,1,"A",0,0,"D",4.2,3.4,1.9,"0-0","0-1",21,8,5,1,3,1,1,1,9,1,15,7,1,10,22,"9-1","N","N","N",4,2,31
"4401","I1",2026-04-04,"Lazio","Parma",1,1,"D",0,1,"A",1.75,3.5,5,"0-1","1-1",7,3,7,4,1,2,0,0,7,2,12,8,2,9,20,"7-2","Y","N","N",3,0,31
"4402","I1",2026-04-05,"Cremonese","Bologna",1,2,"A",0,2,"A",3.5,3.4,2.05,"0-2","1-2",9,3,14,7,2,3,1,1,2,4,15,15,3,6,30,"2-4","Y","Y","N",5,2,31
"4403","I1",2026-04-05,"Pisa","Torino",0,1,"A",0,0,"D",2.9,3.1,2.45,"0-0","0-1",7,1,13,2,1,0,0,0,1,2,12,12,1,3,24,"1-2","N","N","N",1,0,31
"4404","I1",2026-04-05,"Inter","Roma",5,2,"H",2,1,"H",1.62,3.75,5.25,"2-1","5-2",17,9,9,3,0,1,0,0,7,4,11,10,7,11,21,"7-4","Y","Y","Y",1,0,31
"4405","I1",2026-04-06,"Udinese","Como",0,0,"D",0,0,"D",5,3.6,1.67,"0-0","0-0",14,4,12,4,2,3,0,0,6,2,10,12,0,8,22,"6-2","N","N","N",5,0,31
"4406","I1",2026-04-06,"Lecce","Atalanta",0,3,"A",0,1,"A",4.75,3.6,1.7,"0-1","0-3",11,0,16,6,0,2,0,0,2,5,10,18,3,7,28,"2-5","Y","Y","N",2,0,31
"4407","I1",2026-04-06,"Juventus","Genoa",2,0,"H",2,0,"H",1.33,4.6,9,"2-0","2-0",16,5,12,3,4,1,0,0,5,5,10,8,2,10,18,"5-5","Y","N","N",5,0,31
"4408","I1",2026-04-06,"Napoli","Milan",1,0,"H",0,0,"D",2.5,2.9,3,"0-0","1-0",10,3,7,1,2,0,0,0,4,3,7,6,1,7,13,"4-3","N","N","N",2,0,31
"4409","I1",2026-04-10,"Roma","Pisa",3,0,"H",2,0,"H",1.33,4.8,8,"2-0","3-0",8,3,9,5,1,1,0,0,1,3,11,12,3,4,23,"1-3","Y","Y","N",2,0,32
"4410","I1",2026-04-11,"Cagliari","Cremonese",1,0,"H",0,0,"D",2.15,3.2,3.6,"0-0","1-0",17,5,5,2,1,1,0,0,6,5,9,17,1,11,26,"6-5","N","N","N",2,0,32
"4411","I1",2026-04-11,"Torino","Verona",2,1,"H",1,1,"D",1.9,3.3,4.4,"1-1","2-1",11,2,18,4,1,4,0,0,3,6,13,17,3,9,30,"3-6","Y","Y","N",5,0,32
"4412","I1",2026-04-11,"Milan","Udinese",0,3,"A",0,2,"A",1.4,4.5,8,"0-2","0-3",20,3,12,6,1,1,0,0,4,3,9,14,3,7,23,"4-3","Y","Y","N",2,0,32
"4413","I1",2026-04-11,"Atalanta","Juventus",0,1,"A",0,0,"D",3.1,3.3,2.3,"0-0","0-1",22,3,7,2,1,3,0,0,13,2,7,11,1,15,18,"13-2","N","N","N",4,0,32
"4414","I1",2026-04-12,"Genoa","Sassuolo",2,1,"H",1,0,"H",2.1,3.3,3.4,"1-0","2-1",14,7,15,6,2,3,1,1,5,3,9,14,3,8,23,"5-3","Y","Y","N",5,2,32
"4415","I1",2026-04-12,"Parma","Napoli",1,1,"D",1,0,"H",6,3.7,1.57,"1-0","1-1",3,2,20,6,1,0,0,0,3,7,4,8,2,10,12,"3-7","Y","N","N",1,0,32
"4416","I1",2026-04-12,"Bologna","Lecce",2,0,"H",1,0,"H",1.8,3.4,4.5,"1-0","2-0",12,4,6,1,0,2,0,0,8,6,15,19,2,14,34,"8-6","Y","N","N",2,0,32
"4417","I1",2026-04-12,"Como","Inter",3,4,"A",2,1,"H",3.1,3.4,2.2,"2-1","3-4",24,8,7,5,3,7,0,0,1,1,12,17,7,2,29,"1-1","Y","Y","Y",10,0,32
"4418","I1",2026-04-13,"Fiorentina","Lazio",1,0,"H",1,0,"H",2.25,3.2,3.13,"1-0","1-0",8,2,13,6,3,2,0,0,5,6,10,10,1,11,20,"5-6","N","N","N",5,0,32
"4419","I2",2025-08-22,"Pescara","Cesena",1,3,"A",1,1,"D",3.5,3.2,2,"1-1","1-3",12,4,19,9,1,1,0,0,3,5,16,7,4,8,23,"3-5","Y","Y","Y",2,0,1
"4420","I2",2025-08-23,"Empoli","Padova",3,1,"H",2,1,"H",1.87,3.3,3.9,"2-1","3-1",15,5,9,4,2,4,0,0,6,4,19,19,4,10,38,"6-4","Y","Y","Y",6,0,1
"4421","I2",2025-08-23,"Virtus Entella","Juve Stabia",1,1,"D",0,0,"D",2.3,3.1,3,"0-0","1-1",10,2,10,2,2,2,0,0,5,7,14,14,2,12,28,"5-7","Y","N","N",4,0,1
"4422","I2",2025-08-23,"Monza","Mantova",1,0,"H",0,0,"D",1.8,3.4,4.2,"0-0","1-0",16,2,8,2,3,3,0,0,9,1,21,19,1,10,40,"9-1","N","N","N",6,0,1
"4423","I2",2025-08-23,"Palermo","Reggiana",2,1,"H",1,0,"H",1.73,3.4,4.5,"1-0","2-1",25,14,10,3,1,1,0,0,9,6,11,16,3,15,27,"9-6","Y","Y","N",2,0,1
"4424","I2",2025-08-24,"Spezia","Carrarese",0,2,"A",0,1,"A",1.67,3.5,4.8,"0-1","0-2",7,2,10,6,5,2,1,0,7,3,12,19,2,10,31,"7-3","Y","N","N",7,1,1
"4425","I2",2025-08-24,"Venezia","Bari",2,1,"H",2,1,"H",1.95,3.2,3.7,"2-1","2-1",20,8,11,3,1,1,0,0,6,3,13,14,3,9,27,"6-3","Y","Y","N",2,0,1
"4426","I2",2025-08-24,"Catanzaro","Sudtirol",1,1,"D",0,1,"A",2.25,3,3.13,"0-1","1-1",7,2,12,4,0,2,0,0,1,5,8,20,2,6,28,"1-5","Y","N","N",2,0,1
"4427","I2",2025-08-24,"Frosinone","Avellino",2,0,"H",2,0,"H",2.25,3,3.1,"2-0","2-0",15,4,14,3,3,2,1,0,6,1,19,16,2,7,35,"6-1","Y","N","N",5,1,1
"4428","I2",2025-08-25,"Sampdoria","Modena",0,2,"A",0,0,"D",2.15,3,3.4,"0-0","0-2",11,3,10,4,1,4,0,0,4,0,17,15,2,4,32,"4-0","Y","N","N",5,0,1
"4429","I2",2025-08-29,"Reggiana","Empoli",3,1,"H",1,1,"D",3.13,2.9,2.3,"1-1","3-1",16,6,3,2,0,1,0,2,8,2,14,18,4,10,32,"8-2","Y","Y","Y",1,2,2
"4430","I2",2025-08-30,"Juve Stabia","Venezia",0,0,"D",0,0,"D",2.8,3,2.45,"0-0","0-0",17,4,3,1,3,1,0,1,6,1,13,12,0,7,25,"6-1","N","N","N",4,1,2
"4431","I2",2025-08-30,"Mantova","Pescara",2,1,"H",1,0,"H",2.2,3.25,3,"1-0","2-1",15,7,10,1,4,2,0,0,4,5,15,24,3,9,39,"4-5","Y","Y","N",6,0,2
"4432","I2",2025-08-30,"Cesena","Virtus Entella",1,1,"D",0,0,"D",2,3.1,3.7,"0-0","1-1",12,2,9,1,2,3,0,0,8,2,15,9,2,10,24,"8-2","Y","N","N",5,0,2
"4433","I2",2025-08-30,"Palermo","Frosinone",0,0,"D",0,0,"D",1.75,3.4,4.33,"0-0","0-0",13,2,10,4,1,3,0,0,6,3,18,13,0,9,31,"6-3","N","N","N",4,0,2
"4434","I2",2025-08-30,"Spezia","Catanzaro",0,0,"D",0,0,"D",1.95,3.2,3.7,"0-0","0-0",7,1,5,1,3,3,0,0,1,5,23,14,0,6,37,"1-5","N","N","N",6,0,2
"4435","I2",2025-08-31,"Carrarese","Padova",0,0,"D",0,0,"D",2.15,3.1,3.25,"0-0","0-0",16,2,11,1,3,3,0,1,4,2,17,15,0,6,32,"4-2","N","N","N",6,1,2
"4436","I2",2025-08-31,"Sudtirol","Sampdoria",3,1,"H",3,0,"H",2.5,3.1,2.7,"3-0","3-1",11,3,18,5,1,2,0,0,2,5,17,18,4,7,35,"2-5","Y","Y","Y",3,0,2
"4437","I2",2025-08-31,"Bari","Monza",1,1,"D",1,1,"D",2.9,3,2.4,"1-1","1-1",20,4,13,2,2,4,0,0,3,6,11,19,2,9,30,"3-6","Y","N","N",6,0,2
"4438","I2",2025-08-31,"Modena","Avellino",1,1,"D",0,0,"D",2.1,3.2,3.25,"0-0","1-1",22,5,3,1,2,5,0,1,7,2,14,15,2,9,29,"7-2","Y","N","N",7,1,2
"4439","I2",2025-09-12,"Avellino","Monza",2,1,"H",1,0,"H",3.5,3.13,2.05,"1-0","2-1",11,1,9,2,2,0,0,0,2,3,22,16,3,5,38,"2-3","Y","Y","N",2,0,3
"4440","I2",2025-09-13,"Juve Stabia","Reggiana",0,0,"D",0,0,"D",2.1,3,3.5,"0-0","0-0",17,6,4,1,4,0,0,0,8,1,22,12,0,9,34,"8-1","N","N","N",4,0,3
"4441","I2",2025-09-13,"Modena","Bari",3,0,"H",1,0,"H",2.3,3,3.1,"1-0","3-0",16,9,6,2,1,2,0,0,2,2,22,12,3,4,34,"2-2","Y","Y","N",3,0,3
"4442","I2",2025-09-13,"Padova","Frosinone",0,1,"A",0,1,"A",2.38,3,2.9,"0-1","0-1",10,5,14,4,1,2,0,0,6,4,11,16,1,10,27,"6-4","N","N","N",3,0,3
"4443","I2",2025-09-13,"Pescara","Venezia",2,2,"D",0,1,"A",4.2,3.4,1.8,"0-1","2-2",16,5,12,5,1,1,0,0,7,5,18,20,4,12,38,"7-5","Y","Y","Y",2,0,3
"4444","I2",2025-09-13,"Catanzaro","Carrarese",1,1,"D",0,0,"D",2.3,2.88,3.2,"0-0","1-1",18,3,11,2,4,3,0,0,6,8,17,16,2,14,33,"6-8","Y","N","N",7,0,3
"4445","I2",2025-09-13,"Sampdoria","Cesena",1,2,"A",0,1,"A",2.45,2.9,2.9,"0-1","1-2",11,1,8,3,4,2,0,0,1,2,19,17,3,3,36,"1-2","Y","Y","N",6,0,3
"4446","I2",2025-09-14,"Virtus Entella","Mantova",1,0,"H",1,0,"H",2.05,3.2,3.4,"1-0","1-0",15,9,15,4,3,0,0,0,7,4,21,5,1,11,26,"7-4","N","N","N",3,0,3
"4447","I2",2025-09-14,"Sudtirol","Palermo",0,2,"A",0,1,"A",3.4,3.2,2.05,"0-1","0-2",16,2,12,4,2,3,0,0,7,3,18,19,2,10,37,"7-3","Y","N","N",5,0,3
"4448","I2",2025-09-14,"Empoli","Spezia",1,1,"D",0,1,"A",2.25,3,3.1,"0-1","1-1",12,4,13,6,3,2,0,0,2,7,21,20,2,9,41,"2-7","Y","N","N",5,0,3
"4449","I2",2025-09-19,"Frosinone","Sudtirol",2,2,"D",2,0,"H",2.1,3.1,3.4,"2-0","2-2",21,5,14,5,2,2,0,0,5,4,18,18,4,9,36,"5-4","Y","Y","Y",4,0,4
"4450","I2",2025-09-19,"Palermo","Bari",2,0,"H",0,0,"D",1.62,3.6,5,"0-0","2-0",24,9,8,0,0,3,0,0,6,1,7,15,2,7,22,"6-1","Y","N","N",3,0,4
"4451","I2",2025-09-20,"Reggiana","Catanzaro",2,2,"D",1,1,"D",2.3,3.1,3,"1-1","2-2",12,4,18,4,1,2,0,0,3,3,14,9,4,6,23,"3-3","Y","Y","Y",3,0,4
"4452","I2",2025-09-20,"Spezia","Juve Stabia",1,3,"A",0,2,"A",1.9,3.1,4.1,"0-2","1-3",8,4,11,5,0,3,0,0,6,3,13,25,4,9,38,"6-3","Y","Y","Y",3,0,4
"4453","I2",2025-09-20,"Venezia","Cesena",1,2,"A",0,0,"D",1.91,3.25,3.8,"0-0","1-2",17,3,13,6,3,2,1,0,2,3,17,11,3,5,28,"2-3","Y","Y","N",5,1,4
"4454","I2",2025-09-20,"Monza","Sampdoria",1,0,"H",0,0,"D",1.8,3.3,4.2,"0-0","1-0",7,2,11,3,1,2,1,1,2,1,14,14,1,3,28,"2-1","N","N","N",3,2,4
"4455","I2",2025-09-20,"Mantova","Modena",1,3,"A",1,2,"A",2.75,3.2,2.4,"1-2","1-3",12,5,22,5,3,3,0,0,4,10,11,16,4,14,27,"4-10","Y","Y","Y",6,0,4
"4456","I2",2025-09-21,"Carrarese","Avellino",3,4,"A",2,2,"D",2.1,3.1,3.4,"2-2","3-4",20,6,5,3,1,5,0,1,9,2,19,14,7,11,33,"9-2","Y","Y","Y",6,1,4
"4457","I2",2025-09-21,"Pescara","Empoli",4,0,"H",0,0,"D",3.2,3.1,2.15,"0-0","4-0",18,10,8,4,1,2,0,0,6,5,14,20,4,11,34,"6-5","Y","Y","Y",3,0,4
"4458","I2",2025-09-21,"Padova","Virtus Entella",2,1,"H",0,1,"A",2.38,3,2.9,"0-1","2-1",10,5,11,3,0,5,0,1,5,8,16,19,3,13,35,"5-8","Y","Y","N",5,1,4
"4459","I2",2025-09-26,"Catanzaro","Juve Stabia",2,2,"D",0,2,"A",2.7,3,2.55,"0-2","2-2",19,4,4,2,2,6,0,2,7,0,12,17,4,7,29,"7-0","Y","Y","Y",8,2,5
"4460","I2",2025-09-27,"Avellino","Virtus Entella",2,0,"H",1,0,"H",2.55,3,2.7,"1-0","2-0",12,5,10,2,1,2,0,0,3,8,8,18,2,11,26,"3-8","Y","N","N",3,0,5
"4461","I2",2025-09-27,"Cesena","Palermo",1,1,"D",1,0,"H",2.63,3.1,2.55,"1-0","1-1",13,2,10,2,2,1,0,0,2,1,14,14,2,3,28,"2-1","Y","N","N",3,0,5
"4462","I2",2025-09-27,"Mantova","Frosinone",1,5,"A",0,4,"A",2.45,3.25,2.63,"0-4","1-5",28,9,22,9,2,4,0,0,6,4,16,22,6,10,38,"6-4","Y","Y","Y",6,0,5
"4463","I2",2025-09-27,"Sudtirol","Reggiana",3,1,"H",2,0,"H",2.1,3.13,3.3,"2-0","3-1",29,9,12,2,1,0,0,0,10,4,14,10,4,14,24,"10-4","Y","Y","Y",1,0,5
"4464","I2",2025-09-27,"Venezia","Spezia",2,0,"H",1,0,"H",2.1,3.2,3.25,"1-0","2-0",11,3,5,2,1,2,0,1,7,2,19,20,2,9,39,"7-2","Y","N","N",3,1,5
"4465","I2",2025-09-27,"Monza","Padova",0,1,"A",0,0,"D",1.7,3.4,4.8,"0-0","0-1",13,4,13,4,1,2,0,0,7,3,10,12,1,10,22,"7-3","N","N","N",3,0,5
"4466","I2",2025-09-27,"Bari","Sampdoria",1,1,"D",1,1,"D",2.2,3.1,3.13,"1-1","1-1",13,3,14,3,3,4,0,0,3,2,18,15,2,5,33,"3-2","Y","N","N",7,0,5
"4467","I2",2025-09-28,"Modena","Pescara",2,1,"H",0,1,"A",1.57,3.7,5.25,"0-1","2-1",15,3,6,2,3,3,0,0,4,0,15,15,3,4,30,"4-0","Y","Y","N",6,0,5
"4468","I2",2025-09-28,"Empoli","Carrarese",2,2,"D",1,1,"D",2.1,3.1,3.4,"1-1","2-2",13,4,9,5,2,3,0,0,2,3,20,15,4,5,35,"2-3","Y","Y","Y",5,0,5
"4469","I2",2025-09-30,"Frosinone","Cesena",3,1,"H",0,0,"D",2.5,3.13,2.7,"0-0","3-1",17,7,11,2,1,1,1,0,7,3,13,20,4,10,33,"7-3","Y","Y","Y",2,1,6
"4470","I2",2025-09-30,"Juve Stabia","Mantova",2,1,"H",2,0,"H",1.6,3.6,5.25,"2-0","2-1",10,4,15,6,2,3,0,0,4,4,20,16,3,8,36,"4-4","Y","Y","N",5,0,6
"4471","I2",2025-09-30,"Padova","Avellino",2,2,"D",2,2,"D",2.15,3,3.4,"2-2","2-2",11,3,12,5,2,1,0,0,4,1,14,13,4,5,27,"4-1","Y","Y","Y",3,0,6
"4472","I2",2025-09-30,"Palermo","Venezia",0,0,"D",0,0,"D",2.05,3.3,3.3,"0-0","0-0",3,1,11,3,5,2,1,0,4,3,20,14,0,7,34,"4-3","N","N","N",7,1,6
"4473","I2",2025-09-30,"Reggiana","Spezia",1,1,"D",0,1,"A",4,3.13,1.91,"0-1","1-1",14,4,3,2,5,1,0,1,2,5,16,9,2,7,25,"2-5","Y","N","N",6,1,6
"4474","I2",2025-09-30,"Virtus Entella","Bari",2,2,"D",0,1,"A",2.2,3,3.3,"0-1","2-2",18,4,9,4,6,1,0,0,4,2,22,11,4,6,33,"4-2","Y","Y","Y",7,0,6
"4475","I2",2025-10-01,"Carrarese","Modena",0,0,"D",0,0,"D",2.8,3,2.5,"0-0","0-0",14,3,10,0,3,4,0,0,4,6,14,21,0,10,35,"4-6","N","N","N",7,0,6
"4476","I2",2025-10-01,"Empoli","Monza",1,1,"D",0,0,"D",2.75,3,2.5,"0-0","1-1",12,5,16,3,2,2,0,0,4,4,12,15,2,8,27,"4-4","Y","N","N",4,0,6
"4477","I2",2025-10-01,"Pescara","Sudtirol",1,1,"D",0,0,"D",2.75,3.1,2.45,"0-0","1-1",9,2,13,6,2,3,0,0,5,2,10,20,2,7,30,"5-2","Y","N","N",5,0,6
"4478","I2",2025-10-01,"Sampdoria","Catanzaro",0,0,"D",0,0,"D",2.15,3.1,3.3,"0-0","0-0",11,3,16,7,0,1,0,0,3,5,16,12,0,8,28,"3-5","N","N","N",1,0,6
"4479","I2",2025-10-04,"Avellino","Mantova",0,0,"D",0,0,"D",1.95,3.3,3.6,"0-0","0-0",12,6,19,11,2,3,0,0,8,7,13,13,0,15,26,"8-7","N","N","N",5,0,7
"4480","I2",2025-10-04,"Bari","Padova",2,1,"H",0,0,"D",2.15,3.1,3.3,"0-0","2-1",15,5,17,7,2,0,0,1,7,7,11,16,3,14,27,"7-7","Y","Y","N",2,1,7
"4481","I2",2025-10-04,"Monza","Catanzaro",2,1,"H",1,1,"D",1.8,3.25,4.33,"1-1","2-1",13,3,10,4,2,1,0,0,5,3,17,9,3,8,26,"5-3","Y","Y","N",3,0,7
"4482","I2",2025-10-04,"Venezia","Frosinone",3,0,"H",2,0,"H",1.7,3.5,4.5,"2-0","3-0",17,8,17,5,3,4,0,0,3,7,18,29,3,10,47,"3-7","Y","Y","N",7,0,7
"4483","I2",2025-10-04,"Spezia","Palermo",1,2,"A",0,1,"A",2.75,2.9,2.6,"0-1","1-2",12,6,10,3,1,3,0,0,5,5,13,17,3,10,30,"5-5","Y","Y","N",4,0,7
"4484","I2",2025-10-04,"Cesena","Reggiana",1,2,"A",1,2,"A",1.67,3.5,4.8,"1-2","1-2",16,3,6,2,2,3,1,0,4,0,17,12,3,4,29,"4-0","Y","Y","N",5,1,7
"4485","I2",2025-10-05,"Carrarese","Juve Stabia",3,0,"H",1,0,"H",2.5,3,2.75,"1-0","3-0",10,6,15,2,2,4,0,0,5,3,13,19,3,8,32,"5-3","Y","Y","N",6,0,7
"4486","I2",2025-10-05,"Sudtirol","Empoli",1,2,"A",1,0,"H",2.3,3.1,3,"1-0","1-2",13,5,21,6,2,2,1,0,2,7,19,14,3,9,33,"2-7","Y","Y","N",4,1,7
"4487","I2",2025-10-05,"Sampdoria","Pescara",4,1,"H",0,1,"A",1.8,3.2,4.33,"0-1","4-1",28,12,6,1,2,1,0,1,8,1,19,11,5,9,30,"8-1","Y","Y","Y",3,1,7
"4488","I2",2025-10-05,"Modena","Virtus Entella",2,0,"H",0,0,"D",1.75,3.25,4.6,"0-0","2-0",18,7,15,3,1,0,0,0,5,3,11,17,2,8,28,"5-3","Y","N","N",1,0,7
"4489","I2",2025-10-17,"Virtus Entella","Sampdoria",3,1,"H",2,0,"H",2.55,2.8,2.88,"2-0","3-1",17,6,14,4,3,1,0,0,12,5,16,15,4,17,31,"12-5","Y","Y","Y",4,0,8
"4490","I2",2025-10-18,"Frosinone","Monza",0,1,"A",0,1,"A",2.55,3.13,2.63,"0-1","0-1",15,2,20,9,1,3,0,0,5,2,11,22,1,7,33,"5-2","N","N","N",4,0,8
"4491","I2",2025-10-18,"Mantova","Sudtirol",1,1,"D",0,1,"A",2.55,3.2,2.55,"0-1","1-1",25,8,7,1,1,3,0,0,5,2,12,19,2,7,31,"5-2","Y","N","N",4,0,8
"4492","I2",2025-10-18,"Pescara","Carrarese",2,2,"D",0,1,"A",3,3.13,2.25,"0-1","2-2",16,8,11,3,2,2,0,0,10,4,11,14,4,14,25,"10-4","Y","Y","Y",4,0,8
"4493","I2",2025-10-18,"Reggiana","Bari",3,1,"H",1,1,"D",2.63,3.1,2.55,"1-1","3-1",14,8,11,2,3,1,0,1,3,1,13,15,4,4,28,"3-1","Y","Y","Y",4,1,8
"4494","I2",2025-10-18,"Juve Stabia","Avellino",2,0,"H",2,0,"H",2,3.1,3.7,"2-0","2-0",11,3,11,2,2,1,0,1,6,3,23,11,2,9,34,"6-3","Y","N","N",3,1,8
"4495","I2",2025-10-18,"Spezia","Cesena",1,2,"A",1,2,"A",2.1,3.1,3.4,"1-2","1-2",13,4,12,5,1,4,0,0,6,4,19,20,3,10,39,"6-4","Y","Y","N",5,0,8
"4496","I2",2025-10-19,"Palermo","Modena",1,1,"D",1,0,"H",2.05,3.2,3.4,"1-0","1-1",10,2,17,5,1,1,0,0,3,5,17,11,2,8,28,"3-5","Y","N","N",2,0,8
"4497","I2",2025-10-19,"Empoli","Venezia",1,1,"D",1,1,"D",2.7,3.1,2.5,"1-1","1-1",9,7,16,4,3,1,0,0,5,6,16,9,2,11,25,"5-6","Y","N","N",4,0,8
"4498","I2",2025-10-19,"Catanzaro","Padova",0,1,"A",0,1,"A",2.2,3,3.3,"0-1","0-1",19,3,10,5,3,4,0,0,8,4,15,18,1,12,33,"8-4","N","N","N",7,0,8
"4499","I2",2025-10-24,"Modena","Empoli",2,1,"H",1,1,"D",1.7,3.4,4.75,"1-1","2-1",11,4,6,1,3,3,0,0,6,5,18,16,3,11,34,"6-5","Y","Y","N",6,0,9
"4500","I2",2025-10-25,"Avellino","Spezia",0,4,"A",0,0,"D",2.7,2.9,2.6,"0-0","0-4",7,3,23,7,2,1,1,0,7,6,12,18,4,13,30,"7-6","Y","Y","Y",3,1,9
"4501","I2",2025-10-25,"Monza","Reggiana",3,1,"H",3,1,"H",1.5,3.8,6,"3-1","3-1",18,9,3,2,2,3,0,0,7,2,15,13,4,9,28,"7-2","Y","Y","Y",5,0,9
"4502","I2",2025-10-25,"Sampdoria","Frosinone",1,1,"D",0,1,"A",2.2,3.1,3.1,"0-1","1-1",13,3,16,5,0,3,0,0,5,8,11,19,2,13,30,"5-8","Y","N","N",3,0,9
"4503","I2",2025-10-25,"Sudtirol","Cesena",0,1,"A",0,1,"A",2.7,3.1,2.45,"0-1","0-1",14,2,5,1,2,2,0,0,8,4,16,18,1,12,34,"8-4","N","N","N",4,0,9
"4504","I2",2025-10-25,"Virtus Entella","Pescara",1,1,"D",0,0,"D",1.8,3.3,4.2,"0-0","1-1",21,3,11,3,2,1,0,0,11,5,12,8,2,16,20,"11-5","Y","N","N",3,0,9
"4505","I2",2025-10-25,"Carrarese","Venezia",3,2,"H",1,1,"D",2.88,3.13,2.38,"1-1","3-2",14,5,25,8,5,4,0,0,6,4,14,14,5,10,28,"6-4","Y","Y","Y",9,0,9
"4506","I2",2025-10-25,"Catanzaro","Palermo",1,0,"H",1,0,"H",3.25,3.13,2.15,"1-0","1-0",10,3,14,5,3,3,0,0,2,8,8,25,1,10,33,"2-8","N","N","N",6,0,9
"4507","I2",2025-10-26,"Padova","Juve Stabia",2,2,"D",1,1,"D",2.55,2.9,2.8,"1-1","2-2",10,3,17,6,2,2,0,0,2,3,9,18,4,5,27,"2-3","Y","Y","Y",4,0,9
"4508","I2",2025-10-26,"Bari","Mantova",1,0,"H",0,0,"D",2,3.4,3.4,"0-0","1-0",6,4,14,3,2,5,0,0,3,2,24,16,1,5,40,"3-2","N","N","N",7,0,9
"4509","I2",2025-10-28,"Cesena","Carrarese",2,1,"H",1,0,"H",1.95,3.25,3.6,"1-0","2-1",12,3,9,3,1,1,0,0,5,4,13,8,3,9,21,"5-4","Y","Y","N",2,0,10
"4510","I2",2025-10-28,"Empoli","Sampdoria",1,1,"D",0,0,"D",2.3,3,3.1,"0-0","1-1",7,1,14,2,3,1,1,1,4,5,10,11,2,9,21,"4-5","Y","N","N",4,2,10
"4511","I2",2025-10-28,"Frosinone","Virtus Entella",4,0,"H",1,0,"H",2.15,3.1,3.2,"1-0","4-0",21,9,11,1,1,0,0,0,10,3,13,15,4,13,28,"10-3","Y","Y","Y",1,0,10
"4512","I2",2025-10-28,"Palermo","Monza",0,3,"A",0,1,"A",2.25,3,3.2,"0-1","0-3",17,2,12,5,1,4,0,0,6,6,5,19,3,12,24,"6-6","Y","Y","N",5,0,10
"4513","I2",2025-10-28,"Pescara","Avellino",1,1,"D",1,1,"D",2.88,3.1,2.38,"1-1","1-1",28,7,20,5,1,3,0,0,5,8,15,13,2,13,28,"5-8","Y","N","N",4,0,10
"4514","I2",2025-10-28,"Reggiana","Modena",1,0,"H",1,0,"H",4.1,3.2,1.85,"1-0","1-0",8,2,22,1,2,3,0,0,1,9,16,19,1,10,35,"1-9","N","N","N",5,0,10
"4515","I2",2025-10-29,"Mantova","Catanzaro",1,3,"A",1,0,"H",2.5,3.2,2.63,"1-0","1-3",16,5,19,7,1,2,0,0,9,5,14,18,4,14,32,"9-5","Y","Y","Y",3,0,10
"4516","I2",2025-10-29,"Spezia","Padova",1,1,"D",1,0,"H",1.83,3.2,4.2,"1-0","1-1",9,5,4,2,1,6,0,0,3,3,17,16,2,6,33,"3-3","Y","N","N",7,0,10
"4517","I2",2025-10-29,"Venezia","Sudtirol",3,0,"H",2,0,"H",1.7,3.6,4.4,"2-0","3-0",17,4,4,2,1,2,0,0,1,4,9,18,3,5,27,"1-4","Y","Y","N",3,0,10
"4518","I2",2025-11-01,"Avellino","Reggiana",4,3,"H",1,1,"D",1.85,3.25,4.1,"1-1","4-3",13,5,15,4,4,3,0,0,4,4,15,21,7,8,36,"4-4","Y","Y","Y",7,0,10
"4519","I2",2025-11-01,"Carrarese","Frosinone",0,2,"A",0,1,"A",2.4,3.25,2.7,"0-1","0-2",16,4,15,4,5,3,0,1,5,2,16,17,2,7,33,"5-2","Y","N","N",8,1,11
"4520","I2",2025-11-01,"Padova","Sudtirol",1,1,"D",0,1,"A",2.3,3.1,3,"0-1","1-1",11,2,14,5,4,3,0,0,1,8,12,18,2,9,30,"1-8","Y","N","N",7,0,11
"4521","I2",2025-11-01,"Virtus Entella","Empoli",1,0,"H",0,0,"D",2.3,3,3,"0-0","1-0",22,7,5,2,2,2,0,0,11,2,11,14,1,13,25,"11-2","N","N","N",4,0,11
"4522","I2",2025-11-01,"Palermo","Pescara",5,0,"H",1,0,"H",1.4,4.33,6.5,"1-0","5-0",17,10,10,3,3,2,0,0,6,5,12,9,5,11,21,"6-5","Y","Y","Y",5,0,11
"4523","I2",2025-11-02,"Bari","Cesena",1,0,"H",0,0,"D",NA,NA,NA,"0-0","1-0",9,3,9,3,1,1,0,0,3,4,8,15,1,7,23,"3-4","N","N","N",2,0,11
"4524","I2",2025-11-02,"Catanzaro","Venezia",2,1,"H",0,0,"D",NA,NA,NA,"0-0","2-1",7,5,21,2,1,4,0,0,2,5,13,17,3,7,30,"2-5","Y","Y","N",5,0,11
"4525","I2",2025-11-02,"Modena","Juve Stabia",3,0,"H",1,0,"H",NA,NA,NA,"1-0","3-0",9,6,7,4,1,3,0,0,3,7,11,20,3,10,31,"3-7","Y","Y","N",4,0,11
"4526","I2",2025-11-02,"Monza","Spezia",1,0,"H",0,0,"D",NA,NA,NA,"0-0","1-0",16,4,4,0,3,2,1,0,8,1,18,18,1,9,36,"8-1","N","N","N",5,1,11
"4527","I2",2025-11-02,"Sampdoria","Mantova",0,1,"A",0,0,"D",NA,NA,NA,"0-0","0-1",14,2,8,2,2,0,0,0,11,6,18,12,1,17,30,"11-6","N","N","N",2,0,11
"4528","I2",2025-11-07,"Spezia","Bari",1,1,"D",1,1,"D",1.9,3.1,4.1,"1-1","1-1",10,5,19,1,4,2,1,0,4,12,15,11,2,16,26,"4-12","Y","N","N",6,1,11
"4529","I2",2025-11-08,"Empoli","Catanzaro",1,0,"H",0,0,"D",2.2,3.1,3.1,"0-0","1-0",11,3,6,1,5,4,1,0,2,4,21,11,1,6,32,"2-4","N","N","N",9,1,12
"4530","I2",2025-11-08,"Frosinone","Modena",2,2,"D",1,0,"H",2.7,3.1,2.5,"1-0","2-2",8,4,21,6,3,1,0,0,5,8,13,14,4,13,27,"5-8","Y","Y","Y",4,0,12
"4531","I2",2025-11-08,"Mantova","Padova",1,0,"H",0,0,"D",2.15,3.2,3.1,"0-0","1-0",16,4,7,1,2,3,0,0,6,2,8,17,1,8,25,"6-2","N","N","N",5,0,12
"4532","I2",2025-11-08,"Reggiana","Virtus Entella",0,0,"D",0,0,"D",2.55,3,2.7,"0-0","0-0",7,2,17,3,2,1,0,0,4,13,15,15,0,17,30,"4-13","N","N","N",3,0,12
"4533","I2",2025-11-08,"Sudtirol","Carrarese",1,1,"D",0,0,"D",2.25,3.13,3,"0-0","1-1",7,2,24,7,0,2,1,0,1,10,5,13,2,11,18,"1-10","Y","N","N",2,1,12
"4534","I2",2025-11-08,"Juve Stabia","Palermo",1,0,"H",1,0,"H",3,3.1,2.3,"1-0","1-0",14,4,9,1,1,7,0,1,6,4,18,27,1,10,45,"6-4","N","N","N",8,1,12
"4535","I2",2025-11-08,"Venezia","Sampdoria",3,1,"H",2,0,"H",1.67,3.5,4.8,"2-0","3-1",18,7,8,4,1,5,0,0,3,6,12,17,4,9,29,"3-6","Y","Y","Y",6,0,12
"4536","I2",2025-11-09,"Cesena","Avellino",3,0,"H",2,0,"H",1.75,3.3,4.5,"2-0","3-0",11,3,13,3,4,4,0,0,5,4,16,10,3,9,26,"5-4","Y","Y","N",8,0,12
"4537","I2",2025-11-09,"Pescara","Monza",0,2,"A",0,1,"A",4.8,3.4,1.7,"0-1","0-2",7,1,19,5,1,1,0,0,2,7,14,10,2,9,24,"2-7","Y","N","N",2,0,12
"4538","I2",2025-11-21,"Catanzaro","Pescara",3,3,"D",1,2,"A",1.67,3.5,4.8,"1-2","3-3",19,8,8,4,5,3,0,0,7,4,13,22,6,11,35,"7-4","Y","Y","Y",8,0,12
"4539","I2",2025-11-22,"Avellino","Empoli",0,3,"A",0,2,"A",2.2,3.1,3.13,"0-2","0-3",9,3,13,4,2,3,0,0,6,4,8,19,3,10,27,"6-4","Y","Y","N",5,0,13
"4540","I2",2025-11-22,"Carrarese","Reggiana",0,0,"D",0,0,"D",1.83,3.3,4,"0-0","0-0",11,1,16,5,1,5,0,0,5,5,11,21,0,10,32,"5-5","N","N","N",6,0,13
"4541","I2",2025-11-22,"Virtus Entella","Palermo",1,1,"D",1,0,"H",2.75,3.1,2.45,"1-0","1-1",18,2,17,2,1,1,0,0,7,7,15,9,2,14,24,"7-7","Y","N","N",2,0,13
"4542","I2",2025-11-22,"Padova","Venezia",0,2,"A",0,1,"A",4.2,3.3,1.8,"0-1","0-2",12,7,16,7,4,3,0,0,8,6,15,16,2,14,31,"8-6","Y","N","N",7,0,13
"4543","I2",2025-11-22,"Bari","Frosinone",2,3,"A",2,3,"A",2.63,3.2,2.5,"2-3","2-3",10,4,28,8,2,3,0,0,4,9,13,19,5,13,32,"4-9","Y","Y","Y",5,0,13
"4544","I2",2025-11-23,"Mantova","Spezia",4,1,"H",1,1,"D",2.63,3.1,2.55,"1-1","4-1",23,11,9,5,2,5,0,1,8,2,13,16,5,10,29,"8-2","Y","Y","Y",7,1,13
"4545","I2",2025-11-23,"Modena","Sudtirol",0,0,"D",0,0,"D",1.65,3.5,5,"0-0","0-0",23,5,7,3,0,0,0,0,5,3,13,24,0,8,37,"5-3","N","N","N",0,0,13
"4546","I2",2025-11-23,"Monza","Cesena",1,0,"H",1,0,"H",1.75,3.3,4.6,"1-0","1-0",14,1,15,4,1,0,0,0,6,7,3,9,1,13,12,"6-7","N","N","N",1,0,13
"4547","I2",2025-11-24,"Sampdoria","Juve Stabia",1,0,"H",0,0,"D",2.55,2.9,2.75,"0-0","1-0",16,2,10,3,1,5,0,1,4,4,14,18,1,8,32,"4-4","N","N","N",6,1,13
"4548","I2",2025-11-28,"Cesena","Modena",1,0,"H",1,0,"H",2.9,3,2.38,"1-0","1-0",14,2,18,6,1,1,0,0,7,8,15,8,1,15,23,"7-8","N","N","N",2,0,13
"4549","I2",2025-11-29,"Empoli","Bari",5,0,"H",1,0,"H",2.1,3.1,3.4,"1-0","5-0",16,8,7,0,1,2,0,0,4,5,12,19,5,9,31,"4-5","Y","Y","Y",3,0,14
"4550","I2",2025-11-29,"Pescara","Padova",0,1,"A",0,0,"D",2.7,3.13,2.5,"0-0","0-1",25,5,12,5,0,5,0,0,12,5,15,21,1,17,36,"12-5","N","N","N",5,0,14
"4551","I2",2025-11-29,"Reggiana","Frosinone",0,1,"A",0,0,"D",3.1,3.3,2.15,"0-0","0-1",14,6,11,4,1,3,0,0,4,2,19,17,1,6,36,"4-2","N","N","N",4,0,14
"4552","I2",2025-11-29,"Sudtirol","Avellino",0,1,"A",0,1,"A",1.95,3.2,3.7,"0-1","0-1",20,3,6,1,4,1,0,0,10,2,22,12,1,12,34,"10-2","N","N","N",5,0,14
"4553","I2",2025-11-29,"Venezia","Mantova",3,0,"H",1,0,"H",1.45,4.2,6,"1-0","3-0",27,8,3,1,2,3,0,1,7,1,21,11,3,8,32,"7-1","Y","Y","N",5,1,14
"4554","I2",2025-11-29,"Catanzaro","Virtus Entella",3,2,"H",2,2,"D",2.45,3,2.8,"2-2","3-2",17,7,13,3,4,3,0,0,8,2,9,17,5,10,26,"8-2","Y","Y","Y",7,0,14
"4555","I2",2025-11-29,"Palermo","Carrarese",5,0,"H",2,0,"H",1.67,3.6,4.5,"2-0","5-0",21,9,7,2,2,3,0,0,3,4,17,12,5,7,29,"3-4","Y","Y","Y",5,0,14
"4556","I2",2025-11-30,"Juve Stabia","Monza",2,2,"D",1,1,"D",3.25,2.9,2.25,"1-1","2-2",9,4,11,5,2,5,0,0,3,5,13,15,4,8,28,"3-5","Y","Y","Y",7,0,14
"4557","I2",2025-11-30,"Spezia","Sampdoria",1,0,"H",0,0,"D",2.3,3,3.1,"0-0","1-0",10,4,9,2,2,3,0,0,3,9,18,14,1,12,32,"3-9","N","N","N",5,0,14
"4558","I2",2025-12-04,"Juve Stabia","Bari",0,0,"D",0,0,"D",1.87,3.13,4.1,"0-0","0-0",17,1,3,0,4,3,0,0,8,0,17,13,0,8,30,"8-0","N","N","N",7,0,14
"4559","I2",2025-12-07,"Empoli","Palermo",1,3,"A",0,2,"A",3,3.1,2.3,"0-2","1-3",18,6,15,3,2,2,0,0,7,5,14,12,4,12,26,"7-5","Y","Y","Y",4,0,15
"4560","I2",2025-12-07,"Sampdoria","Carrarese",3,2,"H",2,2,"D",2,3.2,3.5,"2-2","3-2",15,7,7,3,7,3,0,0,7,1,21,13,5,8,34,"7-1","Y","Y","Y",10,0,15
"4561","I2",2025-12-08,"Modena","Catanzaro",1,2,"A",1,0,"H",1.65,3.5,5,"1-0","1-2",19,6,8,3,0,2,0,0,8,2,15,7,3,10,22,"8-2","Y","Y","N",2,0,15
"4562","I2",2025-12-08,"Avellino","Venezia",1,1,"D",1,0,"H",4.33,3.5,1.73,"1-0","1-1",2,2,26,10,1,3,0,0,2,10,15,21,2,12,36,"2-10","Y","N","N",4,0,15
"4563","I2",2025-12-08,"Frosinone","Juve Stabia",3,0,"H",1,0,"H",2.05,3.2,3.4,"1-0","3-0",18,8,10,0,0,2,0,0,4,1,11,14,3,5,25,"4-1","Y","Y","N",2,0,15
"4564","I2",2025-12-08,"Mantova","Reggiana",0,1,"A",0,0,"D",2,3.3,3.4,"0-0","0-1",18,5,8,3,2,3,0,1,10,3,12,18,1,13,30,"10-3","N","N","N",5,1,15
"4565","I2",2025-12-08,"Monza","Sudtirol",1,1,"D",1,0,"H",1.53,3.7,6,"1-0","1-1",11,5,13,3,1,2,0,0,3,0,15,21,2,3,36,"3-0","Y","N","N",3,0,15
"4566","I2",2025-12-08,"Padova","Cesena",1,1,"D",0,0,"D",3,3,2.3,"0-0","1-1",8,3,16,4,3,4,0,0,2,4,8,17,2,6,25,"2-4","Y","N","N",7,0,15
"4567","I2",2025-12-08,"Bari","Pescara",1,1,"D",0,1,"A",1.91,3.25,3.8,"0-1","1-1",13,5,15,5,6,3,2,1,9,1,17,9,2,10,26,"9-1","Y","N","N",9,3,15
"4568","I2",2025-12-08,"Virtus Entella","Spezia",0,1,"A",0,0,"D",2.3,3,3.1,"0-0","0-1",6,3,14,3,4,4,1,0,5,6,19,18,1,11,37,"5-6","N","N","N",8,1,15
"4569","I2",2025-12-12,"Palermo","Sampdoria",1,0,"H",1,0,"H",1.62,3.6,5,"1-0","1-0",15,5,7,1,0,0,0,0,5,1,12,18,1,6,30,"5-1","N","N","N",0,0,16
"4570","I2",2025-12-13,"Juve Stabia","Empoli",2,0,"H",1,0,"H",2.15,3.1,3.25,"1-0","2-0",8,5,10,1,4,2,0,0,5,5,20,18,2,10,38,"5-5","Y","N","N",6,0,16
"4571","I2",2025-12-13,"Reggiana","Padova",1,2,"A",0,1,"A",2.25,3,3.13,"0-1","1-2",13,4,10,5,2,3,0,0,7,5,10,12,3,12,22,"7-5","Y","Y","N",5,0,16
"4572","I2",2025-12-13,"Spezia","Modena",0,2,"A",0,1,"A",3.25,3.1,2.15,"0-1","0-2",7,3,28,10,4,5,1,0,3,9,12,24,2,12,36,"3-9","Y","N","N",9,1,16
"4573","I2",2025-12-13,"Sudtirol","Bari",0,0,"D",0,0,"D",1.95,3.2,3.75,"0-0","0-0",8,3,14,3,3,2,1,0,3,3,14,15,0,6,29,"3-3","N","N","N",5,1,16
"4574","I2",2025-12-13,"Venezia","Monza",2,0,"H",0,0,"D",2.2,3.13,3.13,"0-0","2-0",15,5,10,1,1,3,0,0,2,6,13,16,2,8,29,"2-6","Y","N","N",4,0,16
"4575","I2",2025-12-13,"Catanzaro","Avellino",1,0,"H",0,0,"D",1.83,3.4,3.9,"0-0","1-0",14,3,6,2,3,2,0,0,4,2,13,15,1,6,28,"4-2","N","N","N",5,0,16
"4576","I2",2025-12-13,"Cesena","Mantova",3,2,"H",1,2,"A",1.75,3.3,4.6,"1-2","3-2",20,8,15,7,2,1,0,0,7,2,17,7,5,9,24,"7-2","Y","Y","Y",3,0,16
"4577","I2",2025-12-14,"Carrarese","Virtus Entella",3,1,"H",0,0,"D",2.5,3.1,2.7,"0-0","3-1",15,5,10,2,1,3,0,0,5,6,13,15,4,11,28,"5-6","Y","Y","Y",4,0,16
"4578","I2",2025-12-14,"Pescara","Frosinone",1,2,"A",1,1,"D",3.7,3.6,1.83,"1-1","1-2",20,9,12,8,3,3,0,0,10,2,15,16,3,12,31,"10-2","Y","Y","N",6,0,16
"4579","I2",2025-12-19,"Bari","Catanzaro",1,2,"A",0,1,"A",2.8,3.1,2.4,"0-1","1-2",9,3,12,4,1,3,0,0,3,9,17,14,3,12,31,"3-9","Y","Y","N",4,0,17
"4580","I2",2025-12-20,"Cesena","Juve Stabia",1,1,"D",1,1,"D",2,3.1,3.7,"1-1","1-1",8,4,9,4,3,2,1,0,1,5,9,10,2,6,19,"1-5","Y","N","N",5,1,17
"4581","I2",2025-12-20,"Frosinone","Spezia",2,1,"H",1,0,"H",1.8,3.5,4.1,"1-0","2-1",22,8,16,6,2,2,0,0,5,10,16,11,3,15,27,"5-10","Y","Y","N",4,0,17
"4582","I2",2025-12-20,"Modena","Venezia",1,2,"A",0,1,"A",2.25,3.13,3,"0-1","1-2",10,2,18,8,1,3,0,0,5,5,7,12,3,10,19,"5-5","Y","Y","N",4,0,17
"4583","I2",2025-12-20,"Monza","Carrarese",4,1,"H",2,0,"H",1.57,3.7,5.5,"2-0","4-1",15,12,9,4,0,4,0,0,5,8,12,12,5,13,24,"5-8","Y","Y","Y",4,0,17
"4584","I2",2025-12-20,"Padova","Sampdoria",1,1,"D",0,1,"A",2.63,3,2.63,"0-1","1-1",12,2,12,5,2,2,0,0,2,5,14,18,2,7,32,"2-5","Y","N","N",4,0,17
"4585","I2",2025-12-20,"Avellino","Palermo",2,2,"D",1,0,"H",4.33,3.5,1.73,"1-0","2-2",12,9,14,3,4,4,0,1,4,4,15,22,4,8,37,"4-4","Y","Y","Y",8,1,17
"4586","I2",2025-12-20,"Pescara","Reggiana",2,1,"H",1,1,"D",2.55,3.13,2.6,"1-1","2-1",19,10,8,4,1,4,0,0,8,5,14,17,3,13,31,"8-5","Y","Y","N",5,0,17
"4587","I2",2025-12-21,"Virtus Entella","Sudtirol",1,1,"D",1,0,"H",2.2,3.13,3.13,"1-0","1-1",9,4,8,2,3,2,0,0,2,3,17,17,2,5,34,"2-3","Y","N","N",5,0,17
"4588","I2",2025-12-21,"Mantova","Empoli",0,1,"A",0,0,"D",2.55,3.2,2.55,"0-0","0-1",15,3,6,2,4,3,0,0,6,3,17,15,1,9,32,"6-3","N","N","N",7,0,17
"4589","I2",2025-12-26,"Modena","Monza",1,2,"A",1,0,"H",2.3,3,3.1,"1-0","1-2",12,7,14,6,4,4,0,0,5,4,15,15,3,9,30,"5-4","Y","Y","N",8,0,18
"4590","I2",2025-12-27,"Spezia","Pescara",2,1,"H",1,1,"D",1.67,3.7,4.5,"1-1","2-1",12,6,13,5,1,3,0,0,9,6,15,13,3,15,28,"9-6","Y","Y","N",4,0,18
"4591","I2",2025-12-27,"Carrarese","Mantova",0,0,"D",0,0,"D",2.1,3.3,3.2,"0-0","0-0",18,4,7,1,2,2,0,0,7,5,14,19,0,12,33,"7-5","N","N","N",4,0,18
"4592","I2",2025-12-27,"Catanzaro","Cesena",2,0,"H",1,0,"H",2.45,3.1,2.75,"1-0","2-0",14,6,9,1,2,2,0,0,2,5,7,20,2,7,27,"2-5","Y","N","N",4,0,18
"4593","I2",2025-12-27,"Empoli","Frosinone",1,1,"D",1,1,"D",2.45,3.25,2.63,"1-1","1-1",13,6,15,3,1,3,0,0,3,1,12,15,2,4,27,"3-1","Y","N","N",4,0,18
"4594","I2",2025-12-27,"Juve Stabia","Sudtirol",1,0,"H",1,0,"H",2.15,3,3.4,"1-0","1-0",10,3,14,4,1,3,0,0,2,6,19,17,1,8,36,"2-6","N","N","N",4,0,18
"4595","I2",2025-12-27,"Sampdoria","Reggiana",2,1,"H",1,1,"D",1.9,3.2,3.9,"1-1","2-1",15,4,6,3,3,3,0,0,5,4,19,25,3,9,44,"5-4","Y","Y","N",6,0,18
"4596","I2",2025-12-27,"Venezia","Virtus Entella",1,0,"H",1,0,"H",1.4,4.1,7,"1-0","1-0",14,4,8,3,1,4,0,0,4,5,16,19,1,9,35,"4-5","N","N","N",5,0,18
"4597","I2",2025-12-27,"Palermo","Padova",1,0,"H",1,0,"H",1.45,4,6.5,"1-0","1-0",11,3,11,6,2,2,0,0,3,8,12,11,1,11,23,"3-8","N","N","N",4,0,18
"4598","I2",2025-12-27,"Bari","Avellino",1,1,"D",0,0,"D",2.25,3.1,3,"0-0","1-1",10,4,11,4,3,3,0,0,3,3,23,21,2,6,44,"3-3","Y","N","N",6,0,18
"4599","I2",2026-01-10,"Avellino","Sampdoria",2,1,"H",1,0,"H",2.8,3,2.45,"1-0","2-1",7,3,21,5,3,3,0,0,5,2,15,17,3,7,32,"5-2","Y","Y","N",6,0,19
"4600","I2",2026-01-10,"Carrarese","Bari",1,0,"H",0,0,"D",1.95,3.2,3.7,"0-0","1-0",16,6,11,4,1,0,0,0,7,3,8,13,1,10,21,"7-3","N","N","N",1,0,19
"4601","I2",2026-01-10,"Frosinone","Catanzaro",2,0,"H",0,0,"D",2.05,3.4,3.2,"0-0","2-0",17,5,13,4,5,4,0,1,5,3,19,14,2,8,33,"5-3","Y","N","N",9,1,19
"4602","I2",2026-01-10,"Reggiana","Venezia",1,3,"A",1,2,"A",5.25,3.6,1.6,"1-2","1-3",13,6,12,5,1,1,0,1,5,5,10,11,4,10,21,"5-5","Y","Y","Y",2,1,19
"4603","I2",2026-01-10,"Sudtirol","Spezia",2,1,"H",1,1,"D",2.3,3.1,3,"1-1","2-1",10,4,12,3,1,2,0,0,3,4,14,11,3,7,25,"3-4","Y","Y","N",3,0,19
"4604","I2",2026-01-10,"Virtus Entella","Monza",1,0,"H",0,0,"D",3.9,3.2,1.91,"0-0","1-0",12,4,16,5,1,4,0,0,4,8,14,13,1,12,27,"4-8","N","N","N",5,0,19
"4605","I2",2026-01-10,"Juve Stabia","Pescara",2,2,"D",0,1,"A",1.75,3.4,4.4,"0-1","2-2",18,5,15,7,2,5,0,0,8,7,12,14,4,15,26,"8-7","Y","Y","Y",7,0,19
"4606","I2",2026-01-10,"Cesena","Empoli",0,1,"A",0,0,"D",2,3.2,3.5,"0-0","0-1",17,6,11,4,3,2,0,0,12,2,7,10,1,14,17,"12-2","N","N","N",5,0,19
"4607","I2",2026-01-11,"Mantova","Palermo",1,1,"D",0,1,"A",3.13,3.3,2.1,"0-1","1-1",7,2,18,6,3,2,0,0,3,6,7,18,2,9,25,"3-6","Y","N","N",5,0,19
"4608","I2",2026-01-11,"Padova","Modena",2,0,"H",1,0,"H",3.9,3.2,1.91,"1-0","2-0",8,6,32,6,3,1,0,0,3,12,11,13,2,15,24,"3-12","Y","N","N",4,0,19
"4609","I2",2026-01-16,"Sampdoria","Virtus Entella",1,1,"D",1,0,"H",1.95,3.1,3.8,"1-0","1-1",10,4,7,2,2,1,0,0,9,1,25,30,2,10,55,"9-1","Y","N","N",3,0,20
"4610","I2",2026-01-17,"Avellino","Carrarese",1,2,"A",1,1,"D",2.5,3.2,2.63,"1-1","1-2",13,5,12,6,1,2,0,0,6,4,14,11,3,10,25,"6-4","Y","Y","N",3,0,20
"4611","I2",2026-01-17,"Empoli","Sudtirol",0,1,"A",0,1,"A",2.25,3,3.1,"0-1","0-1",9,3,6,2,0,5,0,0,8,4,15,22,1,12,37,"8-4","N","N","N",5,0,20
"4612","I2",2026-01-17,"Monza","Frosinone",2,2,"D",1,1,"D",1.8,3.5,4,"1-1","2-2",18,3,9,4,3,4,0,1,8,5,16,21,4,13,37,"8-5","Y","Y","Y",7,1,20
"4613","I2",2026-01-17,"Padova","Mantova",1,2,"A",0,1,"A",2.25,3.13,3,"0-1","1-2",20,7,16,5,3,3,0,0,6,2,14,20,3,8,34,"6-2","Y","Y","N",6,0,20
"4614","I2",2026-01-17,"Venezia","Catanzaro",3,1,"H",1,1,"D",1.5,3.9,5.75,"1-1","3-1",23,6,5,3,1,3,0,1,3,1,20,15,4,4,35,"3-1","Y","Y","Y",4,1,20
"4615","I2",2026-01-17,"Reggiana","Cesena",1,2,"A",1,1,"D",3.4,3.1,2.1,"1-1","1-2",18,5,9,5,2,3,0,0,4,5,12,14,3,9,26,"4-5","Y","Y","N",5,0,20
"4616","I2",2026-01-17,"Bari","Juve Stabia",0,1,"A",0,1,"A",2.9,3,2.4,"0-1","0-1",6,0,17,6,1,4,0,0,5,5,20,16,1,10,36,"5-5","N","N","N",5,0,20
"4617","I2",2026-01-18,"Pescara","Modena",0,2,"A",0,2,"A",4.8,3.7,1.62,"0-2","0-2",13,2,11,6,0,2,0,0,4,9,17,20,2,13,37,"4-9","Y","N","N",2,0,20
"4618","I2",2026-01-18,"Palermo","Spezia",1,0,"H",1,0,"H",1.7,3.5,4.5,"1-0","1-0",15,4,14,3,2,3,0,0,9,8,18,17,1,17,35,"9-8","N","N","N",5,0,20
"4619","I2",2026-01-23,"Carrarese","Empoli",3,0,"H",1,0,"H",2.25,3.13,3,"1-0","3-0",11,6,11,4,1,1,0,0,2,5,11,10,3,7,21,"2-5","Y","Y","N",2,0,21
"4620","I2",2026-01-24,"Cesena","Bari",1,2,"A",0,0,"D",1.73,3.4,4.5,"0-0","1-2",16,8,6,4,2,3,0,0,16,1,10,11,3,17,21,"16-1","Y","Y","N",5,0,21
"4621","I2",2026-01-24,"Frosinone","Reggiana",1,0,"H",0,0,"D",1.55,3.9,5.25,"0-0","1-0",15,3,11,3,2,3,0,0,7,2,18,15,1,9,33,"7-2","N","N","N",5,0,21
"4622","I2",2026-01-24,"Juve Stabia","Virtus Entella",1,0,"H",1,0,"H",1.95,3.1,3.9,"1-0","1-0",14,8,9,2,1,2,0,0,4,3,12,13,1,7,25,"4-3","N","N","N",3,0,21
"4623","I2",2026-01-24,"Mantova","Venezia",2,5,"A",1,2,"A",5.25,3.9,1.55,"1-2","2-5",8,4,21,11,2,2,0,0,3,9,13,13,7,12,26,"3-9","Y","Y","Y",4,0,21
"4624","I2",2026-01-24,"Monza","Pescara",3,0,"H",1,0,"H",1.36,4.5,7,"1-0","3-0",9,5,20,5,5,2,0,0,8,8,12,17,3,16,29,"8-8","Y","Y","N",7,0,21
"4625","I2",2026-01-24,"Modena","Palermo",0,0,"D",0,0,"D",2.25,3.13,3,"0-0","0-0",9,1,3,2,1,1,0,0,2,4,17,17,0,6,34,"2-4","N","N","N",2,0,21
"4626","I2",2026-01-24,"Spezia","Avellino",1,0,"H",1,0,"H",1.93,3.3,3.7,"1-0","1-0",12,1,11,1,3,4,0,0,3,9,17,14,1,12,31,"3-9","N","N","N",7,0,21
"4627","I2",2026-01-25,"Sudtirol","Padova",3,0,"H",2,0,"H",NA,NA,NA,"2-0","3-0",22,7,13,4,3,1,0,0,5,3,10,17,3,8,27,"5-3","Y","Y","N",4,0,21
"4628","I2",2026-01-25,"Catanzaro","Sampdoria",0,0,"D",0,0,"D",NA,NA,NA,"0-0","0-0",13,3,14,6,3,2,0,0,3,4,15,20,0,7,35,"3-4","N","N","N",5,0,21
"4629","I2",2026-01-30,"Bari","Palermo",0,3,"A",0,0,"D",4.1,3.2,1.85,"0-0","0-3",7,1,22,5,3,4,0,0,3,7,13,18,3,10,31,"3-7","Y","Y","N",7,0,22
"4630","I2",2026-01-31,"Avellino","Cesena",3,1,"H",2,1,"H",NA,NA,NA,"2-1","3-1",11,5,11,5,1,2,0,0,7,4,9,14,4,11,23,"7-4","Y","Y","Y",3,0,22
"4631","I2",2026-01-31,"Empoli","Modena",0,0,"D",0,0,"D",NA,NA,NA,"0-0","0-0",9,3,13,3,1,3,0,1,5,4,10,13,0,9,23,"5-4","N","N","N",4,1,22
"4632","I2",2026-01-31,"Sudtirol","Catanzaro",2,1,"H",2,1,"H",2.25,3,3.1,"2-1","2-1",8,4,21,7,4,1,0,0,1,3,15,9,3,4,24,"1-3","Y","Y","N",5,0,22
"4633","I2",2026-01-31,"Venezia","Carrarese",2,1,"H",1,0,"H",1.36,4.5,7,"1-0","2-1",17,5,7,3,2,4,0,0,3,6,19,15,3,9,34,"3-6","Y","Y","N",6,0,22
"4634","I2",2026-01-31,"Virtus Entella","Frosinone",1,1,"D",0,0,"D",NA,NA,NA,"0-0","1-1",16,5,11,3,2,2,0,0,3,8,18,20,2,11,38,"3-8","Y","N","N",4,0,22
"4635","I2",2026-01-31,"Pescara","Mantova",2,2,"D",1,1,"D",NA,NA,NA,"1-1","2-2",12,4,14,6,4,3,0,0,4,6,25,17,4,10,42,"4-6","Y","Y","Y",7,0,22
"4636","I2",2026-01-31,"Sampdoria","Spezia",1,0,"H",0,0,"D",NA,NA,NA,"0-0","1-0",10,4,11,3,3,4,1,1,6,11,14,23,1,17,37,"6-11","N","N","N",7,2,22
"4637","I2",2026-02-01,"Reggiana","Juve Stabia",1,1,"D",1,1,"D",NA,NA,NA,"1-1","1-1",10,3,11,5,2,1,0,0,4,5,15,12,2,9,27,"4-5","Y","N","N",3,0,22
"4638","I2",2026-02-01,"Padova","Monza",1,2,"A",1,1,"D",NA,NA,NA,"1-1","1-2",19,1,19,8,3,1,0,0,3,9,16,9,3,12,25,"3-9","Y","Y","N",4,0,22
"4639","I2",2026-02-06,"Cesena","Pescara",2,0,"H",1,0,"H",1.67,3.6,4.5,"1-0","2-0",15,5,20,4,5,1,0,0,5,6,15,11,2,11,26,"5-6","Y","N","N",6,0,23
"4640","I2",2026-02-07,"Carrarese","Sudtirol",0,0,"D",0,0,"D",2.38,2.88,3.1,"0-0","0-0",15,5,10,1,2,2,0,0,5,6,5,19,0,11,24,"5-6","N","N","N",4,0,23
"4641","I2",2026-02-07,"Catanzaro","Reggiana",2,0,"H",1,0,"H",1.75,3.4,4.33,"1-0","2-0",14,5,15,6,1,3,0,0,2,10,11,20,2,12,31,"2-10","Y","N","N",4,0,23
"4642","I2",2026-02-07,"Frosinone","Venezia",1,2,"A",1,0,"H",3.1,3.25,2.15,"1-0","1-2",20,11,14,5,1,2,0,0,6,2,17,15,3,8,32,"6-2","Y","Y","N",3,0,23
"4643","I2",2026-02-07,"Juve Stabia","Padova",3,3,"D",1,0,"H",1.67,3.4,5,"1-0","3-3",13,4,8,6,2,3,0,0,1,4,24,12,6,5,36,"1-4","Y","Y","Y",5,0,23
"4644","I2",2026-02-07,"Mantova","Bari",2,1,"H",1,1,"D",2.05,3,3.6,"1-1","2-1",16,7,3,2,4,2,0,0,7,1,20,28,3,8,48,"7-1","Y","Y","N",6,0,23
"4645","I2",2026-02-07,"Modena","Sampdoria",1,2,"A",0,0,"D",1.8,3.25,4.33,"0-0","1-2",19,5,9,4,1,5,0,0,4,1,21,18,3,5,39,"4-1","Y","Y","N",6,0,23
"4646","I2",2026-02-07,"Palermo","Empoli",3,2,"H",1,1,"D",1.62,3.6,5,"1-1","3-2",12,3,17,8,2,4,0,0,3,5,19,16,5,8,35,"3-5","Y","Y","Y",6,0,23
"4647","I2",2026-02-07,"Spezia","Virtus Entella",1,1,"D",1,1,"D",2.2,2.88,3.25,"1-1","1-1",11,4,11,3,2,3,0,1,6,6,14,11,2,12,25,"6-6","Y","N","N",5,1,23
"4648","I2",2026-02-08,"Monza","Avellino",2,1,"H",0,0,"D",1.6,3.7,5,"0-0","2-1",33,9,3,2,0,3,0,0,15,2,10,14,3,17,24,"15-2","Y","Y","N",3,0,23
"4649","I2",2026-02-10,"Sampdoria","Palermo",3,3,"D",0,1,"A",3.2,3.1,2.2,"0-1","3-3",13,5,15,3,3,4,0,0,3,4,12,21,6,7,33,"3-4","Y","Y","Y",7,0,24
"4650","I2",2026-02-10,"Padova","Carrarese",1,0,"H",1,0,"H",2.63,3,2.63,"1-0","1-0",13,2,22,1,2,3,0,0,3,8,18,10,1,11,28,"3-8","N","N","N",5,0,24
"4651","I2",2026-02-10,"Pescara","Catanzaro",0,2,"A",0,1,"A",2.7,3.3,2.38,"0-1","0-2",20,2,14,6,3,3,0,0,7,3,22,19,2,10,41,"7-3","Y","N","N",6,0,24
"4652","I2",2026-02-10,"Reggiana","Mantova",1,0,"H",1,0,"H",2.38,3.13,2.8,"1-0","1-0",11,3,11,1,4,3,0,0,5,3,16,12,1,8,28,"5-3","N","N","N",7,0,24
"4653","I2",2026-02-10,"Venezia","Modena",0,2,"A",0,2,"A",1.73,3.5,4.33,"0-2","0-2",17,5,13,7,2,3,0,0,1,5,23,15,2,6,38,"1-5","Y","N","N",5,0,24
"4654","I2",2026-02-10,"Virtus Entella","Cesena",3,1,"H",1,0,"H",2.63,3,2.63,"1-0","3-1",11,5,17,2,2,3,0,0,5,5,12,13,4,10,25,"5-5","Y","Y","Y",5,0,24
"4655","I2",2026-02-11,"Sudtirol","Monza",0,0,"D",0,0,"D",3.4,3.1,2.05,"0-0","0-0",10,2,7,1,2,1,0,0,5,3,17,19,0,8,36,"5-3","N","N","N",3,0,24
"4656","I2",2026-02-11,"Avellino","Frosinone",1,3,"A",0,2,"A",2.9,3.4,2.2,"0-2","1-3",15,6,16,5,2,1,0,0,6,4,13,14,4,10,27,"6-4","Y","Y","Y",3,0,24
"4657","I2",2026-02-11,"Bari","Spezia",0,0,"D",0,0,"D",3,2.88,2.4,"0-0","0-0",21,7,18,6,0,1,0,0,5,10,12,10,0,15,22,"5-10","N","N","N",1,0,24
"4658","I2",2026-02-11,"Empoli","Juve Stabia",1,2,"A",1,0,"H",2.4,3,2.9,"1-0","1-2",12,2,9,3,1,0,0,0,5,3,21,9,3,8,30,"5-3","Y","Y","N",1,0,24
"4659","I2",2026-02-14,"Modena","Carrarese",2,0,"H",1,0,"H",1.65,3.6,4.75,"1-0","2-0",13,6,13,4,5,5,0,0,6,5,16,13,2,11,29,"6-5","Y","N","N",10,0,25
"4660","I2",2026-02-14,"Palermo","Virtus Entella",3,0,"H",2,0,"H",1.62,3.6,5,"2-0","3-0",8,3,21,5,0,0,0,0,3,8,10,12,3,11,22,"3-8","Y","Y","N",0,0,25
"4661","I2",2026-02-14,"Sampdoria","Padova",1,0,"H",1,0,"H",1.8,3.2,4.33,"1-0","1-0",12,3,5,1,2,1,0,0,5,1,12,20,1,6,32,"5-1","N","N","N",3,0,25
"4662","I2",2026-02-14,"Catanzaro","Mantova",2,0,"H",2,0,"H",1.87,3.5,3.6,"2-0","2-0",4,3,18,3,0,1,0,0,2,11,16,18,2,13,34,"2-11","Y","N","N",1,0,25
"4663","I2",2026-02-14,"Cesena","Venezia",0,4,"A",0,2,"A",3.3,3.4,2,"0-2","0-4",11,4,14,7,3,1,0,0,5,5,11,14,4,10,25,"5-5","Y","Y","Y",4,0,25
"4664","I2",2026-02-15,"Bari","Sudtirol",1,2,"A",0,0,"D",2.8,3,2.45,"0-0","1-2",12,1,18,5,0,3,0,0,3,5,12,17,3,8,29,"3-5","Y","Y","N",3,0,25
"4665","I2",2026-02-15,"Monza","Juve Stabia",2,1,"H",0,1,"A",1.65,3.5,5,"0-1","2-1",13,7,14,5,0,0,0,0,5,7,12,10,3,12,22,"5-7","Y","Y","N",0,0,25
"4666","I2",2026-02-15,"Spezia","Frosinone",0,2,"A",0,1,"A",2.55,3.25,2.55,"0-1","0-2",6,2,15,6,4,2,0,0,2,11,15,16,2,13,31,"2-11","Y","N","N",6,0,25
"4667","I2",2026-02-15,"Empoli","Reggiana",1,1,"D",0,1,"A",1.95,3.13,3.8,"0-1","1-1",19,4,5,1,4,2,0,0,12,1,13,16,2,13,29,"12-1","Y","N","N",6,0,25
"4668","I2",2026-02-15,"Avellino","Pescara",0,1,"A",0,0,"D",2.2,3.3,3,"0-0","0-1",11,2,16,3,4,4,0,0,6,4,17,18,1,10,35,"6-4","N","N","N",8,0,25
"4669","I2",2026-02-20,"Frosinone","Empoli",2,2,"D",1,1,"D",1.8,3.5,3.9,"1-1","2-2",28,8,13,5,1,4,0,0,6,3,6,18,4,9,24,"6-3","Y","Y","Y",5,0,26
"4670","I2",2026-02-21,"Mantova","Sampdoria",2,1,"H",0,1,"A",2.75,3.1,2.45,"0-1","2-1",11,5,13,3,2,2,0,0,6,5,15,21,3,11,36,"6-5","Y","Y","N",4,0,26
"4671","I2",2026-02-21,"Padova","Bari",1,1,"D",1,1,"D",2.25,3,3.13,"1-1","1-1",9,5,17,4,3,4,0,0,9,3,19,15,2,12,34,"9-3","Y","N","N",7,0,26
"4672","I2",2026-02-21,"Palermo","Sudtirol",3,0,"H",2,0,"H",1.7,3.5,4.6,"2-0","3-0",14,8,14,3,0,2,0,0,5,3,15,11,3,8,26,"5-3","Y","Y","N",2,0,26
"4673","I2",2026-02-21,"Venezia","Pescara",3,2,"H",2,1,"H",1.33,4.8,7.5,"2-1","3-2",18,10,16,4,1,4,0,0,6,7,16,13,5,13,29,"6-7","Y","Y","Y",5,0,26
"4674","I2",2026-02-21,"Virtus Entella","Catanzaro",1,3,"A",0,1,"A",2.38,3.1,2.88,"0-1","1-3",16,3,12,5,2,1,0,0,5,3,20,9,4,8,29,"5-3","Y","Y","Y",3,0,26
"4675","I2",2026-02-21,"Cesena","Spezia",2,3,"A",1,1,"D",2.1,3.13,3.3,"1-1","2-3",22,8,9,6,1,2,0,0,7,0,11,15,5,7,26,"7-0","Y","Y","Y",3,0,26
"4676","I2",2026-02-21,"Carrarese","Monza",0,1,"A",0,0,"D",3.5,3.25,2,"0-0","0-1",10,4,9,2,2,1,0,0,4,7,14,17,1,11,31,"4-7","N","N","N",3,0,26
"4677","I2",2026-02-22,"Juve Stabia","Modena",1,2,"A",0,2,"A",3.1,3,2.3,"0-2","1-2",23,4,9,4,4,4,0,1,19,3,17,21,3,22,38,"19-3","Y","Y","N",8,1,26
"4678","I2",2026-02-22,"Reggiana","Avellino",1,1,"D",1,1,"D",2.55,3,2.7,"1-1","1-1",9,3,7,2,2,1,0,0,1,8,10,15,2,9,25,"1-8","Y","N","N",3,0,26
"4679","I2",2026-02-27,"Monza","Virtus Entella",2,0,"H",0,0,"D",1.57,3.6,5.5,"0-0","2-0",21,7,8,3,2,0,0,0,1,2,12,14,2,3,26,"1-2","Y","N","N",2,0,27
"4680","I2",2026-02-27,"Sampdoria","Bari",0,2,"A",0,1,"A",1.7,3.4,4.8,"0-1","0-2",19,4,13,7,4,4,0,0,9,3,10,20,2,12,30,"9-3","Y","N","N",8,0,27
"4681","I2",2026-02-28,"Empoli","Cesena",1,1,"D",0,1,"A",2.25,3.13,3,"0-1","1-1",28,5,8,3,0,1,0,0,13,1,7,16,2,14,23,"13-1","Y","N","N",1,0,27
"4682","I2",2026-02-28,"Modena","Padova",1,2,"A",0,2,"A",1.5,3.9,5.75,"0-2","1-2",12,5,6,3,2,3,0,0,5,3,13,13,3,8,26,"5-3","Y","Y","N",5,0,27
"4683","I2",2026-02-28,"Sudtirol","Venezia",1,1,"D",0,0,"D",3.6,3.3,1.95,"0-0","1-1",12,2,12,4,1,2,0,0,6,5,13,13,2,11,26,"6-5","Y","N","N",3,0,27
"4684","I2",2026-02-28,"Spezia","Reggiana",0,1,"A",0,1,"A",1.93,3.2,3.75,"0-1","0-1",22,5,7,1,4,3,0,0,7,1,14,21,1,8,35,"7-1","N","N","N",7,0,27
"4685","I2",2026-02-28,"Avellino","Juve Stabia",0,0,"D",0,0,"D",2.63,3,2.6,"0-0","0-0",11,3,5,2,3,1,0,0,6,2,21,17,0,8,38,"6-2","N","N","N",4,0,27
"4686","I2",2026-03-01,"Catanzaro","Frosinone",2,2,"D",1,0,"H",2.55,3.4,2.45,"1-0","2-2",22,8,22,7,1,4,0,0,3,9,16,17,4,12,33,"3-9","Y","Y","Y",5,0,27
"4687","I2",2026-03-01,"Pescara","Palermo",2,1,"H",0,0,"D",4.2,3.6,1.73,"0-0","2-1",14,8,12,5,4,2,0,0,9,4,11,14,3,13,25,"9-4","Y","Y","N",6,0,27
"4688","I2",2026-03-01,"Mantova","Carrarese",1,1,"D",1,0,"H",2.38,3.2,2.75,"1-0","1-1",15,4,11,2,3,4,0,0,6,9,18,13,2,15,31,"6-9","Y","N","N",7,0,27
"4689","I2",2026-03-03,"Padova","Spezia",2,2,"D",1,1,"D",2.7,2.9,2.63,"1-1","2-2",19,5,13,10,0,2,0,0,6,5,15,13,4,11,28,"6-5","Y","Y","Y",2,0,28
"4690","I2",2026-03-03,"Cesena","Monza",1,3,"A",0,2,"A",3.25,3.2,2.1,"0-2","1-3",15,5,11,5,2,3,0,1,4,2,15,12,4,6,27,"4-2","Y","Y","Y",5,1,28
"4691","I2",2026-03-03,"Reggiana","Sudtirol",0,4,"A",0,1,"A",3,2.9,2.4,"0-1","0-4",6,1,16,8,1,1,0,0,3,4,12,15,4,7,27,"3-4","Y","Y","Y",2,0,28
"4692","I2",2026-03-03,"Venezia","Avellino",4,0,"H",3,0,"H",1.3,4.8,8.5,"3-0","4-0",25,5,3,0,1,2,0,2,3,0,11,9,4,3,20,"3-0","Y","Y","Y",3,2,28
"4693","I2",2026-03-03,"Virtus Entella","Modena",2,1,"H",1,1,"D",3.4,3.13,2.1,"1-1","2-1",7,4,18,5,3,1,1,0,1,6,8,13,3,7,21,"1-6","Y","Y","N",4,1,28
"4694","I2",2026-03-04,"Carrarese","Catanzaro",3,3,"D",1,2,"A",2.38,3.13,2.8,"1-2","3-3",22,9,9,3,1,2,1,0,4,2,10,21,6,6,31,"4-2","Y","Y","Y",3,1,28
"4695","I2",2026-03-04,"Bari","Empoli",2,1,"H",1,1,"D",2.88,3.2,2.3,"1-1","2-1",13,5,11,4,2,1,0,1,3,8,16,10,3,11,26,"3-8","Y","Y","N",3,1,28
"4696","I2",2026-03-04,"Frosinone","Pescara",2,2,"D",0,2,"A",1.53,4.2,4.8,"0-2","2-2",19,6,13,6,2,4,0,1,12,1,11,18,4,13,29,"12-1","Y","Y","Y",6,1,28
"4697","I2",2026-03-04,"Juve Stabia","Sampdoria",1,1,"D",0,0,"D",2.3,3,3.1,"0-0","1-1",15,5,4,1,0,1,0,0,9,3,13,9,2,12,22,"9-3","Y","N","N",1,0,28
"4698","I2",2026-03-04,"Palermo","Mantova",2,1,"H",2,0,"H",1.53,3.9,5.25,"2-0","2-1",17,5,7,3,4,4,1,1,9,2,23,12,3,11,35,"9-2","Y","Y","N",8,2,28
"4699","I2",2026-03-07,"Avellino","Padova",1,0,"H",0,0,"D",2.05,3.13,3.4,"0-0","1-0",19,5,6,1,3,3,0,0,9,3,12,16,1,12,28,"9-3","N","N","N",6,0,29
"4700","I2",2026-03-07,"Spezia","Monza",4,2,"H",2,2,"D",3.6,3.13,2,"2-2","4-2",18,5,8,5,3,3,0,1,3,2,15,14,6,5,29,"3-2","Y","Y","Y",6,1,29
"4701","I2",2026-03-07,"Sudtirol","Virtus Entella",0,1,"A",0,0,"D",1.95,3,4,"0-0","0-1",12,2,8,2,1,2,0,0,6,2,10,21,1,8,31,"6-2","N","N","N",3,0,29
"4702","I2",2026-03-07,"Venezia","Reggiana",2,0,"H",1,0,"H",1.3,4.75,8.5,"1-0","2-0",22,10,11,3,1,0,0,0,5,3,17,11,2,8,28,"5-3","Y","N","N",1,0,29
"4703","I2",2026-03-07,"Modena","Cesena",0,0,"D",0,0,"D",1.75,3.5,4.2,"0-0","0-0",17,4,3,1,1,0,0,0,7,1,8,10,0,8,18,"7-1","N","N","N",1,0,29
"4704","I2",2026-03-08,"Catanzaro","Empoli",3,2,"H",0,2,"A",2.2,3.25,3,"0-2","3-2",16,6,5,2,1,2,0,0,9,1,9,26,5,10,35,"9-1","Y","Y","Y",3,0,29
"4705","I2",2026-03-08,"Frosinone","Sampdoria",3,0,"H",1,0,"H",1.8,3.5,3.9,"1-0","3-0",24,10,9,1,2,1,0,0,10,2,16,14,3,12,30,"10-2","Y","Y","N",3,0,29
"4706","I2",2026-03-08,"Mantova","Juve Stabia",2,0,"H",2,0,"H",2.45,3.1,2.75,"2-0","2-0",16,4,3,1,2,8,0,1,6,1,21,13,2,7,34,"6-1","Y","N","N",10,1,29
"4707","I2",2026-03-08,"Carrarese","Palermo",0,1,"A",0,1,"A",3.1,3.25,2.15,"0-1","0-1",13,3,13,6,2,1,0,0,9,5,14,9,1,14,23,"9-5","N","N","N",3,0,29
"4708","I2",2026-03-08,"Pescara","Bari",4,0,"H",2,0,"H",2,3.4,3.3,"2-0","4-0",27,17,12,2,2,1,0,0,2,4,18,10,4,6,28,"2-4","Y","Y","Y",3,0,29
"4709","I2",2026-03-13,"Modena","Spezia",3,0,"H",1,0,"H",1.65,3.5,5,"1-0","3-0",9,3,6,1,0,2,0,0,3,3,9,15,3,6,24,"3-3","Y","Y","N",2,0,30
"4710","I2",2026-03-14,"Bari","Reggiana",4,1,"H",2,0,"H",2.15,3.1,3.25,"2-0","4-1",11,5,12,2,2,4,0,0,3,8,11,18,5,11,29,"3-8","Y","Y","Y",6,0,30
"4711","I2",2026-03-14,"Cesena","Frosinone",2,2,"D",0,1,"A",2.75,3.5,2.25,"0-1","2-2",15,6,24,7,4,1,0,0,1,5,18,13,4,6,31,"1-5","Y","Y","Y",5,0,30
"4712","I2",2026-03-14,"Empoli","Mantova",2,2,"D",0,2,"A",2.05,3.3,3.3,"0-2","2-2",18,8,13,5,3,2,0,0,9,4,17,17,4,13,34,"9-4","Y","Y","Y",5,0,30
"4713","I2",2026-03-14,"Juve Stabia","Carrarese",1,1,"D",1,0,"H",2.15,3.1,3.2,"1-0","1-1",15,4,10,5,2,1,0,0,6,8,16,14,2,14,30,"6-8","Y","N","N",3,0,30
"4714","I2",2026-03-14,"Padova","Catanzaro",1,3,"A",0,1,"A",2.8,3.13,2.4,"0-1","1-3",13,1,13,5,1,2,0,0,3,6,18,15,4,9,33,"3-6","Y","Y","Y",3,0,30
"4715","I2",2026-03-14,"Monza","Palermo",3,0,"H",1,0,"H",2.15,3.2,3.2,"1-0","3-0",7,3,19,4,2,4,0,0,3,10,10,11,3,13,21,"3-10","Y","Y","N",6,0,30
"4716","I2",2026-03-14,"Sampdoria","Venezia",0,0,"D",0,0,"D",3.8,3.25,1.9,"0-0","0-0",9,1,15,5,2,0,0,0,7,6,11,23,0,13,34,"7-6","N","N","N",2,0,30
"4717","I2",2026-03-15,"Virtus Entella","Avellino",1,2,"A",0,2,"A",2.15,3.1,3.25,"0-2","1-2",19,5,6,3,1,1,0,0,7,5,16,17,3,12,33,"7-5","Y","Y","N",2,0,30
"4718","I2",2026-03-15,"Sudtirol","Pescara",0,0,"D",0,0,"D",1.75,3.5,4.1,"0-0","0-0",4,1,17,3,5,1,1,0,3,5,17,14,0,8,31,"3-5","N","N","N",6,1,30
"4719","I2",2026-03-17,"Palermo","Juve Stabia",2,2,"D",0,1,"A",1.65,3.4,5.25,"0-1","2-2",21,6,7,6,4,5,0,0,7,2,16,12,4,9,28,"7-2","Y","Y","Y",9,0,31
"4720","I2",2026-03-17,"Mantova","Cesena",3,0,"H",1,0,"H",2.3,3.25,2.8,"1-0","3-0",20,4,13,3,1,3,0,0,5,3,19,16,3,8,35,"5-3","Y","Y","N",4,0,31
"4721","I2",2026-03-17,"Reggiana","Monza",0,0,"D",0,0,"D",5.25,3.4,1.65,"0-0","0-0",10,0,19,6,1,0,0,0,3,4,10,9,0,7,19,"3-4","N","N","N",1,0,31
"4722","I2",2026-03-17,"Spezia","Empoli",1,1,"D",0,0,"D",2.45,2.9,2.9,"0-0","1-1",17,4,10,4,1,5,0,0,7,1,17,19,2,8,36,"7-1","Y","N","N",6,0,31
"4723","I2",2026-03-17,"Venezia","Padova",3,1,"H",1,0,"H",1.22,5.5,10.5,"1-0","3-1",30,9,8,3,1,3,0,0,9,1,9,13,4,10,22,"9-1","Y","Y","Y",4,0,31
"4724","I2",2026-03-18,"Frosinone","Bari",2,1,"H",1,1,"D",1.44,4.33,6,"1-1","2-1",27,10,6,3,2,3,0,0,11,1,15,5,3,12,20,"11-1","Y","Y","N",5,0,31
"4725","I2",2026-03-18,"Avellino","Sudtirol",3,2,"H",1,0,"H",2.7,3,2.55,"1-0","3-2",8,3,10,3,5,6,0,0,2,2,14,28,5,4,42,"2-2","Y","Y","Y",11,0,31
"4726","I2",2026-03-18,"Carrarese","Sampdoria",2,0,"H",0,0,"D",2.45,3,2.8,"0-0","2-0",7,3,8,1,1,4,0,1,4,2,16,18,2,6,34,"4-2","Y","N","N",5,1,31
"4727","I2",2026-03-18,"Pescara","Virtus Entella",3,0,"H",2,0,"H",2.1,3.3,3.2,"2-0","3-0",6,3,11,4,1,2,0,0,2,1,15,16,3,3,31,"2-1","Y","Y","N",3,0,31
"4728","I2",2026-03-21,"Cesena","Catanzaro",3,1,"H",0,1,"A",2.3,3.4,2.75,"0-1","3-1",18,6,16,3,4,1,0,1,7,5,15,12,4,12,27,"7-5","Y","Y","Y",5,1,31
"4729","I2",2026-03-21,"Juve Stabia","Spezia",3,1,"H",1,1,"D",2.25,3.1,3.1,"1-1","3-1",20,8,8,2,0,4,0,0,3,2,9,14,4,5,23,"3-2","Y","Y","Y",4,0,32
"4730","I2",2026-03-21,"Padova","Palermo",0,1,"A",0,0,"D",4.5,3.4,1.73,"0-0","0-1",14,2,11,1,3,1,1,1,9,4,10,12,1,13,22,"9-4","N","N","N",4,2,32
"4731","I2",2026-03-21,"Monza","Venezia",1,1,"D",0,1,"A",2.55,3.2,2.55,"0-1","1-1",18,2,8,2,1,0,0,0,10,1,11,11,2,11,22,"10-1","Y","N","N",1,0,32
"4732","I2",2026-03-21,"Modena","Mantova",2,1,"H",1,0,"H",1.65,3.6,4.75,"1-0","2-1",9,4,8,2,1,4,0,0,1,4,14,20,3,5,34,"1-4","Y","Y","N",5,0,32
"4733","I2",2026-03-22,"Bari","Carrarese",0,3,"A",0,0,"D",2.7,3.13,2.45,"0-0","0-3",12,3,14,4,0,2,0,0,12,6,11,10,3,18,21,"12-6","Y","Y","N",2,0,32
"4734","I2",2026-03-22,"Empoli","Pescara",4,2,"H",2,1,"H",1.95,3.5,3.4,"2-1","4-2",24,9,13,6,2,2,0,1,6,9,18,19,6,15,37,"6-9","Y","Y","Y",4,1,32
"4735","I2",2026-03-22,"Sudtirol","Frosinone",1,3,"A",0,1,"A",2.7,3.3,2.38,"0-1","1-3",16,6,7,5,2,6,0,0,3,4,18,22,4,7,40,"3-4","Y","Y","Y",8,0,32
"4736","I2",2026-03-22,"Sampdoria","Avellino",2,1,"H",0,0,"D",2,3.13,3.7,"0-0","2-1",10,5,3,2,3,4,0,0,9,3,16,26,3,12,42,"9-3","Y","Y","N",7,0,32
"4737","I2",2026-03-22,"Virtus Entella","Reggiana",3,0,"H",1,0,"H",1.93,3.13,3.9,"1-0","3-0",19,9,11,3,2,6,0,1,8,3,20,18,3,11,38,"8-3","Y","Y","N",8,1,32
"4738","I2",2026-04-05,"Frosinone","Padova",2,0,"H",2,0,"H",1.45,4.33,5.5,"2-0","2-0",24,8,11,2,1,2,0,0,7,5,10,15,2,12,25,"7-5","Y","N","N",3,0,32
"4739","I2",2026-04-05,"Palermo","Avellino",2,0,"H",1,0,"H",1.5,3.9,5.75,"1-0","2-0",10,3,5,1,2,3,0,1,1,0,14,15,2,1,29,"1-0","Y","N","N",5,1,33
"4740","I2",2026-04-06,"Cesena","Sudtirol",1,1,"D",1,1,"D",2.1,3.2,3.25,"1-1","1-1",11,3,10,1,0,3,0,0,4,6,10,17,2,10,27,"4-6","Y","N","N",3,0,33
"4741","I2",2026-04-06,"Bari","Modena",3,1,"H",2,0,"H",4.1,3.3,1.83,"2-0","3-1",12,8,19,6,2,2,0,0,4,7,2,14,4,11,16,"4-7","Y","Y","Y",4,0,33
"4742","I2",2026-04-06,"Catanzaro","Monza",1,1,"D",1,0,"H",2.7,3.3,2.38,"1-0","1-1",13,3,10,2,4,3,1,2,1,5,15,19,2,6,34,"1-5","Y","N","N",7,3,33
"4743","I2",2026-04-06,"Mantova","Virtus Entella",1,0,"H",0,0,"D",1.87,3.4,3.8,"0-0","1-0",12,6,10,1,4,3,0,0,4,2,18,15,1,6,33,"4-2","N","N","N",7,0,33
"4744","I2",2026-04-06,"Reggiana","Pescara",1,3,"A",0,1,"A",2.8,3.25,2.3,"0-1","1-3",10,3,20,9,0,3,1,0,2,3,15,21,4,5,36,"2-3","Y","Y","Y",3,1,33
"4745","I2",2026-04-06,"Venezia","Juve Stabia",3,1,"H",2,1,"H",1.4,4.2,7,"2-1","3-1",19,10,12,4,3,2,0,0,5,4,22,14,4,9,36,"5-4","Y","Y","Y",5,0,33
"4746","I2",2026-04-06,"Sampdoria","Empoli",1,0,"H",0,0,"D",2.25,3.13,3,"0-0","1-0",13,3,10,0,2,2,0,0,7,4,10,21,1,11,31,"7-4","N","N","N",4,0,33
"4747","I2",2026-04-06,"Carrarese","Spezia",3,1,"H",2,0,"H",1.95,3.3,3.6,"2-0","3-1",12,4,16,4,1,4,1,3,2,5,12,23,4,7,35,"2-5","Y","Y","Y",5,4,33
"4748","I2",2026-04-10,"Frosinone","Palermo",1,1,"D",0,0,"D",2.25,3.3,2.9,"0-0","1-1",14,5,13,7,4,3,0,0,4,7,12,11,2,11,23,"4-7","Y","N","N",7,0,33
"4749","I2",2026-04-11,"Juve Stabia","Cesena",2,0,"H",0,0,"D",2.1,3.25,3.2,"0-0","2-0",7,3,16,2,1,2,0,0,6,2,7,20,2,8,27,"6-2","Y","N","N",3,0,34
"4750","I2",2026-04-11,"Pescara","Sampdoria",1,2,"A",1,0,"H",2.15,3.3,3.13,"1-0","1-2",12,2,14,2,3,4,0,0,5,3,27,24,3,8,51,"5-3","Y","Y","N",7,0,34
"4751","I2",2026-04-11,"Sudtirol","Modena",1,1,"D",0,1,"A",2.88,3.1,2.38,"0-1","1-1",18,5,17,3,1,1,0,0,7,9,11,13,2,16,24,"7-9","Y","N","N",2,0,34
"4752","I2",2026-04-11,"Virtus Entella","Venezia",1,1,"D",0,1,"A",4.5,3.7,1.67,"0-1","1-1",9,4,10,2,3,4,0,1,4,2,13,21,2,6,34,"4-2","Y","N","N",7,1,34
"4753","I2",2026-04-11,"Avellino","Catanzaro",1,1,"D",0,0,"D",2.55,3.2,2.55,"0-0","1-1",19,5,7,2,4,5,0,1,6,1,15,10,2,7,25,"6-1","Y","N","N",9,1,34
"4754","I2",2026-04-11,"Monza","Bari",2,0,"H",0,0,"D",1.3,4.75,8.5,"0-0","2-0",18,8,7,0,1,2,0,0,7,1,8,9,2,8,17,"7-1","Y","N","N",3,0,34
"4755","I2",2026-04-12,"Padova","Empoli",1,0,"H",0,0,"D",3,3.2,2.25,"0-0","1-0",16,7,11,1,2,1,0,0,4,4,20,22,1,8,42,"4-4","N","N","N",3,0,34
"4756","I2",2026-04-12,"Spezia","Mantova",0,2,"A",0,1,"A",2.3,3.2,2.9,"0-1","0-2",12,3,13,5,2,3,0,0,6,0,21,12,2,6,33,"6-0","Y","N","N",5,0,34
"4757","I2",2026-04-12,"Reggiana","Carrarese",2,0,"H",2,0,"H",3,3.13,2.25,"2-0","2-0",10,4,19,1,1,3,0,0,4,8,16,12,2,12,28,"4-8","Y","N","N",4,0,34
"5017","N1",2025-08-08,"For Sittard","Go Ahead Eagles",2,2,"D",1,1,"D",2.63,3.5,2.5,"1-1","2-2",36,8,6,2,2,2,0,1,8,5,10,9,4,13,19,"8-5","Y","Y","Y",4,1,1
"5018","N1",2025-08-09,"Nijmegen","Excelsior",5,0,"H",1,0,"H",1.73,3.8,4.4,"1-0","5-0",15,10,9,6,1,1,0,0,7,2,14,14,5,9,28,"7-2","Y","Y","Y",2,0,1
"5019","N1",2025-08-09,"Feyenoord","NAC Breda",2,0,"H",1,0,"H",1.15,7.5,15,"1-0","2-0",20,4,7,0,1,1,0,0,3,4,10,13,2,7,23,"3-4","Y","N","N",2,0,1
"5020","N1",2025-08-09,"Heerenveen","Volendam",1,1,"D",1,0,"H",1.55,4.1,5.5,"1-0","1-1",18,6,5,3,1,1,0,0,9,2,8,9,2,11,17,"9-2","Y","N","N",2,0,1
"5021","N1",2025-08-09,"PSV Eindhoven","Sparta Rotterdam",6,1,"H",3,0,"H",1.18,7,13,"3-0","6-1",22,12,8,4,1,1,0,0,8,5,8,2,7,13,10,"8-5","Y","Y","Y",2,0,1
"5022","N1",2025-08-10,"Zwolle","Twente",1,0,"H",1,0,"H",3.7,3.6,1.91,"1-0","1-0",7,2,16,4,4,1,0,0,2,4,14,15,1,6,29,"2-4","N","N","N",5,0,1
"5023","N1",2025-08-10,"Ajax","Telstar",2,0,"H",1,0,"H",1.13,8,17,"1-0","2-0",15,7,18,5,0,0,0,0,8,10,9,12,2,18,21,"8-10","Y","N","N",0,0,1
"5024","N1",2025-08-10,"AZ Alkmaar","Groningen",4,1,"H",3,1,"H",1.5,4.2,6,"3-1","4-1",10,5,11,8,2,2,0,0,6,1,11,12,5,7,23,"6-1","Y","Y","Y",4,0,1
"5025","N1",2025-08-10,"Utrecht","Heracles",4,0,"H",1,0,"H",1.53,4.2,5.75,"1-0","4-0",19,7,10,3,1,2,0,0,4,4,10,16,4,8,26,"4-4","Y","Y","Y",3,0,1
"5026","N1",2025-08-15,"Telstar","Zwolle",0,2,"A",0,1,"A",2.55,3.5,2.55,"0-1","0-2",11,5,10,3,3,3,0,0,7,0,13,10,2,7,23,"7-0","Y","N","N",6,0,2
"5027","N1",2025-08-16,"Excelsior","Feyenoord",1,2,"A",1,2,"A",6,4.75,1.45,"1-2","1-2",8,2,16,8,0,1,0,0,5,6,17,8,3,11,25,"5-6","Y","Y","N",1,0,2
"5028","N1",2025-08-16,"Heracles","Nijmegen",1,4,"A",1,1,"D",2.75,3.5,2.38,"1-1","1-4",13,6,24,11,2,2,1,0,3,7,9,11,5,10,20,"3-7","Y","Y","Y",4,1,2
"5029","N1",2025-08-16,"Groningen","Heerenveen",2,1,"H",1,1,"D",2.2,3.4,3.1,"1-1","2-1",8,5,16,5,4,2,0,0,3,8,9,15,3,11,24,"3-8","Y","Y","N",6,0,2
"5030","N1",2025-08-17,"Go Ahead Eagles","Ajax",2,2,"D",2,2,"D",3.9,4.1,1.75,"2-2","2-2",9,4,22,11,1,2,0,0,6,9,9,12,4,15,21,"6-9","Y","Y","Y",3,0,2
"5031","N1",2025-08-17,"Sparta Rotterdam","Utrecht",2,1,"H",1,0,"H",2.6,3.6,2.45,"1-0","2-1",15,5,20,5,1,3,0,0,5,6,9,11,3,11,20,"5-6","Y","Y","N",4,0,2
"5032","N1",2025-08-17,"Twente","PSV Eindhoven",0,2,"A",0,1,"A",4.8,4.6,1.55,"0-1","0-2",19,4,15,4,1,2,0,0,8,6,10,12,2,14,22,"8-6","Y","N","N",3,0,2
"5033","N1",2025-08-17,"Volendam","AZ Alkmaar",2,2,"D",1,1,"D",5,4.4,1.55,"1-1","2-2",8,3,19,3,1,3,0,0,3,4,10,10,4,7,20,"3-4","Y","Y","Y",4,0,2
"5034","N1",2025-08-17,"NAC Breda","For Sittard",2,1,"H",1,0,"H",2.3,3.3,3,"1-0","2-1",14,6,10,4,2,3,0,0,4,5,8,15,3,9,23,"4-5","Y","Y","N",5,0,2
"5035","N1",2025-08-23,"Go Ahead Eagles","Sparta Rotterdam",0,3,"A",0,1,"A",2,3.75,3.3,"0-1","0-3",19,6,13,5,0,2,0,0,12,1,6,8,3,13,14,"12-1","Y","Y","N",2,0,3
"5036","N1",2025-08-23,"PSV Eindhoven","Groningen",4,2,"H",1,1,"D",1.14,8,15,"1-1","4-2",23,7,17,6,0,2,0,0,6,4,11,11,6,10,22,"6-4","Y","Y","Y",2,0,3
"5037","N1",2025-08-23,"Telstar","Volendam",2,2,"D",2,0,"H",2.3,3.6,2.8,"2-0","2-2",18,9,10,6,3,0,0,0,4,6,10,11,4,10,21,"4-6","Y","Y","Y",3,0,3
"5038","N1",2025-08-24,"Heerenveen","Twente",1,2,"A",0,1,"A",2.8,3.6,2.3,"0-1","1-2",18,3,9,5,3,3,1,0,7,4,10,19,3,11,29,"7-4","Y","Y","N",6,1,3
"5039","N1",2025-08-24,"Nijmegen","NAC Breda",3,0,"H",1,0,"H",1.53,4.2,5.5,"1-0","3-0",18,10,7,2,2,4,0,0,3,1,16,18,3,4,34,"3-1","Y","Y","N",6,0,3
"5040","N1",2025-08-24,"Utrecht","Excelsior",4,1,"H",2,0,"H",1.36,5,7,"2-0","4-1",16,10,12,4,0,0,0,0,7,5,6,15,5,12,21,"7-5","Y","Y","Y",0,0,3
"5041","N1",2025-08-24,"Ajax","Heracles",2,0,"H",1,0,"H",1.15,7.5,15,"1-0","2-0",27,10,4,0,0,2,0,0,10,1,10,15,2,11,25,"10-1","Y","N","N",2,0,3
"5042","N1",2025-08-29,"Groningen","Heracles",4,0,"H",3,0,"H",1.6,3.9,5.25,"3-0","4-0",17,5,8,0,2,1,0,0,6,3,13,12,4,9,25,"6-3","Y","Y","Y",3,0,3
"5043","N1",2025-08-30,"Volendam","Ajax",1,1,"D",1,0,"H",7.5,5.25,1.33,"1-0","1-1",11,4,13,4,2,3,0,0,2,7,12,15,2,9,27,"2-7","Y","N","N",5,0,3
"5044","N1",2025-08-30,"Heerenveen","Go Ahead Eagles",2,2,"D",1,1,"D",2.2,3.7,2.9,"1-1","2-2",19,5,11,5,3,1,0,0,3,7,9,12,4,10,21,"3-7","Y","Y","Y",4,0,4
"5045","N1",2025-08-30,"PSV Eindhoven","Telstar",0,2,"A",0,1,"A",1.07,11,22,"0-1","0-2",23,5,9,4,1,1,0,0,10,3,10,11,2,13,21,"10-3","Y","N","N",2,0,4
"5046","N1",2025-08-30,"Excelsior","Twente",1,0,"H",0,0,"D",3.8,3.9,1.83,"0-0","1-0",8,3,27,8,2,2,1,0,1,4,13,11,1,5,24,"1-4","N","N","N",4,1,4
"5047","N1",2025-08-31,"For Sittard","Nijmegen",3,2,"H",2,1,"H",3.1,3.6,2.15,"2-1","3-2",10,5,14,5,4,1,0,0,3,4,16,8,5,7,24,"3-4","Y","Y","Y",5,0,4
"5048","N1",2025-08-31,"Sparta Rotterdam","Feyenoord",0,4,"A",0,1,"A",3.7,3.9,1.83,"0-1","0-4",7,2,24,11,1,2,1,0,1,9,5,9,4,10,14,"1-9","Y","Y","Y",3,1,4
"5049","N1",2025-08-31,"Zwolle","Utrecht",0,2,"A",0,2,"A",3,3.5,2.2,"0-2","0-2",6,2,14,7,2,1,0,0,3,2,13,10,2,5,23,"3-2","Y","N","N",3,0,4
"5050","N1",2025-08-31,"NAC Breda","AZ Alkmaar",0,1,"A",0,0,"D",5.25,4.33,1.55,"0-0","0-1",11,6,25,8,0,5,1,0,1,7,8,13,1,8,21,"1-7","N","N","N",5,1,4
"5051","N1",2025-09-13,"Ajax","Zwolle",3,1,"H",2,0,"H",1.25,6,10,"2-0","3-1",12,7,8,3,2,1,0,0,7,1,18,9,4,8,27,"7-1","Y","Y","Y",3,0,4
"5052","N1",2025-09-13,"Go Ahead Eagles","Volendam",3,0,"H",3,0,"H",1.5,4.5,5.5,"3-0","3-0",19,13,19,1,1,1,0,0,7,7,12,9,3,14,21,"7-7","Y","Y","N",2,0,4
"5053","N1",2025-09-13,"Nijmegen","PSV Eindhoven",3,5,"A",1,3,"A",4.5,4.5,1.6,"1-3","3-5",20,7,18,11,2,4,0,0,8,4,8,18,8,12,26,"8-4","Y","Y","Y",6,0,5
"5054","N1",2025-09-13,"Feyenoord","Heerenveen",1,0,"H",1,0,"H",1.36,5,7.5,"1-0","1-0",10,5,11,1,2,2,1,1,6,3,10,11,1,9,21,"6-3","N","N","N",4,2,5
"5055","N1",2025-09-13,"Twente","NAC Breda",2,2,"D",0,1,"A",1.44,4.4,7,"0-1","2-2",15,6,11,5,2,1,0,0,4,3,15,17,4,7,32,"4-3","Y","Y","Y",3,0,5
"5056","N1",2025-09-14,"Excelsior","Sparta Rotterdam",0,1,"A",0,0,"D",3.1,3.6,2.15,"0-0","0-1",17,4,19,7,4,1,1,0,7,2,11,8,1,9,19,"7-2","N","N","N",5,1,5
"5057","N1",2025-09-14,"Heracles","AZ Alkmaar",1,2,"A",1,1,"D",6,4.4,1.5,"1-1","1-2",19,6,25,8,1,5,0,0,6,9,11,11,3,15,22,"6-9","Y","Y","N",6,0,5
"5058","N1",2025-09-14,"Utrecht","Groningen",0,1,"A",0,0,"D",1.73,3.8,4.33,"0-0","0-1",14,3,13,6,0,4,0,0,3,4,9,16,1,7,25,"3-4","N","N","N",4,0,5
"5059","N1",2025-09-14,"Telstar","For Sittard",1,3,"A",1,1,"D",2.38,3.5,2.75,"1-1","1-3",18,7,9,6,1,0,0,0,10,1,14,17,4,11,31,"10-1","Y","Y","Y",1,0,5
"5060","N1",2025-09-17,"Feyenoord","For Sittard",2,0,"H",1,0,"H",1.25,6,10,"1-0","2-0",19,5,5,0,0,1,0,0,13,0,11,9,2,13,20,"13-0","Y","N","N",1,0,5
"5061","N1",2025-09-19,"Sparta Rotterdam","Twente",1,5,"A",1,1,"D",2.8,3.6,2.3,"1-1","1-5",7,2,23,11,0,1,0,0,1,6,7,6,6,7,13,"1-6","Y","Y","Y",1,0,5
"5062","N1",2025-09-20,"Volendam","Excelsior",1,2,"A",1,1,"D",2.3,3.7,2.75,"1-1","1-2",14,7,15,6,3,2,0,0,5,3,11,19,3,8,30,"5-3","Y","Y","N",5,0,6
"5063","N1",2025-09-20,"Groningen","Telstar",2,0,"H",1,0,"H",1.75,3.7,4.4,"1-0","2-0",16,6,7,3,1,2,0,0,7,2,9,10,2,9,19,"7-2","Y","N","N",3,0,6
"5064","N1",2025-09-20,"For Sittard","Utrecht",1,0,"H",1,0,"H",3.6,3.7,1.93,"1-0","1-0",8,3,14,5,4,2,0,0,1,11,12,7,1,12,19,"1-11","N","N","N",6,0,6
"5065","N1",2025-09-20,"NAC Breda","Heracles",2,1,"H",0,1,"A",1.95,3.6,3.5,"0-1","2-1",17,4,14,5,1,2,0,0,10,4,9,16,3,14,25,"10-4","Y","Y","N",3,0,6
"5066","N1",2025-09-21,"Zwolle","Go Ahead Eagles",0,2,"A",0,0,"D",2.4,3.7,2.63,"0-0","0-2",8,1,20,9,1,2,1,0,3,7,5,8,2,10,13,"3-7","Y","N","N",3,1,6
"5067","N1",2025-09-21,"Heerenveen","Nijmegen",3,2,"H",1,0,"H",2.45,3.75,2.55,"1-0","3-2",14,8,11,6,1,1,0,1,6,6,10,14,5,12,24,"6-6","Y","Y","Y",2,1,6
"5068","N1",2025-09-21,"PSV Eindhoven","Ajax",2,2,"D",1,1,"D",1.7,4.2,4.1,"1-1","2-2",16,8,14,6,2,5,0,0,9,5,17,13,4,14,30,"9-5","Y","Y","Y",7,0,6
"5069","N1",2025-09-21,"AZ Alkmaar","Feyenoord",3,3,"D",1,1,"D",2.3,3.5,2.88,"1-1","3-3",9,5,19,3,4,5,0,1,4,11,9,10,6,15,19,"4-11","Y","Y","Y",9,1,6
"5070","N1",2025-09-24,"AZ Alkmaar","Zwolle",2,2,"D",2,1,"H",1.3,5.25,8.5,"2-1","2-2",28,9,8,4,1,2,0,0,9,1,12,10,4,10,22,"9-1","Y","Y","Y",3,0,6
"5071","N1",2025-09-26,"Twente","For Sittard",3,2,"H",1,0,"H",1.4,4.75,7,"1-0","3-2",18,10,8,4,1,2,0,0,4,5,14,13,5,9,27,"4-5","Y","Y","Y",3,0,7
"5072","N1",2025-09-27,"Ajax","NAC Breda",2,1,"H",1,1,"D",1.25,6,9.5,"1-1","2-1",12,7,17,7,2,4,0,1,2,7,11,14,3,9,25,"2-7","Y","Y","N",6,1,7
"5073","N1",2025-09-27,"Volendam","Zwolle",2,1,"H",1,1,"D",2.63,3.6,2.45,"1-1","2-1",15,3,14,2,2,3,0,0,3,5,11,12,3,8,23,"3-5","Y","Y","N",5,0,7
"5074","N1",2025-09-27,"Excelsior","PSV Eindhoven",1,2,"A",1,1,"D",10,6.5,1.22,"1-1","1-2",18,5,18,8,0,0,0,0,3,2,8,5,3,5,13,"3-2","Y","Y","N",0,0,7
"5075","N1",2025-09-27,"Heracles","Sparta Rotterdam",3,0,"H",1,0,"H",3,3.6,2.2,"1-0","3-0",12,5,18,5,2,4,0,0,5,4,12,11,3,9,23,"5-4","Y","Y","N",6,0,7
"5076","N1",2025-09-28,"Nijmegen","AZ Alkmaar",2,1,"H",1,0,"H",3,3.9,2.1,"1-0","2-1",14,4,7,2,1,6,0,1,5,4,14,16,3,9,30,"5-4","Y","Y","N",7,1,7
"5077","N1",2025-09-28,"Groningen","Feyenoord",0,1,"A",0,0,"D",NA,NA,NA,"0-0","0-1",12,5,11,5,2,2,1,0,3,4,16,6,1,7,22,"3-4","N","N","N",4,1,7
"5078","N1",2025-09-28,"Utrecht","Heerenveen",2,2,"D",1,1,"D",1.8,3.8,4,"1-1","2-2",14,5,10,4,2,2,0,0,5,3,14,12,4,8,26,"5-3","Y","Y","Y",4,0,7
"5079","N1",2025-09-28,"Telstar","Go Ahead Eagles",4,2,"H",2,1,"H",2.8,3.7,2.25,"2-1","4-2",20,9,13,4,2,0,0,0,8,3,13,9,6,11,22,"8-3","Y","Y","Y",2,0,7
"5080","N1",2025-10-03,"NAC Breda","Groningen",1,2,"A",0,1,"A",2.6,3.3,2.6,"0-1","1-2",11,4,14,9,3,1,0,0,7,6,16,14,3,13,30,"7-6","Y","Y","N",4,0,8
"5081","N1",2025-10-04,"Sparta Rotterdam","Ajax",3,3,"D",1,1,"D",4,4,1.75,"1-1","3-3",14,5,17,4,1,3,0,0,6,4,8,9,6,10,17,"6-4","Y","Y","Y",4,0,8
"5082","N1",2025-10-04,"For Sittard","Volendam",1,0,"H",1,0,"H",1.85,3.75,3.8,"1-0","1-0",16,3,8,1,1,2,0,0,7,4,14,13,1,11,27,"7-4","N","N","N",3,0,8
"5083","N1",2025-10-04,"Zwolle","PSV Eindhoven",0,4,"A",0,2,"A",7,5.25,1.36,"0-2","0-4",4,0,19,9,0,3,1,0,4,8,7,8,4,12,15,"4-8","Y","Y","Y",3,1,8
"5084","N1",2025-10-04,"Heerenveen","Excelsior",2,1,"H",0,1,"A",1.57,4.33,5,"0-1","2-1",19,4,9,2,1,3,0,0,7,3,6,17,3,10,23,"7-3","Y","Y","N",4,0,8
"5085","N1",2025-10-05,"Twente","Heracles",2,1,"H",0,1,"A",1.3,5.5,8.5,"0-1","2-1",21,9,7,2,0,2,1,0,4,3,5,8,3,7,13,"4-3","Y","Y","N",2,1,8
"5086","N1",2025-10-05,"Feyenoord","Utrecht",3,2,"H",1,0,"H",1.44,4.5,6.5,"1-0","3-2",22,10,10,4,1,0,0,0,12,3,7,10,5,15,17,"12-3","Y","Y","Y",1,0,8
"5087","N1",2025-10-05,"AZ Alkmaar","Telstar",2,1,"H",2,0,"H",1.25,6,9.5,"2-0","2-1",27,10,14,5,3,2,0,0,6,4,7,13,3,10,20,"6-4","Y","Y","N",5,0,8
"5088","N1",2025-10-05,"Go Ahead Eagles","Nijmegen",1,1,"D",0,1,"A",2.45,3.9,2.45,"0-1","1-1",8,3,17,7,1,4,0,1,11,4,13,18,2,15,31,"11-4","Y","N","N",5,1,8
"5089","N1",2025-10-18,"Nijmegen","Twente",3,3,"D",1,1,"D",2.38,3.7,2.63,"1-1","3-3",8,4,9,3,2,3,0,0,3,3,15,21,6,6,36,"3-3","Y","Y","Y",5,0,9
"5090","N1",2025-10-18,"PSV Eindhoven","Go Ahead Eagles",2,1,"H",1,0,"H",1.22,6.5,10,"1-0","2-1",24,8,4,2,1,1,0,0,6,1,7,8,3,7,15,"6-1","Y","Y","N",2,0,9
"5091","N1",2025-10-18,"Utrecht","Volendam",3,1,"H",0,1,"A",1.36,5,7.5,"0-1","3-1",22,6,3,3,1,1,0,0,10,0,12,13,4,10,25,"10-0","Y","Y","Y",2,0,9
"5092","N1",2025-10-18,"Ajax","AZ Alkmaar",0,2,"A",0,2,"A",2,3.75,3.3,"0-2","0-2",17,6,13,3,4,2,0,0,5,4,13,19,2,9,32,"5-4","Y","N","N",6,0,9
"5093","N1",2025-10-18,"NAC Breda","Zwolle",2,2,"D",2,1,"H",2.05,3.6,3.3,"2-1","2-2",19,6,11,3,0,3,0,0,3,2,11,14,4,5,25,"3-2","Y","Y","Y",3,0,9
"5094","N1",2025-10-19,"Telstar","Heerenveen",2,3,"A",1,2,"A",2.7,3.6,2.38,"1-2","2-3",18,6,15,7,1,2,0,0,6,11,9,12,5,17,21,"6-11","Y","Y","Y",3,0,9
"5095","N1",2025-10-19,"Excelsior","For Sittard",1,0,"H",1,0,"H",2.25,3.5,2.9,"1-0","1-0",11,5,15,6,0,3,0,0,4,2,10,18,1,6,28,"4-2","N","N","N",3,0,9
"5096","N1",2025-10-19,"Groningen","Sparta Rotterdam",0,2,"A",0,1,"A",1.83,3.7,4,"0-1","0-2",12,0,8,2,3,2,0,0,7,4,11,10,2,11,21,"7-4","Y","N","N",5,0,9
"5097","N1",2025-10-19,"Heracles","Feyenoord",0,7,"A",0,4,"A",7.5,5.25,1.33,"0-4","0-7",4,0,19,12,1,2,0,0,2,8,11,13,7,10,24,"2-8","Y","Y","Y",3,0,9
"5098","N1",2025-10-24,"Heerenveen","NAC Breda",3,3,"D",1,0,"H",1.7,4,4.4,"1-0","3-3",10,4,11,4,1,0,0,0,4,5,10,10,6,9,20,"4-5","Y","Y","Y",1,0,10
"5099","N1",2025-10-25,"For Sittard","Groningen",1,2,"A",0,1,"A",2.75,3.3,2.5,"0-1","1-2",9,3,16,10,3,1,0,0,7,7,14,9,3,14,23,"7-7","Y","Y","N",4,0,10
"5100","N1",2025-10-25,"Sparta Rotterdam","Telstar",1,0,"H",1,0,"H",1.83,3.9,3.7,"1-0","1-0",14,6,14,3,3,2,0,0,6,7,9,14,1,13,23,"6-7","N","N","N",5,0,10
"5101","N1",2025-10-25,"Volendam","Heracles",3,0,"H",1,0,"H",2.1,3.7,3.13,"1-0","3-0",13,7,11,2,0,3,0,1,5,5,6,13,3,10,19,"5-5","Y","Y","N",3,1,10
"5102","N1",2025-10-25,"Zwolle","Nijmegen",2,2,"D",1,1,"D",3.13,3.8,2.05,"1-1","2-2",10,6,11,3,0,1,0,0,3,4,11,12,4,7,23,"3-4","Y","Y","Y",1,0,10
"5103","N1",2025-10-26,"Twente","Ajax",2,3,"A",1,0,"H",2.25,3.6,2.88,"1-0","2-3",21,5,9,6,0,2,0,0,6,1,14,13,5,7,27,"6-1","Y","Y","Y",2,0,10
"5104","N1",2025-10-26,"Feyenoord","PSV Eindhoven",2,3,"A",0,1,"A",2.4,3.9,2.5,"0-1","2-3",12,6,11,6,0,1,0,0,3,5,7,13,5,8,20,"3-5","Y","Y","Y",1,0,10
"5105","N1",2025-10-26,"AZ Alkmaar","Utrecht",4,1,"H",2,0,"H",1.57,4.2,5,"2-0","4-1",18,7,8,2,0,1,0,0,8,2,4,14,5,10,18,"8-2","Y","Y","Y",1,0,10
"5106","N1",2025-10-26,"Go Ahead Eagles","Excelsior",2,0,"H",0,0,"D",1.75,4,4,"0-0","2-0",12,4,11,2,1,2,0,0,4,10,7,12,2,14,19,"4-10","Y","N","N",3,0,10
"5107","N1",2025-10-31,"PSV Eindhoven","For Sittard",5,2,"H",3,0,"H",1.13,8.5,15,"3-0","5-2",21,6,10,4,0,4,0,0,7,4,8,12,7,11,20,"7-4","Y","Y","Y",4,0,11
"5108","N1",2025-11-01,"Ajax","Heerenveen",1,1,"D",1,0,"H",1.53,4.4,5.25,"1-0","1-1",9,2,17,7,0,2,0,0,5,4,6,16,2,9,22,"5-4","Y","N","N",2,0,11
"5109","N1",2025-11-01,"NAC Breda","Go Ahead Eagles",1,0,"H",0,0,"D",2.3,3.6,2.8,"0-0","1-0",8,2,7,2,4,2,0,0,2,2,10,8,1,4,18,"2-2","N","N","N",6,0,11
"5110","N1",2025-11-01,"Feyenoord","Volendam",3,1,"H",2,0,"H",1.08,10,21,"2-0","3-1",37,9,9,1,0,0,0,0,10,1,4,8,4,11,12,"10-1","Y","Y","Y",0,0,11
"5111","N1",2025-11-01,"Telstar","Excelsior",2,2,"D",2,1,"H",2.2,3.6,3,"2-1","2-2",17,8,21,8,0,2,0,0,3,5,8,15,4,8,23,"3-5","Y","Y","Y",2,0,11
"5112","N1",2025-11-02,"Heracles","Zwolle",8,2,"H",4,1,"H",NA,NA,NA,"4-1","8-2",23,11,7,4,0,3,0,1,4,2,16,11,10,6,27,"4-2","Y","Y","Y",3,1,11
"5113","N1",2025-11-02,"Groningen","Twente",1,1,"D",0,0,"D",NA,NA,NA,"0-0","1-1",18,7,10,4,2,4,0,0,7,3,7,12,2,10,19,"7-3","Y","N","N",6,0,11
"5114","N1",2025-11-02,"Sparta Rotterdam","AZ Alkmaar",0,1,"A",0,0,"D",NA,NA,NA,"0-0","0-1",10,3,20,14,1,1,0,0,6,9,7,12,1,15,19,"6-9","N","N","N",2,0,11
"5115","N1",2025-11-02,"Utrecht","Nijmegen",1,0,"H",1,0,"H",NA,NA,NA,"1-0","1-0",11,4,16,5,1,2,0,0,2,2,11,15,1,4,26,"2-2","N","N","N",3,0,11
"5116","N1",2025-11-07,"Twente","Telstar",0,0,"D",0,0,"D",1.3,5.25,9,"0-0","0-0",27,7,6,0,4,2,1,1,10,2,13,4,0,12,17,"10-2","N","N","N",6,2,12
"5117","N1",2025-11-08,"Excelsior","Heracles",1,2,"A",1,0,"H",1.9,3.75,3.6,"1-0","1-2",12,5,10,5,1,2,0,0,6,13,14,13,3,19,27,"6-13","Y","Y","N",3,0,12
"5118","N1",2025-11-08,"Volendam","NAC Breda",2,1,"H",0,1,"A",2.6,3.6,2.45,"0-1","2-1",12,5,12,2,2,2,0,2,8,6,13,9,3,14,22,"8-6","Y","Y","N",4,2,12
"5119","N1",2025-11-08,"For Sittard","Heerenveen",2,0,"H",0,0,"D",2.88,3.6,2.25,"0-0","2-0",10,5,18,8,2,1,0,0,4,5,14,12,2,9,26,"4-5","Y","N","N",3,0,12
"5120","N1",2025-11-08,"Zwolle","Sparta Rotterdam",1,0,"H",1,0,"H",2.45,3.6,2.6,"1-0","1-0",11,3,14,1,2,4,0,1,3,6,9,15,1,9,24,"3-6","N","N","N",6,1,12
"5121","N1",2025-11-09,"Utrecht","Ajax",2,1,"H",1,0,"H",2.7,3.6,2.38,"1-0","2-1",16,6,10,4,1,0,0,0,6,4,15,10,3,10,25,"6-4","Y","Y","N",1,0,12
"5122","N1",2025-11-09,"Nijmegen","Groningen",2,0,"H",0,0,"D",1.93,3.7,3.6,"0-0","2-0",13,5,10,4,1,1,0,0,9,3,6,13,2,12,19,"9-3","Y","N","N",2,0,12
"5123","N1",2025-11-09,"AZ Alkmaar","PSV Eindhoven",1,5,"A",1,3,"A",3,3.9,2.1,"1-3","1-5",8,3,15,6,2,1,0,0,4,6,9,10,6,10,19,"4-6","Y","Y","Y",3,0,12
"5124","N1",2025-11-09,"Go Ahead Eagles","Feyenoord",2,1,"H",1,0,"H",5.5,4.5,1.5,"1-0","2-1",9,5,20,6,2,1,0,0,4,7,7,10,3,11,17,"4-7","Y","Y","N",3,0,12
"5125","N1",2025-11-22,"NAC Breda","PSV Eindhoven",0,1,"A",0,1,"A",8,5.75,1.3,"0-1","0-1",16,3,9,4,2,1,0,0,6,5,11,15,1,11,26,"6-5","N","N","N",3,0,13
"5126","N1",2025-11-22,"Ajax","Excelsior",1,2,"A",0,1,"A",1.33,5.25,7.5,"0-1","1-2",15,5,8,4,2,1,0,0,9,2,4,13,3,11,17,"9-2","Y","Y","N",3,0,13
"5127","N1",2025-11-22,"Volendam","Twente",1,1,"D",0,0,"D",4.6,4.2,1.62,"0-0","1-1",11,4,18,6,0,3,0,0,4,4,5,11,2,8,16,"4-4","Y","N","N",3,0,13
"5128","N1",2025-11-22,"Heracles","Go Ahead Eagles",4,2,"H",1,2,"A",2.6,3.7,2.4,"1-2","4-2",22,12,7,4,1,3,0,1,6,3,6,15,6,9,21,"6-3","Y","Y","Y",4,1,13
"5129","N1",2025-11-22,"Sparta Rotterdam","For Sittard",1,1,"D",1,0,"H",1.87,3.7,3.8,"1-0","1-1",13,4,12,7,1,1,0,0,7,5,9,11,2,12,20,"7-5","Y","N","N",2,0,13
"5130","N1",2025-11-23,"Heerenveen","AZ Alkmaar",3,1,"H",2,0,"H",2.9,3.8,2.15,"2-0","3-1",21,9,9,5,1,0,0,0,8,5,9,4,4,13,13,"8-5","Y","Y","Y",1,0,13
"5131","N1",2025-11-23,"Feyenoord","Nijmegen",2,4,"A",1,1,"D",1.4,5,6.5,"1-1","2-4",19,5,22,12,1,0,0,0,7,6,8,13,6,13,21,"7-6","Y","Y","Y",1,0,13
"5132","N1",2025-11-23,"Telstar","Utrecht",1,1,"D",0,0,"D",3.2,3.6,2.1,"0-0","1-1",11,3,17,3,2,2,0,0,1,8,10,10,2,9,20,"1-8","Y","N","N",4,0,13
"5133","N1",2025-11-23,"Groningen","Zwolle",2,2,"D",1,1,"D",1.55,4.1,5.5,"1-1","2-2",39,13,5,3,1,3,0,1,13,0,11,9,4,13,20,"13-0","Y","Y","Y",4,1,13
"5134","N1",2025-11-28,"Zwolle","Heerenveen",2,1,"H",2,1,"H",4.1,4,1.73,"2-1","2-1",11,4,19,7,3,2,0,0,3,9,11,19,3,12,30,"3-9","Y","Y","N",5,0,14
"5135","N1",2025-11-29,"Excelsior","NAC Breda",1,0,"H",1,0,"H",2.3,3.6,2.8,"1-0","1-0",6,2,22,3,4,1,0,0,1,6,22,12,1,7,34,"1-6","N","N","N",5,0,14
"5136","N1",2025-11-29,"For Sittard","Heracles",1,1,"D",1,0,"H",2.05,3.6,3.25,"1-0","1-1",23,5,6,3,3,5,0,0,11,3,19,22,2,14,41,"11-3","Y","N","N",8,0,14
"5137","N1",2025-11-29,"Nijmegen","Sparta Rotterdam",3,1,"H",2,0,"H",1.6,4.2,4.75,"2-0","3-1",19,7,13,5,2,4,0,0,7,6,9,13,4,13,22,"7-6","Y","Y","Y",6,0,14
"5138","N1",2025-11-30,"PSV Eindhoven","Volendam",3,0,"H",2,0,"H",1.07,11,21,"2-0","3-0",19,8,11,2,0,0,0,0,5,2,12,4,3,7,16,"5-2","Y","Y","N",0,0,14
"5139","N1",2025-11-30,"Go Ahead Eagles","Utrecht",2,2,"D",0,1,"A",2.8,3.6,2.3,"0-1","2-2",11,6,17,8,2,2,0,0,4,3,9,12,4,7,21,"4-3","Y","Y","Y",4,0,14
"5140","N1",2025-11-30,"Telstar","Feyenoord",1,2,"A",0,1,"A",6.5,5,1.4,"0-1","1-2",12,2,11,7,0,3,0,0,3,5,8,8,3,8,16,"3-5","Y","Y","N",3,0,14
"5141","N1",2025-11-30,"Twente","AZ Alkmaar",1,0,"H",0,0,"D",2.2,3.7,2.9,"0-0","1-0",7,2,7,1,2,4,0,0,2,3,13,9,1,5,22,"2-3","N","N","N",6,0,14
"5142","N1",2025-12-02,"Ajax","Groningen",2,0,"H",1,0,"H",1.67,3.9,4.6,"1-0","2-0",13,6,17,7,1,0,0,0,3,5,14,10,2,8,24,"3-5","Y","N","N",1,0,14
"5143","N1",2025-12-05,"Excelsior","Groningen",0,2,"A",0,0,"D",3.3,3.5,2.1,"0-0","0-2",16,6,20,8,2,3,1,1,5,5,10,9,2,10,19,"5-5","Y","N","N",5,2,15
"5144","N1",2025-12-06,"Heerenveen","PSV Eindhoven",0,2,"A",0,2,"A",4.8,4.6,1.55,"0-2","0-2",12,3,11,7,1,0,0,0,7,3,13,5,2,10,18,"7-3","Y","N","N",1,0,15
"5145","N1",2025-12-06,"For Sittard","Ajax",1,3,"A",1,1,"D",4.2,3.9,1.73,"1-1","1-3",26,7,13,4,3,4,1,1,4,4,13,9,4,8,22,"4-4","Y","Y","Y",7,2,15
"5146","N1",2025-12-06,"Heracles","Telstar",1,1,"D",0,0,"D",2.2,3.6,3,"0-0","1-1",15,6,11,2,3,2,0,0,6,6,15,12,2,12,27,"6-6","Y","N","N",5,0,15
"5147","N1",2025-12-06,"Feyenoord","Zwolle",6,1,"H",4,0,"H",1.14,8,15,"4-0","6-1",25,12,7,4,1,1,0,0,8,4,17,12,7,12,29,"8-4","Y","Y","Y",2,0,15
"5148","N1",2025-12-07,"Utrecht","Twente",1,1,"D",0,0,"D",2.45,3.5,2.63,"0-0","1-1",12,4,21,6,1,2,0,0,6,8,8,8,2,14,16,"6-8","Y","N","N",3,0,15
"5149","N1",2025-12-07,"AZ Alkmaar","Go Ahead Eagles",2,2,"D",2,1,"H",1.4,5,6.5,"2-1","2-2",23,7,12,7,2,1,0,0,11,4,8,8,4,15,16,"11-4","Y","Y","Y",3,0,15
"5150","N1",2025-12-07,"Volendam","Nijmegen",2,3,"A",1,0,"H",3.9,4.1,1.75,"1-0","2-3",13,5,16,7,2,5,0,0,4,8,7,17,5,12,24,"4-8","Y","Y","Y",7,0,15
"5151","N1",2025-12-07,"Sparta Rotterdam","NAC Breda",1,0,"H",1,0,"H",2.05,3.6,3.3,"1-0","1-0",12,6,22,9,1,1,0,0,1,14,11,10,1,15,21,"1-14","N","N","N",2,0,15
"5152","N1",2025-12-13,"Telstar","Nijmegen",2,2,"D",1,1,"D",3.5,4,1.87,"1-1","2-2",10,4,16,8,0,2,0,0,5,7,8,11,4,12,19,"5-7","Y","Y","Y",2,0,16
"5153","N1",2025-12-13,"Groningen","Volendam",3,0,"H",1,0,"H",1.4,4.75,7,"1-0","3-0",26,7,5,1,0,1,0,1,18,1,7,11,3,19,18,"18-1","Y","Y","N",1,1,16
"5154","N1",2025-12-13,"PSV Eindhoven","Heracles",4,3,"H",2,1,"H",1.09,10,19,"2-1","4-3",21,6,11,6,2,4,0,0,10,4,12,7,7,14,19,"10-4","Y","Y","Y",6,0,16
"5155","N1",2025-12-13,"Zwolle","For Sittard",1,0,"H",1,0,"H",2.38,3.5,2.8,"1-0","1-0",8,3,11,3,3,3,0,0,2,12,17,13,1,14,30,"2-12","N","N","N",6,0,16
"5156","N1",2025-12-14,"Sparta Rotterdam","Heerenveen",0,3,"A",0,1,"A",2.8,3.7,2.25,"0-1","0-3",11,3,20,5,1,2,0,0,5,10,10,15,3,15,25,"5-10","Y","Y","N",3,0,16
"5157","N1",2025-12-14,"Ajax","Feyenoord",2,0,"H",1,0,"H",3,3.75,2.15,"1-0","2-0",15,7,18,1,2,1,0,0,3,12,12,12,2,15,24,"3-12","Y","N","N",3,0,16
"5158","N1",2025-12-14,"Twente","Go Ahead Eagles",2,0,"H",2,0,"H",1.4,4.8,7,"2-0","2-0",23,7,6,2,0,3,0,0,3,6,7,9,2,9,16,"3-6","Y","N","N",3,0,16
"5159","N1",2025-12-14,"NAC Breda","Utrecht",1,1,"D",1,1,"D",2.63,3.4,2.5,"1-1","1-1",16,3,11,6,2,2,0,0,6,5,10,12,2,11,22,"6-5","Y","N","N",4,0,16
"5160","N1",2025-12-20,"Heracles","Heerenveen",0,3,"A",0,0,"D",3.2,3.75,2.05,"0-0","0-3",8,2,15,8,1,1,0,0,4,4,12,9,3,8,21,"4-4","Y","Y","N",2,0,16
"5161","N1",2025-12-20,"Excelsior","Zwolle",2,1,"H",1,0,"H",2.1,3.7,3.1,"1-0","2-1",13,4,9,3,1,1,0,0,3,1,13,7,3,4,20,"3-1","Y","Y","N",2,0,17
"5162","N1",2025-12-20,"Nijmegen","Ajax",2,2,"D",1,2,"A",2.25,3.8,2.7,"1-2","2-2",15,6,19,8,3,3,1,0,1,7,8,8,4,8,16,"1-7","Y","Y","Y",6,1,17
"5163","N1",2025-12-20,"NAC Breda","Telstar",0,1,"A",0,0,"D",1.83,3.75,3.9,"0-0","0-1",11,2,11,4,2,3,0,0,8,3,11,16,1,11,27,"8-3","N","N","N",5,0,17
"5164","N1",2025-12-21,"Utrecht","PSV Eindhoven",1,2,"A",1,0,"H",4.33,4.2,1.67,"1-0","1-2",17,3,14,8,3,5,0,1,2,12,7,14,3,14,21,"2-12","Y","Y","N",8,1,17
"5165","N1",2025-12-21,"Feyenoord","Twente",1,1,"D",0,1,"A",1.67,4,4.5,"0-1","1-1",10,4,29,11,2,0,1,0,7,12,15,11,2,19,26,"7-12","Y","N","N",2,1,17
"5166","N1",2025-12-21,"Go Ahead Eagles","Groningen",1,1,"D",1,0,"H",3.1,3.5,2.15,"1-0","1-1",8,3,14,3,2,1,0,0,1,8,10,13,2,9,23,"1-8","Y","N","N",3,0,17
"5167","N1",2025-12-21,"For Sittard","AZ Alkmaar",4,3,"H",2,2,"D",3.8,3.9,1.83,"2-2","4-3",15,6,21,9,3,0,0,0,5,8,18,11,7,13,29,"5-8","Y","Y","Y",3,0,17
"5168","N1",2025-12-21,"Volendam","Sparta Rotterdam",0,1,"A",0,0,"D",2.75,3.7,2.3,"0-0","0-1",12,5,23,10,3,2,0,0,6,8,14,6,1,14,20,"6-8","N","N","N",5,0,17
"5169","N1",2026-01-10,"AZ Alkmaar","Volendam",1,0,"H",1,0,"H",1.18,7,12,"1-0","1-0",17,8,7,2,0,1,0,0,7,2,10,9,1,9,19,"7-2","N","N","N",1,0,17
"5170","N1",2026-01-10,"Twente","Zwolle",1,1,"D",0,0,"D",1.29,5.5,9,"0-0","1-1",26,7,3,1,1,3,0,0,7,2,6,11,2,9,17,"7-2","Y","N","N",4,0,18
"5171","N1",2026-01-10,"PSV Eindhoven","Excelsior",5,1,"H",4,1,"H",1.13,8.5,15,"4-1","5-1",16,8,8,3,1,1,0,0,6,4,10,7,6,10,17,"6-4","Y","Y","Y",2,0,18
"5172","N1",2026-01-10,"Groningen","NAC Breda",0,0,"D",0,0,"D",1.67,3.9,4.75,"0-0","0-0",16,5,10,2,1,2,0,0,3,4,7,6,0,7,13,"3-4","N","N","N",3,0,18
"5173","N1",2026-01-11,"Heerenveen","Feyenoord",2,2,"D",1,2,"A",3,3.8,2.1,"1-2","2-2",16,7,7,3,1,0,0,0,5,3,11,6,4,8,17,"5-3","Y","Y","Y",1,0,18
"5174","N1",2026-01-11,"Go Ahead Eagles","For Sittard",2,2,"D",1,1,"D",2.15,3.6,3.1,"1-1","2-2",23,8,12,5,0,1,0,0,9,1,10,9,4,10,19,"9-1","Y","Y","Y",1,0,18
"5175","N1",2026-01-11,"Telstar","Ajax",2,3,"A",0,2,"A",3.75,3.9,1.83,"0-2","2-3",7,3,16,10,1,1,1,0,8,3,6,6,5,11,12,"8-3","Y","Y","Y",2,1,18
"5176","N1",2026-01-11,"Sparta Rotterdam","Heracles",2,0,"H",1,0,"H",1.8,3.9,3.9,"1-0","2-0",22,9,6,2,1,3,0,0,9,5,6,16,2,14,22,"9-5","Y","N","N",4,0,18
"5177","N1",2026-01-17,"Ajax","Go Ahead Eagles",2,2,"D",2,0,"H",1.44,4.8,6,"2-0","2-2",18,6,10,6,2,4,0,0,1,5,11,16,4,6,27,"1-5","Y","Y","Y",6,0,18
"5178","N1",2026-01-17,"Zwolle","AZ Alkmaar",3,1,"H",2,0,"H",5.5,4.5,1.5,"2-0","3-1",12,5,12,4,1,2,0,0,3,7,12,14,4,10,26,"3-7","Y","Y","Y",3,0,18
"5179","N1",2026-01-17,"Excelsior","Telstar",2,2,"D",0,0,"D",2.2,3.6,3,"0-0","2-2",13,3,17,3,3,0,0,0,3,7,11,8,4,10,19,"3-7","Y","Y","Y",3,0,19
"5180","N1",2026-01-17,"For Sittard","PSV Eindhoven",1,2,"A",1,1,"D",7.5,5.25,1.33,"1-1","1-2",6,1,18,8,1,1,0,0,4,14,10,11,3,18,21,"4-14","Y","Y","N",2,0,19
"5181","N1",2026-01-17,"NAC Breda","Nijmegen",3,4,"A",1,2,"A",2.9,3.7,2.2,"1-2","3-4",14,5,11,8,2,1,0,0,2,3,13,15,7,5,28,"2-3","Y","Y","Y",3,0,19
"5182","N1",2026-01-18,"Heerenveen","Groningen",0,2,"A",0,0,"D",2.2,3.6,3,"0-0","0-2",16,4,12,6,1,2,0,0,3,6,11,13,2,9,24,"3-6","Y","N","N",3,0,19
"5183","N1",2026-01-18,"Heracles","Twente",0,2,"A",0,1,"A",5,4.2,1.57,"0-1","0-2",11,2,18,6,2,4,0,1,4,2,12,14,2,6,26,"4-2","Y","N","N",6,1,19
"5184","N1",2026-01-18,"Volendam","Utrecht",2,1,"H",2,0,"H",4.1,3.7,1.8,"2-0","2-1",7,3,16,5,3,3,0,0,1,6,14,14,3,7,28,"1-6","Y","Y","N",6,0,19
"5185","N1",2026-01-18,"Feyenoord","Sparta Rotterdam",3,4,"A",0,1,"A",1.36,5,7,"0-1","3-4",22,12,13,5,1,3,0,0,9,0,6,11,7,9,17,"9-0","Y","Y","Y",4,0,19
"5186","N1",2026-01-21,"AZ Alkmaar","Excelsior",1,1,"D",0,0,"D",1.29,5.75,9,"0-0","1-1",13,4,8,2,3,1,0,0,4,5,8,10,2,9,18,"4-5","Y","N","N",4,0,19
"5187","N1",2026-01-24,"Ajax","Volendam",2,0,"H",2,0,"H",1.29,5.75,9,"2-0","2-0",31,14,5,2,1,3,0,0,10,0,10,13,2,10,23,"10-0","Y","N","N",4,0,19
"5188","N1",2026-01-24,"Nijmegen","Zwolle",2,1,"H",1,1,"D",1.44,4.75,6,"1-1","2-1",13,2,11,6,1,2,0,0,10,6,7,12,3,16,19,"10-6","Y","Y","N",3,0,20
"5189","N1",2026-01-24,"PSV Eindhoven","NAC Breda",2,2,"D",1,2,"A",1.2,6.5,11.5,"1-2","2-2",16,4,6,2,4,3,0,0,10,4,13,13,4,14,26,"10-4","Y","Y","Y",7,0,20
"5190","N1",2026-01-24,"Twente","Excelsior",0,0,"D",0,0,"D",1.3,5.5,8.5,"0-0","0-0",14,3,8,1,1,1,0,0,11,5,10,8,0,16,18,"11-5","N","N","N",2,0,20
"5191","N1",2026-01-25,"Telstar","AZ Alkmaar",0,1,"A",0,0,"D",NA,NA,NA,"0-0","0-1",10,3,12,4,1,2,0,0,5,1,13,16,1,6,29,"5-1","N","N","N",3,0,20
"5192","N1",2026-01-25,"Groningen","For Sittard",1,2,"A",1,2,"A",NA,NA,NA,"1-2","1-2",25,5,10,6,3,2,0,0,16,3,12,15,3,19,27,"16-3","Y","Y","N",5,0,20
"5193","N1",2026-01-25,"Feyenoord","Heracles",4,2,"H",2,1,"H",NA,NA,NA,"2-1","4-2",16,8,7,3,2,2,0,0,8,1,12,17,6,9,29,"8-1","Y","Y","Y",4,0,20
"5194","N1",2026-01-25,"Utrecht","Sparta Rotterdam",0,1,"A",0,1,"A",NA,NA,NA,"0-1","0-1",22,5,5,3,0,3,0,0,10,0,11,14,1,10,25,"10-0","N","N","N",3,0,20
"5195","N1",2026-01-30,"NAC Breda","Twente",2,2,"D",0,1,"A",3.5,3.4,2.05,"0-1","2-2",20,10,18,9,1,1,0,0,7,4,7,10,4,11,17,"7-4","Y","Y","Y",2,0,20
"5196","N1",2026-01-31,"AZ Alkmaar","Nijmegen",1,3,"A",1,2,"A",1.75,4.1,3.8,"1-2","1-3",11,2,19,8,1,2,0,0,3,3,15,16,4,6,31,"3-3","Y","Y","Y",3,0,20
"5197","N1",2026-01-31,"Zwolle","Telstar",4,1,"H",1,0,"H",2.3,3.6,2.8,"1-0","4-1",16,9,14,8,0,0,0,0,6,9,11,16,5,15,27,"6-9","Y","Y","Y",0,0,21
"5198","N1",2026-01-31,"Sparta Rotterdam","Groningen",2,0,"H",0,0,"D",2.63,3.5,2.5,"0-0","2-0",9,5,8,2,1,5,0,0,3,6,8,16,2,9,24,"3-6","Y","N","N",6,0,21
"5199","N1",2026-02-01,"Excelsior","Ajax",2,2,"D",0,2,"A",NA,NA,NA,"0-2","2-2",11,5,9,3,1,0,0,0,4,1,12,5,4,5,17,"4-1","Y","Y","Y",1,0,21
"5200","N1",2026-02-01,"Heracles","For Sittard",2,1,"H",2,1,"H",NA,NA,NA,"2-1","2-1",11,7,12,6,2,3,0,0,4,5,17,14,3,9,31,"4-5","Y","Y","N",5,0,21
"5201","N1",2026-02-01,"PSV Eindhoven","Feyenoord",3,0,"H",3,0,"H",NA,NA,NA,"3-0","3-0",14,7,8,2,1,3,0,1,8,3,8,8,3,11,16,"8-3","Y","Y","N",4,1,21
"5202","N1",2026-02-01,"Heerenveen","Utrecht",1,1,"D",1,0,"H",NA,NA,NA,"1-0","1-1",19,3,11,4,1,2,0,0,5,6,11,10,2,11,21,"5-6","Y","N","N",3,0,21
"5203","N1",2026-02-01,"Volendam","Go Ahead Eagles",1,1,"D",0,1,"A",NA,NA,NA,"0-1","1-1",20,4,13,5,4,6,0,1,6,5,7,16,2,11,23,"6-5","Y","N","N",10,1,21
"5204","N1",2026-02-06,"NAC Breda","Excelsior",0,2,"A",0,2,"A",1.8,3.6,4.2,"0-2","0-2",15,6,9,6,2,2,1,0,8,3,6,15,2,11,21,"8-3","Y","N","N",4,1,21
"5205","N1",2026-02-07,"Nijmegen","Heracles",4,1,"H",2,1,"H",1.4,5,6.5,"2-1","4-1",15,6,10,2,0,2,0,0,3,6,10,18,5,9,28,"3-6","Y","Y","Y",2,0,21
"5206","N1",2026-02-07,"Zwolle","Volendam",1,2,"A",1,1,"D",1.67,4,4.6,"1-1","1-2",14,4,15,7,3,0,0,0,6,5,18,10,3,11,28,"6-5","Y","Y","N",3,0,22
"5207","N1",2026-02-07,"Twente","Heerenveen",5,0,"H",2,0,"H",1.7,3.9,4.4,"2-0","5-0",29,14,7,0,1,3,0,0,7,0,8,10,5,7,18,"7-0","Y","Y","Y",4,0,22
"5208","N1",2026-02-07,"For Sittard","Sparta Rotterdam",2,2,"D",1,0,"H",2.75,3.5,2.38,"1-0","2-2",11,3,16,5,3,1,0,0,3,13,13,10,4,16,23,"3-13","Y","Y","Y",4,0,22
"5209","N1",2026-02-08,"Utrecht","Feyenoord",0,1,"A",0,1,"A",3.1,3.6,2.15,"0-1","0-1",6,5,10,4,3,4,1,0,2,7,12,14,1,9,26,"2-7","N","N","N",7,1,22
"5210","N1",2026-02-08,"AZ Alkmaar","Ajax",1,1,"D",0,0,"D",2.15,3.7,3,"0-0","1-1",13,6,11,2,3,0,0,0,2,4,11,12,2,6,23,"2-4","Y","N","N",3,0,22
"5211","N1",2026-02-08,"Go Ahead Eagles","Telstar",1,1,"D",0,0,"D",1.87,3.75,3.75,"0-0","1-1",23,11,12,2,1,0,0,0,13,2,6,14,2,15,20,"13-2","Y","N","N",1,0,22
"5212","N1",2026-02-08,"Groningen","PSV Eindhoven",1,2,"A",1,0,"H",3.9,4,1.75,"1-0","1-2",8,4,15,5,1,1,0,0,6,11,8,9,3,17,17,"6-11","Y","Y","N",2,0,22
"5213","N1",2026-02-11,"Go Ahead Eagles","Heerenveen",1,3,"A",0,0,"D",2.6,3.6,2.45,"0-0","1-3",13,6,19,10,1,0,0,0,8,4,8,14,4,12,22,"8-4","Y","Y","Y",1,0,22
"5214","N1",2026-02-11,"Nijmegen","Utrecht",1,3,"A",0,2,"A",1.7,3.9,4.4,"0-2","1-3",24,7,11,5,3,2,0,0,5,0,6,16,4,5,22,"5-0","Y","Y","Y",5,0,22
"5215","N1",2026-02-13,"Volendam","PSV Eindhoven",2,1,"H",0,0,"D",11.5,6.5,1.2,"0-0","2-1",12,4,19,5,1,1,0,0,4,8,9,12,3,12,21,"4-8","Y","Y","N",2,0,23
"5216","N1",2026-02-14,"Heracles","NAC Breda",0,1,"A",0,0,"D",2.63,3.4,2.5,"0-0","0-1",14,3,13,5,0,1,0,0,4,3,12,12,1,7,24,"4-3","N","N","N",1,0,23
"5217","N1",2026-02-14,"Excelsior","AZ Alkmaar",1,2,"A",1,0,"H",3.3,3.7,2,"1-0","1-2",11,2,16,7,1,2,0,0,7,5,7,6,3,12,13,"7-5","Y","Y","N",3,0,23
"5218","N1",2026-02-14,"Ajax","For Sittard",4,1,"H",3,1,"H",1.33,5.25,8,"3-1","4-1",20,8,8,1,0,0,0,0,4,0,11,10,5,4,21,"4-0","Y","Y","Y",0,0,23
"5219","N1",2026-02-14,"Groningen","Utrecht",1,2,"A",0,0,"D",2,3.4,3.6,"0-0","1-2",11,2,15,7,0,1,0,0,2,8,12,6,3,10,18,"2-8","Y","Y","N",1,0,23
"5220","N1",2026-02-15,"Feyenoord","Go Ahead Eagles",1,0,"H",0,0,"D",1.36,5,7,"0-0","1-0",33,8,4,0,1,3,0,1,19,2,13,13,1,21,26,"19-2","N","N","N",4,1,23
"5221","N1",2026-02-15,"Heerenveen","Zwolle",4,2,"H",1,2,"A",1.5,4.4,5.5,"1-2","4-2",11,5,12,6,1,0,0,0,2,5,8,6,6,7,14,"2-5","Y","Y","Y",1,0,23
"5222","N1",2026-02-15,"Telstar","Twente",1,1,"D",1,0,"H",5,4.2,1.57,"1-0","1-1",14,4,20,7,1,1,0,0,3,6,11,8,2,9,19,"3-6","Y","N","N",2,0,23
"5223","N1",2026-02-17,"Sparta Rotterdam","Nijmegen",1,1,"D",0,0,"D",2.6,3.7,2.4,"0-0","1-1",13,5,12,5,3,4,0,0,6,5,18,12,2,11,30,"6-5","Y","N","N",7,0,23
"5224","N1",2026-02-20,"For Sittard","Excelsior",2,1,"H",1,0,"H",2.2,3.5,3,"1-0","2-1",16,6,10,4,1,1,0,0,5,3,7,15,3,8,22,"5-3","Y","Y","N",2,0,24
"5225","N1",2026-02-21,"PSV Eindhoven","Heerenveen",3,1,"H",1,1,"D",1.33,5.5,7,"1-1","3-1",29,7,14,4,2,1,0,0,9,3,12,5,4,12,17,"9-3","Y","Y","Y",3,0,24
"5226","N1",2026-02-21,"NAC Breda","Volendam",1,0,"H",0,0,"D",1.53,4.1,5.75,"0-0","1-0",17,3,8,1,1,3,0,0,6,3,13,13,1,9,26,"6-3","N","N","N",4,0,24
"5227","N1",2026-02-21,"Ajax","Nijmegen",1,1,"D",1,0,"H",1.73,4.1,4,"1-0","1-1",9,4,18,9,1,1,0,0,6,7,7,16,2,13,23,"6-7","Y","N","N",2,0,24
"5228","N1",2026-02-22,"Twente","Groningen",2,1,"H",1,1,"D",1.53,4.2,5.75,"1-1","2-1",6,4,11,3,0,2,0,0,4,4,8,6,3,8,14,"4-4","Y","Y","N",2,0,24
"5229","N1",2026-02-22,"Go Ahead Eagles","Heracles",4,0,"H",1,0,"H",1.7,3.9,4.4,"1-0","4-0",12,6,9,2,1,3,0,0,4,5,7,13,4,9,20,"4-5","Y","Y","Y",4,0,24
"5230","N1",2026-02-22,"Utrecht","Zwolle",1,1,"D",1,0,"H",1.62,4,5,"1-0","1-1",24,3,9,4,1,0,0,1,6,4,11,17,2,10,28,"6-4","Y","N","N",1,1,24
"5231","N1",2026-02-22,"AZ Alkmaar","Sparta Rotterdam",3,1,"H",0,0,"D",1.95,3.8,3.4,"0-0","3-1",11,5,12,4,2,2,0,0,2,7,9,12,4,9,21,"2-7","Y","Y","Y",4,0,24
"5232","N1",2026-02-22,"Feyenoord","Telstar",2,1,"H",2,1,"H",1.22,6,11,"2-1","2-1",19,10,8,6,1,1,0,0,5,1,7,16,3,6,23,"5-1","Y","Y","N",2,0,24
"5233","N1",2026-02-27,"Telstar","NAC Breda",3,0,"H",1,0,"H",2.55,3.5,2.55,"1-0","3-0",14,7,11,1,1,4,0,0,10,4,11,13,3,14,24,"10-4","Y","Y","N",5,0,25
"5234","N1",2026-02-28,"Heerenveen","Sparta Rotterdam",2,1,"H",1,0,"H",2.05,3.7,3.2,"1-0","2-1",16,4,13,3,3,2,0,0,5,6,11,5,3,11,16,"5-6","Y","Y","N",5,0,25
"5235","N1",2026-02-28,"Heracles","PSV Eindhoven",1,3,"A",0,3,"A",9.5,6,1.25,"0-3","1-3",15,3,24,15,2,1,0,0,3,5,15,14,4,8,29,"3-5","Y","Y","Y",3,0,25
"5236","N1",2026-02-28,"Nijmegen","For Sittard",2,3,"A",1,1,"D",1.4,5,6.5,"1-1","2-3",15,4,13,9,1,2,0,0,10,5,10,13,5,15,23,"10-5","Y","Y","Y",3,0,25
"5237","N1",2026-03-01,"Zwolle","Ajax",0,0,"D",0,0,"D",4,4,1.75,"0-0","0-0",9,2,6,2,3,2,0,0,12,3,12,8,0,15,20,"12-3","N","N","N",5,0,25
"5238","N1",2026-03-01,"Twente","Feyenoord",2,0,"H",1,0,"H",2.25,3.6,2.88,"1-0","2-0",19,8,8,2,0,0,0,0,4,2,13,8,2,6,21,"4-2","Y","N","N",0,0,25
"5239","N1",2026-03-01,"Volendam","Groningen",3,2,"H",1,1,"D",3.6,3.7,1.93,"1-1","3-2",12,4,28,9,2,2,0,0,2,10,8,13,5,12,21,"2-10","Y","Y","Y",4,0,25
"5240","N1",2026-03-01,"Utrecht","AZ Alkmaar",2,0,"H",2,0,"H",2.2,3.6,3,"2-0","2-0",11,3,10,6,1,3,0,0,5,4,13,13,2,9,26,"5-4","Y","N","N",4,0,25
"5241","N1",2026-03-01,"Excelsior","Go Ahead Eagles",0,1,"A",0,0,"D",2.4,3.5,2.7,"0-0","0-1",19,7,7,1,1,1,0,0,6,3,11,6,1,9,17,"6-3","N","N","N",2,0,25
"5242","N1",2026-03-06,"Heracles","Utrecht",0,0,"D",0,0,"D",3.1,3.4,2.2,"0-0","0-0",10,3,16,3,1,1,0,0,4,12,13,17,0,16,30,"4-12","N","N","N",2,0,26
"5243","N1",2026-03-07,"Groningen","Ajax",3,1,"H",1,1,"D",2.7,3.6,2.38,"1-1","3-1",13,6,13,5,1,1,0,0,6,8,5,7,4,14,12,"6-8","Y","Y","Y",2,0,26
"5244","N1",2026-03-07,"PSV Eindhoven","AZ Alkmaar",2,1,"H",1,1,"D",1.3,5.75,8,"1-1","2-1",19,8,13,5,2,1,0,0,5,6,7,4,3,11,11,"5-6","Y","Y","N",3,0,26
"5245","N1",2026-03-07,"Excelsior","Heerenveen",1,2,"A",0,1,"A",2.8,3.6,2.3,"0-1","1-2",21,5,10,5,1,1,0,0,6,8,4,7,3,14,11,"6-8","Y","Y","N",2,0,26
"5246","N1",2026-03-08,"Sparta Rotterdam","Zwolle",1,1,"D",0,0,"D",1.65,4.1,4.5,"0-0","1-1",20,7,15,6,3,1,0,0,6,3,7,10,2,9,17,"6-3","Y","N","N",4,0,26
"5247","N1",2026-03-08,"For Sittard","Telstar",1,4,"A",1,2,"A",2.1,3.6,3.2,"1-2","1-4",21,4,15,10,1,1,0,0,3,5,8,18,5,8,26,"3-5","Y","Y","Y",2,0,26
"5248","N1",2026-03-08,"Go Ahead Eagles","Twente",1,4,"A",0,2,"A",4.1,4,1.73,"0-2","1-4",15,7,11,5,1,0,0,0,6,5,8,8,5,11,16,"6-5","Y","Y","Y",1,0,26
"5249","N1",2026-03-08,"NAC Breda","Feyenoord",3,3,"D",3,2,"H",4,3.75,1.8,"3-2","3-3",12,4,14,5,1,4,1,0,4,9,12,8,6,13,20,"4-9","Y","Y","Y",5,1,26
"5250","N1",2026-03-08,"Nijmegen","Volendam",3,0,"H",1,0,"H",1.3,5.5,8,"1-0","3-0",27,11,7,3,1,0,0,0,12,1,10,7,3,13,17,"12-1","Y","Y","N",1,0,26
"5251","N1",2026-03-13,"Zwolle","Groningen",1,1,"D",0,0,"D",2.6,3.6,2.45,"0-0","1-1",14,6,17,6,0,3,0,0,7,6,12,10,2,13,22,"7-6","Y","N","N",3,0,27
"5252","N1",2026-03-14,"Volendam","For Sittard",1,2,"A",0,2,"A",2.3,3.7,2.75,"0-2","1-2",16,5,13,4,1,2,0,0,4,4,11,13,3,8,24,"4-4","Y","Y","N",3,0,27
"5253","N1",2026-03-14,"PSV Eindhoven","Nijmegen",2,3,"A",1,2,"A",1.4,5.25,6,"1-2","2-3",12,6,17,6,0,3,0,0,7,7,8,12,5,14,20,"7-7","Y","Y","Y",3,0,27
"5254","N1",2026-03-14,"Heerenveen","Telstar",3,0,"H",1,0,"H",1.7,4.1,4.2,"1-0","3-0",12,9,20,6,4,1,0,0,5,4,12,9,3,9,21,"5-4","Y","Y","N",5,0,27
"5255","N1",2026-03-14,"Ajax","Sparta Rotterdam",4,0,"H",2,0,"H",1.57,4.33,5,"2-0","4-0",22,10,8,1,0,2,0,0,5,3,8,17,4,8,25,"5-3","Y","Y","Y",2,0,27
"5256","N1",2026-03-15,"Twente","Utrecht",0,2,"A",0,1,"A",1.53,4.2,5.5,"0-1","0-2",16,4,10,8,1,3,0,0,4,5,7,10,2,9,17,"4-5","Y","N","N",4,0,27
"5257","N1",2026-03-15,"AZ Alkmaar","Heracles",4,0,"H",2,0,"H",1.4,4.75,7,"2-0","4-0",14,7,6,2,0,4,0,0,7,3,10,19,4,10,29,"7-3","Y","Y","Y",4,0,27
"5258","N1",2026-03-15,"Feyenoord","Excelsior",2,1,"H",0,1,"A",1.29,5.75,9,"0-1","2-1",15,9,12,3,3,1,0,0,9,5,10,12,3,14,22,"9-5","Y","Y","N",4,0,27
"5259","N1",2026-03-15,"Go Ahead Eagles","NAC Breda",6,0,"H",3,0,"H",2.2,3.6,3,"3-0","6-0",11,6,20,3,0,0,0,0,3,9,8,3,6,12,11,"3-9","Y","Y","Y",0,0,27
"5260","N1",2026-03-20,"Heracles","Excelsior",1,1,"D",1,0,"H",2.6,3.3,2.63,"1-0","1-1",13,4,15,4,2,1,0,0,6,1,17,15,2,7,32,"6-1","Y","N","N",3,0,28
"5261","N1",2026-03-21,"For Sittard","Twente",1,2,"A",1,0,"H",5.25,4.33,1.55,"1-0","1-2",11,5,9,2,2,0,0,0,7,6,6,15,3,13,21,"7-6","Y","Y","N",2,0,28
"5262","N1",2026-03-21,"Sparta Rotterdam","Volendam",2,0,"H",2,0,"H",1.5,4.4,5.75,"2-0","2-0",16,9,8,3,2,1,0,0,3,7,15,9,2,10,24,"3-7","Y","N","N",3,0,28
"5263","N1",2026-03-21,"Zwolle","NAC Breda",2,1,"H",2,0,"H",2.2,3.6,3,"2-0","2-1",8,2,20,6,2,1,0,0,2,5,20,14,3,7,34,"2-5","Y","Y","N",3,0,28
"5264","N1",2026-03-22,"Nijmegen","Heerenveen",2,2,"D",1,2,"A",1.67,4.33,4.2,"1-2","2-2",22,10,11,5,0,0,0,0,6,2,6,11,4,8,17,"6-2","Y","Y","Y",0,0,28
"5265","N1",2026-03-22,"Feyenoord","Ajax",1,1,"D",0,0,"D",2,3.8,3.25,"0-0","1-1",14,5,5,2,1,3,0,0,5,1,12,16,2,6,28,"5-1","Y","N","N",4,0,28
"5266","N1",2026-03-22,"Utrecht","Go Ahead Eagles",2,0,"H",2,0,"H",1.73,3.8,4.33,"2-0","2-0",22,10,11,6,2,1,0,0,2,5,9,7,2,7,16,"2-5","Y","N","N",3,0,28
"5267","N1",2026-03-22,"Groningen","AZ Alkmaar",3,0,"H",1,0,"H",2.5,3.6,2.55,"1-0","3-0",15,5,16,7,1,1,0,0,2,7,16,8,3,9,24,"2-7","Y","Y","N",2,0,28
"5268","N1",2026-03-22,"Telstar","PSV Eindhoven",3,1,"H",1,0,"H",6,5.25,1.4,"1-0","3-1",13,8,18,8,1,1,0,1,1,12,5,4,4,13,9,"1-12","Y","Y","Y",2,1,28
"5269","N1",2026-04-04,"PSV Eindhoven","Utrecht",4,3,"H",1,2,"A",1.5,4.5,5.5,"1-2","4-3",19,8,12,7,0,1,0,0,8,3,6,10,7,11,16,"8-3","Y","Y","Y",1,0,29
"5270","N1",2026-04-04,"AZ Alkmaar","For Sittard",2,0,"H",2,0,"H",1.3,5.5,8.5,"2-0","2-0",15,6,9,4,0,3,0,0,10,6,11,14,2,16,25,"10-6","Y","N","N",3,0,29
"5271","N1",2026-04-04,"Telstar","Groningen",0,2,"A",0,1,"A",2.55,3.7,2.45,"0-1","0-2",14,3,24,11,1,2,0,0,5,12,12,10,2,17,22,"5-12","Y","N","N",3,0,29
"5272","N1",2026-04-04,"Ajax","Twente",1,2,"A",1,1,"D",2.25,3.75,2.8,"1-1","1-2",10,2,16,7,4,2,0,0,2,2,14,10,3,4,24,"2-2","Y","Y","N",6,0,29
"5273","N1",2026-04-04,"Excelsior","Nijmegen",0,2,"A",0,1,"A",3.4,3.9,1.93,"0-1","0-2",8,4,12,5,0,0,0,0,2,5,8,9,2,7,17,"2-5","Y","N","N",0,0,29
"5274","N1",2026-04-05,"Go Ahead Eagles","Zwolle",5,0,"H",3,0,"H",1.95,3.8,3.4,"3-0","5-0",15,12,16,1,0,1,0,0,5,8,9,16,5,13,25,"5-8","Y","Y","Y",1,0,29
"5275","N1",2026-04-05,"Heerenveen","Heracles",4,1,"H",2,1,"H",1.45,4.75,6,"2-1","4-1",24,14,7,4,0,1,0,0,8,1,12,10,5,9,22,"8-1","Y","Y","Y",1,0,29
"5276","N1",2026-04-05,"Volendam","Feyenoord",0,0,"D",0,0,"D",6,4.75,1.44,"0-0","0-0",13,4,17,4,3,0,0,0,5,5,10,5,0,10,15,"5-5","N","N","N",3,0,29
"5277","N1",2026-04-05,"NAC Breda","Sparta Rotterdam",0,0,"D",0,0,"D",2.45,3.4,2.7,"0-0","0-0",12,4,6,3,1,3,0,0,11,3,12,19,0,14,31,"11-3","N","N","N",4,0,29
"5278","N1",2026-04-10,"Twente","Volendam",2,1,"H",2,0,"H",1.18,7,12,"2-0","2-1",23,9,8,4,1,1,0,0,7,1,8,6,3,8,14,"7-1","Y","Y","N",2,0,30
"5279","N1",2026-04-11,"Utrecht","Telstar",4,1,"H",1,0,"H",1.57,4.2,5,"1-0","4-1",18,9,13,7,2,1,0,0,7,5,9,5,5,12,14,"7-5","Y","Y","Y",3,0,30
"5280","N1",2026-04-11,"Sparta Rotterdam","PSV Eindhoven",0,2,"A",0,1,"A",3.8,4.2,1.75,"0-1","0-2",9,4,18,5,1,6,0,0,2,5,6,12,2,7,18,"2-5","Y","N","N",7,0,30
"5281","N1",2026-04-11,"Groningen","Go Ahead Eagles",0,0,"D",0,0,"D",1.83,3.9,3.75,"0-0","0-0",24,5,10,2,0,0,0,0,8,5,5,5,0,13,10,"8-5","N","N","N",0,0,30
"5282","N1",2026-04-11,"Heracles","Ajax",0,3,"A",0,2,"A",5.25,4.33,1.53,"0-2","0-3",15,3,18,6,2,0,0,1,7,5,10,4,3,12,14,"7-5","Y","Y","N",2,1,30
"5283","N1",2026-04-12,"For Sittard","NAC Breda",1,1,"D",0,0,"D",2.55,3.5,2.55,"0-0","1-1",10,2,14,7,2,1,0,0,5,8,11,12,2,13,23,"5-8","Y","N","N",3,0,30
"5284","N1",2026-04-12,"Nijmegen","Feyenoord",1,1,"D",0,1,"A",2.15,3.9,2.88,"0-1","1-1",15,4,13,5,3,4,0,0,4,1,17,14,2,5,31,"4-1","Y","N","N",7,0,30
"5285","N1",2026-04-12,"Zwolle","Excelsior",2,2,"D",1,1,"D",2.15,3.6,3.1,"1-1","2-2",15,5,16,3,0,1,0,0,5,2,10,13,4,7,23,"5-2","Y","Y","Y",1,0,30
"5286","N1",2026-04-12,"AZ Alkmaar","Heerenveen",3,0,"H",2,0,"H",1.67,4.33,4.2,"2-0","3-0",23,10,7,1,1,1,0,0,6,6,5,10,3,12,15,"6-6","Y","Y","N",2,0,30
"4758","P1",2025-08-08,"Casa Pia","Sp Lisbon",0,2,"A",0,1,"A",8.5,4.8,1.3,"0-1","0-2",7,2,27,12,4,1,0,0,2,9,14,11,2,11,25,"2-9","Y","N","N",5,0,1
"4759","P1",2025-08-09,"Nacional","Gil Vicente",0,2,"A",0,2,"A",2.45,3.13,2.75,"0-2","0-2",15,4,12,2,3,6,0,0,14,6,21,16,2,20,37,"14-6","Y","N","N",9,0,1
"4760","P1",2025-08-09,"Arouca","AVS",3,1,"H",1,0,"H",1.8,3.4,4.1,"1-0","3-1",9,4,15,2,2,0,0,0,4,5,13,17,4,9,30,"4-5","Y","Y","Y",2,0,1
"4761","P1",2025-08-10,"Famalicao","Santa Clara",3,0,"H",2,0,"H",2.4,3,2.88,"2-0","3-0",6,3,8,2,4,2,0,0,2,3,20,15,3,5,35,"2-3","Y","Y","N",6,0,1
"4762","P1",2025-08-10,"Moreirense","Alverca",2,1,"H",1,1,"D",2,3.2,3.5,"1-1","2-1",10,3,7,2,3,1,0,0,6,2,15,5,3,8,20,"6-2","Y","Y","N",4,0,1
"4763","P1",2025-08-10,"Sp Braga","Tondela",3,0,"H",2,0,"H",1.33,4.5,8,"2-0","3-0",8,6,7,3,1,3,0,0,5,3,10,9,3,8,19,"5-3","Y","Y","N",4,0,1
"4764","P1",2025-08-11,"Estoril","Estrela",1,1,"D",1,0,"H",1.85,3.3,4,"1-0","1-1",8,3,9,5,4,1,0,0,4,4,13,16,2,8,29,"4-4","Y","N","N",5,0,1
"4765","P1",2025-08-11,"Porto","Guimaraes",3,0,"H",2,0,"H",1.62,3.75,4.8,"2-0","3-0",17,9,10,2,1,3,0,0,7,4,18,9,3,11,27,"7-4","Y","Y","N",4,0,1
"4766","P1",2025-08-15,"AVS","Casa Pia",0,2,"A",0,1,"A",2.75,3,2.5,"0-1","0-2",10,3,10,5,4,5,0,0,1,3,20,20,2,4,40,"1-3","Y","N","N",9,0,1
"4767","P1",2025-08-16,"Tondela","Famalicao",0,1,"A",0,0,"D",2.8,3.1,2.4,"0-0","0-1",15,4,14,5,0,1,0,0,2,7,17,19,1,9,36,"2-7","N","N","N",1,0,2
"4768","P1",2025-08-16,"Guimaraes","Estoril",3,2,"H",1,1,"D",1.65,3.5,5,"1-1","3-2",16,4,11,5,4,3,0,0,4,2,18,17,5,6,35,"4-2","Y","Y","Y",7,0,2
"4769","P1",2025-08-16,"Estrela","Benfica",0,1,"A",0,0,"D",13,6,1.18,"0-0","0-1",15,2,14,3,3,3,0,0,5,4,14,23,1,9,37,"5-4","N","N","N",6,0,2
"4770","P1",2025-08-17,"Rio Ave","Nacional",1,1,"D",1,0,"H",2.2,3.25,3,"1-0","1-1",20,9,13,6,2,4,0,1,6,6,16,18,2,12,34,"6-6","Y","N","N",6,1,2
"4771","P1",2025-08-17,"Alverca","Sp Braga",0,3,"A",0,3,"A",5,3.6,1.62,"0-3","0-3",12,3,12,6,2,1,0,0,1,5,15,6,3,6,21,"1-5","Y","Y","N",3,0,2
"4772","P1",2025-08-17,"Santa Clara","Moreirense",0,1,"A",0,1,"A",1.87,3,4.33,"0-1","0-1",12,3,6,2,4,5,0,0,3,0,20,18,1,3,38,"3-0","N","N","N",9,0,2
"4773","P1",2025-08-17,"Sp Lisbon","Arouca",6,0,"H",3,0,"H",1.22,5.5,10.5,"3-0","6-0",19,10,7,1,1,0,0,1,6,1,7,7,6,7,14,"6-1","Y","Y","Y",1,1,2
"4774","P1",2025-08-18,"Gil Vicente","Porto",0,2,"A",0,1,"A",6.5,4,1.45,"0-1","0-2",14,2,15,4,2,4,0,0,1,5,9,20,2,6,29,"1-5","Y","N","N",6,0,2
"4775","P1",2025-08-23,"Moreirense","Guimaraes",2,0,"H",0,0,"D",3.25,3.1,2.15,"0-0","2-0",10,4,11,4,5,2,0,0,3,7,17,17,2,10,34,"3-7","Y","N","N",7,0,2
"4776","P1",2025-08-23,"Nacional","Sp Lisbon",1,4,"A",1,0,"H",10,5.5,1.22,"1-0","1-4",3,1,27,7,3,2,1,0,3,13,18,7,5,16,25,"3-13","Y","Y","Y",5,1,3
"4777","P1",2025-08-23,"Arouca","Rio Ave",3,3,"D",1,0,"H",1.95,3.3,3.6,"1-0","3-3",14,6,15,7,3,2,0,0,4,2,13,17,6,6,30,"4-2","Y","Y","Y",5,0,3
"4778","P1",2025-08-23,"Benfica","Tondela",3,0,"H",2,0,"H",1.13,7,15,"2-0","3-0",21,12,9,4,2,2,0,0,13,2,10,12,3,15,22,"13-2","Y","Y","N",4,0,3
"4779","P1",2025-08-24,"Famalicao","Gil Vicente",0,0,"D",0,0,"D",2.05,3,3.6,"0-0","0-0",11,3,20,8,3,1,0,0,2,9,17,18,0,11,35,"2-9","N","N","N",4,0,3
"4780","P1",2025-08-24,"Porto","Casa Pia",4,0,"H",3,0,"H",1.18,5.75,13,"3-0","4-0",20,7,7,0,3,1,0,0,7,2,11,8,4,9,19,"7-2","Y","Y","Y",4,0,3
"4781","P1",2025-08-24,"Sp Braga","AVS",2,2,"D",1,2,"A",1.29,4.75,9.5,"1-2","2-2",21,5,4,2,2,3,0,0,11,3,9,12,4,14,21,"11-3","Y","Y","Y",5,0,3
"4782","P1",2025-08-25,"Estrela","Alverca",2,2,"D",1,2,"A",1.85,3.2,4.1,"1-2","2-2",19,6,6,2,4,5,1,1,6,2,18,24,4,8,42,"6-2","Y","Y","Y",9,2,3
"4783","P1",2025-08-29,"Gil Vicente","Moreirense",2,0,"H",0,0,"D",2.45,2.75,3.1,"0-0","2-0",12,4,10,0,1,2,0,0,4,3,18,12,2,7,30,"4-3","Y","N","N",3,0,3
"4784","P1",2025-08-30,"Casa Pia","Nacional",0,2,"A",0,2,"A",2.15,3.1,3.2,"0-2","0-2",9,3,9,2,2,3,0,0,2,3,13,22,2,5,35,"2-3","Y","N","N",5,0,3
"4785","P1",2025-08-30,"AVS","Famalicao",0,1,"A",0,0,"D",4.1,3.25,1.85,"0-0","0-1",13,3,11,3,1,5,0,1,5,9,16,18,1,14,34,"5-9","N","N","N",6,1,4
"4786","P1",2025-08-30,"Guimaraes","Arouca",1,1,"D",1,1,"D",1.75,3.5,4.2,"1-1","1-1",12,3,9,3,4,4,0,0,2,2,15,17,2,4,32,"2-2","Y","N","N",8,0,4
"4787","P1",2025-08-30,"Sp Lisbon","Porto",1,2,"A",0,0,"D",1.95,3.4,3.4,"0-0","1-2",20,3,14,7,3,5,0,0,5,3,8,15,3,8,23,"5-3","Y","Y","N",8,0,4
"4788","P1",2025-08-31,"Tondela","Estoril",2,2,"D",0,1,"A",2.8,3.1,2.4,"0-1","2-2",14,4,21,5,1,3,0,0,3,4,8,11,4,7,19,"3-4","Y","Y","Y",4,0,4
"4789","P1",2025-08-31,"Alverca","Benfica",1,2,"A",0,2,"A",13,5.75,1.18,"0-2","1-2",11,7,6,2,4,6,0,1,5,2,12,18,3,7,30,"5-2","Y","Y","N",10,1,4
"4790","P1",2025-08-31,"Rio Ave","Sp Braga",2,2,"D",2,1,"H",4.5,3.7,1.67,"2-1","2-2",5,3,20,9,3,2,0,0,1,7,13,12,4,8,25,"1-7","Y","Y","Y",5,0,4
"4791","P1",2025-08-31,"Santa Clara","Estrela",0,0,"D",0,0,"D",1.83,3.13,4.33,"0-0","0-0",13,3,3,0,2,2,0,0,8,0,13,11,0,8,24,"8-0","N","N","N",4,0,4
"4792","P1",2025-09-06,"Estoril","Santa Clara",0,1,"A",0,0,"D",2.63,3,2.63,"0-0","0-1",15,4,16,4,4,1,0,0,5,7,16,11,1,12,27,"5-7","N","N","N",5,0,4
"4793","P1",2025-09-12,"Alverca","Tondela",1,0,"H",1,0,"H",2.3,3.1,3,"1-0","1-0",12,4,14,6,1,2,0,0,5,6,13,15,1,11,28,"5-6","N","N","N",3,0,4
"4794","P1",2025-09-12,"Benfica","Santa Clara",1,1,"D",0,0,"D",1.33,4.33,9.5,"0-0","1-1",19,7,9,5,1,1,0,1,4,5,8,11,2,9,19,"4-5","Y","N","N",2,1,5
"4795","P1",2025-09-13,"Estoril","AVS",3,1,"H",2,0,"H",1.8,3.3,4.2,"2-0","3-1",15,5,12,4,5,2,0,0,1,5,11,11,4,6,22,"1-5","Y","Y","Y",7,0,5
"4796","P1",2025-09-13,"Moreirense","Rio Ave",3,1,"H",0,0,"D",2.45,3,2.8,"0-0","3-1",15,8,15,4,1,0,0,0,7,3,12,13,4,10,25,"7-3","Y","Y","Y",1,0,5
"4797","P1",2025-09-13,"Porto","Nacional",1,0,"H",1,0,"H",1.15,6.5,15,"1-0","1-0",11,5,5,1,2,4,0,0,5,5,6,14,1,10,20,"5-5","N","N","N",6,0,5
"4798","P1",2025-09-13,"Famalicao","Sp Lisbon",1,2,"A",1,1,"D",7.5,4.4,1.36,"1-1","1-2",9,3,9,4,4,3,0,0,5,4,22,17,3,9,39,"5-4","Y","Y","N",7,0,5
"4799","P1",2025-09-14,"Estrela","Guimaraes",0,2,"A",0,1,"A",3.25,3.1,2.15,"0-1","0-2",10,1,14,6,2,0,0,0,3,2,10,11,2,5,21,"3-2","Y","N","N",2,0,5
"4800","P1",2025-09-14,"Arouca","Casa Pia",0,2,"A",0,1,"A",1.95,3.2,3.7,"0-1","0-2",8,3,9,4,2,7,0,0,7,6,18,21,2,13,39,"7-6","Y","N","N",9,0,5
"4801","P1",2025-09-14,"Sp Braga","Gil Vicente",0,1,"A",0,1,"A",1.45,4,6.5,"0-1","0-1",11,7,12,5,2,3,0,0,5,7,7,12,1,12,19,"5-7","N","N","N",5,0,5
"4802","P1",2025-09-19,"Rio Ave","Porto",0,3,"A",0,2,"A",8,4.6,1.33,"0-2","0-3",7,2,19,7,2,1,0,0,2,10,11,18,3,12,29,"2-10","Y","Y","N",3,0,5
"4803","P1",2025-09-20,"Nacional","Arouca",1,2,"A",0,0,"D",2.4,3.2,2.75,"0-0","1-2",15,6,10,3,2,2,1,1,3,5,10,18,3,8,28,"3-5","Y","Y","N",4,2,6
"4804","P1",2025-09-20,"Santa Clara","Alverca",2,1,"H",1,1,"D",1.67,3.25,5.25,"1-1","2-1",14,6,3,3,6,4,0,0,7,0,16,21,3,7,37,"7-0","Y","Y","N",10,0,6
"4805","P1",2025-09-20,"AVS","Benfica",0,3,"A",0,1,"A",15,6,1.15,"0-1","0-3",8,1,19,6,1,1,0,0,2,1,17,11,3,3,28,"2-1","Y","Y","N",2,0,6
"4806","P1",2025-09-20,"Guimaraes","Sp Braga",1,1,"D",1,1,"D",2.88,3.2,2.3,"1-1","1-1",11,3,17,5,2,3,0,0,3,5,14,15,2,8,29,"3-5","Y","N","N",5,0,6
"4807","P1",2025-09-21,"Tondela","Estrela",0,0,"D",0,0,"D",2.25,3,3.2,"0-0","0-0",17,8,8,3,4,3,1,0,5,2,16,13,0,7,29,"5-2","N","N","N",7,1,6
"4808","P1",2025-09-21,"Gil Vicente","Estoril",2,0,"H",1,0,"H",2.2,3.1,3.13,"1-0","2-0",16,3,7,3,2,2,0,0,4,0,16,13,2,4,29,"4-0","Y","N","N",4,0,6
"4809","P1",2025-09-21,"Casa Pia","Famalicao",1,1,"D",0,0,"D",3.2,3,2.25,"0-0","1-1",10,3,11,2,1,2,0,0,5,3,18,21,2,8,39,"5-3","Y","N","N",3,0,6
"4810","P1",2025-09-22,"Sp Lisbon","Moreirense",3,0,"H",0,0,"D",1.15,6,15,"0-0","3-0",25,14,4,1,1,1,0,0,6,4,16,18,3,10,34,"6-4","Y","Y","N",2,0,6
"4811","P1",2025-09-23,"Benfica","Rio Ave",1,1,"D",0,0,"D",1.17,6.5,12,"0-0","1-1",19,7,4,2,3,2,0,0,11,2,16,16,2,13,32,"11-2","Y","N","N",5,0,6
"4812","P1",2025-09-26,"Benfica","Gil Vicente",2,1,"H",2,1,"H",1.29,4.8,9,"2-1","2-1",10,4,16,8,3,4,0,1,0,7,14,20,3,7,34,"0-7","Y","Y","N",7,1,7
"4813","P1",2025-09-27,"Moreirense","Casa Pia",2,1,"H",1,1,"D",2.05,3,3.6,"1-1","2-1",12,4,20,4,5,4,0,0,6,8,13,15,3,14,28,"6-8","Y","Y","N",9,0,7
"4814","P1",2025-09-27,"Santa Clara","Tondela",1,2,"A",0,0,"D",1.67,3.3,5.25,"0-0","1-2",11,5,12,4,2,7,0,0,3,4,13,25,3,7,38,"3-4","Y","Y","N",9,0,7
"4815","P1",2025-09-27,"Estrela","AVS",3,0,"H",3,0,"H",2,3.1,3.7,"3-0","3-0",11,6,11,2,3,2,1,1,6,6,11,20,3,12,31,"6-6","Y","Y","N",5,2,7
"4816","P1",2025-09-27,"Estoril","Sp Lisbon",0,1,"A",0,1,"A",9,5,1.29,"0-1","0-1",7,2,9,2,4,2,0,0,3,9,13,12,1,12,25,"3-9","N","N","N",6,0,7
"4817","P1",2025-09-28,"Alverca","Guimaraes",2,0,"H",1,0,"H",3.13,3.13,2.2,"1-0","2-0",11,4,19,3,3,0,1,0,1,5,15,17,2,6,32,"1-5","Y","N","N",3,1,7
"4818","P1",2025-09-28,"Sp Braga","Nacional",0,1,"A",0,1,"A",1.4,4.2,7,"0-1","0-1",9,1,13,5,0,2,0,0,6,3,4,7,1,9,11,"6-3","N","N","N",2,0,7
"4819","P1",2025-09-28,"Famalicao","Rio Ave",0,0,"D",0,0,"D",NA,NA,NA,"0-0","0-0",28,5,6,3,4,5,0,0,11,6,19,15,0,17,34,"11-6","N","N","N",9,0,7
"4820","P1",2025-09-29,"Arouca","Porto",0,4,"A",0,1,"A",7.5,4.4,1.36,"0-1","0-4",13,3,16,5,5,3,0,1,5,8,13,8,4,13,21,"5-8","Y","Y","Y",8,1,7
"4821","P1",2025-10-03,"Casa Pia","Estoril",2,2,"D",2,1,"H",2.45,3.13,2.7,"2-1","2-2",11,5,10,3,3,3,0,0,6,7,14,12,4,13,26,"6-7","Y","Y","Y",6,0,8
"4822","P1",2025-10-04,"Gil Vicente","Estrela",2,0,"H",2,0,"H",1.65,3.4,5.25,"2-0","2-0",15,7,15,5,2,3,1,0,5,7,12,15,2,12,27,"5-7","Y","N","N",5,1,8
"4823","P1",2025-10-04,"Nacional","Moreirense",3,2,"H",1,1,"D",2.3,3.1,3,"1-1","3-2",17,7,10,4,1,3,0,1,2,4,12,16,5,6,28,"2-4","Y","Y","Y",4,1,8
"4824","P1",2025-10-04,"AVS","Alverca",1,3,"A",1,1,"D",2.75,3,2.5,"1-1","1-3",5,2,12,6,3,2,0,0,0,5,16,6,4,5,22,"0-5","Y","Y","Y",5,0,8
"4825","P1",2025-10-04,"Guimaraes","Santa Clara",2,1,"H",0,1,"A",2.38,2.88,3.1,"0-1","2-1",14,7,13,5,4,5,0,0,9,3,17,11,3,12,28,"9-3","Y","Y","N",9,0,8
"4826","P1",2025-10-05,"Arouca","Famalicao",1,1,"D",0,0,"D",3.4,3.2,2.05,"0-0","1-1",7,3,14,5,5,1,1,0,4,11,22,12,2,15,34,"4-11","Y","N","N",6,1,8
"4827","P1",2025-10-05,"Rio Ave","Tondela",3,0,"H",2,0,"H",2.25,3.25,2.9,"2-0","3-0",13,7,13,3,7,4,1,1,6,7,15,15,3,13,30,"6-7","Y","Y","N",11,2,8
"4828","P1",2025-10-05,"Sp Lisbon","Sp Braga",1,1,"D",1,0,"H",1.4,4.4,6.5,"1-0","1-1",13,3,11,5,4,5,0,0,1,5,19,12,2,6,31,"1-5","Y","N","N",9,0,8
"4829","P1",2025-10-05,"Porto","Benfica",0,0,"D",0,0,"D",1.95,3.3,3.5,"0-0","0-0",8,2,4,1,6,2,0,0,3,3,16,6,0,6,22,"3-3","N","N","N",8,0,8
"4830","P1",2025-10-24,"Alverca","Gil Vicente",0,4,"A",0,2,"A",3,3,2.3,"0-2","0-4",6,2,12,5,3,4,0,1,1,4,12,18,4,5,30,"1-4","Y","Y","Y",7,1,9
"4831","P1",2025-10-25,"Santa Clara","AVS",2,0,"H",0,0,"D",1.5,3.6,6.5,"0-0","2-0",20,5,7,2,1,1,0,0,8,4,10,15,2,12,25,"8-4","Y","N","N",2,0,9
"4832","P1",2025-10-25,"Benfica","Arouca",5,0,"H",3,0,"H",1.14,6.5,15,"3-0","5-0",17,8,5,0,2,2,0,0,9,1,13,18,5,10,31,"9-1","Y","Y","Y",4,0,9
"4833","P1",2025-10-25,"Estrela","Rio Ave",1,2,"A",1,0,"H",2.55,3.1,2.63,"1-0","1-2",16,2,8,2,3,6,0,0,4,5,16,20,3,9,36,"4-5","Y","Y","N",9,0,9
"4834","P1",2025-10-26,"Estoril","Nacional",1,1,"D",0,1,"A",2.15,3.25,3.1,"0-1","1-1",13,4,9,4,3,3,0,0,6,5,13,15,2,11,28,"6-5","Y","N","N",6,0,9
"4835","P1",2025-10-26,"Famalicao","Guimaraes",2,0,"H",1,0,"H",1.9,3.2,3.9,"1-0","2-0",15,10,13,3,1,2,0,0,5,4,20,14,2,9,34,"5-4","Y","N","N",3,0,9
"4836","P1",2025-10-26,"Tondela","Sp Lisbon",0,3,"A",0,1,"A",10.5,5.5,1.22,"0-1","0-3",9,2,29,15,3,1,0,0,2,9,12,12,3,11,24,"2-9","Y","Y","N",4,0,9
"4837","P1",2025-10-26,"Sp Braga","Casa Pia",4,0,"H",2,0,"H",1.4,4.2,7,"2-0","4-0",15,8,3,1,1,3,0,0,4,2,16,16,4,6,32,"4-2","Y","Y","Y",4,0,9
"4838","P1",2025-10-27,"Moreirense","Porto",1,2,"A",1,1,"D",9,4.6,1.3,"1-1","1-2",8,1,16,7,3,1,0,0,2,7,15,13,3,9,28,"2-7","Y","Y","N",4,0,9
"4839","P1",2025-10-31,"Sp Lisbon","Alverca",2,0,"H",0,0,"D",1.09,8,19,"0-0","2-0",27,8,8,0,1,1,0,0,10,0,9,10,2,10,19,"10-0","Y","N","N",2,0,10
"4840","P1",2025-11-01,"Nacional","Famalicao",0,1,"A",0,1,"A",3,3.2,2.2,"0-1","0-1",8,3,20,4,4,6,1,0,3,10,15,18,1,13,33,"3-10","N","N","N",10,1,10
"4841","P1",2025-11-01,"Casa Pia","Estrela",3,5,"A",1,2,"A",2,3.1,3.7,"1-2","3-5",10,4,12,6,2,3,0,0,5,2,20,21,8,7,41,"5-2","Y","Y","Y",5,0,10
"4842","P1",2025-11-01,"Rio Ave","Estoril",0,4,"A",0,2,"A",2.3,3.25,2.8,"0-2","0-4",2,0,24,6,2,1,1,0,0,6,10,14,4,6,24,"0-6","Y","Y","Y",3,1,10
"4843","P1",2025-11-01,"Guimaraes","Benfica",0,3,"A",0,0,"D",6.5,4.2,1.44,"0-0","0-3",10,3,24,10,3,4,1,0,3,6,12,11,3,9,23,"3-6","Y","Y","N",7,1,10
"4844","P1",2025-11-02,"AVS","Tondela",2,2,"D",1,1,"D",NA,NA,NA,"1-1","2-2",15,5,10,3,4,4,0,0,5,3,18,17,4,8,35,"5-3","Y","Y","Y",8,0,10
"4845","P1",2025-11-02,"Arouca","Moreirense",0,2,"A",0,2,"A",NA,NA,NA,"0-2","0-2",11,2,6,5,3,2,0,0,5,2,11,11,2,7,22,"5-2","Y","N","N",5,0,10
"4846","P1",2025-11-02,"Porto","Sp Braga",2,1,"H",1,0,"H",NA,NA,NA,"1-0","2-1",9,4,10,3,3,3,0,0,2,3,15,13,3,5,28,"2-3","Y","Y","N",6,0,10
"4847","P1",2025-11-03,"Gil Vicente","Santa Clara",1,0,"H",1,0,"H",NA,NA,NA,"1-0","1-0",9,3,15,4,2,3,0,0,2,0,16,14,1,2,30,"2-0","N","N","N",5,0,10
"4848","P1",2025-11-07,"Estoril","Arouca",4,3,"H",2,2,"D",1.93,3.4,3.6,"2-2","4-3",19,7,10,4,1,1,0,0,10,2,9,13,7,12,22,"10-2","Y","Y","Y",2,0,11
"4849","P1",2025-11-08,"Alverca","Rio Ave",1,1,"D",0,1,"A",2.25,3.13,3,"0-1","1-1",15,5,11,4,2,0,0,0,9,3,15,16,2,12,31,"9-3","Y","N","N",2,0,11
"4850","P1",2025-11-08,"Tondela","Guimaraes",0,1,"A",0,0,"D",2.7,3,2.55,"0-0","0-1",15,4,11,2,3,2,0,0,4,3,14,11,1,7,25,"4-3","N","N","N",5,0,11
"4851","P1",2025-11-08,"Santa Clara","Sp Lisbon",1,2,"A",1,1,"D",7.5,4.1,1.4,"1-1","1-2",5,2,21,7,7,4,2,1,2,12,11,12,3,14,23,"2-12","Y","Y","N",11,3,11
"4852","P1",2025-11-09,"AVS","Gil Vicente",1,1,"D",0,1,"A",4.75,3.4,1.7,"0-1","1-1",16,8,12,5,1,5,0,0,1,4,12,19,2,5,31,"1-4","Y","N","N",6,0,11
"4853","P1",2025-11-09,"Estrela","Nacional",1,1,"D",0,1,"A",2.63,3.1,2.55,"0-1","1-1",14,4,17,4,3,4,0,0,2,6,12,15,2,8,27,"2-6","Y","N","N",7,0,11
"4854","P1",2025-11-09,"Famalicao","Porto",0,1,"A",0,1,"A",5.25,3.7,1.57,"0-1","0-1",8,0,19,6,5,2,0,0,2,4,24,13,1,6,37,"2-4","N","N","N",7,0,11
"4855","P1",2025-11-09,"Benfica","Casa Pia",2,2,"D",1,0,"H",1.14,6.5,15,"1-0","2-2",19,6,7,4,3,2,0,0,6,2,8,8,4,8,16,"6-2","Y","Y","Y",5,0,11
"4856","P1",2025-11-09,"Sp Braga","Moreirense",2,1,"H",1,0,"H",1.36,4.4,7.5,"1-0","2-1",11,3,11,1,3,2,0,0,5,3,13,15,3,8,28,"5-3","Y","Y","N",5,0,11
"4857","P1",2025-11-28,"Guimaraes","AVS",4,0,"H",3,0,"H",1.7,3.4,4.8,"3-0","4-0",11,4,9,1,0,1,0,0,7,3,11,14,4,10,25,"7-3","Y","Y","Y",1,0,12
"4858","P1",2025-11-29,"Casa Pia","Alverca",0,2,"A",0,0,"D",2.4,3,2.9,"0-0","0-2",5,0,10,5,4,4,1,0,6,4,9,17,2,10,26,"6-4","Y","N","N",8,1,12
"4859","P1",2025-11-29,"Moreirense","Famalicao",2,2,"D",0,1,"A",3.3,3.2,2.1,"0-1","2-2",11,6,17,8,4,5,1,0,5,4,17,22,4,9,39,"5-4","Y","Y","Y",9,1,12
"4860","P1",2025-11-29,"Nacional","Benfica",1,2,"A",0,0,"D",8,4.5,1.33,"0-0","1-2",6,2,31,8,4,2,0,0,2,11,10,8,3,13,18,"2-11","Y","Y","N",6,0,12
"4861","P1",2025-11-29,"Gil Vicente","Tondela",0,1,"A",0,1,"A",1.62,3.5,5.25,"0-1","0-1",15,2,5,2,2,0,0,0,12,3,10,20,1,15,30,"12-3","N","N","N",2,0,12
"4862","P1",2025-11-30,"Rio Ave","Santa Clara",1,1,"D",1,1,"D",2.88,3,2.4,"1-1","1-1",9,4,9,3,2,3,0,0,1,5,10,15,2,6,25,"1-5","Y","N","N",5,0,12
"4863","P1",2025-11-30,"Sp Lisbon","Estrela",4,0,"H",3,0,"H",1.09,8,20,"3-0","4-0",19,6,5,3,1,0,0,0,5,1,12,12,4,6,24,"5-1","Y","Y","Y",1,0,12
"4864","P1",2025-11-30,"Porto","Estoril",1,0,"H",1,0,"H",1.22,5.5,11,"1-0","1-0",12,6,11,2,1,3,0,0,5,4,14,11,1,9,25,"5-4","N","N","N",4,0,12
"4865","P1",2025-12-01,"Arouca","Sp Braga",0,4,"A",0,3,"A",5.75,4,1.5,"0-3","0-4",3,1,18,6,4,0,1,0,0,6,11,9,4,6,20,"0-6","Y","Y","Y",4,1,12
"4866","P1",2025-12-05,"Benfica","Sp Lisbon",1,1,"D",1,1,"D",2.63,3.1,2.55,"1-1","1-1",10,4,5,2,2,5,1,0,3,2,15,20,2,5,35,"3-2","Y","N","N",7,1,13
"4867","P1",2025-12-06,"Santa Clara","Casa Pia",1,0,"H",1,0,"H",1.83,3.1,4.5,"1-0","1-0",11,3,5,2,5,4,0,0,7,7,23,12,1,14,35,"7-7","N","N","N",9,0,13
"4868","P1",2025-12-06,"AVS","Rio Ave",1,2,"A",0,1,"A",2.9,3.13,2.3,"0-1","1-2",9,5,17,8,6,6,1,0,3,11,16,16,3,14,32,"3-11","Y","Y","N",12,1,13
"4869","P1",2025-12-06,"Famalicao","Sp Braga",1,2,"A",1,1,"D",3.25,3.25,2.1,"1-1","1-2",8,4,21,7,1,3,0,0,3,9,10,19,3,12,29,"3-9","Y","Y","N",4,0,13
"4870","P1",2025-12-07,"Estoril","Moreirense",3,3,"D",1,1,"D",2,3.25,3.5,"1-1","3-3",9,5,8,5,2,3,0,0,1,5,16,14,6,6,30,"1-5","Y","Y","Y",5,0,13
"4871","P1",2025-12-07,"Alverca","Nacional",1,0,"H",0,0,"D",2.1,3.13,3.3,"0-0","1-0",10,4,17,3,1,1,0,0,2,2,10,19,1,4,29,"2-2","N","N","N",2,0,13
"4872","P1",2025-12-07,"Estrela","Arouca",3,1,"H",2,0,"H",2.1,3.2,3.25,"2-0","3-1",24,9,9,2,1,5,0,2,5,3,12,14,4,8,26,"5-3","Y","Y","Y",6,2,13
"4873","P1",2025-12-07,"Tondela","Porto",0,2,"A",0,0,"D",10.5,5,1.25,"0-0","0-2",11,2,11,6,2,1,0,0,2,4,9,10,2,6,19,"2-4","Y","N","N",3,0,13
"4874","P1",2025-12-08,"Guimaraes","Gil Vicente",0,0,"D",0,0,"D",2.7,2.9,2.63,"0-0","0-0",10,3,6,1,4,5,0,0,8,4,15,17,0,12,32,"8-4","N","N","N",9,0,13
"4875","P1",2025-12-13,"Casa Pia","Gil Vicente",1,1,"D",0,1,"A",3.4,3,2.15,"0-1","1-1",3,1,11,2,3,1,0,0,1,8,19,8,2,9,27,"1-8","Y","N","N",4,0,14
"4876","P1",2025-12-13,"Rio Ave","Guimaraes",0,1,"A",0,1,"A",2.63,3.2,2.5,"0-1","0-1",8,2,16,3,4,4,1,0,6,6,15,15,1,12,30,"6-6","N","N","N",8,1,14
"4877","P1",2025-12-13,"Sp Lisbon","AVS",6,0,"H",3,0,"H",1.06,9,22,"3-0","6-0",24,14,7,3,1,2,0,0,8,1,11,9,6,9,20,"8-1","Y","Y","Y",3,0,14
"4878","P1",2025-12-14,"Famalicao","Estoril",4,0,"H",2,0,"H",1.75,3.5,4.2,"2-0","4-0",20,12,10,4,3,1,0,0,4,9,10,18,4,13,28,"4-9","Y","Y","Y",4,0,14
"4879","P1",2025-12-14,"Moreirense","Benfica",0,4,"A",0,1,"A",8.5,4.4,1.33,"0-1","0-4",10,2,10,5,2,0,0,0,4,4,19,15,4,8,34,"4-4","Y","Y","Y",2,0,14
"4880","P1",2025-12-14,"Arouca","Alverca",1,0,"H",0,0,"D",2.7,3.1,2.5,"0-0","1-0",18,4,5,1,1,4,0,1,8,5,15,11,1,13,26,"8-5","N","N","N",5,1,14
"4881","P1",2025-12-15,"Nacional","Tondela",3,1,"H",0,0,"D",2.25,3.13,3,"0-0","3-1",8,4,21,5,5,6,1,1,3,10,11,17,4,13,28,"3-10","Y","Y","Y",11,2,14
"4882","P1",2025-12-15,"Sp Braga","Santa Clara",1,0,"H",1,0,"H",1.5,3.7,6.5,"1-0","1-0",6,3,5,2,1,3,0,0,5,1,10,15,1,6,25,"5-1","N","N","N",4,0,14
"4883","P1",2025-12-15,"Porto","Estrela",3,1,"H",1,0,"H",1.17,6,15,"1-0","3-1",20,6,6,1,1,5,0,0,4,0,13,17,4,4,30,"4-0","Y","Y","Y",6,0,14
"4884","P1",2025-12-19,"Estoril","Sp Braga",1,0,"H",1,0,"H",5.5,3.8,1.53,"1-0","1-0",13,7,12,5,5,2,0,0,9,5,12,8,1,14,20,"9-5","N","N","N",7,0,15
"4885","P1",2025-12-20,"Gil Vicente","Rio Ave",2,2,"D",1,1,"D",1.67,3.5,4.8,"1-1","2-2",23,5,3,2,3,5,0,1,10,1,16,16,4,11,32,"10-1","Y","Y","Y",8,1,15
"4886","P1",2025-12-20,"Estrela","Moreirense",0,0,"D",0,0,"D",2.38,3.1,2.88,"0-0","0-0",13,3,16,7,2,1,0,0,3,7,15,19,0,10,34,"3-7","N","N","N",3,0,15
"4887","P1",2025-12-21,"AVS","Nacional",2,2,"D",2,0,"H",3.1,3.13,2.2,"2-0","2-2",16,3,19,6,1,0,1,0,9,2,10,11,4,11,21,"9-2","Y","Y","Y",1,1,15
"4888","P1",2025-12-21,"Tondela","Casa Pia",1,2,"A",0,0,"D",2.15,3.1,3.25,"0-0","1-2",11,4,12,5,2,3,0,0,6,4,10,16,3,10,26,"6-4","Y","Y","N",5,0,15
"4889","P1",2025-12-21,"Santa Clara","Arouca",0,0,"D",0,0,"D",1.75,3.25,4.6,"0-0","0-0",9,5,8,2,2,2,0,0,2,4,15,14,0,6,29,"2-4","N","N","N",4,0,15
"4890","P1",2025-12-22,"Alverca","Porto",0,3,"A",0,1,"A",8.5,4.4,1.33,"0-1","0-3",8,5,14,6,1,1,0,0,4,1,8,12,3,5,20,"4-1","Y","Y","N",2,0,15
"4891","P1",2025-12-22,"Benfica","Famalicao",1,0,"H",1,0,"H",1.33,4.5,8.5,"1-0","1-0",9,6,4,2,0,1,0,0,5,2,11,21,1,7,32,"5-2","N","N","N",1,0,15
"4892","P1",2025-12-23,"Guimaraes","Sp Lisbon",1,4,"A",0,2,"A",7.5,4.33,1.36,"0-2","1-4",17,5,16,7,3,5,1,0,2,5,21,14,5,7,35,"2-5","Y","Y","Y",8,1,15
"4893","P1",2025-12-27,"Famalicao","Estrela",2,3,"A",2,2,"D",1.53,3.75,5.75,"2-2","2-3",22,5,6,4,3,5,0,0,9,4,18,16,5,13,34,"9-4","Y","Y","Y",8,0,16
"4894","P1",2025-12-27,"Estoril","Alverca",4,1,"H",2,0,"H",NA,NA,NA,"2-0","4-1",9,4,12,7,2,3,0,0,3,7,12,11,5,10,23,"3-7","Y","Y","Y",5,0,16
"4895","P1",2025-12-28,"Arouca","Gil Vicente",2,2,"D",2,1,"H",3.7,3.2,1.95,"2-1","2-2",9,5,17,5,5,2,0,0,4,8,13,5,4,12,18,"4-8","Y","Y","Y",7,0,16
"4896","P1",2025-12-28,"Casa Pia","Guimaraes",0,0,"D",0,0,"D",3.13,3,2.25,"0-0","0-0",5,2,13,2,4,2,0,0,2,3,23,11,0,5,34,"2-3","N","N","N",6,0,16
"4897","P1",2025-12-28,"Sp Braga","Benfica",2,2,"D",2,1,"H",3.25,3.25,2.1,"2-1","2-2",11,3,14,6,4,2,1,0,1,5,14,9,4,6,23,"1-5","Y","Y","Y",6,1,16
"4898","P1",2025-12-28,"Sp Lisbon","Rio Ave",4,0,"H",1,0,"H",1.11,7.5,17,"1-0","4-0",23,12,5,0,1,1,0,0,8,1,13,6,4,9,19,"8-1","Y","Y","Y",2,0,16
"4899","P1",2025-12-29,"Porto","AVS",2,0,"H",0,0,"D",NA,NA,NA,"0-0","2-0",18,4,7,1,1,1,0,0,7,0,8,7,2,7,15,"7-0","Y","N","N",2,0,16
"4900","P1",2026-01-02,"Gil Vicente","Sp Lisbon",1,1,"D",0,1,"A",7,4.2,1.4,"0-1","1-1",19,9,14,4,4,4,0,1,8,7,17,14,2,15,31,"8-7","Y","N","N",8,1,16
"4901","P1",2026-01-02,"Guimaraes","Nacional",2,1,"H",0,0,"D",1.83,3.3,4.1,"0-0","2-1",9,4,14,4,1,3,0,0,2,3,20,18,3,5,38,"2-3","Y","Y","N",4,0,16
"4902","P1",2026-01-03,"Tondela","Arouca",3,1,"H",2,1,"H",2.05,3.25,3.3,"2-1","3-1",5,3,11,4,3,1,0,0,2,9,12,7,4,11,19,"2-9","Y","Y","Y",4,0,17
"4903","P1",2026-01-03,"Benfica","Estoril",3,1,"H",2,1,"H",1.2,5.75,11.5,"2-1","3-1",20,3,9,4,0,2,0,0,7,3,12,15,4,10,27,"7-3","Y","Y","Y",2,0,17
"4904","P1",2026-01-03,"Estrela","Sp Braga",3,3,"D",1,1,"D",6.5,4,1.45,"1-1","3-3",11,4,10,6,2,1,0,0,5,7,14,8,6,12,22,"5-7","Y","Y","Y",3,0,17
"4905","P1",2026-01-03,"AVS","Moreirense",0,2,"A",0,1,"A",3.25,3.1,2.15,"0-1","0-2",9,4,12,5,5,3,0,0,2,4,23,11,2,6,34,"2-4","Y","N","N",8,0,17
"4906","P1",2026-01-04,"Rio Ave","Casa Pia",3,1,"H",0,0,"D",2.3,3,3.1,"0-0","3-1",12,8,15,5,0,1,0,0,9,4,10,23,4,13,33,"9-4","Y","Y","Y",1,0,17
"4907","P1",2026-01-04,"Santa Clara","Porto",0,1,"A",0,0,"D",7.5,3.75,1.44,"0-0","0-1",12,0,8,5,2,4,0,0,2,7,20,22,1,9,42,"2-7","N","N","N",6,0,17
"4908","P1",2026-01-04,"Alverca","Famalicao",1,0,"H",0,0,"D",3.5,3.2,2,"0-0","1-0",10,4,14,2,2,2,0,0,3,4,14,22,1,7,36,"3-4","N","N","N",4,0,17
"4909","P1",2026-01-11,"Nacional","Santa Clara",3,3,"D",2,2,"D",2.7,2.9,2.63,"2-2","3-3",13,5,22,6,4,4,0,0,2,8,14,11,6,10,25,"2-8","Y","Y","Y",8,0,17
"4910","P1",2026-01-11,"Moreirense","Tondela",1,0,"H",0,0,"D",2,3.2,3.5,"0-0","1-0",7,2,8,2,1,1,0,0,4,2,7,13,1,6,20,"4-2","N","N","N",2,0,17
"4911","P1",2026-01-16,"Sp Lisbon","Casa Pia",3,0,"H",2,0,"H",1.18,6,13,"2-0","3-0",16,4,6,1,0,2,0,1,4,6,12,12,3,10,24,"4-6","Y","Y","N",2,1,18
"4912","P1",2026-01-17,"Gil Vicente","Nacional",2,1,"H",1,1,"D",1.62,3.6,5,"1-1","2-1",16,4,13,4,1,2,0,0,7,5,7,18,3,12,25,"7-5","Y","Y","N",3,0,18
"4913","P1",2026-01-17,"Alverca","Moreirense",2,1,"H",0,0,"D",2.63,2.9,2.7,"0-0","2-1",15,3,10,4,3,1,0,0,4,0,16,6,3,4,22,"4-0","Y","Y","N",4,0,18
"4914","P1",2026-01-17,"AVS","Arouca",0,1,"A",0,1,"A",2.8,3.1,2.4,"0-1","0-1",12,3,18,3,3,6,1,0,2,3,11,12,1,5,23,"2-3","N","N","N",9,1,18
"4915","P1",2026-01-17,"Rio Ave","Benfica",0,2,"A",0,2,"A",9.5,5,1.25,"0-2","0-2",7,1,24,8,1,2,0,0,3,11,12,8,2,14,20,"3-11","Y","N","N",3,0,18
"4916","P1",2026-01-18,"Santa Clara","Famalicao",0,1,"A",0,0,"D",2.8,2.9,2.5,"0-0","0-1",15,1,7,3,1,1,0,0,9,2,17,18,1,11,35,"9-2","N","N","N",2,0,18
"4917","P1",2026-01-18,"Tondela","Sp Braga",0,1,"A",0,0,"D",5.5,3.6,1.57,"0-0","0-1",7,2,11,4,3,3,0,1,1,5,19,14,1,6,33,"1-5","N","N","N",6,1,18
"4918","P1",2026-01-18,"Guimaraes","Porto",0,1,"A",0,0,"D",7,3.8,1.44,"0-0","0-1",20,3,12,3,4,2,1,0,6,1,19,15,1,7,34,"6-1","N","N","N",6,1,18
"4919","P1",2026-01-19,"Estrela","Estoril",0,5,"A",0,1,"A",2.7,3.3,2.4,"0-1","0-5",6,2,11,6,2,2,1,0,1,4,16,12,5,5,28,"1-4","Y","Y","Y",4,1,18
"4920","P1",2026-01-23,"Casa Pia","AVS",3,3,"D",1,0,"H",2,3.13,3.6,"1-0","3-3",9,4,27,7,3,5,0,0,2,11,15,13,6,13,28,"2-11","Y","Y","Y",8,0,19
"4921","P1",2026-01-24,"Moreirense","Santa Clara",1,0,"H",0,0,"D",2.63,2.88,2.75,"0-0","1-0",3,1,9,1,2,2,0,0,5,5,13,22,1,10,35,"5-5","N","N","N",4,0,19
"4922","P1",2026-01-24,"Arouca","Sp Lisbon",1,2,"A",0,1,"A",11,5.5,1.22,"0-1","1-2",11,5,15,4,3,4,1,1,4,7,11,12,3,11,23,"4-7","Y","Y","N",7,2,19
"4923","P1",2026-01-24,"Estoril","Guimaraes",4,2,"H",1,2,"A",2.38,3.2,2.75,"1-2","4-2",16,6,13,4,2,3,0,0,4,2,9,19,6,6,28,"4-2","Y","Y","Y",5,0,19
"4924","P1",2026-01-25,"Nacional","Rio Ave",4,0,"H",1,0,"H",NA,NA,NA,"1-0","4-0",14,5,11,6,3,0,0,0,5,5,18,6,4,10,24,"5-5","Y","Y","Y",3,0,19
"4925","P1",2026-01-25,"Benfica","Estrela",4,0,"H",1,0,"H",NA,NA,NA,"1-0","4-0",15,8,4,1,3,4,0,0,6,1,10,24,4,7,34,"6-1","Y","Y","Y",7,0,19
"4926","P1",2026-01-25,"Famalicao","Tondela",3,0,"H",1,0,"H",NA,NA,NA,"1-0","3-0",9,4,2,0,0,1,0,0,3,4,9,20,3,7,29,"3-4","Y","Y","N",1,0,19
"4927","P1",2026-01-25,"Sp Braga","Alverca",5,0,"H",4,0,"H",NA,NA,NA,"4-0","5-0",17,7,3,0,2,2,0,0,7,0,9,11,5,7,20,"7-0","Y","Y","Y",4,0,19
"4928","P1",2026-01-26,"Porto","Gil Vicente",3,0,"H",1,0,"H",NA,NA,NA,"1-0","3-0",14,6,11,5,2,3,0,1,11,3,13,8,3,14,21,"11-3","Y","Y","N",5,1,19
"4929","P1",2026-01-30,"Guimaraes","Moreirense",1,0,"H",0,0,"D",1.8,3.25,4.33,"0-0","1-0",14,2,10,5,2,5,0,0,5,5,19,12,1,10,31,"5-5","N","N","N",7,0,20
"4930","P1",2026-01-31,"Santa Clara","Estoril",2,4,"A",0,2,"A",2.2,3.1,3.13,"0-2","2-4",14,4,11,6,7,3,0,0,6,5,16,11,6,11,27,"6-5","Y","Y","Y",10,0,20
"4931","P1",2026-01-31,"Rio Ave","Arouca",0,3,"A",0,1,"A",2.4,3.2,2.7,"0-1","0-3",8,0,18,7,2,1,0,0,5,5,11,15,3,10,26,"5-5","Y","Y","N",3,0,20
"4932","P1",2026-01-31,"Alverca","Estrela",1,1,"D",0,0,"D",2.05,3.1,3.5,"0-0","1-1",8,4,5,2,1,2,0,0,9,2,17,17,2,11,34,"9-2","Y","N","N",3,0,20
"4933","P1",2026-02-01,"Gil Vicente","Famalicao",5,0,"H",1,0,"H",NA,NA,NA,"1-0","5-0",17,9,4,0,1,1,0,1,3,1,19,10,5,4,29,"3-1","Y","Y","Y",2,1,20
"4934","P1",2026-02-01,"Sp Lisbon","Nacional",2,1,"H",0,0,"D",NA,NA,NA,"0-0","2-1",16,7,6,4,0,3,0,0,11,0,12,15,3,11,27,"11-0","Y","Y","N",3,0,20
"4935","P1",2026-02-01,"Tondela","Benfica",0,0,"D",0,0,"D",NA,NA,NA,"0-0","0-0",7,1,23,9,5,0,0,0,1,13,19,5,0,14,24,"1-13","N","N","N",5,0,20
"4936","P1",2026-02-02,"AVS","Sp Braga",0,4,"A",0,2,"A",NA,NA,NA,"0-2","0-4",8,3,10,8,0,1,0,0,1,4,3,6,4,5,9,"1-4","Y","Y","Y",1,0,20
"4937","P1",2026-02-02,"Casa Pia","Porto",2,1,"H",2,0,"H",NA,NA,NA,"2-0","2-1",6,3,15,6,3,2,0,1,0,10,14,14,3,10,28,"0-10","Y","Y","N",5,1,20
"4938","P1",2026-02-07,"Estrela","Santa Clara",1,0,"H",0,0,"D",3.3,2.88,2.25,"0-0","1-0",12,4,17,5,4,1,0,0,3,6,15,9,1,9,24,"3-6","N","N","N",5,0,21
"4939","P1",2026-02-07,"Moreirense","Gil Vicente",1,2,"A",0,1,"A",3.2,3,2.25,"0-1","1-2",3,1,15,4,3,1,1,0,3,6,18,15,3,9,33,"3-6","Y","Y","N",4,1,21
"4940","P1",2026-02-07,"Estoril","Tondela",2,2,"D",2,2,"D",1.67,3.7,4.5,"2-2","2-2",15,6,6,5,1,0,0,0,5,4,8,8,4,9,16,"5-4","Y","Y","Y",1,0,21
"4941","P1",2026-02-07,"Arouca","Guimaraes",3,2,"H",1,2,"A",2.75,3.13,2.45,"1-2","3-2",10,6,14,6,1,4,0,0,1,6,19,15,5,7,34,"1-6","Y","Y","Y",5,0,21
"4942","P1",2026-02-08,"Nacional","Casa Pia",0,0,"D",0,0,"D",2,3.25,3.5,"0-0","0-0",21,4,9,3,2,3,0,0,12,1,15,11,0,13,26,"12-1","N","N","N",5,0,21
"4943","P1",2026-02-08,"Sp Braga","Rio Ave",3,0,"H",1,0,"H",1.2,5.75,11,"1-0","3-0",15,7,7,2,1,1,0,0,9,1,14,8,3,10,22,"9-1","Y","Y","N",2,0,21
"4944","P1",2026-02-08,"Benfica","Alverca",2,1,"H",1,1,"D",1.15,6,15,"1-1","2-1",29,10,6,2,3,2,0,0,9,1,11,18,3,10,29,"9-1","Y","Y","N",5,0,21
"4945","P1",2026-02-09,"Famalicao","AVS",3,1,"H",0,0,"D",1.36,4.4,7.5,"0-0","3-1",14,6,7,1,3,2,0,0,7,2,9,14,4,9,23,"7-2","Y","Y","Y",5,0,21
"4946","P1",2026-02-09,"Porto","Sp Lisbon",1,1,"D",0,0,"D",2.2,3.13,3.13,"0-0","1-1",8,1,11,3,3,5,0,0,1,8,14,12,2,9,26,"1-8","Y","N","N",8,0,21
"4947","P1",2026-02-13,"Santa Clara","Benfica",1,2,"A",0,2,"A",6,3.6,1.53,"0-2","1-2",9,2,11,3,6,2,1,0,1,7,23,5,3,8,28,"1-7","Y","Y","N",8,1,22
"4948","P1",2026-02-13,"Tondela","Alverca",1,1,"D",0,1,"A",2.4,3,2.88,"0-1","1-1",18,4,10,4,5,5,0,1,11,5,14,10,2,16,24,"11-5","Y","N","N",10,1,22
"4949","P1",2026-02-14,"Casa Pia","Arouca",3,2,"H",3,2,"H",2.63,3.1,2.55,"3-2","3-2",11,4,8,4,5,2,0,0,2,3,21,8,5,5,29,"2-3","Y","Y","Y",7,0,22
"4950","P1",2026-02-14,"Guimaraes","Estrela",2,1,"H",0,1,"A",1.67,3.4,5,"0-1","2-1",20,6,7,4,3,2,0,0,9,2,13,18,3,11,31,"9-2","Y","Y","N",5,0,22
"4951","P1",2026-02-14,"Gil Vicente","Sp Braga",2,1,"H",0,1,"A",3.4,3.13,2.1,"0-1","2-1",15,5,11,2,2,1,0,0,5,6,7,18,3,11,25,"5-6","Y","Y","N",3,0,22
"4952","P1",2026-02-15,"Nacional","Porto",0,1,"A",0,0,"D",9,4.6,1.3,"0-0","0-1",9,2,8,5,4,0,0,0,5,8,13,11,1,13,24,"5-8","N","N","N",4,0,22
"4953","P1",2026-02-15,"AVS","Estoril",3,0,"H",0,0,"D",4,3.7,1.75,"0-0","3-0",15,3,12,2,2,2,0,0,9,9,9,10,3,18,19,"9-9","Y","Y","N",4,0,22
"4954","P1",2026-02-15,"Sp Lisbon","Famalicao",1,0,"H",0,0,"D",1.29,4.8,9,"0-0","1-0",22,5,2,1,3,2,0,0,14,1,17,19,1,15,36,"14-1","N","N","N",5,0,22
"4955","P1",2026-02-16,"Rio Ave","Moreirense",1,2,"A",1,1,"D",2.8,3.1,2.4,"1-1","1-2",18,6,6,3,1,3,0,0,7,1,17,24,3,8,41,"7-1","Y","Y","N",4,0,22
"4956","P1",2026-02-20,"Estrela","Tondela",0,2,"A",0,1,"A",2.5,3,2.75,"0-1","0-2",15,3,11,5,2,3,1,0,5,3,12,17,2,8,29,"5-3","Y","N","N",5,1,23
"4957","P1",2026-02-21,"Alverca","Santa Clara",1,1,"D",1,0,"H",2.75,2.88,2.6,"1-0","1-1",7,1,16,3,2,2,0,0,5,2,16,14,2,7,30,"5-2","Y","N","N",4,0,23
"4958","P1",2026-02-21,"Arouca","Nacional",3,0,"H",0,0,"D",2.25,3.25,2.9,"0-0","3-0",10,7,15,5,5,3,1,1,4,1,13,13,3,5,26,"4-1","Y","Y","N",8,2,23
"4959","P1",2026-02-21,"Benfica","AVS",3,0,"H",3,0,"H",1.06,9,23,"3-0","3-0",22,9,3,0,0,0,0,0,10,1,7,14,3,11,21,"10-1","Y","Y","N",0,0,23
"4960","P1",2026-02-21,"Moreirense","Sp Lisbon",0,3,"A",0,0,"D",10,5.25,1.25,"0-0","0-3",6,2,15,8,1,1,0,0,1,8,12,14,3,9,26,"1-8","Y","Y","N",2,0,23
"4961","P1",2026-02-21,"Sp Braga","Guimaraes",3,2,"H",2,1,"H",1.53,3.8,5.5,"2-1","3-2",7,7,9,4,2,3,0,0,0,2,17,10,5,2,27,"0-2","Y","Y","Y",5,0,23
"4962","P1",2026-02-22,"Estoril","Gil Vicente",3,1,"H",1,1,"D",2.63,3.25,2.45,"1-1","3-1",10,7,12,4,0,0,0,0,1,4,13,8,4,5,21,"1-4","Y","Y","Y",0,0,23
"4963","P1",2026-02-22,"Porto","Rio Ave",1,0,"H",1,0,"H",1.09,8,19,"1-0","1-0",16,3,6,1,2,3,0,0,10,1,14,16,1,11,30,"10-1","N","N","N",5,0,23
"4964","P1",2026-02-23,"Famalicao","Casa Pia",2,0,"H",1,0,"H",1.62,3.6,5,"1-0","2-0",24,7,7,1,3,2,0,0,7,7,17,17,2,14,34,"7-7","Y","N","N",5,0,23
"4965","P1",2026-02-27,"Porto","Arouca",3,1,"H",1,0,"H",1.18,5.75,13,"1-0","3-1",20,7,7,1,0,2,0,0,5,1,11,14,4,6,25,"5-1","Y","Y","Y",2,0,24
"4966","P1",2026-02-27,"Sp Lisbon","Estoril",3,0,"H",2,0,"H",1.15,7,12,"2-0","3-0",14,7,8,3,2,3,0,0,4,1,9,16,3,5,25,"4-1","Y","Y","N",5,0,24
"4967","P1",2026-02-28,"AVS","Estrela",0,0,"D",0,0,"D",2.55,3.1,2.63,"0-0","0-0",11,3,16,6,2,1,0,0,7,9,17,9,0,16,26,"7-9","N","N","N",3,0,24
"4968","P1",2026-02-28,"Nacional","Sp Braga",1,2,"A",0,1,"A",5.5,3.9,1.53,"0-1","1-2",14,5,20,8,2,3,0,0,3,6,15,15,3,9,30,"3-6","Y","Y","N",5,0,24
"4969","P1",2026-02-28,"Guimaraes","Alverca",1,1,"D",0,0,"D",1.73,3.5,4.4,"0-0","1-1",15,6,11,5,1,2,0,0,0,11,16,5,2,11,21,"0-11","Y","N","N",3,0,24
"4970","P1",2026-03-01,"Tondela","Santa Clara",2,2,"D",1,1,"D",3.1,2.9,2.38,"1-1","2-2",11,4,17,3,3,2,0,0,4,7,15,15,4,11,30,"4-7","Y","Y","Y",5,0,24
"4971","P1",2026-03-01,"Casa Pia","Moreirense",1,1,"D",1,0,"H",2.63,2.9,2.7,"1-0","1-1",7,2,12,6,2,3,0,0,1,7,22,12,2,8,34,"1-7","Y","N","N",5,0,24
"4972","P1",2026-03-01,"Rio Ave","Famalicao",0,0,"D",0,0,"D",3.9,3.4,1.83,"0-0","0-0",16,4,10,4,4,2,0,0,5,5,19,15,0,10,34,"5-5","N","N","N",6,0,24
"4973","P1",2026-03-02,"Gil Vicente","Benfica",1,2,"A",0,1,"A",5.5,3.6,1.57,"0-1","1-2",13,5,11,3,2,3,0,0,5,3,16,12,3,8,28,"5-3","Y","Y","N",5,0,24
"4974","P1",2026-03-06,"Famalicao","Arouca",1,0,"H",0,0,"D",1.73,3.5,4.33,"0-0","1-0",13,6,10,4,1,1,0,0,5,1,12,16,1,6,28,"5-1","N","N","N",2,0,25
"4975","P1",2026-03-07,"Alverca","AVS",0,0,"D",0,0,"D",1.67,3.5,4.75,"0-0","0-0",17,2,12,2,1,3,0,0,8,0,7,13,0,8,20,"8-0","N","N","N",4,0,25
"4976","P1",2026-03-07,"Moreirense","Nacional",1,1,"D",1,0,"H",2.3,3.13,2.9,"1-0","1-1",7,2,20,7,4,2,0,0,4,7,13,13,2,11,26,"4-7","Y","N","N",6,0,25
"4977","P1",2026-03-07,"Sp Braga","Sp Lisbon",2,2,"D",1,2,"A",3.3,3.25,2.05,"1-2","2-2",10,3,14,5,3,3,0,0,6,5,17,13,4,11,30,"6-5","Y","Y","Y",6,0,25
"4978","P1",2026-03-07,"Estoril","Casa Pia",0,0,"D",0,0,"D",1.67,3.7,4.5,"0-0","0-0",9,1,9,2,2,2,0,0,4,5,10,12,0,9,22,"4-5","N","N","N",4,0,25
"4979","P1",2026-03-08,"Estrela","Gil Vicente",2,2,"D",0,1,"A",4.33,3.25,1.8,"0-1","2-2",9,5,19,6,1,2,0,0,0,8,16,17,4,8,33,"0-8","Y","Y","Y",3,0,25
"4980","P1",2026-03-08,"Benfica","Porto",2,2,"D",0,2,"A",2.1,3.2,3.3,"0-2","2-2",20,6,14,6,2,6,0,0,8,2,11,17,4,10,28,"8-2","Y","Y","Y",8,0,25
"4981","P1",2026-03-08,"Santa Clara","Guimaraes",2,0,"H",2,0,"H",2.55,2.9,2.75,"2-0","2-0",6,4,14,6,3,2,0,0,2,4,26,15,2,6,41,"2-4","Y","N","N",5,0,25
"4982","P1",2026-03-09,"Tondela","Rio Ave",0,1,"A",0,0,"D",2,3.25,3.5,"0-0","0-1",6,2,9,2,0,5,0,0,3,2,15,14,1,5,29,"3-2","N","N","N",5,0,25
"4983","P1",2026-03-14,"Guimaraes","Famalicao",1,2,"A",1,1,"D",2.38,3.13,2.8,"1-1","1-2",12,6,13,3,1,1,0,0,3,11,22,13,3,14,35,"3-11","Y","Y","N",2,0,26
"4984","P1",2026-03-14,"Gil Vicente","Alverca",2,2,"D",1,0,"H",1.65,3.5,5,"1-0","2-2",10,6,17,6,3,1,0,0,3,7,15,8,4,10,23,"3-7","Y","Y","Y",4,0,26
"4985","P1",2026-03-14,"Arouca","Benfica",1,2,"A",1,0,"H",10.5,5.5,1.22,"1-0","1-2",12,6,22,5,5,5,1,1,2,15,17,11,3,17,28,"2-15","Y","Y","N",10,2,26
"4986","P1",2026-03-15,"AVS","Santa Clara",0,1,"A",0,0,"D",4.33,3.25,1.8,"0-0","0-1",10,2,12,3,2,1,1,0,4,6,16,10,1,10,26,"4-6","N","N","N",3,1,26
"4987","P1",2026-03-15,"Nacional","Estoril",0,1,"A",0,1,"A",2.3,3.5,2.63,"0-1","0-1",16,4,11,2,5,3,0,0,5,4,16,13,1,9,29,"5-4","N","N","N",8,0,26
"4988","P1",2026-03-15,"Rio Ave","Estrela",2,1,"H",1,0,"H",2.2,3.2,3.1,"1-0","2-1",18,6,11,3,4,2,0,0,10,4,16,12,3,14,28,"10-4","Y","Y","N",6,0,26
"4989","P1",2026-03-15,"Porto","Moreirense",3,0,"H",2,0,"H",1.15,6,17,"2-0","3-0",17,9,3,2,1,1,0,0,4,1,14,15,3,5,29,"4-1","Y","Y","N",2,0,26
"4990","P1",2026-03-20,"Estrela","Casa Pia",4,0,"H",3,0,"H",2.38,3.1,2.9,"3-0","4-0",23,8,8,2,3,2,0,0,6,1,18,20,4,7,38,"6-1","Y","Y","Y",5,0,26
"4991","P1",2026-03-21,"Famalicao","Nacional",1,0,"H",0,0,"D",1.65,3.7,4.6,"0-0","1-0",14,4,10,6,3,3,0,0,7,6,13,18,1,13,31,"7-6","N","N","N",6,0,26
"4992","P1",2026-03-21,"Moreirense","Arouca",0,1,"A",0,0,"D",2.38,3.13,2.88,"0-0","0-1",7,2,14,2,1,2,0,0,3,7,11,12,1,10,23,"3-7","N","N","N",3,0,27
"4993","P1",2026-03-21,"Benfica","Guimaraes",3,0,"H",1,0,"H",1.25,5.25,9.5,"1-0","3-0",12,4,16,2,0,1,0,0,4,8,15,15,3,12,30,"4-8","Y","Y","N",1,0,27
"4994","P1",2026-03-21,"Santa Clara","Gil Vicente",1,0,"H",0,0,"D",2.63,2.88,2.75,"0-0","1-0",7,2,8,0,1,2,0,0,6,6,15,17,1,12,32,"6-6","N","N","N",3,0,27
"4995","P1",2026-03-21,"Tondela","AVS",0,0,"D",0,0,"D",1.85,3.3,4,"0-0","0-0",14,3,9,2,0,2,0,0,7,6,12,15,0,13,27,"7-6","N","N","N",2,0,27
"4996","P1",2026-03-22,"Estoril","Rio Ave",1,2,"A",1,0,"H",1.73,3.7,4.1,"1-0","1-2",13,4,13,8,2,3,0,0,11,7,16,11,3,18,27,"11-7","Y","Y","N",5,0,27
"4997","P1",2026-03-22,"Alverca","Sp Lisbon",1,4,"A",0,1,"A",9.5,5.25,1.25,"0-1","1-4",12,4,15,9,1,2,0,0,3,1,13,9,5,4,22,"3-1","Y","Y","Y",3,0,27
"4998","P1",2026-03-22,"Sp Braga","Porto",1,2,"A",0,0,"D",3.25,3.1,2.15,"0-0","1-2",6,1,12,3,4,5,0,0,3,5,12,15,3,8,27,"3-5","Y","Y","N",9,0,27
"4999","P1",2026-04-03,"Gil Vicente","AVS",3,0,"H",2,0,"H",1.3,4.6,9,"2-0","3-0",16,6,11,3,2,1,0,0,3,1,8,15,3,4,23,"3-1","Y","Y","N",3,0,27
"5000","P1",2026-04-03,"Guimaraes","Tondela",5,0,"H",2,0,"H",1.8,3.3,4.2,"2-0","5-0",12,5,3,1,1,1,0,0,3,1,14,17,5,4,31,"3-1","Y","Y","Y",2,0,27
"5001","P1",2026-04-03,"Sp Lisbon","Santa Clara",4,2,"H",3,1,"H",1.29,4.8,9.5,"3-1","4-2",22,8,7,4,4,4,0,0,9,5,12,22,6,14,34,"9-5","Y","Y","Y",8,0,28
"5002","P1",2026-04-04,"Nacional","Estrela",2,0,"H",1,0,"H",2.05,3.3,3.3,"1-0","2-0",16,4,11,2,4,3,0,0,5,6,14,8,2,11,22,"5-6","Y","N","N",7,0,28
"5003","P1",2026-04-04,"Moreirense","Sp Braga",0,1,"A",0,1,"A",6,3.8,1.5,"0-1","0-1",12,2,10,7,0,3,0,0,4,9,9,14,1,13,23,"4-9","N","N","N",3,0,28
"5004","P1",2026-04-04,"Rio Ave","Alverca",1,2,"A",0,2,"A",2.4,3.2,2.7,"0-2","1-2",18,5,14,6,2,1,0,0,8,4,7,6,3,12,13,"8-4","Y","Y","N",3,0,28
"5005","P1",2026-04-04,"Porto","Famalicao",2,2,"D",1,0,"H",1.36,4.33,8,"1-0","2-2",8,3,11,6,5,4,0,0,4,3,20,14,4,7,34,"4-3","Y","Y","Y",9,0,28
"5006","P1",2026-04-06,"Arouca","Estoril",3,2,"H",2,2,"D",2.4,3.4,2.6,"2-2","3-2",12,4,12,3,3,2,0,0,3,3,13,18,5,6,31,"3-3","Y","Y","Y",5,0,28
"5007","P1",2026-04-06,"Casa Pia","Benfica",1,1,"D",0,0,"D",12,6,1.18,"0-0","1-1",8,2,18,3,1,0,0,0,3,12,19,10,2,15,29,"3-12","Y","N","N",1,0,28
"5008","P1",2026-04-10,"Famalicao","Moreirense",1,1,"D",0,1,"A",1.44,3.9,7,"0-1","1-1",18,7,2,1,5,6,0,0,13,0,15,15,2,13,30,"13-0","Y","N","N",11,0,28
"5009","P1",2026-04-11,"AVS","Guimaraes",1,1,"D",1,1,"D",4.75,3.6,1.65,"1-1","1-1",17,4,14,6,5,1,0,0,5,4,16,9,2,9,25,"5-4","Y","N","N",6,0,28
"5010","P1",2026-04-11,"Santa Clara","Rio Ave",0,2,"A",0,0,"D",1.75,3.3,4.5,"0-0","0-2",13,4,4,3,2,3,0,0,3,3,18,12,2,6,30,"3-3","Y","N","N",5,0,29
"5011","P1",2026-04-11,"Estrela","Sp Lisbon",0,1,"A",0,0,"D",11.5,6,1.18,"0-0","0-1",9,3,10,2,3,1,0,0,4,13,14,16,1,17,30,"4-13","N","N","N",4,0,29
"5012","P1",2026-04-12,"Alverca","Casa Pia",3,1,"H",0,1,"A",1.95,3.2,3.7,"0-1","3-1",11,5,15,5,0,0,0,0,9,11,10,15,4,20,25,"9-11","Y","Y","Y",0,0,29
"5013","P1",2026-04-12,"Benfica","Nacional",2,0,"H",2,0,"H",1.12,7.5,15,"2-0","2-0",24,8,7,4,1,5,0,0,15,1,13,18,2,16,31,"15-1","Y","N","N",6,0,29
"5014","P1",2026-04-12,"Sp Braga","Arouca",1,0,"H",0,0,"D",1.36,4.5,7,"0-0","1-0",6,2,9,1,2,2,1,0,6,5,9,12,1,11,21,"6-5","N","N","N",4,1,29
"5015","P1",2026-04-12,"Estoril","Porto",1,3,"A",0,2,"A",6,4.2,1.45,"0-2","1-3",8,3,20,5,3,1,0,0,1,8,13,15,4,9,28,"1-8","Y","Y","Y",4,0,29
"5016","P1",2026-04-13,"Tondela","Gil Vicente",2,2,"D",1,1,"D",3.75,3.2,1.95,"1-1","2-2",10,5,14,6,6,2,0,0,5,5,15,11,4,10,26,"5-5","Y","Y","Y",8,0,29
"5996","SC0",2025-08-02,"Kilmarnock","Livingston",2,2,"D",2,0,"H",1.95,3.4,3.5,"2-0","2-2",8,2,15,6,2,2,1,0,3,5,11,14,4,8,25,"3-5","Y","Y","Y",4,1,1
"5997","SC0",2025-08-02,"Motherwell","Rangers",1,1,"D",0,1,"A",7,4.8,1.36,"0-1","1-1",17,5,15,5,1,4,0,0,1,12,11,13,2,13,24,"1-12","Y","N","N",5,0,1
"5998","SC0",2025-08-03,"Falkirk","Dundee United",2,2,"D",0,1,"A",1.85,3.5,3.8,"0-1","2-2",14,4,11,5,1,5,0,0,2,4,9,13,4,6,22,"2-4","Y","Y","Y",6,0,1
"5999","SC0",2025-08-03,"Dundee","Hibernian",1,2,"A",1,2,"A",3.8,3.7,1.8,"1-2","1-2",2,1,15,5,3,1,0,0,3,11,6,8,3,14,14,"3-11","Y","Y","N",4,0,1
"6000","SC0",2025-08-03,"Celtic","St Mirren",1,0,"H",0,0,"D",1.13,7,15,"0-0","1-0",14,6,4,2,2,1,0,0,12,1,10,6,1,13,16,"12-1","N","N","N",3,0,1
"6001","SC0",2025-08-04,"Hearts","Aberdeen",2,0,"H",1,0,"H",2.05,3.5,3.2,"1-0","2-0",13,3,11,1,3,2,0,0,3,3,19,18,2,6,37,"3-3","Y","N","N",5,0,1
"6002","SC0",2025-08-09,"Livingston","Falkirk",3,1,"H",2,0,"H",2.6,3.2,2.55,"2-0","3-1",8,5,8,3,4,2,0,0,4,5,23,15,4,9,38,"4-5","Y","Y","Y",6,0,2
"6003","SC0",2025-08-09,"St Mirren","Motherwell",0,0,"D",0,0,"D",1.95,3.3,3.6,"0-0","0-0",9,4,7,3,5,1,0,0,7,4,16,4,0,11,20,"7-4","N","N","N",6,0,2
"6004","SC0",2025-08-09,"Rangers","Dundee",1,1,"D",0,0,"D",1.12,7.5,17,"0-0","1-1",20,5,7,2,2,1,1,0,7,4,13,4,2,11,17,"7-4","Y","N","N",3,1,2
"6005","SC0",2025-08-10,"Aberdeen","Celtic",0,2,"A",0,1,"A",6.5,4.8,1.36,"0-1","0-2",6,2,13,4,2,3,0,0,1,6,15,11,2,7,26,"1-6","Y","N","N",5,0,2
"6006","SC0",2025-08-10,"Dundee United","Hearts",2,3,"A",2,1,"H",3.6,3.5,1.9,"2-1","2-3",13,5,16,8,3,4,0,0,2,9,14,11,5,11,25,"2-9","Y","Y","Y",7,0,2
"6007","SC0",2025-08-10,"Hibernian","Kilmarnock",2,2,"D",2,1,"H",1.65,3.75,4.6,"2-1","2-2",12,6,10,2,1,2,0,0,4,7,10,15,4,11,25,"4-7","Y","Y","Y",3,0,2
"6008","SC0",2025-08-23,"Celtic","Livingston",3,0,"H",0,0,"D",1.11,8,15,"0-0","3-0",19,9,6,2,0,1,0,0,10,4,12,8,3,14,20,"10-4","Y","Y","N",1,0,3
"6009","SC0",2025-08-23,"Hearts","Motherwell",3,3,"D",0,1,"A",1.57,3.8,5.25,"0-1","3-3",19,9,9,3,3,2,0,0,9,3,14,19,6,12,33,"9-3","Y","Y","Y",5,0,3
"6010","SC0",2025-08-23,"Kilmarnock","Dundee",0,0,"D",0,0,"D",1.85,3.4,3.9,"0-0","0-0",12,5,6,1,3,3,0,0,7,3,17,13,0,10,30,"7-3","N","N","N",6,0,3
"6011","SC0",2025-08-24,"St Mirren","Rangers",1,1,"D",1,0,"H",4.1,3.8,1.7,"1-0","1-1",13,4,13,6,3,3,0,0,6,6,17,8,2,12,25,"6-6","Y","N","N",6,0,3
"6012","SC0",2025-08-30,"Livingston","Hearts",1,2,"A",1,0,"H",3.25,3.4,2.05,"1-0","1-2",6,2,14,3,7,2,0,0,5,9,16,16,3,14,32,"5-9","Y","Y","N",9,0,3
"6013","SC0",2025-08-30,"Motherwell","Kilmarnock",2,2,"D",1,1,"D",2.05,3.3,3.3,"1-1","2-2",15,4,7,5,2,5,0,0,9,0,17,18,4,9,35,"9-0","Y","Y","Y",7,0,3
"6014","SC0",2025-08-31,"Rangers","Celtic",0,0,"D",0,0,"D",3.3,3.8,1.9,"0-0","0-0",4,0,5,2,3,0,0,0,8,1,17,17,0,9,34,"8-1","N","N","N",3,0,4
"6015","SC0",2025-08-31,"Dundee","Dundee United",0,2,"A",0,1,"A",2.55,3.25,2.55,"0-1","0-2",5,1,10,5,0,1,0,0,3,2,8,10,2,5,18,"3-2","Y","N","N",1,0,4
"6016","SC0",2025-08-31,"Aberdeen","Falkirk",0,1,"A",0,0,"D",1.95,3.5,3.4,"0-0","0-1",12,4,19,9,3,5,1,0,5,6,16,13,1,11,29,"5-6","N","N","N",8,1,4
"6017","SC0",2025-08-31,"Hibernian","St Mirren",1,1,"D",0,0,"D",1.9,3.4,3.7,"0-0","1-1",17,5,10,4,1,1,0,0,10,7,7,7,2,17,14,"10-7","Y","N","N",2,0,4
"6018","SC0",2025-09-13,"Aberdeen","Livingston",0,0,"D",0,0,"D",1.95,3.4,3.5,"0-0","0-0",16,2,6,2,4,3,0,0,6,6,14,17,0,12,31,"6-6","N","N","N",7,0,4
"6019","SC0",2025-09-13,"Dundee","Motherwell",1,1,"D",0,1,"A",3.7,3.3,1.93,"0-1","1-1",7,4,16,4,1,1,1,0,2,6,7,12,2,8,19,"2-6","Y","N","N",2,1,4
"6020","SC0",2025-09-13,"Falkirk","St Mirren",1,2,"A",0,0,"D",2.15,3.3,3.13,"0-0","1-2",10,2,13,5,1,2,0,0,4,2,6,13,3,6,19,"4-2","Y","Y","N",3,0,5
"6021","SC0",2025-09-13,"Rangers","Hearts",0,2,"A",0,1,"A",1.7,3.9,4.1,"0-1","0-2",14,5,12,5,2,1,0,0,9,2,13,9,2,11,22,"9-2","Y","N","N",3,0,5
"6022","SC0",2025-09-13,"Hibernian","Dundee United",3,3,"D",1,2,"A",1.62,3.75,4.75,"1-2","3-3",27,12,13,9,2,4,0,1,6,4,11,20,6,10,31,"6-4","Y","Y","Y",6,1,5
"6023","SC0",2025-09-14,"Kilmarnock","Celtic",1,2,"A",0,0,"D",10,5.75,1.22,"0-0","1-2",12,2,21,6,2,3,0,0,6,7,10,10,3,13,20,"6-7","Y","Y","N",5,0,5
"6024","SC0",2025-09-20,"Dundee","Livingston",3,2,"H",1,0,"H",2.7,3.2,2.45,"1-0","3-2",11,4,10,6,1,3,0,0,8,3,10,12,5,11,22,"8-3","Y","Y","Y",4,0,5
"6025","SC0",2025-09-23,"Dundee United","Aberdeen",2,0,"H",1,0,"H",2.8,3.3,2.45,"1-0","2-0",15,5,16,2,2,1,0,0,11,3,11,11,2,14,22,"11-3","Y","N","N",3,0,5
"6026","SC0",2025-09-23,"Falkirk","Hibernian",2,2,"D",1,2,"A",2.8,3.5,2.38,"1-2","2-2",7,6,16,8,2,0,0,0,5,5,11,13,4,10,24,"5-5","Y","Y","Y",2,0,6
"6027","SC0",2025-09-27,"Celtic","Hibernian",0,0,"D",0,0,"D",1.25,5.5,9.5,"0-0","0-0",26,6,4,1,2,1,0,0,7,2,16,1,0,9,17,"7-2","N","N","N",3,0,6
"6028","SC0",2025-09-27,"Dundee United","Kilmarnock",0,2,"A",0,1,"A",2.1,3.25,3.25,"0-1","0-2",18,7,17,7,4,2,0,0,9,6,8,12,2,15,20,"9-6","Y","N","N",6,0,6
"6029","SC0",2025-09-27,"Hearts","Falkirk",3,0,"H",2,0,"H",1.55,3.9,5.25,"2-0","3-0",20,10,10,3,0,1,0,0,9,5,7,11,3,14,18,"9-5","Y","Y","N",1,0,6
"6030","SC0",2025-09-27,"St Mirren","Dundee",1,0,"H",1,0,"H",1.55,3.8,5.5,"1-0","1-0",10,4,11,4,3,2,0,0,5,5,12,7,1,10,19,"5-5","N","N","N",5,0,6
"6031","SC0",2025-09-27,"Motherwell","Aberdeen",2,0,"H",0,0,"D",2.1,3.3,3.2,"0-0","2-0",10,3,10,4,0,3,0,0,3,4,10,18,2,7,28,"3-4","Y","N","N",3,0,6
"6032","SC0",2025-09-28,"Livingston","Rangers",1,2,"A",0,1,"A",4.5,3.8,1.65,"0-1","1-2",9,3,15,7,4,1,0,0,4,8,18,11,3,12,29,"4-8","Y","Y","N",5,0,7
"6033","SC0",2025-10-04,"Dundee United","Livingston",1,1,"D",0,1,"A",1.91,3.5,3.6,"0-1","1-1",19,6,7,4,1,1,0,0,4,5,16,11,2,9,27,"4-5","Y","N","N",2,0,7
"6034","SC0",2025-10-04,"Kilmarnock","St Mirren",2,0,"H",2,0,"H",2.7,3.2,2.45,"2-0","2-0",9,5,7,0,1,2,0,0,4,9,8,21,2,13,29,"4-9","Y","N","N",3,0,7
"6035","SC0",2025-10-04,"Hearts","Hibernian",1,0,"H",0,0,"D",1.8,3.6,3.9,"0-0","1-0",11,3,5,1,2,1,0,0,4,2,10,10,1,6,20,"4-2","N","N","N",3,0,7
"6036","SC0",2025-10-05,"Aberdeen","Dundee",4,0,"H",3,0,"H",1.7,3.6,4.5,"3-0","4-0",20,9,8,2,1,0,0,0,11,2,16,7,4,13,23,"11-2","Y","Y","Y",1,0,7
"6037","SC0",2025-10-05,"Celtic","Motherwell",3,2,"H",1,1,"D",1.17,6.5,13,"1-1","3-2",16,9,5,3,2,0,0,0,10,0,17,11,5,10,28,"10-0","Y","Y","Y",2,0,7
"6038","SC0",2025-10-05,"Falkirk","Rangers",1,1,"D",0,1,"A",4.2,3.8,1.7,"0-1","1-1",16,4,11,2,1,4,0,0,7,6,15,16,2,13,31,"7-6","Y","N","N",5,0,8
"6039","SC0",2025-10-18,"Hibernian","Livingston",4,0,"H",1,0,"H",1.5,4,5.75,"1-0","4-0",23,12,8,2,1,2,0,0,7,10,11,14,4,17,25,"7-10","Y","Y","Y",3,0,8
"6040","SC0",2025-10-18,"Motherwell","Falkirk",1,2,"A",1,0,"H",1.87,3.6,3.6,"1-0","1-2",15,5,9,5,1,5,0,0,6,4,14,19,3,10,33,"6-4","Y","Y","N",6,0,8
"6041","SC0",2025-10-18,"Rangers","Dundee United",2,2,"D",1,0,"H",1.36,4.75,7,"1-0","2-2",29,8,10,4,0,4,0,0,7,2,12,14,4,9,26,"7-2","Y","Y","Y",4,0,8
"6042","SC0",2025-10-18,"St Mirren","Aberdeen",0,1,"A",0,0,"D",2.38,3.2,2.8,"0-0","0-1",9,1,17,4,2,4,0,0,5,2,11,13,1,7,24,"5-2","N","N","N",6,0,8
"6043","SC0",2025-10-18,"Kilmarnock","Hearts",0,3,"A",0,1,"A",4,3.5,1.8,"0-1","0-3",7,2,19,5,2,2,0,0,4,5,16,12,3,9,28,"4-5","Y","Y","N",4,0,8
"6044","SC0",2025-10-19,"Dundee","Celtic",2,0,"H",2,0,"H",11,6,1.2,"2-0","2-0",10,2,23,3,2,2,0,0,2,12,6,12,2,14,18,"2-12","Y","N","N",4,0,9
"6045","SC0",2025-10-25,"Dundee United","St Mirren",3,1,"H",1,1,"D",2.25,3.3,2.9,"1-1","3-1",13,5,23,3,1,1,0,1,4,12,7,10,4,16,17,"4-12","Y","Y","Y",2,1,9
"6046","SC0",2025-10-25,"Falkirk","Dundee",2,1,"H",0,1,"A",1.65,3.75,4.6,"0-1","2-1",12,5,13,3,2,2,0,0,5,3,11,12,3,8,23,"5-3","Y","Y","N",4,0,9
"6047","SC0",2025-10-25,"Livingston","Motherwell",1,2,"A",1,0,"H",3.25,3.4,2.05,"1-0","1-2",11,4,15,2,2,2,0,0,0,3,18,11,3,3,29,"0-3","Y","Y","N",4,0,9
"6048","SC0",2025-10-26,"Hearts","Celtic",3,1,"H",1,1,"D",3.13,3.5,2.05,"1-1","3-1",12,7,8,2,4,1,0,0,5,9,11,10,4,14,21,"5-9","Y","Y","Y",5,0,9
"6049","SC0",2025-10-26,"Aberdeen","Hibernian",1,2,"A",0,1,"A",2.55,3.3,2.55,"0-1","1-2",16,5,19,6,0,2,0,0,6,3,13,11,3,9,24,"6-3","Y","Y","N",2,0,9
"6050","SC0",2025-10-26,"Rangers","Kilmarnock",3,1,"H",1,1,"D",1.3,5,8.5,"1-1","3-1",13,6,7,3,1,2,0,0,9,2,9,13,4,11,22,"9-2","Y","Y","Y",3,0,10
"6051","SC0",2025-10-29,"Celtic","Falkirk",4,0,"H",2,0,"H",1.13,7.5,15,"2-0","4-0",26,11,8,4,1,2,0,0,6,3,14,12,4,9,26,"6-3","Y","Y","Y",3,0,10
"6052","SC0",2025-10-29,"Hibernian","Rangers",0,1,"A",0,1,"A",2.75,3.4,2.3,"0-1","0-1",7,4,7,3,2,3,0,0,5,4,14,16,1,9,30,"5-4","N","N","N",5,0,10
"6053","SC0",2025-10-29,"Kilmarnock","Aberdeen",0,1,"A",0,1,"A",2.63,3.25,2.5,"0-1","0-1",14,4,6,3,4,6,0,0,7,2,12,17,1,9,29,"7-2","N","N","N",10,0,10
"6054","SC0",2025-10-29,"Motherwell","Dundee United",2,0,"H",1,0,"H",1.95,3.5,3.4,"1-0","2-0",10,5,9,1,1,2,0,0,4,2,9,21,2,6,30,"4-2","Y","N","N",3,0,10
"6055","SC0",2025-10-29,"St Mirren","Hearts",2,2,"D",1,1,"D",4.1,3.4,1.8,"1-1","2-2",12,6,20,8,2,2,0,0,6,7,9,11,4,13,20,"6-7","Y","Y","Y",4,0,10
"6056","SC0",2025-11-01,"Falkirk","Kilmarnock",3,1,"H",3,0,"H",2,3.5,3.2,"3-0","3-1",12,7,9,5,0,1,0,0,2,6,15,14,4,8,29,"2-6","Y","Y","Y",1,0,11
"6057","SC0",2025-11-01,"Hearts","Dundee",4,0,"H",2,0,"H",1.25,5.25,10,"2-0","4-0",17,10,5,0,0,2,0,0,6,2,8,17,4,8,25,"6-2","Y","Y","Y",2,0,11
"6058","SC0",2025-11-01,"Livingston","Hibernian",2,2,"D",1,1,"D",3.7,3.5,1.87,"1-1","2-2",10,5,7,5,2,1,0,0,6,1,16,13,4,7,29,"6-1","Y","Y","Y",3,0,11
"6059","SC0",2025-11-08,"Falkirk","Livingston",1,1,"D",1,0,"H",1.83,3.6,3.75,"1-0","1-1",12,2,11,5,3,2,0,0,6,1,19,14,2,7,33,"6-1","Y","N","N",5,0,11
"6060","SC0",2025-11-08,"St Mirren","Hibernian",0,3,"A",0,1,"A",2.63,3.3,2.5,"0-1","0-3",9,4,15,5,4,1,0,0,5,6,13,12,3,11,25,"5-6","Y","Y","N",5,0,11
"6061","SC0",2025-11-09,"Aberdeen","Motherwell",1,1,"D",0,0,"D",2.25,3.4,2.88,"0-0","1-1",6,2,10,3,3,1,0,0,4,6,15,12,2,10,27,"4-6","Y","N","N",4,0,11
"6062","SC0",2025-11-09,"Dundee","Rangers",0,3,"A",0,2,"A",6.5,4.4,1.4,"0-2","0-3",10,5,15,10,0,1,0,0,4,6,11,11,3,10,22,"4-6","Y","Y","N",1,0,12
"6063","SC0",2025-11-09,"Hearts","Dundee United",1,1,"D",1,1,"D",1.36,4.5,7,"1-1","1-1",11,2,7,3,2,4,0,0,4,3,18,15,2,7,33,"4-3","Y","N","N",6,0,12
"6064","SC0",2025-11-09,"Celtic","Kilmarnock",4,0,"H",1,0,"H",1.13,7,15,"1-0","4-0",21,7,3,1,2,2,0,0,8,7,14,4,4,15,18,"8-7","Y","Y","Y",4,0,12
"6065","SC0",2025-11-22,"Dundee United","Falkirk",0,3,"A",0,2,"A",2.05,3.5,3.2,"0-2","0-3",13,5,16,4,3,3,0,0,5,5,23,9,3,10,32,"5-5","Y","Y","N",6,0,12
"6066","SC0",2025-11-22,"Hibernian","Dundee",2,0,"H",1,0,"H",1.3,4.8,9,"1-0","2-0",17,5,7,4,2,1,0,0,8,3,9,11,2,11,20,"8-3","Y","N","N",3,0,12
"6067","SC0",2025-11-22,"Kilmarnock","Motherwell",1,3,"A",0,2,"A",2.88,3.3,2.3,"0-2","1-3",18,6,12,5,1,5,0,0,3,3,15,12,4,6,27,"3-3","Y","Y","Y",6,0,12
"6068","SC0",2025-11-22,"Rangers","Livingston",2,1,"H",1,1,"D",1.22,5.5,11,"1-1","2-1",9,2,9,2,2,4,0,0,2,1,12,16,3,3,28,"2-1","Y","Y","N",6,0,13
"6069","SC0",2025-11-22,"St Mirren","Celtic",0,1,"A",0,0,"D",6.5,4.5,1.4,"0-0","0-1",13,2,16,2,2,1,0,0,2,4,10,8,1,6,18,"2-4","N","N","N",3,0,13
"6070","SC0",2025-11-23,"Aberdeen","Hearts",1,0,"H",1,0,"H",3.9,3.5,1.83,"1-0","1-0",6,2,16,4,3,4,0,0,6,3,20,15,1,9,35,"6-3","N","N","N",7,0,13
"6071","SC0",2025-11-25,"Motherwell","Hibernian",2,0,"H",2,0,"H",2.63,3.5,2.5,"2-0","2-0",16,5,2,1,0,1,0,1,0,2,13,17,2,2,30,"0-2","Y","N","N",1,1,13
"6072","SC0",2025-11-29,"Dundee","St Mirren",3,1,"H",2,1,"H",3.3,3.3,2.05,"2-1","3-1",8,4,19,3,0,2,0,0,1,11,6,14,4,12,20,"1-11","Y","Y","Y",2,0,13
"6073","SC0",2025-11-29,"Motherwell","Hearts",0,0,"D",0,0,"D",3.25,3.4,2.05,"0-0","0-0",9,5,9,1,2,4,0,0,3,4,4,14,0,7,18,"3-4","N","N","N",6,0,13
"6074","SC0",2025-11-29,"Kilmarnock","Dundee United",1,1,"D",1,0,"H",2.63,3.25,2.5,"1-0","1-1",11,3,11,3,3,2,0,0,3,3,16,15,2,6,31,"3-3","Y","N","N",5,0,14
"6075","SC0",2025-11-30,"Hibernian","Celtic",1,2,"A",0,2,"A",4.2,3.8,1.7,"0-2","1-2",9,4,6,2,3,3,0,0,4,3,9,18,3,7,27,"4-3","Y","Y","N",6,0,14
"6076","SC0",2025-11-30,"Rangers","Falkirk",0,0,"D",0,0,"D",1.33,4.8,7.5,"0-0","0-0",14,4,5,2,0,3,0,0,4,5,11,17,0,9,28,"4-5","N","N","N",3,0,14
"6077","SC0",2025-11-30,"Livingston","Aberdeen",0,1,"A",0,0,"D",2.63,3.25,2.5,"0-0","0-1",15,3,14,4,1,1,0,0,7,4,12,15,1,11,27,"7-4","N","N","N",2,0,14
"6078","SC0",2025-12-03,"Aberdeen","St Mirren",3,3,"D",0,0,"D",2.15,3.3,3.1,"0-0","3-3",18,8,15,4,0,1,0,0,8,6,11,16,6,14,27,"8-6","Y","Y","Y",1,0,14
"6079","SC0",2025-12-03,"Celtic","Dundee",1,0,"H",1,0,"H",1.07,9,21,"1-0","1-0",17,6,4,3,3,0,0,0,6,0,13,4,1,6,17,"6-0","N","N","N",3,0,14
"6080","SC0",2025-12-03,"Dundee United","Rangers",2,2,"D",1,1,"D",4.5,3.7,1.67,"1-1","2-2",13,6,32,10,3,3,0,0,8,9,13,6,4,17,19,"8-9","Y","Y","Y",6,0,15
"6081","SC0",2025-12-03,"Falkirk","Motherwell",0,0,"D",0,0,"D",2.55,3.3,2.55,"0-0","0-0",14,1,7,1,2,0,0,0,6,3,13,15,0,9,28,"6-3","N","N","N",2,0,15
"6082","SC0",2025-12-03,"Hearts","Kilmarnock",1,1,"D",0,0,"D",1.33,4.6,8,"0-0","1-1",17,3,11,5,1,2,0,0,9,1,4,11,2,10,15,"9-1","Y","N","N",3,0,15
"6083","SC0",2025-12-06,"Dundee","Aberdeen",1,3,"A",0,2,"A",3.25,3.25,2.1,"0-2","1-3",15,2,21,8,2,1,0,0,6,4,8,13,4,10,21,"6-4","Y","Y","Y",3,0,15
"6084","SC0",2025-12-06,"Hibernian","Falkirk",3,0,"H",2,0,"H",1.55,4,5.25,"2-0","3-0",10,5,8,4,1,4,0,0,10,4,13,9,3,14,22,"10-4","Y","Y","N",5,0,15
"6085","SC0",2025-12-06,"Motherwell","Livingston",3,0,"H",1,0,"H",1.67,3.7,4.6,"1-0","3-0",14,7,12,1,2,3,0,0,4,5,9,19,3,9,28,"4-5","Y","Y","N",5,0,15
"6086","SC0",2025-12-06,"St Mirren","Dundee United",2,0,"H",1,0,"H",2.15,3.3,3.13,"1-0","2-0",13,5,13,3,2,2,0,0,3,2,14,5,2,5,19,"3-2","Y","N","N",4,0,16
"6087","SC0",2025-12-06,"Kilmarnock","Rangers",0,3,"A",0,1,"A",5.25,3.9,1.55,"0-1","0-3",15,3,11,6,2,2,0,0,7,2,17,11,3,9,28,"7-2","Y","Y","N",4,0,16
"6088","SC0",2025-12-07,"Celtic","Hearts",1,2,"A",0,1,"A",1.53,3.9,5.5,"0-1","1-2",15,5,8,3,1,3,0,0,5,3,9,11,3,8,20,"5-3","Y","Y","N",4,0,16
"6089","SC0",2025-12-13,"Dundee United","Motherwell",0,0,"D",0,0,"D",2.88,3.3,2.3,"0-0","0-0",9,1,13,3,3,3,0,0,1,4,19,13,0,5,32,"1-4","N","N","N",6,0,16
"6090","SC0",2025-12-13,"Livingston","Dundee",2,2,"D",0,2,"A",1.83,3.5,3.9,"0-2","2-2",15,6,6,3,2,2,1,0,7,0,23,13,4,7,36,"7-0","Y","Y","Y",4,1,16
"6091","SC0",2025-12-13,"Falkirk","Hearts",0,2,"A",0,1,"A",4.1,3.5,1.8,"0-1","0-2",6,1,13,5,2,2,0,0,3,7,11,9,2,10,20,"3-7","Y","N","N",4,0,16
"6092","SC0",2025-12-14,"Aberdeen","Kilmarnock",2,1,"H",0,1,"A",1.73,3.5,4.4,"0-1","2-1",21,8,8,5,2,5,0,0,9,3,10,14,3,12,24,"9-3","Y","Y","N",7,0,17
"6093","SC0",2025-12-15,"Rangers","Hibernian",1,0,"H",1,0,"H",1.83,3.5,3.9,"1-0","1-0",19,8,8,3,1,3,0,0,5,5,17,14,1,10,31,"5-5","N","N","N",4,0,17
"6094","SC0",2025-12-17,"Dundee United","Celtic",2,1,"H",0,1,"A",6,4.33,1.44,"0-1","2-1",16,7,17,2,2,1,0,0,7,6,10,3,3,13,13,"7-6","Y","Y","N",3,0,17
"6095","SC0",2025-12-20,"Dundee United","Hibernian",1,1,"D",1,1,"D",3.25,3.4,2.05,"1-1","1-1",12,2,23,5,2,2,0,0,5,7,10,7,2,12,17,"5-7","Y","N","N",4,0,17
"6096","SC0",2025-12-20,"Kilmarnock","Falkirk",0,1,"A",0,0,"D",2.5,3.25,2.63,"0-0","0-1",15,3,10,4,2,1,0,0,2,2,11,12,1,4,23,"2-2","N","N","N",3,0,17
"6097","SC0",2025-12-20,"Motherwell","Dundee",1,0,"H",0,0,"D",1.44,4.2,6.5,"0-0","1-0",16,7,5,2,1,2,0,0,2,3,12,13,1,5,25,"2-3","N","N","N",3,0,17
"6098","SC0",2025-12-20,"St Mirren","Livingston",1,0,"H",0,0,"D",1.8,3.5,4,"0-0","1-0",16,4,5,1,0,1,0,0,7,4,9,13,1,11,22,"7-4","N","N","N",1,0,18
"6099","SC0",2025-12-21,"Hearts","Rangers",2,1,"H",2,0,"H",2.05,3.4,3.25,"2-0","2-1",14,5,11,2,2,1,0,0,6,10,12,10,3,16,22,"6-10","Y","Y","N",3,0,18
"6100","SC0",2025-12-21,"Celtic","Aberdeen",3,1,"H",1,0,"H",1.29,5.25,8,"1-0","3-1",31,10,10,2,1,2,0,0,8,4,12,13,4,12,25,"8-4","Y","Y","Y",3,0,18
"6101","SC0",2025-12-27,"Hibernian","Hearts",3,2,"H",2,0,"H",2.7,3.2,2.45,"2-0","3-2",12,7,16,7,1,0,0,0,3,8,18,10,5,11,28,"3-8","Y","Y","Y",1,0,18
"6102","SC0",2025-12-27,"Dundee","Falkirk",1,0,"H",1,0,"H",2.88,3.25,2.3,"1-0","1-0",10,4,23,1,3,2,0,0,1,9,11,20,1,10,31,"1-9","N","N","N",5,0,18
"6103","SC0",2025-12-27,"Livingston","Celtic",2,4,"A",2,4,"A",7.5,4.75,1.33,"2-4","2-4",13,3,18,7,1,0,0,0,11,4,14,6,6,15,20,"11-4","Y","Y","Y",1,0,18
"6104","SC0",2025-12-27,"Rangers","Motherwell",1,0,"H",0,0,"D",1.73,3.6,4.33,"0-0","1-0",28,13,12,5,3,1,0,0,5,1,15,11,1,6,26,"5-1","N","N","N",4,0,19
"6105","SC0",2025-12-27,"St Mirren","Kilmarnock",0,0,"D",0,0,"D",1.75,3.5,4.33,"0-0","0-0",19,7,11,3,1,0,0,0,11,4,9,8,0,15,17,"11-4","N","N","N",1,0,19
"6106","SC0",2025-12-27,"Aberdeen","Dundee United",1,1,"D",0,1,"A",1.8,3.6,3.9,"0-1","1-1",14,6,13,3,2,3,0,0,9,5,8,18,2,14,26,"9-5","Y","N","N",5,0,19
"6107","SC0",2025-12-30,"Dundee","Kilmarnock",2,1,"H",0,1,"A",2.7,3.2,2.6,"0-1","2-1",26,6,8,4,2,4,0,0,7,5,12,17,3,12,29,"7-5","Y","Y","N",6,0,19
"6108","SC0",2025-12-30,"Hibernian","Aberdeen",2,0,"H",0,0,"D",1.87,3.6,4,"0-0","2-0",20,5,8,2,1,2,0,0,4,5,8,14,2,9,22,"4-5","Y","N","N",3,0,19
"6109","SC0",2025-12-30,"Livingston","Dundee United",1,3,"A",0,1,"A",2.5,3.4,2.7,"0-1","1-3",10,6,22,10,4,0,0,0,2,7,11,11,4,9,22,"2-7","Y","Y","Y",4,0,19
"6110","SC0",2025-12-30,"Rangers","St Mirren",2,1,"H",1,0,"H",1.62,3.9,5.25,"1-0","2-1",16,5,10,4,1,2,0,0,5,4,8,14,3,9,22,"5-4","Y","Y","N",3,0,20
"6111","SC0",2025-12-30,"Motherwell","Celtic",2,0,"H",1,0,"H",4.4,4,1.7,"1-0","2-0",11,6,8,3,0,4,0,0,1,3,7,14,2,4,21,"1-3","Y","N","N",4,0,20
"6112","SC0",2026-01-03,"Celtic","Rangers",1,3,"A",1,0,"H",1.85,3.7,3.6,"1-0","1-3",21,9,9,4,0,3,0,0,8,5,13,13,4,13,26,"8-5","Y","Y","Y",3,0,20
"6113","SC0",2026-01-03,"Dundee United","Dundee",0,1,"A",0,1,"A",1.8,3.5,4,"0-1","0-1",22,5,16,3,2,1,0,0,8,2,12,7,1,10,19,"8-2","N","N","N",3,0,20
"6114","SC0",2026-01-03,"Falkirk","Aberdeen",1,0,"H",0,0,"D",2.45,3.3,2.63,"0-0","1-0",21,7,7,0,2,4,0,0,5,4,9,21,1,9,30,"5-4","N","N","N",6,0,20
"6115","SC0",2026-01-03,"Hearts","Livingston",1,0,"H",1,0,"H",1.29,5,9,"1-0","1-0",17,3,10,2,0,3,0,0,7,3,5,15,1,10,20,"7-3","N","N","N",3,0,20
"6116","SC0",2026-01-03,"Kilmarnock","Hibernian",1,3,"A",0,1,"A",4.1,3.4,1.8,"0-1","1-3",8,1,15,9,3,3,1,0,5,3,13,13,4,8,26,"5-3","Y","Y","Y",6,1,21
"6117","SC0",2026-01-03,"Motherwell","St Mirren",2,0,"H",1,0,"H",1.95,3.3,3.6,"1-0","2-0",15,8,9,2,0,4,0,0,9,8,10,13,2,17,23,"9-8","Y","N","N",4,0,21
"6118","SC0",2026-01-06,"Rangers","Aberdeen",2,0,"H",2,0,"H",1.5,4.33,6,"2-0","2-0",22,8,9,3,0,2,0,0,7,4,11,12,2,11,23,"7-4","Y","N","N",2,0,21
"6119","SC0",2026-01-10,"Celtic","Dundee United",4,0,"H",2,0,"H",1.25,5.75,9,"2-0","4-0",22,8,3,0,1,0,0,0,12,3,12,5,4,15,17,"12-3","Y","Y","Y",1,0,21
"6120","SC0",2026-01-10,"Hibernian","Motherwell",1,1,"D",0,0,"D",2,3.4,3.4,"0-0","1-1",14,4,14,5,2,5,0,0,4,4,13,13,2,8,26,"4-4","Y","N","N",7,0,21
"6121","SC0",2026-01-10,"Livingston","Kilmarnock",1,1,"D",1,0,"H",2.25,3.2,3,"1-0","1-1",12,5,9,4,4,1,0,0,7,5,12,16,2,12,28,"7-5","Y","N","N",5,0,21
"6122","SC0",2026-01-10,"St Mirren","Falkirk",0,2,"A",0,0,"D",2.05,3.3,3.3,"0-0","0-2",9,3,11,3,2,1,0,0,4,8,11,8,2,12,19,"4-8","Y","N","N",3,0,22
"6123","SC0",2026-01-11,"Dundee","Hearts",0,1,"A",0,1,"A",7.5,4.2,1.4,"0-1","0-1",17,5,7,2,2,0,0,1,6,4,13,14,1,10,27,"6-4","N","N","N",2,1,22
"6124","SC0",2026-01-11,"Aberdeen","Rangers",0,2,"A",0,1,"A",4.33,3.7,1.7,"0-1","0-2",7,5,18,9,2,3,0,0,6,6,15,12,2,12,27,"6-6","Y","N","N",5,0,22
"6125","SC0",2026-01-14,"Falkirk","Celtic",0,1,"A",0,1,"A",6,4.33,1.44,"0-1","0-1",11,6,8,2,0,1,0,0,3,4,8,10,1,7,18,"3-4","N","N","N",1,0,22
"6126","SC0",2026-01-14,"Hearts","St Mirren",2,0,"H",0,0,"D",1.4,4.2,7.5,"0-0","2-0",14,7,14,2,0,1,1,0,3,5,7,12,2,8,19,"3-5","Y","N","N",1,1,22
"6127","SC0",2026-01-20,"Livingston","St Mirren",1,1,"D",0,0,"D",2.8,3.3,2.45,"0-0","1-1",11,4,11,5,3,3,0,0,3,4,12,14,2,7,26,"3-4","Y","N","N",6,0,22
"6128","SC0",2026-01-24,"Aberdeen","Livingston",6,2,"H",3,2,"H",1.7,3.6,4.4,"3-2","6-2",17,7,7,4,4,2,1,1,8,2,16,13,8,10,29,"8-2","Y","Y","Y",6,2,23
"6129","SC0",2026-01-24,"Falkirk","Hibernian",4,1,"H",2,0,"H",3,3.3,2.2,"2-0","4-1",17,5,10,4,2,2,0,0,7,4,14,14,5,11,28,"7-4","Y","Y","Y",4,0,23
"6130","SC0",2026-01-24,"Motherwell","Kilmarnock",4,0,"H",2,0,"H",1.45,4.1,6.5,"2-0","4-0",22,11,7,1,0,0,0,1,2,1,14,18,4,3,32,"2-1","Y","Y","Y",0,1,23
"6131","SC0",2026-01-25,"Hearts","Celtic",2,2,"D",0,1,"A",NA,NA,NA,"0-1","2-2",16,8,9,3,3,6,0,1,2,2,13,22,4,4,35,"2-2","Y","Y","Y",9,1,23
"6132","SC0",2026-01-25,"Rangers","Dundee",3,0,"H",0,0,"D",NA,NA,NA,"0-0","3-0",19,8,4,1,1,1,0,0,7,1,14,12,3,8,26,"7-1","Y","Y","N",2,0,23
"6133","SC0",2026-01-31,"Kilmarnock","Aberdeen",3,0,"H",2,0,"H",2.88,3.25,2.3,"2-0","3-0",19,9,8,4,3,3,0,1,7,3,16,10,3,10,26,"7-3","Y","Y","N",6,1,23
"6134","SC0",2026-01-31,"Livingston","Motherwell",0,2,"A",0,2,"A",4.2,3.6,1.75,"0-2","0-2",4,1,14,6,1,0,0,0,7,7,11,13,2,14,24,"7-7","Y","N","N",1,0,24
"6135","SC0",2026-01-31,"St Mirren","Dundee",0,0,"D",0,0,"D",1.73,3.5,4.4,"0-0","0-0",10,2,11,2,0,0,1,0,5,6,12,10,0,11,22,"5-6","N","N","N",0,1,24
"6136","SC0",2026-01-31,"Dundee United","Hearts",0,3,"A",0,2,"A",4,3.5,1.8,"0-2","0-3",3,2,22,12,3,1,2,0,0,6,12,11,3,6,23,"0-6","Y","Y","N",4,2,24
"6137","SC0",2026-02-01,"Hibernian","Rangers",0,0,"D",0,0,"D",3.13,3.4,2.1,"0-0","0-0",17,6,11,2,3,2,0,0,9,8,13,5,0,17,18,"9-8","N","N","N",5,0,24
"6138","SC0",2026-02-01,"Celtic","Falkirk",2,0,"H",1,0,"H",1.25,5.5,9,"1-0","2-0",10,5,14,4,0,2,0,0,9,4,7,5,2,13,12,"9-4","Y","N","N",2,0,24
"6139","SC0",2026-02-03,"St Mirren","Hearts",1,0,"H",0,0,"D",4.1,3.4,1.9,"0-0","1-0",21,5,5,2,1,1,0,1,7,2,19,8,1,9,27,"7-2","N","N","N",2,1,24
"6140","SC0",2026-02-04,"Hibernian","Dundee United",3,2,"H",1,0,"H",1.55,3.9,5.25,"1-0","3-2",20,3,16,4,2,0,0,0,4,6,8,11,5,10,19,"4-6","Y","Y","Y",2,0,25
"6141","SC0",2026-02-04,"Livingston","Falkirk",1,2,"A",0,2,"A",3.25,3.25,2.1,"0-2","1-2",10,3,16,3,3,4,0,0,6,4,16,14,3,10,30,"6-4","Y","Y","N",7,0,25
"6142","SC0",2026-02-04,"Rangers","Kilmarnock",5,1,"H",1,0,"H",1.25,5.5,9.5,"1-0","5-1",28,11,8,2,1,1,0,0,10,1,10,7,6,11,17,"10-1","Y","Y","Y",2,0,25
"6143","SC0",2026-02-10,"Hearts","Hibernian",1,0,"H",0,0,"D",1.83,3.6,4.2,"0-0","1-0",11,2,5,1,0,3,0,0,4,8,10,18,1,12,28,"4-8","N","N","N",3,0,25
"6144","SC0",2026-02-11,"Celtic","Livingston",2,1,"H",1,0,"H",1.13,7.5,15,"1-0","2-1",29,12,4,2,2,3,0,0,10,3,12,7,3,13,19,"10-3","Y","Y","N",5,0,25
"6145","SC0",2026-02-11,"Falkirk","Dundee",1,0,"H",0,0,"D",1.65,3.6,4.8,"0-0","1-0",16,3,15,4,3,1,0,0,4,4,14,4,1,8,18,"4-4","N","N","N",4,0,25
"6146","SC0",2026-02-11,"Kilmarnock","St Mirren",4,3,"H",2,1,"H",2.7,3.2,2.45,"2-1","4-3",20,7,15,7,1,3,0,0,9,4,10,19,7,13,29,"9-4","Y","Y","Y",4,0,26
"6147","SC0",2026-02-11,"Motherwell","Rangers",1,1,"D",0,1,"A",3.2,3.4,2.05,"0-1","1-1",18,5,10,4,2,5,0,0,6,3,18,17,2,9,35,"6-3","Y","N","N",7,0,26
"6148","SC0",2026-02-14,"Dundee","Livingston",2,2,"D",2,2,"D",2.05,3.25,3.4,"2-2","2-2",16,7,16,3,2,2,0,0,10,2,8,12,4,12,20,"10-2","Y","Y","Y",4,0,26
"6149","SC0",2026-02-14,"Falkirk","Dundee United",2,3,"A",1,1,"D",1.83,3.6,3.8,"1-1","2-3",10,4,14,5,0,3,1,0,4,5,8,19,5,9,27,"4-5","Y","Y","Y",3,1,26
"6150","SC0",2026-02-14,"Hibernian","St Mirren",2,0,"H",1,0,"H",1.83,3.5,3.9,"1-0","2-0",13,6,7,2,0,3,0,0,6,8,10,16,2,14,26,"6-8","Y","N","N",3,0,26
"6151","SC0",2026-02-15,"Kilmarnock","Celtic",2,3,"A",2,0,"H",7,4.75,1.36,"2-0","2-3",17,7,24,10,1,3,0,0,6,7,7,8,5,13,15,"6-7","Y","Y","Y",4,0,26
"6152","SC0",2026-02-15,"Motherwell","Aberdeen",2,0,"H",1,0,"H",1.55,3.9,5.25,"1-0","2-0",18,8,10,2,1,6,0,0,4,2,15,18,2,6,33,"4-2","Y","N","N",7,0,27
"6153","SC0",2026-02-15,"Rangers","Hearts",4,2,"H",2,2,"D",1.95,3.3,3.6,"2-2","4-2",19,4,7,3,4,3,0,0,7,3,17,13,6,10,30,"7-3","Y","Y","Y",7,0,27
"6154","SC0",2026-02-21,"Aberdeen","Dundee",2,3,"A",1,2,"A",1.93,3.4,3.6,"1-2","2-3",11,4,23,7,3,2,1,0,2,9,13,10,5,11,23,"2-9","Y","Y","Y",5,1,27
"6155","SC0",2026-02-21,"Dundee United","Kilmarnock",1,1,"D",0,0,"D",1.95,3.5,3.4,"0-0","1-1",12,4,8,2,1,3,0,1,6,3,9,9,2,9,18,"6-3","Y","N","N",4,1,27
"6156","SC0",2026-02-21,"Hearts","Falkirk",1,0,"H",1,0,"H",1.62,3.75,5,"1-0","1-0",17,4,8,2,1,3,0,0,8,4,9,10,1,12,19,"8-4","N","N","N",4,0,27
"6157","SC0",2026-02-21,"St Mirren","Motherwell",0,5,"A",0,2,"A",2.8,3.25,2.38,"0-2","0-5",11,5,17,6,4,0,1,0,4,7,17,6,5,11,23,"4-7","Y","Y","Y",4,1,27
"6158","SC0",2026-02-22,"Celtic","Hibernian",1,2,"A",1,1,"D",1.4,4.5,6.5,"1-1","1-2",21,3,8,4,2,1,1,0,11,1,8,7,3,12,15,"11-1","Y","Y","N",3,1,28
"6159","SC0",2026-02-22,"Livingston","Rangers",2,2,"D",1,0,"H",7.5,4.75,1.33,"1-0","2-2",5,3,31,14,3,2,1,0,3,15,18,15,4,18,33,"3-15","Y","Y","Y",5,1,28
"6160","SC0",2026-02-24,"Dundee United","Aberdeen",0,0,"D",0,0,"D",2.1,3.5,3.25,"0-0","0-0",15,2,12,2,0,0,0,0,4,6,13,6,0,10,19,"4-6","N","N","N",0,0,28
"6161","SC0",2026-02-28,"Dundee","Hibernian",3,3,"D",1,1,"D",3.13,3.4,2.1,"1-1","3-3",10,4,13,6,1,4,0,0,6,6,8,9,6,12,17,"6-6","Y","Y","Y",5,0,28
"6162","SC0",2026-02-28,"Falkirk","Kilmarnock",5,1,"H",3,1,"H",1.65,3.7,4.6,"3-1","5-1",20,10,6,3,3,2,0,0,3,2,9,15,6,5,24,"3-2","Y","Y","Y",5,0,28
"6163","SC0",2026-02-28,"Hearts","Aberdeen",1,0,"H",1,0,"H",1.36,4.5,7.5,"1-0","1-0",21,7,5,0,3,5,0,0,7,4,7,16,1,11,23,"7-4","N","N","N",8,0,28
"6164","SC0",2026-02-28,"Livingston","St Mirren",1,1,"D",0,1,"A",3.2,3.3,2.1,"0-1","1-1",10,3,12,2,1,2,0,0,7,2,11,17,2,9,28,"7-2","Y","N","N",3,0,29
"6165","SC0",2026-02-28,"Motherwell","Dundee United",2,0,"H",1,0,"H",1.45,4.2,6,"1-0","2-0",16,5,7,3,2,3,0,0,5,3,7,13,2,8,20,"5-3","Y","N","N",5,0,29
"6166","SC0",2026-03-01,"Rangers","Celtic",2,2,"D",2,0,"H",2.1,3.5,3,"2-0","2-2",12,3,17,7,2,1,0,0,6,7,8,11,4,13,19,"6-7","Y","Y","Y",3,0,29
"6167","SC0",2026-03-03,"Dundee United","St Mirren",2,1,"H",1,0,"H",2.45,3.1,3,"1-0","2-1",18,4,9,2,2,1,0,0,8,4,12,13,3,12,25,"8-4","Y","Y","N",3,0,29
"6168","SC0",2026-03-04,"Aberdeen","Celtic",1,2,"A",1,1,"D",6,4.5,1.44,"1-1","1-2",8,2,18,4,2,2,0,0,6,6,13,12,3,12,25,"6-6","Y","Y","N",4,0,29
"6169","SC0",2026-03-07,"Dundee","Motherwell",2,1,"H",1,0,"H",4.1,3.4,1.8,"1-0","2-1",9,2,21,9,4,2,0,0,3,1,12,19,3,4,31,"3-1","Y","Y","N",6,0,29
"6170","SC0",2026-03-14,"Aberdeen","Falkirk",1,1,"D",0,0,"D",2.88,3.25,2.3,"0-0","1-1",9,3,7,3,1,0,0,0,4,10,17,6,2,14,23,"4-10","Y","N","N",1,0,30
"6171","SC0",2026-03-14,"Celtic","Motherwell",3,1,"H",1,1,"D",1.62,3.9,4.6,"1-1","3-1",13,6,12,3,4,2,0,1,2,3,10,10,4,5,20,"2-3","Y","Y","Y",6,1,30
"6172","SC0",2026-03-14,"Hibernian","Livingston",0,0,"D",0,0,"D",1.4,4.5,6.5,"0-0","0-0",22,5,6,2,2,1,0,0,12,0,6,7,0,12,13,"12-0","N","N","N",3,0,30
"6173","SC0",2026-03-14,"Kilmarnock","Hearts",1,0,"H",1,0,"H",4.6,3.7,1.67,"1-0","1-0",11,4,15,3,2,2,0,0,2,9,13,14,1,11,27,"2-9","N","N","N",4,0,30
"6174","SC0",2026-03-15,"St Mirren","Rangers",0,1,"A",0,1,"A",5,3.8,1.6,"0-1","0-1",6,1,17,7,0,1,0,0,1,11,7,11,1,12,18,"1-11","N","N","N",1,0,30
"6175","SC0",2026-03-15,"Dundee","Dundee United",2,2,"D",0,0,"D",2.25,3.3,2.9,"0-0","2-2",6,1,20,10,1,4,0,0,4,7,5,13,4,11,18,"4-7","Y","Y","Y",5,0,30
"6176","SC0",2026-03-21,"Falkirk","St Mirren",1,2,"A",1,1,"D",1.83,3.5,3.9,"1-1","1-2",11,2,11,4,1,2,0,0,7,4,15,14,3,11,29,"7-4","Y","Y","N",3,0,31
"6177","SC0",2026-03-21,"Hearts","Dundee",1,0,"H",0,0,"D",1.4,4.33,7,"0-0","1-0",15,6,8,1,1,2,1,0,4,7,12,11,1,11,23,"4-7","N","N","N",3,1,31
"6178","SC0",2026-03-21,"Kilmarnock","Livingston",2,0,"H",1,0,"H",1.87,3.5,3.7,"1-0","2-0",17,4,10,1,0,1,0,1,3,4,14,7,2,7,21,"3-4","Y","N","N",1,1,31
"6179","SC0",2026-03-21,"Motherwell","Hibernian",0,0,"D",0,0,"D",1.85,3.5,3.8,"0-0","0-0",7,3,7,1,3,4,0,0,2,4,7,9,0,6,16,"2-4","N","N","N",7,0,31
"6180","SC0",2026-03-21,"Rangers","Aberdeen",4,1,"H",1,0,"H",1.25,5.5,9.5,"1-0","4-1",18,7,6,1,0,4,0,0,2,4,15,17,5,6,32,"2-4","Y","Y","Y",4,0,31
"6181","SC0",2026-03-22,"Dundee United","Celtic",2,0,"H",0,0,"D",5.25,4.33,1.5,"0-0","2-0",19,8,13,3,2,2,0,0,7,6,7,8,2,13,15,"7-6","Y","N","N",4,0,31
"6182","SC0",2026-04-04,"Hibernian","Kilmarnock",3,0,"H",2,0,"H",1.5,4.1,5.5,"2-0","3-0",5,3,11,2,1,3,0,0,3,9,9,15,3,12,24,"3-9","Y","Y","N",4,0,32
"6183","SC0",2026-04-04,"Motherwell","Falkirk",2,3,"A",1,2,"A",1.75,3.6,4.2,"1-2","2-3",14,7,12,5,2,3,0,0,6,2,15,15,5,8,30,"6-2","Y","Y","Y",5,0,32
"6184","SC0",2026-04-04,"Rangers","Dundee United",4,2,"H",2,1,"H",1.2,6,11,"2-1","4-2",21,10,14,4,1,2,0,0,10,1,9,12,6,11,21,"10-1","Y","Y","Y",3,0,32
"6185","SC0",2026-04-04,"St Mirren","Aberdeen",2,0,"H",1,0,"H",2.15,3.3,3.1,"1-0","2-0",11,4,7,0,1,3,0,0,8,5,8,15,2,13,23,"8-5","Y","N","N",4,0,32
"6186","SC0",2026-04-05,"Livingston","Hearts",2,2,"D",1,1,"D",6,4.2,1.45,"1-1","2-2",15,3,19,6,2,1,0,1,5,5,10,10,4,10,20,"5-5","Y","Y","Y",3,1,32
"6187","SC0",2026-04-05,"Dundee","Celtic",1,2,"A",0,1,"A",5.75,4.4,1.45,"0-1","1-2",8,3,17,8,0,2,1,0,1,4,7,13,3,5,20,"1-4","Y","Y","N",2,1,32
"6188","SC0",2026-04-11,"Aberdeen","Hibernian",2,0,"H",1,0,"H",3.25,3.4,2.05,"1-0","2-0",17,5,4,1,2,2,0,1,3,3,18,9,2,6,27,"3-3","Y","N","N",4,1,33
"6189","SC0",2026-04-11,"Celtic","St Mirren",1,0,"H",1,0,"H",1.29,5.25,8,"1-0","1-0",7,4,5,1,0,2,0,0,3,7,12,14,1,10,26,"3-7","N","N","N",2,0,33
"6190","SC0",2026-04-11,"Dundee United","Livingston",3,2,"H",1,0,"H",1.57,4,5,"1-0","3-2",15,5,14,6,0,0,0,0,4,3,7,9,5,7,16,"4-3","Y","Y","Y",0,0,33
"6191","SC0",2026-04-11,"Hearts","Motherwell",3,1,"H",0,0,"D",1.93,3.4,3.6,"0-0","3-1",12,5,12,3,1,2,0,0,6,4,7,14,4,10,21,"6-4","Y","Y","Y",3,0,33
"6192","SC0",2026-04-11,"Kilmarnock","Dundee",2,2,"D",2,1,"H",2.1,3.4,3.13,"2-1","2-2",13,3,8,6,4,2,0,0,4,2,24,7,4,6,31,"4-2","Y","Y","Y",6,0,33
"6193","SC0",2026-04-12,"Falkirk","Rangers",3,6,"A",2,1,"H",4.1,3.6,1.75,"2-1","3-6",7,3,20,9,3,4,0,0,2,1,16,13,9,3,29,"2-1","Y","Y","Y",7,0,33
"6194","SC1",2025-08-01,"Arbroath","Ayr",1,1,"D",0,1,"A",4.33,3.6,1.7,"0-1","1-1",11,4,3,1,2,5,0,0,6,2,10,15,2,8,25,"6-2","Y","N","N",7,0,1
"6195","SC1",2025-08-02,"Airdrie Utd","Ross County",2,2,"D",0,1,"A",3.3,3.4,2,"0-1","2-2",7,3,11,4,3,2,0,0,4,10,14,11,4,14,25,"4-10","Y","Y","Y",5,0,1
"6196","SC1",2025-08-02,"Morton","Dunfermline",0,0,"D",0,0,"D",2.75,2.88,2.6,"0-0","0-0",7,1,12,9,3,1,0,0,1,8,19,10,0,9,29,"1-8","N","N","N",4,0,1
"6197","SC1",2025-08-02,"Raith Rvs","Queens Park",1,1,"D",0,1,"A",1.33,4.5,8,"0-1","1-1",12,2,3,3,1,3,0,0,10,2,11,7,2,12,18,"10-2","Y","N","N",4,0,1
"6198","SC1",2025-08-02,"St Johnstone","Partick",5,1,"H",3,1,"H",1.87,3.3,3.9,"3-1","5-1",20,11,3,1,2,2,0,0,7,1,15,14,6,8,29,"7-1","Y","Y","Y",4,0,1
"6199","SC1",2025-08-08,"Ross County","St Johnstone",0,1,"A",0,0,"D",2.38,3.13,2.8,"0-0","0-1",7,2,18,3,4,3,0,0,2,5,16,19,1,7,35,"2-5","N","N","N",7,0,2
"6200","SC1",2025-08-09,"Ayr","Raith Rvs",0,1,"A",0,1,"A",2.15,3.13,3.2,"0-1","0-1",8,5,9,5,3,0,0,0,6,5,15,8,1,11,23,"6-5","N","N","N",3,0,2
"6201","SC1",2025-08-09,"Dunfermline","Airdrie Utd",2,0,"H",2,0,"H",1.9,3.25,3.8,"2-0","2-0",8,6,6,2,2,3,0,0,3,4,14,11,2,7,25,"3-4","Y","N","N",5,0,2
"6202","SC1",2025-08-09,"Partick","Morton",1,1,"D",0,1,"A",2,3.13,3.6,"0-1","1-1",8,1,8,4,3,2,0,0,2,6,17,11,2,8,28,"2-6","Y","N","N",5,0,2
"6203","SC1",2025-08-09,"Queens Park","Arbroath",1,3,"A",0,0,"D",2.88,3.3,2.25,"0-0","1-3",15,6,6,4,2,1,0,0,7,3,12,11,4,10,23,"7-3","Y","Y","Y",3,0,2
"6204","SC1",2025-08-22,"Raith Rvs","Dunfermline",2,0,"H",1,0,"H",1.93,3.2,3.8,"1-0","2-0",9,5,11,3,3,2,0,0,2,3,15,9,2,5,24,"2-3","Y","N","N",5,0,3
"6205","SC1",2025-08-23,"Airdrie Utd","Queens Park",1,1,"D",0,0,"D",1.85,3.5,3.7,"0-0","1-1",5,3,6,3,3,4,0,0,3,7,15,13,2,10,28,"3-7","Y","N","N",7,0,3
"6206","SC1",2025-08-23,"Morton","Ayr",2,2,"D",1,0,"H",3.2,3.13,2.15,"1-0","2-2",10,5,15,5,3,1,0,0,1,7,15,13,4,8,28,"1-7","Y","Y","Y",4,0,3
"6207","SC1",2025-08-23,"Ross County","Partick",1,3,"A",0,1,"A",1.87,3.4,3.75,"0-1","1-3",16,6,19,10,1,2,0,0,10,9,9,5,4,19,14,"10-9","Y","Y","Y",3,0,3
"6208","SC1",2025-08-23,"St Johnstone","Arbroath",3,0,"H",1,0,"H",1.36,4.4,7.5,"1-0","3-0",19,5,3,1,2,2,0,0,9,3,12,12,3,12,24,"9-3","Y","Y","N",4,0,3
"6209","SC1",2025-08-30,"Arbroath","Airdrie Utd",1,0,"H",0,0,"D",2.1,3.4,3.1,"0-0","1-0",10,2,3,1,3,2,0,0,4,0,9,19,1,4,28,"4-0","N","N","N",5,0,4
"6210","SC1",2025-08-30,"Ayr","Queens Park",1,1,"D",0,1,"A",1.67,3.7,4.5,"0-1","1-1",14,8,4,3,1,2,0,0,6,2,14,9,2,8,23,"6-2","Y","N","N",3,0,4
"6211","SC1",2025-08-30,"Dunfermline","Ross County",2,2,"D",1,1,"D",2.6,3,2.63,"1-1","2-2",8,4,9,2,3,2,0,0,2,2,14,8,4,4,22,"2-2","Y","Y","Y",5,0,4
"6212","SC1",2025-08-30,"Partick","Raith Rvs",3,2,"H",2,2,"D",2.6,3.1,2.6,"2-2","3-2",10,6,8,2,3,4,0,0,7,2,12,14,5,9,26,"7-2","Y","Y","Y",7,0,4
"6213","SC1",2025-08-30,"St Johnstone","Morton",1,1,"D",0,1,"A",1.45,4,6.5,"0-1","1-1",22,4,3,2,1,3,0,0,13,2,9,9,2,15,18,"13-2","Y","N","N",4,0,4
"6214","SC1",2025-09-06,"Morton","Raith Rvs",0,1,"A",0,0,"D",3.7,3.2,1.95,"0-0","0-1",7,2,9,3,3,5,0,1,4,5,9,11,1,9,20,"4-5","N","N","N",8,1,5
"6215","SC1",2025-09-06,"Ross County","Arbroath",1,2,"A",0,1,"A",1.6,3.7,5,"0-1","1-2",13,5,10,5,2,4,0,0,15,3,16,10,3,18,26,"15-3","Y","Y","N",6,0,5
"6216","SC1",2025-09-12,"Partick","Airdrie Utd",2,1,"H",0,1,"A",1.6,3.8,5,"0-1","2-1",9,4,7,2,2,3,0,0,12,4,4,11,3,16,15,"12-4","Y","Y","N",5,0,5
"6217","SC1",2025-09-13,"Arbroath","Dunfermline",0,5,"A",0,2,"A",3.2,3.13,2.15,"0-2","0-5",9,1,12,8,4,2,0,0,9,5,8,8,5,14,16,"9-5","Y","Y","Y",6,0,5
"6218","SC1",2025-09-13,"Ayr","Ross County",1,1,"D",1,0,"H",2.38,3.3,2.7,"1-0","1-1",11,3,8,3,0,3,0,0,8,5,7,8,2,13,15,"8-5","Y","N","N",3,0,5
"6219","SC1",2025-09-13,"Queens Park","Morton",0,0,"D",0,0,"D",2.5,3.2,2.6,"0-0","0-0",7,2,11,3,2,4,0,0,2,8,11,9,0,10,20,"2-8","N","N","N",6,0,6
"6220","SC1",2025-09-13,"Raith Rvs","St Johnstone",0,2,"A",0,1,"A",2.9,3.2,2.3,"0-1","0-2",7,3,11,5,1,0,0,0,6,5,11,12,2,11,23,"6-5","Y","N","N",1,0,6
"6221","SC1",2025-09-19,"St Johnstone","Dunfermline",2,1,"H",0,1,"A",1.62,3.5,5.25,"0-1","2-1",11,7,10,4,1,2,0,0,13,4,13,10,3,17,23,"13-4","Y","Y","N",3,0,6
"6222","SC1",2025-09-20,"Airdrie Utd","Raith Rvs",0,0,"D",0,0,"D",3.6,3.3,1.95,"0-0","0-0",9,2,9,5,2,1,0,0,5,11,7,10,0,16,17,"5-11","N","N","N",3,0,6
"6223","SC1",2025-09-20,"Arbroath","Morton",1,1,"D",0,0,"D",2.3,3.3,2.8,"0-0","1-1",7,1,8,4,1,0,0,0,6,7,15,16,2,13,31,"6-7","Y","N","N",1,0,6
"6224","SC1",2025-09-20,"Ross County","Queens Park",1,2,"A",1,1,"D",1.5,4.1,5.5,"1-1","1-2",13,2,9,3,2,3,1,0,3,2,8,13,3,5,21,"3-2","Y","Y","N",5,1,7
"6225","SC1",2025-09-23,"Airdrie Utd","St Johnstone",1,2,"A",0,2,"A",5.25,3.9,1.55,"0-2","1-2",6,2,17,8,5,1,1,1,5,10,9,9,3,15,18,"5-10","Y","Y","N",6,2,7
"6226","SC1",2025-09-23,"Dunfermline","Ayr",0,1,"A",0,1,"A",2.38,3.1,2.9,"0-1","0-1",7,3,8,3,2,2,1,1,6,3,12,12,1,9,24,"6-3","N","N","N",4,2,7
"6227","SC1",2025-09-27,"Ayr","Airdrie Utd",4,2,"H",4,1,"H",1.55,3.9,5.25,"4-1","4-2",13,8,4,4,1,1,0,0,4,4,11,12,6,8,23,"4-4","Y","Y","Y",2,0,7
"6228","SC1",2025-09-27,"Dunfermline","Partick",0,2,"A",0,2,"A",2.4,3.13,2.8,"0-2","0-2",4,3,11,7,2,2,1,0,5,6,8,7,2,11,15,"5-6","Y","N","N",4,1,7
"6229","SC1",2025-09-27,"Morton","Ross County",1,1,"D",0,1,"A",3.2,3.25,2.1,"0-1","1-1",16,7,9,1,3,4,0,0,8,5,11,17,2,13,28,"8-5","Y","N","N",7,0,8
"6230","SC1",2025-09-27,"Queens Park","St Johnstone",1,2,"A",1,1,"D",6,4.2,1.45,"1-1","1-2",6,2,6,4,2,3,0,0,1,4,6,6,3,5,12,"1-4","Y","Y","N",5,0,8
"6231","SC1",2025-09-27,"Raith Rvs","Arbroath",3,0,"H",0,0,"D",1.62,3.6,5,"0-0","3-0",10,4,4,0,3,0,0,0,7,5,11,7,3,12,18,"7-5","Y","Y","N",3,0,8
"6232","SC1",2025-09-30,"Queens Park","Partick",0,1,"A",0,1,"A",3.9,3.5,1.8,"0-1","0-1",6,0,7,4,4,3,0,0,5,5,17,16,1,10,33,"5-5","N","N","N",7,0,8
"6233","SC1",2025-10-04,"Airdrie Utd","Morton",1,2,"A",0,0,"D",2.63,3.2,2.5,"0-0","1-2",5,3,4,3,1,2,0,0,4,4,13,10,3,8,23,"4-4","Y","Y","N",3,0,8
"6234","SC1",2025-10-04,"Dunfermline","Queens Park",0,0,"D",0,0,"D",1.8,3.4,4.1,"0-0","0-0",11,4,7,3,2,2,0,0,2,3,15,13,0,5,28,"2-3","N","N","N",4,0,9
"6235","SC1",2025-10-04,"Partick","Arbroath",1,1,"D",1,0,"H",1.53,4,5.25,"1-0","1-1",16,10,9,4,2,1,0,0,6,5,12,6,2,11,18,"6-5","Y","N","N",3,0,9
"6236","SC1",2025-10-04,"Ross County","Raith Rvs",2,0,"H",0,0,"D",2.55,3.13,2.6,"0-0","2-0",11,3,16,7,0,2,0,0,3,6,9,10,2,9,19,"3-6","Y","N","N",2,0,9
"6237","SC1",2025-10-04,"St Johnstone","Ayr",0,0,"D",0,0,"D",1.65,3.6,4.75,"0-0","0-0",5,1,4,2,4,2,0,0,10,2,10,14,0,12,24,"10-2","N","N","N",6,0,9
"6238","SC1",2025-10-11,"Arbroath","Queens Park",4,1,"H",3,0,"H",2.1,3.25,3.2,"3-0","4-1",10,6,4,1,0,4,0,0,7,1,11,16,5,8,27,"7-1","Y","Y","Y",4,0,9
"6239","SC1",2025-10-11,"Morton","Partick",1,1,"D",1,0,"H",3.3,3.3,2.05,"1-0","1-1",6,2,26,10,3,0,0,0,3,11,14,4,2,14,18,"3-11","Y","N","N",3,0,10
"6240","SC1",2025-10-11,"Raith Rvs","Ayr",0,2,"A",0,2,"A",2.1,3.1,3.4,"0-2","0-2",8,2,10,3,2,3,0,0,6,3,6,8,2,9,14,"6-3","Y","N","N",5,0,10
"6241","SC1",2025-10-11,"St Johnstone","Ross County",0,0,"D",0,0,"D",1.62,3.75,4.8,"0-0","0-0",12,6,4,3,0,0,0,0,17,0,8,14,0,17,22,"17-0","N","N","N",0,0,10
"6242","SC1",2025-10-17,"Dunfermline","Raith Rvs",2,0,"H",1,0,"H",2.9,2.88,2.5,"1-0","2-0",11,7,6,2,4,3,0,0,2,4,13,12,2,6,25,"2-4","Y","N","N",7,0,10
"6243","SC1",2025-10-18,"Arbroath","St Johnstone",3,1,"H",0,1,"A",5.25,3.9,1.55,"0-1","3-1",6,3,13,6,3,2,0,0,4,2,15,12,4,6,27,"4-2","Y","Y","Y",5,0,10
"6244","SC1",2025-10-18,"Ayr","Morton",2,1,"H",1,0,"H",1.75,3.4,4.4,"1-0","2-1",15,6,7,1,3,3,0,0,7,2,16,16,3,9,32,"7-2","Y","Y","N",6,0,11
"6245","SC1",2025-10-18,"Partick","Ross County",1,0,"H",0,0,"D",1.73,3.6,4.2,"0-0","1-0",7,4,9,3,4,3,0,0,5,3,7,13,1,8,20,"5-3","N","N","N",7,0,11
"6246","SC1",2025-10-18,"Queens Park","Airdrie Utd",0,0,"D",0,0,"D",2.15,3.25,3.1,"0-0","0-0",5,3,13,3,3,1,0,0,4,7,7,8,0,11,15,"4-7","N","N","N",4,0,11
"6247","SC1",2025-10-21,"Airdrie Utd","Dunfermline",0,4,"A",0,2,"A",3.13,3.13,2.2,"0-2","0-4",2,0,8,4,2,1,1,0,5,8,5,9,4,13,14,"5-8","Y","Y","Y",3,1,11
"6248","SC1",2025-10-21,"Partick","Ayr",2,1,"H",0,1,"A",2.05,3.2,3.4,"0-1","2-1",7,3,3,3,2,3,0,1,8,4,9,12,3,12,21,"8-4","Y","Y","N",5,1,11
"6249","SC1",2025-10-25,"Airdrie Utd","Arbroath",1,0,"H",1,0,"H",2.9,3.25,2.25,"1-0","1-0",6,3,10,1,1,3,0,0,0,6,17,17,1,6,34,"0-6","N","N","N",4,0,12
"6250","SC1",2025-10-25,"Morton","St Johnstone",0,4,"A",0,4,"A",4.75,3.6,1.65,"0-4","0-4",5,1,15,9,2,0,0,0,4,6,16,19,4,10,35,"4-6","Y","Y","Y",2,0,12
"6251","SC1",2025-10-25,"Queens Park","Ayr",0,0,"D",0,0,"D",3.8,3.25,1.91,"0-0","0-0",1,1,23,7,2,3,1,0,1,17,13,10,0,18,23,"1-17","N","N","N",5,1,12
"6252","SC1",2025-10-25,"Raith Rvs","Partick",2,0,"H",0,0,"D",2.4,3.13,2.8,"0-0","2-0",7,4,10,2,1,0,0,0,9,2,11,8,2,11,19,"9-2","Y","N","N",1,0,12
"6253","SC1",2025-10-25,"Ross County","Dunfermline",3,2,"H",2,1,"H",2.15,3.25,3.13,"2-1","3-2",9,6,4,1,5,2,0,0,5,4,19,11,5,9,30,"5-4","Y","Y","Y",7,0,12
"6254","SC1",2025-10-31,"Ayr","Dunfermline",0,1,"A",0,1,"A",1.83,3.2,4.2,"0-1","0-1",11,4,7,2,3,2,0,0,6,4,12,13,1,10,25,"6-4","N","N","N",5,0,13
"6255","SC1",2025-11-01,"Arbroath","Ross County",3,0,"H",1,0,"H",3.2,3.4,2.05,"1-0","3-0",15,6,21,4,3,2,0,0,2,4,10,16,3,6,26,"2-4","Y","Y","N",5,0,13
"6256","SC1",2025-11-01,"Partick","Queens Park",5,0,"H",2,0,"H",1.44,4,6.5,"2-0","5-0",25,9,5,3,2,2,0,0,6,3,7,8,5,9,15,"6-3","Y","Y","Y",4,0,13
"6257","SC1",2025-11-01,"Raith Rvs","Morton",1,1,"D",1,0,"H",1.83,3.25,4.1,"1-0","1-1",5,5,10,2,2,1,0,0,4,7,13,9,2,11,22,"4-7","Y","N","N",3,0,13
"6258","SC1",2025-11-01,"St Johnstone","Airdrie Utd",3,0,"H",1,0,"H",1.25,5,10.5,"1-0","3-0",17,7,3,2,2,4,0,0,5,3,9,13,3,8,22,"5-3","Y","Y","N",6,0,13
"6259","SC1",2025-11-07,"Airdrie Utd","Partick",1,1,"D",0,0,"D",5.5,3.8,1.53,"0-0","1-1",10,4,7,3,5,0,0,0,3,7,13,8,2,10,21,"3-7","Y","N","N",5,0,14
"6260","SC1",2025-11-08,"Dunfermline","St Johnstone",2,2,"D",1,1,"D",3.5,3.25,2,"1-1","2-2",4,3,12,3,2,3,0,0,7,8,8,14,4,15,22,"7-8","Y","Y","Y",5,0,14
"6261","SC1",2025-11-08,"Morton","Arbroath",1,0,"H",1,0,"H",2.15,3.13,3.2,"1-0","1-0",9,5,12,6,4,2,0,0,3,5,15,12,1,8,27,"3-5","N","N","N",6,0,14
"6262","SC1",2025-11-08,"Queens Park","Raith Rvs",2,1,"H",1,1,"D",3.9,3.2,1.9,"1-1","2-1",6,2,12,5,3,2,0,0,2,11,9,7,3,13,16,"2-11","Y","Y","N",5,0,14
"6263","SC1",2025-11-08,"Ross County","Ayr",3,3,"D",2,1,"H",2.3,3.2,2.88,"2-1","3-3",11,7,12,8,3,2,0,0,1,8,15,12,6,9,27,"1-8","Y","Y","Y",5,0,14
"6264","SC1",2025-11-15,"Ayr","Arbroath",1,1,"D",0,1,"A",1.67,3.6,4.6,"0-1","1-1",9,4,7,4,4,2,0,0,3,3,19,13,2,6,32,"3-3","Y","N","N",6,0,15
"6265","SC1",2025-11-15,"Raith Rvs","Airdrie Utd",0,3,"A",0,1,"A",1.5,3.8,6,"0-1","0-3",8,2,11,8,2,0,0,0,13,3,8,8,3,16,16,"13-3","Y","Y","N",2,0,15
"6266","SC1",2025-11-15,"Ross County","Morton",0,3,"A",0,1,"A",1.8,3.5,4,"0-1","0-3",9,2,4,4,0,4,0,0,5,4,7,15,3,9,22,"5-4","Y","Y","N",4,0,15
"6267","SC1",2025-11-15,"St Johnstone","Queens Park",4,3,"H",3,0,"H",1.2,5.75,11.5,"3-0","4-3",12,9,5,4,2,3,0,0,3,1,13,10,7,4,23,"3-1","Y","Y","Y",5,0,15
"6268","SC1",2025-11-22,"Airdrie Utd","Ayr",0,1,"A",0,1,"A",4.33,3.5,1.73,"0-1","0-1",10,2,5,1,2,1,0,1,3,2,11,9,1,5,20,"3-2","N","N","N",3,1,15
"6269","SC1",2025-11-22,"Arbroath","Raith Rvs",0,0,"D",0,0,"D",2.75,3.1,2.45,"0-0","0-0",6,4,6,0,1,1,0,0,4,4,12,10,0,8,22,"4-4","N","N","N",2,0,16
"6270","SC1",2025-11-22,"Dunfermline","Morton",1,0,"H",1,0,"H",1.91,3.13,4,"1-0","1-0",8,3,6,3,1,1,0,0,8,7,7,13,1,15,20,"8-7","N","N","N",2,0,16
"6271","SC1",2025-11-22,"Partick","St Johnstone",2,1,"H",2,0,"H",3,3.13,2.25,"2-0","2-1",9,4,14,3,1,0,0,0,6,7,11,7,3,13,18,"6-7","Y","Y","N",1,0,16
"6272","SC1",2025-11-25,"Partick","Dunfermline",1,0,"H",1,0,"H",1.83,3.25,4.1,"1-0","1-0",12,4,7,0,2,3,0,0,3,4,18,12,1,7,30,"3-4","N","N","N",5,0,16
"6273","SC1",2025-12-05,"Morton","Queens Park",2,1,"H",1,1,"D",1.7,3.5,4.6,"1-1","2-1",15,6,5,1,1,1,0,0,6,4,12,11,3,10,23,"6-4","Y","Y","N",2,0,16
"6274","SC1",2025-12-06,"Ayr","Partick",0,0,"D",0,0,"D",2.4,3.2,2.75,"0-0","0-0",6,2,12,5,1,2,0,0,8,8,11,7,0,16,18,"8-8","N","N","N",3,0,17
"6275","SC1",2025-12-06,"Dunfermline","Arbroath",1,2,"A",0,0,"D",1.9,3.2,3.9,"0-0","1-2",9,3,15,8,3,2,0,0,4,3,11,14,3,7,25,"4-3","Y","Y","N",5,0,17
"6276","SC1",2025-12-06,"Ross County","Airdrie Utd",1,2,"A",0,0,"D",1.6,3.7,5,"0-0","1-2",15,5,12,6,2,2,0,0,12,2,11,9,3,14,20,"12-2","Y","Y","N",4,0,17
"6277","SC1",2025-12-06,"St Johnstone","Raith Rvs",0,0,"D",0,0,"D",1.6,3.6,5.25,"0-0","0-0",18,7,4,1,0,5,0,0,8,1,5,14,0,9,19,"8-1","N","N","N",5,0,17
"6278","SC1",2025-12-12,"Ayr","St Johnstone",2,4,"A",2,0,"H",3.3,3.4,2,"2-0","2-4",5,3,16,8,1,4,0,0,2,7,7,13,6,9,20,"2-7","Y","Y","Y",5,0,17
"6279","SC1",2025-12-13,"Arbroath","Partick",2,1,"H",0,0,"D",3.3,3.3,2.05,"0-0","2-1",14,4,9,4,2,2,1,0,3,7,11,12,3,10,23,"3-7","Y","Y","N",4,1,18
"6280","SC1",2025-12-13,"Morton","Airdrie Utd",0,1,"A",0,0,"D",2,3.13,3.6,"0-0","0-1",16,4,10,3,3,3,0,0,7,4,13,7,1,11,20,"7-4","N","N","N",6,0,18
"6281","SC1",2025-12-13,"Queens Park","Dunfermline",1,1,"D",1,0,"H",4.2,3.3,1.8,"1-0","1-1",5,3,10,3,2,4,0,0,1,8,15,17,2,9,32,"1-8","Y","N","N",6,0,18
"6282","SC1",2025-12-13,"Raith Rvs","Ross County",6,0,"H",3,0,"H",1.93,3.4,3.6,"3-0","6-0",14,8,12,2,0,2,0,0,4,2,15,9,6,6,24,"4-2","Y","Y","Y",2,0,18
"6283","SC1",2025-12-20,"Airdrie Utd","Queens Park",0,3,"A",0,1,"A",1.83,3.3,4,"0-1","0-3",10,2,7,5,1,1,0,0,3,3,8,8,3,6,16,"3-3","Y","Y","N",2,0,18
"6284","SC1",2025-12-20,"Dunfermline","Ayr",2,3,"A",0,3,"A",2.5,3.1,2.7,"0-3","2-3",15,7,7,6,2,1,0,0,4,5,10,10,5,9,20,"4-5","Y","Y","Y",3,0,19
"6285","SC1",2025-12-20,"Partick","Raith Rvs",0,0,"D",0,0,"D",1.91,3.25,3.8,"0-0","0-0",10,2,9,3,3,5,0,1,4,0,9,15,0,4,24,"4-0","N","N","N",8,1,19
"6286","SC1",2025-12-20,"Ross County","Arbroath",0,2,"A",0,1,"A",2.1,3.3,3.13,"0-1","0-2",13,5,8,4,1,2,0,0,5,4,8,10,2,9,18,"5-4","Y","N","N",3,0,19
"6287","SC1",2025-12-20,"St Johnstone","Morton",5,0,"H",3,0,"H",1.36,4.4,7.5,"3-0","5-0",10,7,2,0,1,3,0,0,2,1,17,12,5,3,29,"2-1","Y","Y","Y",4,0,19
"6288","SC1",2025-12-27,"Arbroath","Airdrie Utd",1,1,"D",0,0,"D",1.8,3.4,4.1,"0-0","1-1",7,2,5,2,0,5,0,0,6,2,3,4,2,8,7,"6-2","Y","N","N",5,0,19
"6289","SC1",2025-12-27,"Morton","Ayr",1,1,"D",0,1,"A",2.9,3.2,2.3,"0-1","1-1",10,3,16,4,2,1,0,0,5,6,12,16,2,11,28,"5-6","Y","N","N",3,0,20
"6290","SC1",2025-12-27,"Queens Park","Partick",2,2,"D",1,2,"A",5.5,3.8,1.53,"1-2","2-2",8,4,7,2,1,0,0,0,5,2,3,6,4,7,9,"5-2","Y","Y","Y",1,0,20
"6291","SC1",2025-12-27,"Raith Rvs","Dunfermline",1,2,"A",0,2,"A",2.05,3.1,3.5,"0-2","1-2",8,4,7,2,2,3,0,0,4,5,9,9,3,9,18,"4-5","Y","Y","N",5,0,20
"6292","SC1",2025-12-27,"Ross County","St Johnstone",0,0,"D",0,0,"D",4.6,3.7,1.65,"0-0","0-0",5,1,13,3,6,4,0,0,3,8,12,11,0,11,23,"3-8","N","N","N",10,0,20
"6293","SC1",2026-01-03,"Airdrie Utd","Raith Rvs",0,0,"D",0,0,"D",3.4,3.2,2.05,"0-0","0-0",7,2,11,4,2,1,0,0,6,9,4,5,0,15,9,"6-9","N","N","N",3,0,20
"6294","SC1",2026-01-03,"Partick","Morton",3,2,"H",0,2,"A",1.57,3.75,5.25,"0-2","3-2",17,7,6,2,3,3,0,0,10,3,8,10,5,13,18,"10-3","Y","Y","Y",6,0,21
"6295","SC1",2026-01-03,"St Johnstone","Arbroath",1,0,"H",1,0,"H",1.36,4.4,7.5,"1-0","1-0",14,4,3,1,2,1,0,0,8,5,18,14,1,13,32,"8-5","N","N","N",3,0,21
"6296","SC1",2026-01-09,"Ross County","Partick",2,0,"H",2,0,"H",3.13,3.3,2.1,"2-0","2-0",8,4,14,7,1,0,0,0,4,11,10,5,2,15,15,"4-11","Y","N","N",1,0,21
"6297","SC1",2026-01-10,"Ayr","Airdrie Utd",1,1,"D",1,1,"D",1.6,3.7,5,"1-1","1-1",11,2,11,4,2,2,0,0,9,3,10,15,2,12,25,"9-3","Y","N","N",4,0,21
"6298","SC1",2026-01-10,"Raith Rvs","Arbroath",2,3,"A",0,2,"A",2,3.13,3.6,"0-2","2-3",7,4,9,6,2,0,0,0,2,4,15,9,5,6,24,"2-4","Y","Y","Y",2,0,21
"6299","SC1",2026-01-23,"Arbroath","Morton",1,1,"D",0,0,"D",1.85,3.3,4,"0-0","1-1",19,3,7,2,1,0,0,0,9,6,11,9,2,15,20,"9-6","Y","N","N",1,0,22
"6300","SC1",2026-01-24,"Airdrie Utd","Ross County",0,1,"A",0,0,"D",2.7,3.25,2.4,"0-0","0-1",2,2,7,4,1,2,0,0,3,3,8,13,1,6,21,"3-3","N","N","N",3,0,22
"6301","SC1",2026-01-24,"Partick","Ayr",2,1,"H",2,0,"H",1.91,3.3,3.7,"2-0","2-1",8,6,8,2,0,3,0,0,9,4,10,7,3,13,17,"9-4","Y","Y","N",3,0,22
"6302","SC1",2026-01-24,"Raith Rvs","Queens Park",4,1,"H",2,0,"H",1.57,3.75,5.25,"2-0","4-1",9,4,6,4,2,2,0,0,4,2,13,9,5,6,22,"4-2","Y","Y","Y",4,0,22
"6303","SC1",2026-01-24,"St Johnstone","Dunfermline",0,1,"A",0,0,"D",1.5,3.8,6,"0-0","0-1",8,3,7,3,3,3,0,0,10,6,12,9,1,16,21,"10-6","N","N","N",6,0,22
"6304","SC1",2026-01-30,"St Johnstone","Partick",2,2,"D",0,1,"A",1.73,3.5,4.33,"0-1","2-2",16,7,9,4,5,4,0,0,15,2,14,13,4,17,27,"15-2","Y","Y","Y",9,0,23
"6305","SC1",2026-01-31,"Ayr","Raith Rvs",2,1,"H",1,0,"H",2.05,3.1,3.5,"1-0","2-1",4,3,12,6,7,1,0,0,2,8,14,11,3,10,25,"2-8","Y","Y","N",8,0,23
"6306","SC1",2026-01-31,"Dunfermline","Airdrie Utd",0,2,"A",0,1,"A",1.7,3.4,4.75,"0-1","0-2",12,6,8,4,1,2,1,0,6,6,6,9,2,12,15,"6-6","Y","N","N",3,1,23
"6307","SC1",2026-01-31,"Morton","Ross County",2,1,"H",1,0,"H",2.6,3.2,2.5,"1-0","2-1",12,5,9,4,2,4,0,0,4,6,15,12,3,10,27,"4-6","Y","Y","N",6,0,23
"6308","SC1",2026-01-31,"Queens Park","Arbroath",2,1,"H",2,1,"H",3.4,3.3,2,"2-1","2-1",3,2,12,4,5,0,0,0,0,9,15,9,3,9,24,"0-9","Y","Y","N",5,0,23
"6309","SC1",2026-02-03,"Queens Park","Ross County",0,1,"A",0,0,"D",3.1,3.2,2.15,"0-0","0-1",7,1,8,1,0,3,0,0,4,3,10,10,1,7,20,"4-3","N","N","N",3,0,24
"6310","SC1",2026-02-13,"Airdrie Utd","St Johnstone",0,1,"A",0,1,"A",4.75,3.5,1.67,"0-1","0-1",13,5,6,4,2,3,0,0,8,6,10,11,1,14,21,"8-6","N","N","N",5,0,24
"6311","SC1",2026-02-14,"Morton","Raith Rvs",0,0,"D",0,0,"D",3.1,3,2.25,"0-0","0-0",8,2,4,2,4,4,0,0,8,1,13,16,0,9,29,"8-1","N","N","N",8,0,24
"6312","SC1",2026-02-14,"Ross County","Queens Park",0,1,"A",0,1,"A",1.67,3.7,4.5,"0-1","0-1",8,1,11,2,2,2,0,0,4,2,11,11,1,6,22,"4-2","N","N","N",4,0,24
"6313","SC1",2026-02-17,"Morton","Dunfermline",2,0,"H",1,0,"H",2.9,3,2.38,"1-0","2-0",12,3,7,0,2,2,0,1,2,6,10,13,2,8,23,"2-6","Y","N","N",4,1,24
"6314","SC1",2026-02-20,"Raith Rvs","St Johnstone",0,0,"D",0,0,"D",3.7,3.2,1.95,"0-0","0-0",5,2,13,5,6,1,0,0,3,6,18,8,0,9,26,"3-6","N","N","N",7,0,25
"6315","SC1",2026-02-21,"Arbroath","Dunfermline",4,2,"H",1,1,"D",2.25,3.13,3,"1-1","4-2",8,5,5,4,1,3,1,0,5,4,9,7,6,9,16,"5-4","Y","Y","Y",4,1,25
"6316","SC1",2026-02-21,"Ayr","Ross County",0,0,"D",0,0,"D",1.9,3.4,3.6,"0-0","0-0",7,2,1,1,2,3,0,0,1,4,12,13,0,5,25,"1-4","N","N","N",5,0,25
"6317","SC1",2026-02-21,"Partick","Airdrie Utd",1,0,"H",1,0,"H",1.57,3.75,5.25,"1-0","1-0",19,7,8,2,5,3,0,0,7,4,12,9,1,11,21,"7-4","N","N","N",8,0,25
"6318","SC1",2026-02-21,"Queens Park","Morton",3,2,"H",1,1,"D",2.7,3.1,2.5,"1-1","3-2",10,6,8,5,1,2,0,0,3,4,9,17,5,7,26,"3-4","Y","Y","Y",3,0,25
"6319","SC1",2026-02-24,"Dunfermline","Partick",2,2,"D",0,1,"A",3,3.13,2.3,"0-1","2-2",4,2,8,2,2,4,0,0,1,3,11,17,4,4,28,"1-3","Y","Y","Y",6,0,26
"6320","SC1",2026-02-24,"Queens Park","St Johnstone",1,1,"D",0,0,"D",6,4.1,1.45,"0-0","1-1",3,1,9,4,3,3,0,1,2,8,11,15,2,10,26,"2-8","Y","N","N",6,1,26
"6321","SC1",2026-02-28,"Airdrie Utd","Morton",3,1,"H",1,1,"D",2.4,3.13,2.8,"1-1","3-1",17,8,12,5,3,2,0,2,11,7,15,14,4,18,29,"11-7","Y","Y","Y",5,2,26
"6322","SC1",2026-02-28,"Dunfermline","Queens Park",1,0,"H",1,0,"H",1.8,3.5,4,"1-0","1-0",10,5,13,3,1,1,0,0,2,3,14,16,1,5,30,"2-3","N","N","N",2,0,26
"6323","SC1",2026-02-28,"Partick","Arbroath",0,0,"D",0,0,"D",1.83,3.4,3.9,"0-0","0-0",2,1,5,3,2,6,1,1,4,4,7,17,0,8,24,"4-4","N","N","N",8,2,26
"6324","SC1",2026-02-28,"Ross County","Raith Rvs",2,0,"H",2,0,"H",2.5,3.1,2.7,"2-0","2-0",6,2,4,1,2,2,0,0,5,5,11,14,2,10,25,"5-5","Y","N","N",4,0,27
"6325","SC1",2026-02-28,"St Johnstone","Ayr",3,1,"H",2,1,"H",1.53,3.8,5.5,"2-1","3-1",8,5,5,3,2,3,0,0,8,7,14,20,4,15,34,"8-7","Y","Y","Y",5,0,27
"6326","SC1",2026-03-03,"Arbroath","Ayr",1,1,"D",0,0,"D",2.3,3.2,2.88,"0-0","1-1",5,4,6,2,1,3,0,0,4,2,8,13,2,6,21,"4-2","Y","N","N",4,0,27
"6327","SC1",2026-03-03,"Dunfermline","Ross County",3,0,"H",2,0,"H",1.93,3.25,3.75,"2-0","3-0",9,5,2,2,3,4,0,0,1,2,14,20,3,3,34,"1-2","Y","Y","N",7,0,27
"6328","SC1",2026-03-07,"Queens Park","Airdrie Utd",1,0,"H",1,0,"H",2.4,3.25,2.7,"1-0","1-0",7,2,10,6,2,2,0,0,4,6,9,10,1,10,19,"4-6","N","N","N",4,0,27
"6329","SC1",2026-03-07,"Arbroath","Ross County",0,0,"D",0,0,"D",2.2,3.13,3.13,"0-0","0-0",6,1,6,3,4,5,0,2,5,4,11,13,0,9,24,"5-4","N","N","N",9,2,28
"6330","SC1",2026-03-07,"Morton","St Johnstone",0,2,"A",0,0,"D",5.5,3.8,1.53,"0-0","0-2",9,2,20,8,3,1,0,0,2,8,14,10,2,10,24,"2-8","Y","N","N",4,0,28
"6331","SC1",2026-03-10,"Ayr","Queens Park",1,2,"A",0,0,"D",1.7,3.5,4.6,"0-0","1-2",9,2,4,3,2,0,0,0,6,3,7,6,3,9,13,"6-3","Y","Y","N",2,0,28
"6332","SC1",2026-03-13,"Morton","Partick",1,2,"A",1,1,"D",4.1,3.4,1.8,"1-1","1-2",13,5,15,6,4,0,1,0,4,4,11,13,3,8,24,"4-4","Y","Y","N",4,1,28
"6333","SC1",2026-03-14,"Airdrie Utd","Arbroath",0,0,"D",0,0,"D",2.6,3.13,2.55,"0-0","0-0",7,2,14,5,3,1,0,0,7,5,16,8,0,12,24,"7-5","N","N","N",4,0,28
"6334","SC1",2026-03-14,"Dunfermline","Raith Rvs",3,0,"H",1,0,"H",2.55,3,2.7,"1-0","3-0",9,6,4,3,2,4,0,0,7,1,6,13,3,8,19,"7-1","Y","Y","N",6,0,29
"6335","SC1",2026-03-14,"Queens Park","Ayr",1,1,"D",1,1,"D",3,3.1,2.3,"1-1","1-1",6,2,15,8,2,2,0,0,2,5,11,16,2,7,27,"2-5","Y","N","N",4,0,29
"6336","SC1",2026-03-14,"St Johnstone","Ross County",1,0,"H",1,0,"H",1.45,4,6.5,"1-0","1-0",6,2,3,0,2,4,0,0,3,1,14,19,1,4,33,"3-1","N","N","N",6,0,29
"6337","SC1",2026-03-20,"Partick","St Johnstone",0,0,"D",0,0,"D",3,3.25,2.2,"0-0","0-0",6,1,15,2,1,2,0,0,4,7,15,12,0,11,27,"4-7","N","N","N",3,0,29
"6338","SC1",2026-03-21,"Arbroath","Queens Park",1,0,"H",1,0,"H",1.8,3.25,4.33,"1-0","1-0",1,1,7,3,2,2,0,0,8,2,12,8,1,10,20,"8-2","N","N","N",4,0,29
"6339","SC1",2026-03-21,"Ayr","Morton",0,1,"A",0,1,"A",1.75,3.5,4.2,"0-1","0-1",12,3,6,4,4,3,0,0,9,3,11,5,1,12,16,"9-3","N","N","N",7,0,30
"6340","SC1",2026-03-21,"Raith Rvs","Airdrie Utd",3,1,"H",0,0,"D",1.95,3.2,3.7,"0-0","3-1",16,5,8,5,0,1,0,0,6,0,6,9,4,6,15,"6-0","Y","Y","Y",1,0,30
"6341","SC1",2026-03-21,"Ross County","Dunfermline",2,2,"D",2,1,"H",2.25,3,3.1,"2-1","2-2",9,5,5,3,2,2,1,0,13,4,12,8,4,17,20,"13-4","Y","Y","Y",4,1,30
"6342","SC1",2026-03-24,"Raith Rvs","Partick",0,2,"A",0,1,"A",3.1,3,2.3,"0-1","0-2",10,4,8,6,2,4,0,0,7,4,11,14,2,11,25,"7-4","Y","N","N",6,0,30
"6343","SC1",2026-03-27,"Partick","Ross County",3,1,"H",3,1,"H",1.75,3.4,4.33,"3-1","3-1",9,4,7,2,0,1,0,0,8,2,11,17,4,10,28,"8-2","Y","Y","Y",1,0,30
"6344","SC1",2026-03-27,"Raith Rvs","Ayr",3,0,"H",1,0,"H",2.4,3,2.9,"1-0","3-0",10,6,6,1,1,1,0,0,6,4,7,9,3,10,16,"6-4","Y","Y","N",2,0,31
"6345","SC1",2026-03-28,"Morton","Arbroath",2,1,"H",2,1,"H",3,3.13,2.25,"2-1","2-1",9,2,14,5,2,1,0,0,1,4,14,10,3,5,24,"1-4","Y","Y","N",3,0,31
"6346","SC1",2026-03-28,"St Johnstone","Queens Park",1,1,"D",0,1,"A",1.25,5.25,10,"0-1","1-1",13,3,3,2,2,2,0,0,7,2,12,11,2,9,23,"7-2","Y","N","N",4,0,31
"6347","SC1",2026-04-04,"Arbroath","St Johnstone",2,4,"A",1,1,"D",4.5,3.4,1.73,"1-1","2-4",4,3,8,4,4,4,0,0,3,4,13,15,6,7,28,"3-4","Y","Y","Y",8,0,31
"6348","SC1",2026-04-04,"Ayr","Partick",1,1,"D",0,0,"D",2.8,3.4,2.25,"0-0","1-1",12,2,7,3,3,3,0,1,5,6,10,10,2,11,20,"5-6","Y","N","N",6,1,31
"6349","SC1",2026-04-04,"Dunfermline","Morton",3,1,"H",0,1,"A",1.83,3.4,3.9,"0-1","3-1",16,7,8,4,0,1,0,0,6,4,12,11,4,10,23,"6-4","Y","Y","Y",1,0,32
"6350","SC1",2026-04-04,"Ross County","Airdrie Utd",0,4,"A",0,3,"A",1.8,3.5,4,"0-3","0-4",10,3,8,6,3,0,0,0,7,3,11,9,4,10,20,"7-3","Y","Y","Y",3,0,32
"6351","SC1",2026-04-07,"Ayr","Dunfermline",0,3,"A",0,1,"A",2.25,3.1,3,"0-1","0-3",2,0,8,6,3,1,1,0,3,0,13,11,3,3,24,"3-0","Y","Y","N",4,1,32
"6352","SC1",2026-04-10,"Queens Park","Ross County",1,0,"H",1,0,"H",2.75,3.1,2.45,"1-0","1-0",6,1,3,2,1,5,0,0,4,1,11,19,1,5,30,"4-1","N","N","N",6,0,32
"6353","SC1",2026-04-11,"Ayr","Arbroath",1,0,"H",0,0,"D",2.3,3.1,3,"0-0","1-0",12,7,3,0,3,2,0,0,7,3,13,16,1,10,29,"7-3","N","N","N",5,0,32
"6354","SC1",2026-04-11,"Partick","Dunfermline",2,0,"H",2,0,"H",1.95,3.4,3.5,"2-0","2-0",12,5,5,1,0,0,0,0,5,2,11,9,2,7,20,"5-2","Y","N","N",0,0,33
"6355","SC1",2026-04-11,"Raith Rvs","Morton",3,2,"H",0,1,"A",1.87,3.3,3.9,"0-1","3-2",16,7,7,5,0,2,0,0,9,2,9,8,5,11,17,"9-2","Y","Y","Y",2,0,33
"6356","SC1",2026-04-11,"St Johnstone","Airdrie Utd",4,0,"H",3,0,"H",1.22,5.5,10.5,"3-0","4-0",13,6,0,0,1,1,0,0,6,4,14,11,4,10,25,"6-4","Y","Y","Y",2,0,33
"6357","SC2",2025-08-02,"Cove Rangers","Queen of Sth",0,2,"A",0,1,"A",2.25,3.3,2.88,"0-1","0-2",7,3,14,8,5,2,0,0,5,3,18,15,2,8,33,"5-3","Y","N","N",7,0,1
"6358","SC2",2025-08-02,"Hamilton","Montrose",2,0,"H",1,0,"H",1.95,3.5,3.4,"1-0","2-0",10,5,12,2,1,0,0,0,2,2,6,10,2,4,16,"2-2","Y","N","N",1,0,1
"6359","SC2",2025-08-02,"Kelty Hearts","Inverness C",0,3,"A",0,2,"A",4.5,3.6,1.67,"0-2","0-3",5,2,14,8,1,2,0,0,1,6,10,12,3,7,22,"1-6","Y","Y","N",3,0,1
"6360","SC2",2025-08-02,"Peterhead","East Fife",4,1,"H",3,1,"H",2.2,3.4,2.9,"3-1","4-1",7,4,9,1,3,3,0,0,8,2,13,12,5,10,25,"8-2","Y","Y","Y",6,0,1
"6361","SC2",2025-08-02,"Stenhousemuir","Alloa",1,2,"A",1,1,"D",2.5,3.3,2.55,"1-1","1-2",9,6,11,6,2,1,0,0,3,6,9,8,3,9,17,"3-6","Y","Y","N",3,0,1
"6362","SC2",2025-08-09,"East Fife","Alloa",0,1,"A",0,0,"D",3,3.3,2.2,"0-0","0-1",11,4,3,2,2,6,0,0,12,2,17,15,1,14,32,"12-2","N","N","N",8,0,2
"6363","SC2",2025-08-09,"Inverness C","Peterhead",2,0,"H",1,0,"H",1.65,3.6,4.75,"1-0","2-0",13,8,5,0,3,1,0,0,6,2,20,7,2,8,27,"6-2","Y","N","N",4,0,2
"6364","SC2",2025-08-09,"Montrose","Kelty Hearts",1,2,"A",1,1,"D",1.95,3.3,3.6,"1-1","1-2",14,3,4,3,3,3,0,1,4,2,10,11,3,6,21,"4-2","Y","Y","N",6,1,2
"6365","SC2",2025-08-09,"Queen of Sth","Hamilton",1,4,"A",0,2,"A",2.15,3.3,3.1,"0-2","1-4",5,4,20,12,1,2,0,0,3,4,9,16,5,7,25,"3-4","Y","Y","Y",3,0,2
"6366","SC2",2025-08-09,"Stenhousemuir","Cove Rangers",1,0,"H",1,0,"H",3,3.4,2.15,"1-0","1-0",6,4,6,2,1,4,0,0,4,4,18,21,1,8,39,"4-4","N","N","N",5,0,2
"6367","SC2",2025-08-16,"Cove Rangers","Montrose",3,3,"D",2,1,"H",1.93,3.3,3.7,"2-1","3-3",15,6,5,5,4,1,0,1,6,2,16,13,6,8,29,"6-2","Y","Y","Y",5,1,3
"6368","SC2",2025-08-16,"Hamilton","East Fife",1,2,"A",1,0,"H",1.55,3.9,5.25,"1-0","1-2",13,6,10,7,1,2,0,0,7,7,10,15,3,14,25,"7-7","Y","Y","N",3,0,3
"6369","SC2",2025-08-16,"Inverness C","Stenhousemuir",1,2,"A",1,1,"D",1.65,3.5,5,"1-1","1-2",19,8,4,3,2,3,0,0,9,1,12,12,3,10,24,"9-1","Y","Y","N",5,0,3
"6370","SC2",2025-08-16,"Queen of Sth","Peterhead",4,0,"H",1,0,"H",2.05,3.3,3.3,"1-0","4-0",24,10,8,2,3,3,0,0,9,9,8,6,4,18,14,"9-9","Y","Y","Y",6,0,3
"6371","SC2",2025-08-23,"Alloa","Hamilton",1,0,"H",0,0,"D",2.7,3.1,2.5,"0-0","1-0",7,5,8,2,0,1,0,0,3,3,5,5,1,6,10,"3-3","N","N","N",1,0,3
"6372","SC2",2025-08-23,"East Fife","Kelty Hearts",2,1,"H",1,1,"D",1.8,3.4,4.1,"1-1","2-1",18,6,7,1,3,1,1,0,8,5,15,11,3,13,26,"8-5","Y","Y","N",4,1,4
"6373","SC2",2025-08-23,"Montrose","Inverness C",0,2,"A",0,2,"A",3.75,3.4,1.87,"0-2","0-2",4,1,13,7,1,0,0,0,3,3,10,10,2,6,20,"3-3","Y","N","N",1,0,4
"6374","SC2",2025-08-23,"Peterhead","Cove Rangers",3,1,"H",2,0,"H",2.63,3.2,2.5,"2-0","3-1",10,8,6,4,2,3,0,1,3,5,11,13,4,8,24,"3-5","Y","Y","Y",5,1,4
"6375","SC2",2025-08-23,"Stenhousemuir","Queen of Sth",0,0,"D",0,0,"D",2.88,3.3,2.25,"0-0","0-0",12,4,9,1,4,2,0,0,5,1,13,16,0,6,29,"5-1","N","N","N",6,0,4
"6376","SC2",2025-08-30,"Inverness C","Alloa",1,0,"H",0,0,"D",1.57,4,4.8,"0-0","1-0",14,6,7,2,2,1,0,0,9,5,10,11,1,14,21,"9-5","N","N","N",3,0,4
"6377","SC2",2025-08-30,"Montrose","Peterhead",2,1,"H",2,1,"H",2.38,3.3,2.7,"2-1","2-1",6,3,11,3,4,0,0,0,6,6,16,11,3,12,27,"6-6","Y","Y","N",4,0,5
"6378","SC2",2025-08-30,"Queen of Sth","Kelty Hearts",2,1,"H",1,0,"H",1.53,4,5.25,"1-0","2-1",17,9,7,2,2,2,0,0,3,3,12,13,3,6,25,"3-3","Y","Y","N",4,0,5
"6379","SC2",2025-08-30,"Stenhousemuir","East Fife",1,1,"D",0,0,"D",2.5,3.3,2.55,"0-0","1-1",8,4,8,6,4,3,0,1,4,4,11,20,2,8,31,"4-4","Y","N","N",7,1,5
"6380","SC2",2025-08-30,"Hamilton","Cove Rangers",0,0,"D",0,0,"D",1.87,3.5,3.7,"0-0","0-0",7,2,7,3,0,1,0,0,7,1,9,13,0,8,22,"7-1","N","N","N",1,0,5
"6381","SC2",2025-09-13,"Alloa","Montrose",0,1,"A",0,0,"D",2.3,3.2,2.88,"0-0","0-1",10,4,8,3,0,4,0,0,7,6,6,17,1,13,23,"7-6","N","N","N",4,0,5
"6382","SC2",2025-09-13,"East Fife","Queen of Sth",2,1,"H",1,1,"D",2.4,3.4,2.63,"1-1","2-1",10,3,3,2,4,4,0,0,4,1,14,15,3,5,29,"4-1","Y","Y","N",8,0,6
"6383","SC2",2025-09-13,"Kelty Hearts","Stenhousemuir",0,1,"A",0,1,"A",3.6,3.3,1.95,"0-1","0-1",3,2,16,11,2,3,0,0,4,10,12,18,1,14,30,"4-10","N","N","N",5,0,6
"6384","SC2",2025-09-13,"Peterhead","Hamilton",2,2,"D",1,1,"D",2.63,3.25,2.45,"1-1","2-2",13,5,10,4,3,4,0,0,7,8,12,13,4,15,25,"7-8","Y","Y","Y",7,0,6
"6385","SC2",2025-09-13,"Cove Rangers","Inverness C",0,1,"A",0,0,"D",6.5,3.6,1.5,"0-0","0-1",9,2,9,3,4,2,0,0,4,6,14,10,1,10,24,"4-6","N","N","N",6,0,6
"6386","SC2",2025-09-20,"Alloa","Cove Rangers",2,1,"H",2,0,"H",2.15,3.25,3.13,"2-0","2-1",10,5,6,2,1,2,0,0,3,4,11,12,3,7,23,"3-4","Y","Y","N",3,0,6
"6387","SC2",2025-09-20,"East Fife","Montrose",1,1,"D",1,1,"D",1.87,3.4,3.7,"1-1","1-1",17,4,7,4,2,2,0,0,5,2,15,14,2,7,29,"5-2","Y","N","N",4,0,7
"6388","SC2",2025-09-20,"Kelty Hearts","Hamilton",0,4,"A",0,3,"A",4.6,3.9,1.62,"0-3","0-4",7,3,13,5,2,1,1,0,0,10,9,10,4,10,19,"0-10","Y","Y","Y",3,1,7
"6389","SC2",2025-09-20,"Queen of Sth","Inverness C",0,2,"A",0,1,"A",3.9,3.3,1.87,"0-1","0-2",8,1,23,16,2,5,0,0,1,7,10,15,2,8,25,"1-7","Y","N","N",7,0,7
"6390","SC2",2025-09-20,"Stenhousemuir","Peterhead",3,1,"H",1,1,"D",2.3,3.3,2.8,"1-1","3-1",6,3,7,6,4,3,0,0,3,4,20,19,4,7,39,"3-4","Y","Y","Y",7,0,7
"6391","SC2",2025-09-27,"Cove Rangers","Kelty Hearts",0,2,"A",0,1,"A",1.67,3.7,4.5,"0-1","0-2",18,5,4,2,3,4,0,0,8,1,10,8,2,9,18,"8-1","Y","N","N",7,0,7
"6392","SC2",2025-09-27,"Hamilton","Stenhousemuir",2,0,"H",1,0,"H",1.7,3.6,4.4,"1-0","2-0",8,4,8,2,1,3,0,0,2,4,6,8,2,6,14,"2-4","Y","N","N",4,0,8
"6393","SC2",2025-09-27,"Inverness C","East Fife",4,1,"H",1,1,"D",1.45,4.2,6,"1-1","4-1",20,7,6,4,0,0,0,0,4,3,12,11,5,7,23,"4-3","Y","Y","Y",0,0,8
"6394","SC2",2025-09-27,"Montrose","Queen of Sth",2,1,"H",0,0,"D",2.38,3.4,2.63,"0-0","2-1",12,4,8,2,4,2,0,0,4,4,14,14,3,8,28,"4-4","Y","Y","N",6,0,8
"6395","SC2",2025-09-27,"Peterhead","Alloa",2,1,"H",2,1,"H",2.15,3.5,2.9,"2-1","2-1",10,6,8,5,3,2,0,0,3,7,14,10,3,10,24,"3-7","Y","Y","N",5,0,8
"6396","SC2",2025-10-04,"East Fife","Cove Rangers",2,0,"H",1,0,"H",1.9,3.5,3.5,"1-0","2-0",14,8,10,5,1,1,0,0,6,7,6,12,2,13,18,"6-7","Y","N","N",2,0,8
"6397","SC2",2025-10-04,"Hamilton","Inverness C",3,1,"H",1,0,"H",3.6,3.4,1.93,"1-0","3-1",12,8,6,2,2,1,0,0,2,4,12,9,4,6,21,"2-4","Y","Y","Y",3,0,9
"6398","SC2",2025-10-04,"Kelty Hearts","Peterhead",1,2,"A",1,1,"D",3.6,3.4,1.91,"1-1","1-2",4,3,4,2,3,0,0,0,2,4,16,16,3,6,32,"2-4","Y","Y","N",3,0,9
"6399","SC2",2025-10-04,"Stenhousemuir","Montrose",3,1,"H",2,0,"H",2.15,3.25,3.1,"2-0","3-1",12,6,13,6,1,3,0,0,2,3,14,11,4,5,25,"2-3","Y","Y","Y",4,0,9
"6400","SC2",2025-10-04,"Queen of Sth","Alloa",1,0,"H",0,0,"D",2.05,3.5,3.13,"0-0","1-0",11,3,9,3,6,5,0,0,2,2,20,15,1,4,35,"2-2","N","N","N",11,0,9
"6401","SC2",2025-10-07,"Kelty Hearts","Alloa",0,2,"A",0,1,"A",3.8,3.5,1.83,"0-1","0-2",8,5,14,9,2,1,1,0,4,5,10,13,2,9,23,"4-5","Y","N","N",3,1,9
"6402","SC2",2025-10-18,"Alloa","East Fife",1,1,"D",0,0,"D",2.2,3.25,3,"0-0","1-1",4,2,8,4,2,3,0,0,3,5,11,14,2,8,25,"3-5","Y","N","N",5,0,10
"6403","SC2",2025-10-18,"Cove Rangers","Stenhousemuir",0,1,"A",0,0,"D",3.13,3.25,2.15,"0-0","0-1",8,2,2,1,3,3,0,0,3,1,16,11,1,4,27,"3-1","N","N","N",6,0,10
"6404","SC2",2025-10-18,"Inverness C","Kelty Hearts",2,2,"D",1,2,"A",1.14,6.5,15,"1-2","2-2",19,7,7,3,0,3,0,0,11,2,10,8,4,13,18,"11-2","Y","Y","Y",3,0,10
"6405","SC2",2025-10-18,"Montrose","Hamilton",0,4,"A",0,1,"A",2.63,3.25,2.45,"0-1","0-4",6,1,7,6,2,4,1,0,4,2,10,10,4,6,20,"4-2","Y","Y","Y",6,1,10
"6406","SC2",2025-10-18,"Peterhead","Queen of Sth",3,0,"H",2,0,"H",2.2,3.4,2.88,"2-0","3-0",10,3,6,2,2,4,0,0,5,2,18,13,3,7,31,"5-2","Y","Y","N",6,0,10
"6407","SC2",2025-10-24,"Hamilton","Queen of Sth",1,2,"A",0,1,"A",1.5,4.1,5.5,"0-1","1-2",9,5,12,5,1,3,0,0,6,5,9,12,3,11,21,"6-5","Y","Y","N",4,0,11
"6408","SC2",2025-10-25,"Alloa","Stenhousemuir",0,0,"D",0,0,"D",2.63,3.25,2.45,"0-0","0-0",6,6,7,2,2,3,1,0,5,5,15,19,0,10,34,"5-5","N","N","N",5,1,11
"6409","SC2",2025-10-25,"Kelty Hearts","East Fife",0,3,"A",0,1,"A",3.9,3.5,1.8,"0-1","0-3",8,3,15,8,1,2,0,0,7,6,6,8,3,13,14,"7-6","Y","Y","N",3,0,11
"6410","SC2",2025-10-25,"Montrose","Cove Rangers",0,3,"A",0,1,"A",2.1,3.25,3.2,"0-1","0-3",11,2,13,6,0,2,0,0,3,3,11,19,3,6,30,"3-3","Y","Y","N",2,0,11
"6411","SC2",2025-10-25,"Peterhead","Inverness C",0,1,"A",0,0,"D",4.75,3.9,1.6,"0-0","0-1",10,2,6,1,4,4,0,0,5,4,14,16,1,9,30,"5-4","N","N","N",8,0,11
"6412","SC2",2025-11-01,"Alloa","Kelty Hearts",3,0,"H",2,0,"H",1.45,4.2,6,"2-0","3-0",10,10,5,2,5,7,0,0,3,3,16,11,3,6,27,"3-3","Y","Y","N",12,0,12
"6413","SC2",2025-11-01,"Cove Rangers","Peterhead",1,2,"A",1,1,"D",2.8,3.3,2.3,"1-1","1-2",13,4,8,5,2,3,0,0,6,5,18,14,3,11,32,"6-5","Y","Y","N",5,0,12
"6414","SC2",2025-11-01,"East Fife","Hamilton",1,1,"D",0,0,"D",2.6,3.4,2.4,"0-0","1-1",5,3,7,4,1,2,0,0,1,1,11,11,2,2,22,"1-1","Y","N","N",3,0,12
"6415","SC2",2025-11-01,"Inverness C","Montrose",1,0,"H",0,0,"D",1.36,4.4,7.5,"0-0","1-0",19,10,5,3,2,2,0,0,12,1,14,10,1,13,24,"12-1","N","N","N",4,0,12
"6416","SC2",2025-11-01,"Queen of Sth","Stenhousemuir",1,1,"D",1,0,"H",2.7,3.13,2.45,"1-0","1-1",14,3,10,4,4,3,0,0,5,10,16,14,2,15,30,"5-10","Y","N","N",7,0,12
"6417","SC2",2025-11-08,"Hamilton","Peterhead",3,0,"H",2,0,"H",1.73,3.7,4.1,"2-0","3-0",14,9,7,1,1,2,0,0,3,2,8,12,3,5,20,"3-2","Y","Y","N",3,0,13
"6418","SC2",2025-11-08,"Inverness C","Cove Rangers",1,0,"H",1,0,"H",1.33,4.5,8,"1-0","1-0",22,4,4,1,0,1,0,0,15,2,10,6,1,17,16,"15-2","N","N","N",1,0,13
"6419","SC2",2025-11-08,"Montrose","Alloa",0,4,"A",0,1,"A",2.75,3.2,2.38,"0-1","0-4",9,1,13,6,0,1,0,0,4,4,12,12,4,8,24,"4-4","Y","Y","Y",1,0,13
"6420","SC2",2025-11-08,"Queen of Sth","East Fife",3,0,"H",2,0,"H",2.2,3.4,2.88,"2-0","3-0",12,7,10,3,0,4,0,0,1,4,5,11,3,5,16,"1-4","Y","Y","N",4,0,13
"6421","SC2",2025-11-08,"Stenhousemuir","Kelty Hearts",2,2,"D",0,1,"A",1.4,4.2,7,"0-1","2-2",9,4,10,6,3,3,0,0,5,5,10,15,4,10,25,"5-5","Y","Y","Y",6,0,13
"6422","SC2",2025-11-15,"Cove Rangers","Hamilton",2,1,"H",2,1,"H",4.1,3.6,1.75,"2-1","2-1",9,6,14,8,1,0,0,0,2,7,9,8,3,9,17,"2-7","Y","Y","N",1,0,14
"6423","SC2",2025-11-15,"Kelty Hearts","Queen of Sth",1,1,"D",0,0,"D",4.2,3.5,1.75,"0-0","1-1",9,2,11,4,3,3,0,0,7,9,16,13,2,16,29,"7-9","Y","N","N",6,0,14
"6424","SC2",2025-11-15,"Peterhead","Montrose",1,1,"D",0,0,"D",1.7,3.6,4.4,"0-0","1-1",13,5,8,3,1,4,0,0,5,4,13,17,2,9,30,"5-4","Y","N","N",5,0,14
"6425","SC2",2025-11-15,"East Fife","Stenhousemuir",1,0,"H",0,0,"D",2.15,3.25,3.13,"0-0","1-0",7,2,5,2,4,3,0,0,7,7,15,11,1,14,26,"7-7","N","N","N",7,0,14
"6426","SC2",2025-11-22,"Cove Rangers","Alloa",0,0,"D",0,0,"D",2.8,3.3,2.3,"0-0","0-0",10,7,13,5,4,1,0,0,8,8,13,7,0,16,20,"8-8","N","N","N",5,0,14
"6427","SC2",2025-11-22,"Hamilton","Kelty Hearts",3,1,"H",1,1,"D",1.29,5,8.5,"1-1","3-1",7,3,10,6,3,2,0,0,1,7,13,10,4,8,23,"1-7","Y","Y","Y",5,0,15
"6428","SC2",2025-11-22,"Montrose","East Fife",2,1,"H",2,1,"H",3.6,3.4,1.93,"2-1","2-1",9,5,8,5,0,2,0,0,5,6,10,16,3,11,26,"5-6","Y","Y","N",2,0,15
"6429","SC2",2025-11-22,"Peterhead","Stenhousemuir",1,4,"A",0,1,"A",2.3,3.2,2.9,"0-1","1-4",12,3,11,7,3,3,0,0,6,1,17,22,5,7,39,"6-1","Y","Y","Y",6,0,15
"6430","SC2",2025-11-22,"Inverness C","Queen of Sth",4,0,"H",2,0,"H",1.4,4.4,6.5,"2-0","4-0",14,8,1,1,1,2,0,0,6,1,11,14,4,7,25,"6-1","Y","Y","Y",3,0,15
"6431","SC2",2025-11-25,"Alloa","Inverness C",1,1,"D",0,1,"A",4.75,3.75,1.62,"0-1","1-1",8,2,10,3,1,1,0,0,5,6,10,11,2,11,21,"5-6","Y","N","N",2,0,15
"6432","SC2",2025-12-06,"Alloa","Peterhead",4,0,"H",1,0,"H",1.91,3.4,3.6,"1-0","4-0",12,8,4,1,2,1,0,0,6,1,20,13,4,7,33,"6-1","Y","Y","Y",3,0,16
"6433","SC2",2025-12-06,"Kelty Hearts","Montrose",0,3,"A",0,2,"A",3,3.25,2.2,"0-2","0-3",6,2,11,5,2,3,0,0,4,3,6,14,3,7,20,"4-3","Y","Y","N",5,0,16
"6434","SC2",2025-12-06,"Queen of Sth","Cove Rangers",1,1,"D",0,1,"A",2.05,3.5,3.1,"0-1","1-1",10,3,12,6,0,2,0,0,2,4,7,16,2,6,23,"2-4","Y","N","N",2,0,16
"6435","SC2",2025-12-06,"Stenhousemuir","Hamilton",0,0,"D",0,0,"D",2.7,3.25,2.4,"0-0","0-0",15,5,7,5,2,4,0,0,4,1,11,13,0,5,24,"4-1","N","N","N",6,0,16
"6436","SC2",2025-12-13,"Alloa","Queen of Sth",0,2,"A",0,1,"A",1.85,3.4,3.8,"0-1","0-2",7,2,15,5,4,5,0,0,5,4,11,20,2,9,31,"5-4","Y","N","N",9,0,16
"6437","SC2",2025-12-13,"Cove Rangers","East Fife",0,1,"A",0,0,"D",2.5,3.3,2.55,"0-0","0-1",6,3,8,5,0,0,0,0,4,3,6,8,1,7,14,"4-3","N","N","N",0,0,17
"6438","SC2",2025-12-13,"Inverness C","Hamilton",4,0,"H",2,0,"H",1.65,3.5,5,"2-0","4-0",10,5,6,0,0,2,0,0,8,4,9,17,4,12,26,"8-4","Y","Y","Y",2,0,17
"6439","SC2",2025-12-13,"Montrose","Stenhousemuir",3,0,"H",2,0,"H",2.88,3.3,2.25,"2-0","3-0",5,4,10,5,2,1,0,0,1,4,12,11,3,5,23,"1-4","Y","Y","N",3,0,17
"6440","SC2",2025-12-13,"Peterhead","Kelty Hearts",3,2,"H",1,0,"H",1.65,3.75,4.5,"1-0","3-2",7,4,4,2,1,0,1,0,3,2,16,11,5,5,27,"3-2","Y","Y","Y",1,1,17
"6441","SC2",2025-12-20,"East Fife","Peterhead",0,1,"A",0,1,"A",2.15,3.4,3,"0-1","0-1",3,0,7,2,3,2,0,0,3,7,14,8,1,10,22,"3-7","N","N","N",5,0,17
"6442","SC2",2025-12-20,"Hamilton","Alloa",1,0,"H",1,0,"H",2.45,3.25,2.63,"1-0","1-0",7,2,11,4,2,2,0,0,7,8,16,11,1,15,27,"7-8","N","N","N",4,0,18
"6443","SC2",2025-12-20,"Kelty Hearts","Cove Rangers",2,5,"A",2,1,"H",3.13,3.25,2.15,"2-1","2-5",9,6,11,7,2,1,0,0,3,3,7,8,7,6,15,"3-3","Y","Y","Y",3,0,18
"6444","SC2",2025-12-20,"Queen of Sth","Montrose",1,0,"H",0,0,"D",1.83,3.6,3.7,"0-0","1-0",13,6,7,2,2,2,0,0,3,5,13,11,1,8,24,"3-5","N","N","N",4,0,18
"6445","SC2",2025-12-20,"Stenhousemuir","Inverness C",1,0,"H",0,0,"D",3.9,3.4,1.83,"0-0","1-0",3,3,14,2,3,1,1,0,3,9,18,7,1,12,25,"3-9","N","N","N",4,1,18
"6446","SC2",2025-12-27,"Alloa","Stenhousemuir",0,0,"D",0,0,"D",2.1,3.2,3.3,"0-0","0-0",4,0,6,2,3,3,0,0,2,2,8,10,0,4,18,"2-2","N","N","N",6,0,18
"6447","SC2",2025-12-27,"East Fife","Kelty Hearts",0,1,"A",0,1,"A",1.53,3.8,5.5,"0-1","0-1",4,3,7,6,1,4,0,0,2,6,16,9,1,8,25,"2-6","N","N","N",5,0,19
"6448","SC2",2025-12-27,"Montrose","Inverness C",2,1,"H",0,1,"A",6.5,4,1.44,"0-1","2-1",7,4,1,1,1,0,0,0,2,2,2,6,3,4,8,"2-2","Y","Y","N",1,0,19
"6449","SC2",2025-12-27,"Peterhead","Cove Rangers",0,4,"A",0,2,"A",2.2,3.4,2.9,"0-2","0-4",12,2,10,7,3,1,0,0,4,6,14,12,4,10,26,"4-6","Y","Y","Y",4,0,19
"6450","SC2",2025-12-27,"Queen of Sth","Hamilton",4,1,"H",2,0,"H",2.7,3.3,2.38,"2-0","4-1",20,10,7,1,3,3,0,0,10,1,5,11,5,11,16,"10-1","Y","Y","Y",6,0,19
"6451","SC2",2026-01-03,"Kelty Hearts","Alloa",1,1,"D",0,0,"D",4.33,3.5,1.73,"0-0","1-1",8,4,13,3,4,2,0,0,2,4,9,12,2,6,21,"2-4","Y","N","N",6,0,19
"6452","SC2",2026-01-03,"Stenhousemuir","Queen of Sth",2,0,"H",1,0,"H",2.3,3.2,2.9,"1-0","2-0",8,7,5,2,4,2,0,0,2,1,17,18,2,3,35,"2-1","Y","N","N",6,0,20
"6453","SC2",2026-01-10,"Cove Rangers","Inverness C",0,0,"D",0,0,"D",3.5,3.5,1.93,"0-0","0-0",8,4,12,7,3,1,0,0,1,6,8,9,0,7,17,"1-6","N","N","N",4,0,20
"6454","SC2",2026-01-10,"Queen of Sth","Kelty Hearts",3,1,"H",0,1,"A",1.53,4,5.25,"0-1","3-1",12,6,7,2,1,3,0,0,2,2,10,14,4,4,24,"2-2","Y","Y","Y",4,0,20
"6455","SC2",2026-01-10,"Stenhousemuir","East Fife",5,0,"H",2,0,"H",2,3.25,3.5,"2-0","5-0",10,7,6,2,0,2,0,0,5,5,7,11,5,10,18,"5-5","Y","Y","Y",2,0,20
"6456","SC2",2026-01-17,"Peterhead","Hamilton",2,3,"A",1,1,"D",2.45,3.4,2.55,"1-1","2-3",17,8,8,7,2,2,0,0,7,0,7,13,5,7,20,"7-0","Y","Y","Y",4,0,20
"6457","SC2",2026-01-20,"Alloa","Montrose",4,1,"H",2,0,"H",1.87,3.4,3.75,"2-0","4-1",15,12,5,3,3,3,0,0,8,5,11,11,5,13,22,"8-5","Y","Y","Y",6,0,21
"6458","SC2",2026-01-20,"East Fife","Inverness C",0,2,"A",0,0,"D",6,3.8,1.5,"0-0","0-2",3,0,12,4,2,0,0,0,2,7,11,10,2,9,21,"2-7","Y","N","N",2,0,21
"6459","SC2",2026-01-24,"East Fife","Queen of Sth",1,5,"A",0,2,"A",2.7,3.25,2.4,"0-2","1-5",11,4,8,7,0,0,1,0,4,5,4,8,6,9,12,"4-5","Y","Y","Y",0,1,21
"6460","SC2",2026-01-24,"Hamilton","Cove Rangers",2,0,"H",0,0,"D",2.25,3.5,2.75,"0-0","2-0",8,4,3,2,1,2,0,0,3,10,5,8,2,13,13,"3-10","Y","N","N",3,0,21
"6461","SC2",2026-01-24,"Inverness C","Alloa",3,1,"H",0,1,"A",1.45,4.2,6,"0-1","3-1",15,6,4,1,2,2,0,0,8,1,12,12,4,9,24,"8-1","Y","Y","Y",4,0,21
"6462","SC2",2026-01-24,"Kelty Hearts","Stenhousemuir",0,2,"A",0,2,"A",3.9,3.4,1.83,"0-2","0-2",1,0,7,4,4,1,1,0,3,2,16,11,2,5,27,"3-2","Y","N","N",5,1,22
"6463","SC2",2026-01-31,"Alloa","Cove Rangers",2,2,"D",1,0,"H",1.95,3.3,3.6,"1-0","2-2",10,6,10,4,0,1,0,0,3,8,6,13,4,11,19,"3-8","Y","Y","Y",1,0,22
"6464","SC2",2026-01-31,"East Fife","Montrose",2,3,"A",1,2,"A",2.45,3.25,2.63,"1-2","2-3",14,7,8,4,1,3,0,0,4,4,12,18,5,8,30,"4-4","Y","Y","Y",4,0,22
"6465","SC2",2026-01-31,"Kelty Hearts","Hamilton",0,0,"D",0,0,"D",3,3.25,2.2,"0-0","0-0",13,8,9,4,1,3,0,0,3,9,5,13,0,12,18,"3-9","N","N","N",4,0,22
"6466","SC2",2026-01-31,"Queen of Sth","Inverness C",2,2,"D",1,1,"D",4.33,3.5,1.73,"1-1","2-2",4,2,3,2,3,4,0,0,1,6,18,13,4,7,31,"1-6","Y","Y","Y",7,0,22
"6467","SC2",2026-01-31,"Stenhousemuir","Peterhead",2,2,"D",0,1,"A",1.67,3.5,4.75,"0-1","2-2",4,2,8,5,5,3,0,0,4,5,17,14,4,9,31,"4-5","Y","Y","Y",8,0,23
"6468","SC2",2026-02-07,"Cove Rangers","Queen of Sth",1,1,"D",0,1,"A",2.7,3.3,2.38,"0-1","1-1",12,8,11,6,5,4,0,0,9,7,7,10,2,16,17,"9-7","Y","N","N",9,0,23
"6469","SC2",2026-02-07,"Inverness C","East Fife",3,0,"H",1,0,"H",1.3,5,8,"1-0","3-0",27,10,3,1,1,0,0,0,13,1,11,7,3,14,18,"13-1","Y","Y","N",1,0,23
"6470","SC2",2026-02-10,"Montrose","Peterhead",1,1,"D",1,0,"H",2.2,3.4,2.88,"1-0","1-1",4,2,13,4,2,2,0,0,2,6,16,12,2,8,28,"2-6","Y","N","N",4,0,23
"6471","SC2",2026-02-14,"East Fife","Cove Rangers",2,1,"H",0,1,"A",2.6,3.3,2.45,"0-1","2-1",9,5,8,3,1,0,0,0,9,6,13,14,3,15,27,"9-6","Y","Y","N",1,0,23
"6472","SC2",2026-02-14,"Kelty Hearts","Peterhead",1,1,"D",0,1,"A",3.1,3.4,2.1,"0-1","1-1",10,4,7,4,3,2,0,0,4,6,16,17,2,10,33,"4-6","Y","N","N",5,0,24
"6473","SC2",2026-02-14,"Queen of Sth","Alloa",1,2,"A",0,1,"A",2.1,3.4,3.1,"0-1","1-2",18,9,11,4,2,2,0,0,4,2,7,11,3,6,18,"4-2","Y","Y","N",4,0,24
"6474","SC2",2026-02-14,"Stenhousemuir","Montrose",2,2,"D",1,0,"H",1.53,3.7,5.75,"1-0","2-2",11,5,14,6,1,1,0,0,5,7,13,8,4,12,21,"5-7","Y","Y","Y",2,0,24
"6475","SC2",2026-02-14,"Hamilton","Inverness C",0,1,"A",0,1,"A",5,3.4,1.67,"0-1","0-1",8,0,8,3,0,0,0,0,5,9,8,12,1,14,20,"5-9","N","N","N",0,0,24
"6476","SC2",2026-02-17,"Cove Rangers","Montrose",3,1,"H",2,0,"H",2.1,3.4,3.1,"2-0","3-1",7,4,11,6,1,1,0,0,1,3,7,6,4,4,13,"1-3","Y","Y","Y",2,0,24
"6477","SC2",2026-02-17,"Hamilton","East Fife",1,0,"H",1,0,"H",1.8,3.5,3.9,"1-0","1-0",5,4,8,2,2,2,0,0,6,3,8,11,1,9,19,"6-3","N","N","N",4,0,25
"6478","SC2",2026-02-21,"Alloa","Hamilton",3,0,"H",0,0,"D",1.95,3.2,3.7,"0-0","3-0",22,11,10,1,1,1,0,0,2,6,8,16,3,8,24,"2-6","Y","Y","N",2,0,25
"6479","SC2",2026-02-21,"Cove Rangers","Kelty Hearts",1,1,"D",0,1,"A",1.7,3.6,4.4,"0-1","1-1",5,4,5,3,2,2,0,0,10,3,14,5,2,13,19,"10-3","Y","N","N",4,0,25
"6480","SC2",2026-02-21,"Inverness C","Stenhousemuir",1,1,"D",1,1,"D",1.5,3.8,6,"1-1","1-1",9,2,7,2,4,3,1,0,4,3,16,10,2,7,26,"4-3","Y","N","N",7,1,25
"6481","SC2",2026-02-21,"Montrose","Queen of Sth",3,2,"H",2,0,"H",3.2,3.4,2.05,"2-0","3-2",6,4,16,6,0,3,0,0,3,5,10,12,5,8,22,"3-5","Y","Y","Y",3,0,25
"6482","SC2",2026-02-21,"Peterhead","East Fife",3,1,"H",2,1,"H",2.05,3.4,3.2,"2-1","3-1",13,6,7,1,1,4,0,0,3,5,17,15,4,8,32,"3-5","Y","Y","Y",5,0,26
"6483","SC2",2026-02-28,"East Fife","Alloa",0,2,"A",0,1,"A",3.9,3.5,1.8,"0-1","0-2",11,4,7,3,2,4,0,0,5,6,12,9,2,11,21,"5-6","Y","N","N",6,0,26
"6484","SC2",2026-02-28,"Hamilton","Montrose",1,1,"D",0,1,"A",2.15,3.5,2.9,"0-1","1-1",12,8,5,2,1,1,0,0,10,7,13,16,2,17,29,"10-7","Y","N","N",2,0,26
"6485","SC2",2026-02-28,"Kelty Hearts","Inverness C",0,0,"D",0,0,"D",10,5.25,1.25,"0-0","0-0",6,1,13,4,2,2,0,0,0,4,8,10,0,4,18,"0-4","N","N","N",4,0,26
"6486","SC2",2026-02-28,"Queen of Sth","Peterhead",0,2,"A",0,1,"A",1.7,3.7,4.2,"0-1","0-2",6,2,7,2,7,3,0,0,7,8,20,7,2,15,27,"7-8","Y","N","N",10,0,26
"6487","SC2",2026-02-28,"Stenhousemuir","Cove Rangers",1,0,"H",1,0,"H",1.91,3.25,3.8,"1-0","1-0",6,3,8,3,2,2,0,0,5,9,11,11,1,14,22,"5-9","N","N","N",4,0,27
"6488","SC2",2026-03-03,"Montrose","Kelty Hearts",1,1,"D",1,0,"H",1.85,3.4,3.8,"1-0","1-1",13,8,10,6,3,4,0,0,5,2,13,11,2,7,24,"5-2","Y","N","N",7,0,27
"6489","SC2",2026-03-03,"Hamilton","Stenhousemuir",0,1,"A",0,0,"D",3.1,3.13,2.2,"0-0","0-1",11,2,9,3,3,3,1,0,4,8,15,13,1,12,28,"4-8","N","N","N",6,1,27
"6490","SC2",2026-03-07,"Alloa","Kelty Hearts",2,1,"H",0,1,"A",1.65,3.6,4.75,"0-1","2-1",9,4,12,4,1,3,0,0,4,5,14,11,3,9,25,"4-5","Y","Y","N",4,0,27
"6491","SC2",2026-03-07,"Cove Rangers","Peterhead",2,1,"H",1,1,"D",2.2,3.25,3,"1-1","2-1",3,3,9,5,1,3,0,0,1,4,20,11,3,5,31,"1-4","Y","Y","N",4,0,27
"6492","SC2",2026-03-07,"East Fife","Hamilton",0,3,"A",0,1,"A",2.45,3.3,2.6,"0-1","0-3",5,3,14,7,0,1,0,0,5,2,3,10,3,7,13,"5-2","Y","Y","N",1,0,28
"6493","SC2",2026-03-07,"Inverness C","Montrose",3,1,"H",1,0,"H",1.22,5.5,11,"1-0","3-1",17,11,3,2,2,2,0,0,5,4,16,10,4,9,26,"5-4","Y","Y","Y",4,0,28
"6494","SC2",2026-03-07,"Queen of Sth","Stenhousemuir",1,1,"D",0,1,"A",2.25,3.25,2.9,"0-1","1-1",13,4,11,5,1,3,0,0,3,8,10,19,2,11,29,"3-8","Y","N","N",4,0,28
"6495","SC2",2026-03-10,"Peterhead","Alloa",3,1,"H",2,0,"H",2.45,3.25,2.63,"2-0","3-1",11,7,10,4,1,2,0,0,7,8,10,13,4,15,23,"7-8","Y","Y","Y",3,0,28
"6496","SC2",2026-03-14,"Hamilton","Queen of Sth",1,3,"A",1,1,"D",3.4,3.5,1.95,"1-1","1-3",9,3,12,6,1,0,0,0,8,6,5,9,4,14,14,"8-6","Y","Y","Y",1,0,28
"6497","SC2",2026-03-14,"Inverness C","Cove Rangers",1,1,"D",1,0,"H",1.29,4.8,9,"1-0","1-1",13,5,5,2,1,2,0,0,5,1,5,9,2,6,14,"5-1","Y","N","N",3,0,29
"6498","SC2",2026-03-14,"Kelty Hearts","East Fife",1,1,"D",0,1,"A",2.2,3.25,3,"0-1","1-1",8,5,14,5,0,1,0,0,3,8,5,15,2,11,20,"3-8","Y","N","N",1,0,29
"6499","SC2",2026-03-14,"Peterhead","Stenhousemuir",0,1,"A",0,0,"D",2.55,3.2,2.55,"0-0","0-1",13,3,3,1,2,4,0,0,1,1,18,17,1,2,35,"1-1","N","N","N",6,0,29
"6500","SC2",2026-03-14,"Montrose","Alloa",5,4,"H",2,2,"D",3,3.25,2.2,"2-2","5-4",13,5,17,7,4,2,0,0,4,2,14,11,9,6,25,"4-2","Y","Y","Y",6,0,29
"6501","SC2",2026-03-17,"Inverness C","Peterhead",3,1,"H",2,0,"H",1.29,4.8,9,"2-0","3-1",19,10,5,2,0,1,0,0,10,0,13,7,4,10,20,"10-0","Y","Y","Y",1,0,29
"6502","SC2",2026-03-21,"Alloa","Inverness C",1,1,"D",1,0,"H",4.6,3.7,1.65,"1-0","1-1",7,3,10,4,3,0,0,1,4,6,12,10,2,10,22,"4-6","Y","N","N",3,1,30
"6503","SC2",2026-03-21,"Cove Rangers","Hamilton",2,2,"D",0,2,"A",2.25,3.25,2.9,"0-2","2-2",13,8,10,7,1,0,0,0,8,2,6,13,4,10,19,"8-2","Y","Y","Y",1,0,30
"6504","SC2",2026-03-21,"Peterhead","Montrose",1,1,"D",0,1,"A",1.95,3.6,3.3,"0-1","1-1",11,3,12,6,3,3,0,0,6,4,9,21,2,10,30,"6-4","Y","N","N",6,0,30
"6505","SC2",2026-03-21,"Queen of Sth","East Fife",2,2,"D",2,1,"H",1.7,3.5,4.5,"2-1","2-2",15,10,11,8,1,2,0,0,5,4,11,15,4,9,26,"5-4","Y","Y","Y",3,0,30
"6506","SC2",2026-03-21,"Stenhousemuir","Kelty Hearts",2,0,"H",1,0,"H",1.45,4,6.5,"1-0","2-0",10,5,5,2,1,6,0,0,7,4,20,18,2,11,38,"7-4","Y","N","N",7,0,30
"6507","SC2",2026-03-27,"Inverness C","Queen of Sth",1,1,"D",0,1,"A",1.45,4.2,6,"0-1","1-1",13,5,5,2,2,3,0,0,2,2,7,11,2,4,18,"2-2","Y","N","N",5,0,31
"6508","SC2",2026-03-28,"East Fife","Stenhousemuir",2,2,"D",0,1,"A",4.5,3.3,1.75,"0-1","2-2",9,5,7,2,0,0,0,0,4,10,11,10,4,14,21,"4-10","Y","Y","Y",0,0,31
"6509","SC2",2026-03-28,"Alloa","Peterhead",1,2,"A",1,0,"H",1.95,3.5,3.4,"1-0","1-2",7,2,6,4,3,3,0,0,8,6,17,12,3,14,29,"8-6","Y","Y","N",6,0,31
"6510","SC2",2026-03-28,"Hamilton","Kelty Hearts",1,2,"A",1,1,"D",1.8,3.5,3.9,"1-1","1-2",9,3,6,3,3,1,0,0,11,6,13,10,3,17,23,"11-6","Y","Y","N",4,0,31
"6511","SC2",2026-04-04,"Cove Rangers","Alloa",0,1,"A",0,0,"D",2.45,3.3,2.6,"0-0","0-1",3,1,8,3,2,1,0,0,8,0,15,10,1,8,25,"8-0","N","N","N",3,0,31
"6512","SC2",2026-04-04,"Kelty Hearts","Queen of Sth",1,1,"D",0,0,"D",3.9,3.5,1.8,"0-0","1-1",13,6,4,2,2,4,0,1,7,2,9,10,2,9,19,"7-2","Y","N","N",6,1,32
"6513","SC2",2026-04-04,"Montrose","East Fife",1,0,"H",0,0,"D",1.95,3.5,3.4,"0-0","1-0",12,4,15,5,3,1,0,0,10,4,7,12,1,14,19,"10-4","N","N","N",4,0,32
"6514","SC2",2026-04-04,"Stenhousemuir","Hamilton",3,0,"H",2,0,"H",1.6,3.7,5,"2-0","3-0",17,7,12,4,0,5,0,0,4,4,11,18,3,8,29,"4-4","Y","Y","N",5,0,32
"6515","SC2",2026-04-07,"Montrose","Cove Rangers",2,3,"A",0,1,"A",2.2,3.5,2.8,"0-1","2-3",10,4,7,3,2,0,0,0,6,5,11,13,5,11,24,"6-5","Y","Y","Y",2,0,32
"6516","SC2",2026-04-11,"East Fife","Peterhead",2,1,"H",1,0,"H",2.45,3.4,2.55,"1-0","2-1",10,6,6,3,4,1,0,0,4,5,19,13,3,9,32,"4-5","Y","Y","N",5,0,32
"6517","SC2",2026-04-11,"Hamilton","Alloa",1,0,"H",0,0,"D",2.8,3.4,2.25,"0-0","1-0",9,4,8,5,1,2,0,0,3,4,8,12,1,7,20,"3-4","N","N","N",3,0,33
"6518","SC2",2026-04-11,"Kelty Hearts","Montrose",3,1,"H",0,0,"D",2.63,3.25,2.45,"0-0","3-1",9,5,7,4,3,1,0,0,4,2,15,21,4,6,36,"4-2","Y","Y","Y",4,0,33
"6519","SC2",2026-04-11,"Queen of Sth","Cove Rangers",2,0,"H",0,0,"D",1.8,3.5,3.9,"0-0","2-0",22,7,7,1,1,1,0,0,7,5,11,9,2,12,20,"7-5","Y","N","N",2,0,33
"6520","SC2",2026-04-11,"Stenhousemuir","Inverness C",1,1,"D",0,1,"A",3.8,3.4,1.87,"0-1","1-1",9,8,9,7,2,5,0,0,5,4,13,15,2,9,28,"5-4","Y","N","N",7,0,33
"6521","SC3",2025-08-02,"Annan Athletic","Elgin",3,2,"H",0,1,"A",2.63,3.25,2.45,"0-1","3-2",9,6,8,4,2,3,0,0,7,4,11,11,5,11,22,"7-4","Y","Y","Y",5,0,1
"6522","SC3",2025-08-02,"Dumbarton","Clyde",2,1,"H",2,1,"H",2.38,3.4,2.63,"2-1","2-1",6,2,11,3,2,3,0,0,11,3,10,13,3,14,23,"11-3","Y","Y","N",5,0,1
"6523","SC3",2025-08-02,"East Kilbride","Spartans",1,3,"A",1,3,"A",1.67,3.8,4.2,"1-3","1-3",7,2,10,5,3,1,0,1,5,6,14,12,4,11,26,"5-6","Y","Y","Y",4,1,1
"6524","SC3",2025-08-02,"Edinburgh City","Stirling",1,2,"A",0,2,"A",2.1,3.3,3.1,"0-2","1-2",11,5,9,6,3,4,0,0,2,7,6,15,3,9,21,"2-7","Y","Y","N",7,0,1
"6525","SC3",2025-08-02,"Forfar","Stranraer",1,0,"H",1,0,"H",1.57,3.6,5.5,"1-0","1-0",18,5,2,0,4,1,0,1,4,4,15,16,1,8,31,"4-4","N","N","N",5,1,1
"6526","SC3",2025-08-09,"Clyde","Forfar",0,0,"D",0,0,"D",2.38,3.1,2.8,"0-0","0-0",11,6,2,0,1,3,0,0,8,5,12,10,0,13,22,"8-5","N","N","N",4,0,2
"6527","SC3",2025-08-09,"Elgin","East Kilbride",0,1,"A",0,0,"D",3.3,3.6,1.93,"0-0","0-1",9,3,7,1,7,3,0,0,6,10,21,15,1,16,36,"6-10","N","N","N",10,0,2
"6528","SC3",2025-08-09,"Spartans","Dumbarton",1,2,"A",0,2,"A",1.93,3.3,3.6,"0-2","1-2",8,4,7,3,1,3,0,1,1,9,8,14,3,10,22,"1-9","Y","Y","N",4,1,2
"6529","SC3",2025-08-09,"Stirling","Annan Athletic",0,0,"D",0,0,"D",2.15,3.25,3.1,"0-0","0-0",10,2,8,4,2,3,0,0,4,5,17,13,0,9,30,"4-5","N","N","N",5,0,2
"6530","SC3",2025-08-09,"Stranraer","Edinburgh City",1,2,"A",0,0,"D",2.75,3.2,2.38,"0-0","1-2",1,1,9,3,3,4,0,0,2,4,14,15,3,6,29,"2-4","Y","Y","N",7,0,2
"6531","SC3",2025-08-16,"Clyde","Spartans",1,3,"A",1,2,"A",2.25,3.3,2.8,"1-2","1-3",15,5,10,6,2,0,0,0,9,6,9,4,4,15,13,"9-6","Y","Y","Y",2,0,3
"6532","SC3",2025-08-16,"Dumbarton","Elgin",1,1,"D",0,1,"A",1.8,3.3,4.1,"0-1","1-1",2,2,13,6,3,4,0,0,7,11,17,17,2,18,34,"7-11","Y","N","N",7,0,3
"6533","SC3",2025-08-16,"East Kilbride","Stranraer",3,1,"H",1,0,"H",1.3,4.75,8.5,"1-0","3-1",15,7,6,2,2,0,1,0,8,1,17,6,4,9,23,"8-1","Y","Y","Y",2,1,3
"6534","SC3",2025-08-16,"Edinburgh City","Annan Athletic",2,2,"D",0,2,"A",2.4,3.3,2.63,"0-2","2-2",16,6,8,3,2,4,0,0,8,1,15,14,4,9,29,"8-1","Y","Y","Y",6,0,3
"6535","SC3",2025-08-16,"Forfar","Stirling",4,2,"H",2,1,"H",1.75,3.3,4.33,"2-1","4-2",19,7,11,6,3,2,0,0,5,3,11,19,6,8,30,"5-3","Y","Y","Y",5,0,3
"6536","SC3",2025-08-23,"Annan Athletic","Dumbarton",3,4,"A",0,2,"A",2.38,3.3,2.63,"0-2","3-4",19,8,8,6,2,1,0,0,9,4,5,15,7,13,20,"9-4","Y","Y","Y",3,0,4
"6537","SC3",2025-08-23,"Elgin","Edinburgh City",2,4,"A",0,2,"A",2.05,3.6,3,"0-2","2-4",5,2,9,7,3,3,0,0,7,3,14,9,6,10,23,"7-3","Y","Y","Y",6,0,4
"6538","SC3",2025-08-23,"Spartans","Forfar",1,0,"H",0,0,"D",2.05,3.13,3.4,"0-0","1-0",11,3,8,4,2,5,0,0,2,1,12,16,1,3,28,"2-1","N","N","N",7,0,4
"6539","SC3",2025-08-23,"Stirling","East Kilbride",2,3,"A",1,3,"A",5.25,4.1,1.5,"1-3","2-3",14,7,12,4,2,3,0,1,9,3,8,13,5,12,21,"9-3","Y","Y","Y",5,1,4
"6540","SC3",2025-08-23,"Stranraer","Clyde",1,1,"D",1,1,"D",3.8,3.3,1.87,"1-1","1-1",8,3,12,3,2,2,0,0,0,8,13,19,2,8,32,"0-8","Y","N","N",4,0,4
"6541","SC3",2025-08-30,"Clyde","Elgin",0,0,"D",0,0,"D",2.38,3.3,2.63,"0-0","0-0",7,5,6,1,3,2,0,0,7,9,21,13,0,16,34,"7-9","N","N","N",5,0,5
"6542","SC3",2025-08-30,"Dumbarton","Edinburgh City",1,2,"A",0,2,"A",1.8,3.6,3.8,"0-2","1-2",3,2,12,6,2,4,0,0,1,2,16,9,3,3,25,"1-2","Y","Y","N",6,0,5
"6543","SC3",2025-08-30,"East Kilbride","Forfar",5,0,"H",3,0,"H",1.55,3.8,5.25,"3-0","5-0",12,8,9,6,2,3,0,0,6,4,17,10,5,10,27,"6-4","Y","Y","Y",5,0,5
"6544","SC3",2025-08-30,"Spartans","Annan Athletic",1,0,"H",0,0,"D",1.8,3.5,4,"0-0","1-0",2,2,6,3,2,2,0,0,6,3,11,6,1,9,17,"6-3","N","N","N",4,0,5
"6545","SC3",2025-08-30,"Stirling","Stranraer",1,0,"H",0,0,"D",1.8,3.4,4,"0-0","1-0",8,4,14,7,3,3,0,0,8,10,13,9,1,18,22,"8-10","N","N","N",6,0,5
"6546","SC3",2025-09-13,"Annan Athletic","Clyde",0,6,"A",0,4,"A",3.1,3.6,2,"0-4","0-6",5,0,14,9,0,1,0,0,6,3,6,13,6,9,19,"6-3","Y","Y","Y",1,0,6
"6547","SC3",2025-09-13,"Edinburgh City","East Kilbride",2,2,"D",1,2,"A",3.13,3.75,1.95,"1-2","2-2",11,6,8,2,4,6,0,0,3,6,20,13,4,9,33,"3-6","Y","Y","Y",10,0,6
"6548","SC3",2025-09-13,"Elgin","Stirling",3,0,"H",1,0,"H",1.83,3.6,3.6,"1-0","3-0",15,9,3,1,4,3,0,1,9,7,11,13,3,16,24,"9-7","Y","Y","N",7,1,6
"6549","SC3",2025-09-13,"Forfar","Dumbarton",2,3,"A",2,1,"H",1.91,3.4,3.6,"2-1","2-3",5,2,9,3,1,2,0,0,2,6,7,14,5,8,21,"2-6","Y","Y","Y",3,0,6
"6550","SC3",2025-09-13,"Stranraer","Spartans",0,2,"A",0,0,"D",3.8,3.6,1.8,"0-0","0-2",6,0,18,5,2,2,1,0,5,6,7,7,2,11,14,"5-6","Y","N","N",4,1,6
"6551","SC3",2025-09-20,"Clyde","Edinburgh City",2,1,"H",1,1,"D",2.1,3.5,3,"1-1","2-1",8,4,10,4,4,3,0,0,3,5,8,4,3,8,12,"3-5","Y","Y","N",7,0,7
"6552","SC3",2025-09-20,"East Kilbride","Dumbarton",1,1,"D",1,0,"H",1.62,4,4.33,"1-0","1-1",14,4,9,5,2,1,0,0,9,5,10,12,2,14,22,"9-5","Y","N","N",3,0,7
"6553","SC3",2025-09-20,"Forfar","Annan Athletic",1,0,"H",1,0,"H",1.83,3.5,3.7,"1-0","1-0",11,6,4,1,2,3,0,0,5,6,12,13,1,11,25,"5-6","N","N","N",5,0,7
"6554","SC3",2025-09-20,"Spartans","Stirling",1,3,"A",0,2,"A",1.6,3.75,4.8,"0-2","1-3",15,6,7,6,1,3,0,0,7,2,6,14,4,9,20,"7-2","Y","Y","Y",4,0,7
"6555","SC3",2025-09-20,"Stranraer","Elgin",1,1,"D",0,0,"D",3.13,3.3,2.1,"0-0","1-1",6,2,16,7,1,2,0,0,5,7,10,14,2,12,24,"5-7","Y","N","N",3,0,7
"6556","SC3",2025-09-27,"Annan Athletic","East Kilbride",3,1,"H",2,1,"H",3.5,3.8,1.83,"2-1","3-1",9,6,6,1,4,3,0,1,2,10,14,15,4,12,29,"2-10","Y","Y","Y",7,1,8
"6557","SC3",2025-09-27,"Dumbarton","Stranraer",1,2,"A",0,1,"A",1.75,3.6,4,"0-1","1-2",10,3,10,5,1,3,0,0,9,3,9,14,3,12,23,"9-3","Y","Y","N",4,0,8
"6558","SC3",2025-09-27,"Edinburgh City","Forfar",1,1,"D",0,1,"A",1.91,3.7,3.3,"0-1","1-1",19,5,3,1,3,4,0,1,6,1,15,13,2,7,28,"6-1","Y","N","N",7,1,8
"6559","SC3",2025-09-27,"Elgin","Spartans",2,3,"A",1,1,"D",2.7,3.25,2.38,"1-1","2-3",6,3,9,6,1,4,0,0,3,4,10,8,5,7,18,"3-4","Y","Y","Y",5,0,8
"6560","SC3",2025-09-27,"Stirling","Clyde",2,4,"A",0,2,"A",2.88,3.3,2.25,"0-2","2-4",12,3,16,11,1,1,0,0,2,3,5,9,6,5,14,"2-3","Y","Y","Y",2,0,8
"6561","SC3",2025-10-04,"Clyde","East Kilbride",2,2,"D",0,1,"A",2.3,3.7,2.55,"0-1","2-2",11,5,14,6,1,1,0,0,2,7,21,11,4,9,32,"2-7","Y","Y","Y",2,0,9
"6562","SC3",2025-10-04,"Elgin","Forfar",2,1,"H",0,1,"A",2.05,3.3,3.25,"0-1","2-1",10,5,8,3,1,3,0,0,7,4,13,15,3,11,28,"7-4","Y","Y","N",4,0,9
"6563","SC3",2025-10-04,"Spartans","Edinburgh City",0,1,"A",0,0,"D",1.93,3.5,3.4,"0-0","0-1",10,5,5,4,3,6,0,0,9,3,7,11,1,12,18,"9-3","N","N","N",9,0,9
"6564","SC3",2025-10-04,"Stirling","Dumbarton",2,2,"D",1,1,"D",2.5,3.4,2.45,"1-1","2-2",13,5,6,3,1,2,0,0,6,9,7,6,4,15,13,"6-9","Y","Y","Y",3,0,9
"6565","SC3",2025-10-04,"Stranraer","Annan Athletic",0,1,"A",0,0,"D",2.45,3.3,2.55,"0-0","0-1",10,3,9,3,1,3,0,0,11,4,7,10,1,15,17,"11-4","N","N","N",4,0,9
"6566","SC3",2025-10-18,"Annan Athletic","Stirling",1,1,"D",1,0,"H",2.1,3.6,2.9,"1-0","1-1",9,3,8,3,0,2,0,0,7,2,7,14,2,9,21,"7-2","Y","N","N",2,0,10
"6567","SC3",2025-10-18,"Dumbarton","Spartans",1,2,"A",1,2,"A",2.5,3.3,2.5,"1-2","1-2",8,3,14,6,2,2,0,0,9,4,13,7,3,13,20,"9-4","Y","Y","N",4,0,10
"6568","SC3",2025-10-18,"East Kilbride","Elgin",3,0,"H",3,0,"H",1.7,3.8,4,"3-0","3-0",14,7,9,5,2,4,0,0,5,3,13,13,3,8,26,"5-3","Y","Y","N",6,0,10
"6569","SC3",2025-10-18,"Edinburgh City","Stranraer",1,3,"A",1,2,"A",1.67,3.75,4.33,"1-2","1-3",15,8,12,6,4,3,0,0,9,5,15,10,4,14,25,"9-5","Y","Y","Y",7,0,10
"6570","SC3",2025-10-18,"Forfar","Clyde",0,0,"D",0,0,"D",2.5,3.3,2.5,"0-0","0-0",11,3,8,2,2,3,0,0,1,6,9,13,0,7,22,"1-6","N","N","N",5,0,10
"6571","SC3",2025-11-01,"Clyde","Dumbarton",3,1,"H",1,1,"D",2.05,3.6,3,"1-1","3-1",12,6,10,6,1,1,0,0,3,4,8,9,4,7,17,"3-4","Y","Y","Y",2,0,11
"6572","SC3",2025-11-01,"Elgin","Annan Athletic",2,0,"H",1,0,"H",2.1,3.4,3,"1-0","2-0",16,5,5,2,1,4,0,0,7,5,14,10,2,12,24,"7-5","Y","N","N",5,0,11
"6573","SC3",2025-11-01,"Spartans","East Kilbride",2,1,"H",2,0,"H",2.55,3.5,2.38,"2-0","2-1",10,5,7,3,1,1,0,0,1,4,12,14,3,5,26,"1-4","Y","Y","N",2,0,11
"6574","SC3",2025-11-01,"Stirling","Edinburgh City",0,1,"A",0,1,"A",2.88,3.5,2.15,"0-1","0-1",4,2,17,9,2,2,0,0,6,5,8,11,1,11,19,"6-5","N","N","N",4,0,11
"6575","SC3",2025-11-01,"Stranraer","Forfar",3,1,"H",1,0,"H",2.6,3.2,2.45,"1-0","3-1",19,7,13,1,2,2,0,0,8,4,15,15,4,12,30,"8-4","Y","Y","Y",4,0,11
"6576","SC3",2025-11-08,"Clyde","Stranraer",0,0,"D",0,0,"D",1.83,3.5,3.8,"0-0","0-0",8,5,6,3,3,4,0,0,5,5,18,15,0,10,33,"5-5","N","N","N",7,0,12
"6577","SC3",2025-11-08,"Dumbarton","Annan Athletic",2,1,"H",1,0,"H",1.93,3.5,3.4,"1-0","2-1",10,5,4,1,3,4,0,0,5,1,13,14,3,6,27,"5-1","Y","Y","N",7,0,12
"6578","SC3",2025-11-08,"East Kilbride","Stirling",2,0,"H",1,0,"H",1.36,4.75,6.5,"1-0","2-0",13,7,11,6,2,3,0,1,8,10,12,20,2,18,32,"8-10","Y","N","N",5,1,12
"6579","SC3",2025-11-08,"Edinburgh City","Elgin",1,3,"A",1,0,"H",2.15,3.3,3.1,"1-0","1-3",5,3,13,8,1,2,0,0,5,6,13,6,4,11,19,"5-6","Y","Y","Y",3,0,12
"6580","SC3",2025-11-08,"Forfar","Spartans",1,1,"D",1,0,"H",3.4,3.25,2,"1-0","1-1",2,1,9,5,3,3,0,0,1,10,8,6,2,11,14,"1-10","Y","N","N",6,0,12
"6581","SC3",2025-11-15,"Annan Athletic","Edinburgh City",1,1,"D",0,0,"D",2.38,3.5,2.55,"0-0","1-1",13,2,12,2,2,2,0,0,6,2,15,13,2,8,28,"6-2","Y","N","N",4,0,13
"6582","SC3",2025-11-15,"Elgin","Dumbarton",2,0,"H",0,0,"D",2.1,3.4,3,"0-0","2-0",16,5,8,2,0,0,0,0,2,1,8,16,2,3,24,"2-1","Y","N","N",0,0,13
"6583","SC3",2025-11-15,"Spartans","Clyde",1,1,"D",1,0,"H",1.75,3.6,3.9,"1-0","1-1",6,1,14,5,2,4,0,0,3,4,8,5,2,7,13,"3-4","Y","N","N",6,0,13
"6584","SC3",2025-11-15,"Stirling","Forfar",0,4,"A",0,2,"A",2.6,3.2,2.5,"0-2","0-4",7,1,10,4,2,1,0,0,3,5,16,8,4,8,24,"3-5","Y","Y","Y",3,0,13
"6585","SC3",2025-11-15,"Stranraer","East Kilbride",1,3,"A",0,0,"D",3.7,3.6,1.8,"0-0","1-3",8,4,14,6,2,4,0,0,4,6,10,21,4,10,31,"4-6","Y","Y","Y",6,0,13
"6586","SC3",2025-11-22,"Clyde","Annan Athletic",1,0,"H",1,0,"H",2.05,3.4,3.2,"1-0","1-0",9,4,19,3,5,0,0,0,5,10,17,6,1,15,23,"5-10","N","N","N",5,0,14
"6587","SC3",2025-11-22,"Dumbarton","Forfar",1,4,"A",1,3,"A",2.25,3.3,2.88,"1-3","1-4",4,1,10,7,2,1,0,0,4,3,15,5,5,7,20,"4-3","Y","Y","Y",3,0,14
"6588","SC3",2025-11-22,"East Kilbride","Edinburgh City",1,1,"D",1,1,"D",1.7,3.8,4,"1-1","1-1",10,4,7,3,3,1,0,0,8,6,15,13,2,14,28,"8-6","Y","N","N",4,0,14
"6589","SC3",2025-11-22,"Spartans","Stranraer",0,4,"A",0,4,"A",1.57,3.7,5.25,"0-4","0-4",12,6,10,6,1,2,0,0,6,7,13,8,4,13,21,"6-7","Y","Y","Y",3,0,14
"6590","SC3",2025-11-22,"Stirling","Elgin",1,1,"D",0,0,"D",3.3,3.5,1.95,"0-0","1-1",15,4,25,6,1,0,0,0,2,14,8,5,2,16,13,"2-14","Y","N","N",1,0,14
"6591","SC3",2025-12-06,"Annan Athletic","Spartans",1,1,"D",1,1,"D",3.7,3.5,1.83,"1-1","1-1",5,2,12,4,3,2,0,0,5,6,12,12,2,11,24,"5-6","Y","N","N",5,0,15
"6592","SC3",2025-12-06,"Edinburgh City","Dumbarton",4,3,"H",3,0,"H",1.7,3.8,4,"3-0","4-3",9,7,6,3,2,2,0,0,3,8,12,12,7,11,24,"3-8","Y","Y","Y",4,0,15
"6593","SC3",2025-12-06,"Elgin","Clyde",1,1,"D",0,1,"A",2.25,3.4,2.8,"0-1","1-1",15,6,17,3,1,3,0,0,3,5,7,9,2,8,16,"3-5","Y","N","N",4,0,15
"6594","SC3",2025-12-06,"Forfar","East Kilbride",0,3,"A",0,3,"A",3.5,3.5,1.9,"0-3","0-3",9,7,20,8,5,2,0,0,3,10,17,13,3,13,30,"3-10","Y","Y","N",7,0,15
"6595","SC3",2025-12-06,"Stranraer","Stirling",3,2,"H",3,1,"H",1.8,3.5,3.9,"3-1","3-2",25,11,13,5,3,4,0,0,6,9,5,12,5,15,17,"6-9","Y","Y","Y",7,0,15
"6596","SC3",2025-12-13,"Annan Athletic","Forfar",3,1,"H",0,1,"A",2.15,3.4,2.9,"0-1","3-1",12,5,4,2,2,2,0,0,3,1,6,16,4,4,22,"3-1","Y","Y","Y",4,0,16
"6597","SC3",2025-12-13,"Dumbarton","East Kilbride",2,0,"H",2,0,"H",4.1,3.9,1.67,"2-0","2-0",8,2,14,4,4,3,0,0,8,9,11,10,2,17,21,"8-9","Y","N","N",7,0,16
"6598","SC3",2025-12-13,"Edinburgh City","Clyde",1,4,"A",1,1,"D",2.3,3.5,2.63,"1-1","1-4",9,4,13,9,2,4,0,0,3,6,10,12,5,9,22,"3-6","Y","Y","Y",6,0,16
"6599","SC3",2025-12-13,"Elgin","Stranraer",1,2,"A",0,1,"A",1.75,3.5,4,"0-1","1-2",18,6,11,4,3,2,1,0,8,7,10,5,3,15,15,"8-7","Y","Y","N",5,1,16
"6600","SC3",2025-12-13,"Stirling","Spartans",1,1,"D",0,0,"D",4.5,3.6,1.67,"0-0","1-1",10,1,9,4,4,1,0,0,3,3,14,6,2,6,20,"3-3","Y","N","N",5,0,16
"6601","SC3",2025-12-20,"Clyde","Stirling",1,2,"A",0,1,"A",1.45,4.33,5.5,"0-1","1-2",10,4,5,3,0,3,0,0,5,6,12,12,3,11,24,"5-6","Y","Y","N",3,0,17
"6602","SC3",2025-12-20,"East Kilbride","Annan Athletic",1,3,"A",1,2,"A",1.65,3.9,4.2,"1-2","1-3",8,2,8,7,6,3,1,0,6,6,17,14,4,12,31,"6-6","Y","Y","Y",9,1,17
"6603","SC3",2025-12-20,"Forfar","Edinburgh City",2,3,"A",1,1,"D",2.45,3.3,2.55,"1-1","2-3",5,3,7,5,4,4,0,0,6,6,9,13,5,12,22,"6-6","Y","Y","Y",8,0,17
"6604","SC3",2025-12-20,"Spartans","Elgin",1,0,"H",0,0,"D",2.1,3.3,3.13,"0-0","1-0",16,7,7,3,0,1,0,0,7,1,7,16,1,8,23,"7-1","N","N","N",1,0,17
"6605","SC3",2025-12-20,"Stranraer","Dumbarton",1,1,"D",1,0,"H",1.87,3.5,3.6,"1-0","1-1",10,3,13,3,2,0,0,0,2,10,12,7,2,12,19,"2-10","Y","N","N",2,0,17
"6606","SC3",2025-12-27,"Annan Athletic","Stranraer",2,2,"D",2,2,"D",2.05,3.4,3.2,"2-2","2-2",14,7,17,8,2,2,0,0,6,10,13,11,4,16,24,"6-10","Y","Y","Y",4,0,18
"6607","SC3",2025-12-27,"Dumbarton","Stirling",1,2,"A",0,1,"A",1.83,3.6,3.7,"0-1","1-2",9,3,11,6,0,2,0,0,9,9,8,7,3,18,15,"9-9","Y","Y","N",2,0,18
"6608","SC3",2025-12-27,"East Kilbride","Clyde",1,1,"D",1,0,"H",1.8,3.7,3.7,"1-0","1-1",8,5,7,4,3,3,0,0,6,3,9,11,2,9,20,"6-3","Y","N","N",6,0,18
"6609","SC3",2025-12-27,"Edinburgh City","Spartans",1,3,"A",1,2,"A",2.63,3.4,2.38,"1-2","1-3",9,5,9,6,2,3,0,0,1,2,13,6,4,3,19,"1-2","Y","Y","Y",5,0,18
"6610","SC3",2025-12-27,"Forfar","Elgin",4,2,"H",2,1,"H",2.5,3.25,2.55,"2-1","4-2",11,8,7,4,3,2,0,0,3,7,8,10,6,10,18,"3-7","Y","Y","Y",5,0,18
"6611","SC3",2026-01-03,"Clyde","Forfar",1,1,"D",0,1,"A",1.75,3.5,4,"0-1","1-1",14,6,19,6,4,2,1,0,3,5,9,12,2,8,21,"3-5","Y","N","N",6,1,19
"6612","SC3",2026-01-03,"Spartans","Dumbarton",2,0,"H",1,0,"H",1.73,3.6,4.1,"1-0","2-0",10,5,3,1,0,0,0,0,4,5,7,10,2,9,17,"4-5","Y","N","N",0,0,19
"6613","SC3",2026-01-03,"Stranraer","Edinburgh City",1,1,"D",0,1,"A",2.38,3.4,2.63,"0-1","1-1",14,7,8,4,1,0,0,0,9,3,7,13,2,12,20,"9-3","Y","N","N",1,0,19
"6614","SC3",2026-01-10,"Edinburgh City","Stirling",1,4,"A",1,0,"H",1.67,3.9,4.1,"1-0","1-4",7,7,15,11,1,1,0,0,2,8,9,9,5,10,18,"2-8","Y","Y","Y",2,0,19
"6615","SC3",2026-01-10,"Forfar","Stranraer",2,2,"D",1,1,"D",2.63,3.25,2.45,"1-1","2-2",3,3,11,6,0,1,0,0,5,4,8,10,4,9,18,"5-4","Y","Y","Y",1,0,19
"6616","SC3",2026-01-17,"Stirling","East Kilbride",1,2,"A",0,2,"A",3.8,3.7,1.75,"0-2","1-2",15,7,20,7,3,4,0,0,5,8,10,19,3,13,29,"5-8","Y","Y","N",7,0,20
"6617","SC3",2026-01-24,"Clyde","Spartans",2,1,"H",0,0,"D",2.2,3.3,2.88,"0-0","2-1",13,5,6,1,2,0,0,0,7,2,13,4,3,9,17,"7-2","Y","Y","N",2,0,20
"6618","SC3",2026-01-24,"Dumbarton","Elgin",2,2,"D",0,0,"D",2.88,3.4,2.2,"0-0","2-2",11,3,10,6,2,1,0,0,14,3,11,5,4,17,16,"14-3","Y","Y","Y",3,0,20
"6619","SC3",2026-01-24,"East Kilbride","Stranraer",0,2,"A",0,2,"A",1.6,3.9,4.6,"0-2","0-2",7,0,12,6,2,3,0,0,6,3,14,6,2,9,20,"6-3","Y","N","N",5,0,20
"6620","SC3",2026-01-24,"Edinburgh City","Annan Athletic",2,2,"D",0,0,"D",2.55,3.7,2.3,"0-0","2-2",8,3,9,5,0,3,0,0,3,6,14,14,4,9,28,"3-6","Y","Y","Y",3,0,20
"6621","SC3",2026-01-24,"Forfar","Stirling",0,1,"A",0,0,"D",1.8,3.5,3.9,"0-0","0-1",7,2,7,3,1,0,0,0,6,4,6,16,1,10,22,"6-4","N","N","N",1,0,21
"6622","SC3",2026-01-27,"East Kilbride","Spartans",0,6,"A",0,3,"A",2.25,3.4,2.75,"0-3","0-6",3,3,9,7,3,3,0,0,2,4,13,7,6,6,20,"2-4","Y","Y","Y",6,0,21
"6623","SC3",2026-01-31,"Annan Athletic","Clyde",1,1,"D",1,0,"H",2.3,3.7,2.55,"1-0","1-1",11,3,14,5,3,1,0,0,9,4,8,12,2,13,20,"9-4","Y","N","N",4,0,21
"6624","SC3",2026-01-31,"Dumbarton","Edinburgh City",1,2,"A",1,1,"D",2,3.75,3,"1-1","1-2",9,3,7,3,2,4,0,0,7,6,10,13,3,13,23,"7-6","Y","Y","N",6,0,21
"6625","SC3",2026-01-31,"East Kilbride","Forfar",3,1,"H",2,0,"H",1.67,3.8,4.2,"2-0","3-1",21,9,7,3,1,2,0,0,9,2,13,17,4,11,30,"9-2","Y","Y","Y",3,0,21
"6626","SC3",2026-01-31,"Elgin","Spartans",3,3,"D",2,1,"H",2.8,3.25,2.3,"2-1","3-3",12,5,14,10,2,1,0,0,3,6,11,4,6,9,15,"3-6","Y","Y","Y",3,0,22
"6627","SC3",2026-01-31,"Stirling","Stranraer",1,1,"D",1,0,"H",2.8,3.5,2.2,"1-0","1-1",21,10,15,7,2,0,0,0,5,4,10,5,2,9,15,"5-4","Y","N","N",2,0,22
"6628","SC3",2026-02-07,"Edinburgh City","East Kilbride",0,2,"A",0,2,"A",3.2,3.8,1.9,"0-2","0-2",8,3,7,5,3,3,0,0,7,3,15,20,2,10,35,"7-3","Y","N","N",6,0,22
"6629","SC3",2026-02-07,"Forfar","Dumbarton",2,0,"H",0,0,"D",1.95,3.6,3.2,"0-0","2-0",8,4,6,2,1,1,0,0,3,4,9,19,2,7,28,"3-4","Y","N","N",2,0,22
"6630","SC3",2026-02-07,"Stranraer","Annan Athletic",0,0,"D",0,0,"D",2.4,3.3,2.6,"0-0","0-0",15,5,13,2,3,2,0,0,2,4,14,11,0,6,25,"2-4","N","N","N",5,0,22
"6631","SC3",2026-02-10,"Annan Athletic","Dumbarton",1,0,"H",0,0,"D",2,3.75,3,"0-0","1-0",6,3,8,2,0,1,0,0,7,2,6,14,1,9,20,"7-2","N","N","N",1,0,23
"6632","SC3",2026-02-10,"Clyde","Elgin",1,1,"D",1,0,"H",1.93,3.5,3.4,"1-0","1-1",10,6,12,5,1,1,0,0,8,3,12,10,2,11,22,"8-3","Y","N","N",2,0,23
"6633","SC3",2026-02-14,"Annan Athletic","East Kilbride",2,4,"A",1,3,"A",2.6,3.6,2.3,"1-3","2-4",8,5,12,9,2,3,1,0,7,1,11,20,6,8,31,"7-1","Y","Y","Y",5,1,23
"6634","SC3",2026-02-14,"Spartans","Edinburgh City",0,0,"D",0,0,"D",1.55,3.9,5,"0-0","0-0",13,6,6,0,2,0,0,0,9,1,14,9,0,10,23,"9-1","N","N","N",2,0,23
"6635","SC3",2026-02-17,"Elgin","East Kilbride",1,6,"A",1,2,"A",2.6,3.4,2.38,"1-2","1-6",8,3,15,10,2,2,1,0,5,7,10,6,7,12,16,"5-7","Y","Y","Y",4,1,23
"6636","SC3",2026-02-17,"Stirling","Clyde",0,3,"A",0,2,"A",3.2,3.3,2.05,"0-2","0-3",9,2,16,4,1,3,0,0,4,4,9,11,3,8,20,"4-4","Y","Y","N",4,0,24
"6637","SC3",2026-02-21,"Clyde","Edinburgh City",5,0,"H",2,0,"H",1.65,3.75,4.4,"2-0","5-0",15,8,10,3,4,3,0,0,5,2,12,14,5,7,26,"5-2","Y","Y","Y",7,0,24
"6638","SC3",2026-02-21,"East Kilbride","Dumbarton",3,1,"H",3,0,"H",1.5,4.2,5,"3-0","3-1",14,5,10,4,2,3,0,0,4,3,9,16,4,7,25,"4-3","Y","Y","Y",5,0,24
"6639","SC3",2026-02-21,"Elgin","Stirling",1,0,"H",0,0,"D",1.7,3.75,4.1,"0-0","1-0",10,6,9,2,1,2,0,1,4,3,6,8,1,7,14,"4-3","N","N","N",3,1,24
"6640","SC3",2026-02-21,"Forfar","Annan Athletic",2,1,"H",1,0,"H",2.25,3.5,2.7,"1-0","2-1",12,4,5,3,1,1,0,0,8,4,11,11,3,12,22,"8-4","Y","Y","N",2,0,24
"6641","SC3",2026-02-21,"Stranraer","Spartans",2,1,"H",1,0,"H",2.8,3.25,2.3,"1-0","2-1",7,4,13,1,1,1,0,0,5,4,8,6,3,9,14,"5-4","Y","Y","N",2,0,25
"6642","SC3",2026-02-24,"Dumbarton","Clyde",0,0,"D",0,0,"D",3.13,3.5,2,"0-0","0-0",9,3,10,3,3,1,0,0,4,4,11,15,0,8,26,"4-4","N","N","N",4,0,25
"6643","SC3",2026-02-24,"Elgin","Edinburgh City",3,0,"H",3,0,"H",1.7,3.75,4.1,"3-0","3-0",7,4,6,2,2,2,0,0,6,4,16,15,3,10,31,"6-4","Y","Y","N",4,0,25
"6644","SC3",2026-02-24,"Stirling","Annan Athletic",2,0,"H",1,0,"H",3,3.5,2.1,"1-0","2-0",10,3,15,6,2,1,0,0,2,12,10,7,2,14,17,"2-12","Y","N","N",3,0,25
"6645","SC3",2026-02-28,"Clyde","East Kilbride",1,3,"A",1,0,"H",2.5,3.5,2.4,"1-0","1-3",11,5,12,5,2,3,0,0,6,3,17,12,4,9,29,"6-3","Y","Y","Y",5,0,25
"6646","SC3",2026-02-28,"Edinburgh City","Forfar",0,0,"D",0,0,"D",2.75,3.4,2.25,"0-0","0-0",12,4,10,2,1,3,0,0,2,4,8,15,0,6,23,"2-4","N","N","N",4,0,26
"6647","SC3",2026-02-28,"Spartans","Annan Athletic",4,0,"H",1,0,"H",1.75,3.5,4,"1-0","4-0",13,7,4,2,0,2,0,1,5,1,13,11,4,6,24,"5-1","Y","Y","Y",2,1,26
"6648","SC3",2026-02-28,"Stirling","Dumbarton",1,1,"D",1,0,"H",2.45,3.4,2.5,"1-0","1-1",9,3,15,7,1,3,0,0,4,8,9,8,2,12,17,"4-8","Y","N","N",4,0,26
"6649","SC3",2026-02-28,"Stranraer","Elgin",1,2,"A",1,1,"D",1.93,3.5,3.4,"1-1","1-2",9,3,14,6,1,1,0,0,5,6,13,12,3,11,25,"5-6","Y","Y","N",2,0,26
"6650","SC3",2026-03-03,"Spartans","Stirling",2,0,"H",1,0,"H",1.45,4.1,6,"1-0","2-0",16,10,3,2,1,4,0,0,4,4,7,11,2,8,18,"4-4","Y","N","N",5,0,26
"6651","SC3",2026-03-07,"Annan Athletic","Stirling",3,3,"D",3,0,"H",1.83,3.5,3.7,"3-0","3-3",21,11,8,5,4,3,1,0,7,0,14,15,6,7,29,"7-0","Y","Y","Y",7,1,27
"6652","SC3",2026-03-07,"Dumbarton","Spartans",3,0,"H",0,0,"D",3.7,3.4,1.87,"0-0","3-0",13,6,9,6,2,1,0,0,4,7,5,9,3,11,14,"4-7","Y","Y","N",3,0,27
"6653","SC3",2026-03-07,"East Kilbride","Elgin",3,0,"H",2,0,"H",1.6,4.1,4.33,"2-0","3-0",12,8,5,0,1,2,0,0,4,4,7,16,3,8,23,"4-4","Y","Y","N",3,0,27
"6654","SC3",2026-03-07,"Edinburgh City","Stranraer",4,1,"H",2,1,"H",3.13,3.3,2.1,"2-1","4-1",9,4,16,6,2,2,0,1,4,5,8,18,5,9,26,"4-5","Y","Y","Y",4,1,27
"6655","SC3",2026-03-07,"Forfar","Clyde",1,1,"D",0,0,"D",3,3.25,2.2,"0-0","1-1",6,3,14,7,3,1,0,0,6,8,10,10,2,14,20,"6-8","Y","N","N",4,0,27
"6656","SC3",2026-03-10,"Annan Athletic","Elgin",2,1,"H",1,0,"H",2.05,3.4,3.1,"1-0","2-1",4,2,10,2,1,2,0,0,3,3,9,10,3,6,19,"3-3","Y","Y","N",3,0,28
"6657","SC3",2026-03-10,"Dumbarton","Stranraer",2,0,"H",2,0,"H",2.4,3.3,2.63,"2-0","2-0",7,4,14,9,2,2,0,0,3,10,7,5,2,13,12,"3-10","Y","N","N",4,0,28
"6658","SC3",2026-03-14,"Annan Athletic","Edinburgh City",3,0,"H",3,0,"H",1.9,3.6,3.4,"3-0","3-0",6,5,6,1,4,4,0,0,2,2,8,20,3,4,28,"2-2","Y","Y","N",8,0,28
"6659","SC3",2026-03-14,"Elgin","Dumbarton",1,1,"D",1,0,"H",2,3.5,3.13,"1-0","1-1",9,4,7,2,1,1,0,0,6,7,5,9,2,13,14,"6-7","Y","N","N",2,0,28
"6660","SC3",2026-03-14,"Spartans","Clyde",2,1,"H",0,0,"D",2,3.3,3.4,"0-0","2-1",7,4,9,3,4,4,0,0,4,3,13,8,3,7,21,"4-3","Y","Y","N",8,0,28
"6661","SC3",2026-03-14,"Stirling","Forfar",0,3,"A",0,3,"A",2.88,3.2,2.25,"0-3","0-3",7,3,18,9,1,1,0,0,1,9,12,9,3,10,21,"1-9","Y","Y","N",2,0,29
"6662","SC3",2026-03-14,"Stranraer","East Kilbride",2,1,"H",1,1,"D",3.6,3.7,1.8,"1-1","2-1",8,3,12,4,3,3,0,0,7,3,15,21,3,10,36,"7-3","Y","Y","N",6,0,29
"6663","SC3",2026-03-17,"Spartans","Forfar",1,0,"H",1,0,"H",1.87,3.3,3.8,"1-0","1-0",9,6,4,2,1,2,0,0,5,7,10,14,1,12,24,"5-7","N","N","N",3,0,29
"6664","SC3",2026-03-21,"Clyde","Stranraer",2,1,"H",0,0,"D",1.8,3.6,3.8,"0-0","2-1",13,4,11,2,2,1,0,0,2,5,14,8,3,7,22,"2-5","Y","Y","N",3,0,29
"6665","SC3",2026-03-21,"Dumbarton","Annan Athletic",2,1,"H",0,0,"D",2.4,3.4,2.55,"0-0","2-1",13,6,10,1,2,0,0,0,6,3,15,8,3,9,23,"6-3","Y","Y","N",2,0,29
"6666","SC3",2026-03-21,"East Kilbride","Stirling",3,2,"H",2,0,"H",1.33,4.8,7,"2-0","3-2",15,6,5,2,4,4,0,0,8,1,17,6,5,9,23,"8-1","Y","Y","Y",8,0,30
"6667","SC3",2026-03-21,"Edinburgh City","Elgin",0,3,"A",0,2,"A",2.9,3.4,2.15,"0-2","0-3",14,4,10,5,4,2,0,0,3,3,12,15,3,6,27,"3-3","Y","Y","N",6,0,30
"6668","SC3",2026-03-21,"Forfar","Spartans",1,1,"D",1,1,"D",3.2,3.2,2.1,"1-1","1-1",9,5,8,3,0,1,1,0,2,6,10,10,2,8,20,"2-6","Y","N","N",1,1,30
"6669","SC3",2026-03-24,"Elgin","Forfar",2,0,"H",0,0,"D",2.25,3.2,2.9,"0-0","2-0",6,3,6,3,1,2,0,0,5,1,16,9,2,6,25,"5-1","Y","N","N",3,0,30
"6670","SC3",2026-03-24,"Stranraer","Clyde",3,1,"H",1,1,"D",2.7,3.13,2.45,"1-1","3-1",17,7,7,3,1,1,0,0,9,1,11,11,4,10,22,"9-1","Y","Y","Y",2,0,30
"6671","SC3",2026-03-28,"Dumbarton","Forfar",2,2,"D",0,2,"A",2.3,3.25,2.8,"0-2","2-2",10,4,10,4,1,0,0,0,6,2,12,9,4,8,21,"6-2","Y","Y","Y",1,0,31
"6672","SC3",2026-03-28,"Annan Athletic","Stranraer",1,0,"H",1,0,"H",2.1,3.5,3,"1-0","1-0",10,2,9,2,3,3,0,0,6,6,12,13,1,12,25,"6-6","N","N","N",6,0,31
"6673","SC3",2026-03-28,"Elgin","Clyde",2,0,"H",1,0,"H",2.45,3.4,2.5,"1-0","2-0",7,3,12,4,2,2,0,0,4,9,10,10,2,13,20,"4-9","Y","N","N",4,0,31
"6674","SC3",2026-03-28,"Spartans","East Kilbride",1,1,"D",0,0,"D",2.38,3.5,2.55,"0-0","1-1",8,5,10,3,3,0,1,0,6,4,15,9,2,10,24,"6-4","Y","N","N",3,1,31
"6675","SC3",2026-03-28,"Stirling","Edinburgh City",1,0,"H",0,0,"D",2.1,3.5,3,"0-0","1-0",12,4,9,3,1,3,0,0,7,6,10,10,1,13,20,"7-6","N","N","N",4,0,31
"6676","SC3",2026-04-04,"Clyde","Stirling",3,1,"H",2,1,"H",1.5,4.1,5.25,"2-1","3-1",15,5,5,3,0,2,0,0,10,5,8,13,4,15,21,"10-5","Y","Y","Y",2,0,32
"6677","SC3",2026-04-04,"East Kilbride","Annan Athletic",2,1,"H",0,0,"D",1.62,4,4.33,"0-0","2-1",12,3,6,1,2,4,0,0,5,5,8,17,3,10,25,"5-5","Y","Y","N",6,0,32
"6678","SC3",2026-04-04,"Edinburgh City","Spartans",0,3,"A",0,0,"D",5,3.8,1.57,"0-0","0-3",7,4,15,8,2,2,0,0,5,11,4,10,3,16,14,"5-11","Y","Y","N",4,0,32
"6679","SC3",2026-04-04,"Forfar","Elgin",2,1,"H",2,1,"H",2.25,3.3,2.88,"2-1","2-1",11,8,9,4,4,2,0,0,6,4,18,17,3,10,35,"6-4","Y","Y","N",6,0,32
"6680","SC3",2026-04-04,"Stranraer","Dumbarton",1,1,"D",0,1,"A",2.1,3.4,3,"0-1","1-1",14,4,10,2,0,2,0,0,8,1,6,12,2,9,18,"8-1","Y","N","N",2,0,32
"6681","SC3",2026-04-11,"Dumbarton","Stirling",2,1,"H",1,0,"H",1.67,3.75,4.33,"1-0","2-1",14,5,9,3,1,3,1,0,10,6,11,11,3,16,22,"10-6","Y","Y","N",4,1,33
"6682","SC3",2026-04-11,"Edinburgh City","Clyde",0,2,"A",0,1,"A",4,3.7,1.73,"0-1","0-2",8,2,6,3,2,1,0,0,3,5,13,8,2,8,21,"3-5","Y","N","N",3,0,33
"6683","SC3",2026-04-11,"Elgin","Annan Athletic",0,3,"A",0,1,"A",2.15,3.5,2.88,"0-1","0-3",8,3,11,6,3,3,0,0,5,2,15,9,3,7,24,"5-2","Y","Y","N",6,0,33
"6684","SC3",2026-04-11,"Forfar","East Kilbride",1,0,"H",1,0,"H",3,3.4,2.15,"1-0","1-0",7,5,5,2,1,4,0,0,4,3,5,17,1,7,22,"4-3","N","N","N",5,0,33
"6685","SC3",2026-04-11,"Spartans","Stranraer",1,2,"A",1,1,"D",1.55,3.9,5,"1-1","1-2",14,8,11,5,1,4,0,0,6,7,6,13,3,13,19,"6-7","Y","Y","N",5,0,33
"2355","SP1",2025-08-15,"Girona","Vallecano",1,3,"A",0,3,"A",2.25,3.3,3.25,"0-3","1-3",7,2,16,5,0,1,1,0,2,4,8,17,4,6,25,"2-4","Y","Y","Y",1,1,1
"2356","SP1",2025-08-15,"Villarreal","Oviedo",2,0,"H",2,0,"H",1.36,4.75,8.5,"2-0","2-0",25,10,5,4,1,2,0,1,10,1,10,8,2,11,18,"10-1","Y","N","N",3,1,1
"2357","SP1",2025-08-16,"Mallorca","Barcelona",0,3,"A",0,2,"A",7,4.6,1.44,"0-2","0-3",4,1,24,8,4,1,2,0,3,6,8,17,3,9,25,"3-6","Y","Y","N",5,2,1
"2358","SP1",2025-08-16,"Alaves","Levante",2,1,"H",1,0,"H",2.15,3.1,3.7,"1-0","2-1",15,4,7,3,0,1,0,0,10,1,15,13,3,11,28,"10-1","Y","Y","N",1,0,1
"2359","SP1",2025-08-16,"Valencia","Sociedad",1,1,"D",0,0,"D",2.55,2.9,3.1,"0-0","1-1",18,2,13,3,1,2,0,0,8,7,5,11,2,15,16,"8-7","Y","N","N",3,0,1
"2360","SP1",2025-08-17,"Celta","Getafe",0,2,"A",0,0,"D",1.7,3.3,5,"0-0","0-2",11,3,10,3,3,2,0,0,9,3,15,17,2,12,32,"9-3","Y","N","N",5,0,1
"2361","SP1",2025-08-17,"Ath Bilbao","Sevilla",3,2,"H",2,0,"H",1.53,3.7,5.75,"2-0","3-2",14,3,12,6,0,2,0,0,10,1,8,12,5,11,20,"10-1","Y","Y","Y",2,0,1
"2362","SP1",2025-08-17,"Espanol","Ath Madrid",2,1,"H",0,1,"A",6,3.6,1.53,"0-1","2-1",10,5,15,4,3,3,0,0,1,3,14,11,3,4,25,"1-3","Y","Y","N",6,0,1
"2363","SP1",2025-08-18,"Elche","Betis",1,1,"D",0,1,"A",3.25,3.2,2.1,"0-1","1-1",6,2,12,4,0,1,0,0,1,3,14,13,2,4,27,"1-3","Y","N","N",1,0,1
"2364","SP1",2025-08-19,"Real Madrid","Osasuna",1,0,"H",0,0,"D",1.2,6.5,13,"0-0","1-0",18,5,2,0,1,0,0,1,7,0,10,12,1,7,22,"7-0","N","N","N",1,1,1
"2365","SP1",2025-08-22,"Betis","Alaves",1,0,"H",1,0,"H",1.9,3.4,4.33,"1-0","1-0",16,5,11,5,2,3,0,0,5,2,10,17,1,7,27,"5-2","N","N","N",5,0,2
"2366","SP1",2025-08-23,"Mallorca","Celta",1,1,"D",0,1,"A",2.9,3.13,2.55,"0-1","1-1",12,4,8,2,3,3,0,0,3,4,12,12,2,7,24,"3-4","Y","N","N",6,0,2
"2367","SP1",2025-08-23,"Ath Madrid","Elche",1,1,"D",1,1,"D",1.22,6,15,"1-1","1-1",13,6,6,2,0,3,0,0,10,2,14,7,2,12,21,"10-2","Y","N","N",3,0,2
"2368","SP1",2025-08-23,"Levante","Barcelona",2,3,"A",2,0,"H",10.5,6.5,1.25,"2-0","2-3",8,5,26,10,3,1,0,0,0,11,10,8,5,11,18,"0-11","Y","Y","Y",4,0,2
"2369","SP1",2025-08-24,"Osasuna","Valencia",1,0,"H",1,0,"H",2.3,3.1,3,"1-0","1-0",16,4,4,1,2,1,0,1,3,4,14,13,1,7,27,"3-4","N","N","N",3,1,2
"2370","SP1",2025-08-24,"Sociedad","Espanol",2,2,"D",0,2,"A",1.75,3.3,4.5,"0-2","2-2",15,7,14,3,2,2,0,0,5,2,16,18,4,7,34,"5-2","Y","Y","Y",4,0,2
"2371","SP1",2025-08-24,"Villarreal","Girona",5,0,"H",4,0,"H",1.5,4.1,5.5,"4-0","5-0",19,7,5,2,1,2,0,0,8,1,8,9,5,9,17,"8-1","Y","Y","Y",3,0,2
"2372","SP1",2025-08-24,"Oviedo","Real Madrid",0,3,"A",0,1,"A",9,4.8,1.29,"0-1","0-3",6,3,26,10,2,1,0,0,1,9,8,7,3,10,15,"1-9","Y","Y","N",3,0,2
"2373","SP1",2025-08-25,"Ath Bilbao","Vallecano",1,0,"H",0,0,"D",1.67,3.4,5,"0-0","1-0",11,4,6,1,0,4,0,0,3,6,13,13,1,9,26,"3-6","N","N","N",4,0,2
"2374","SP1",2025-08-25,"Sevilla","Getafe",1,2,"A",1,1,"D",2.15,2.9,3.4,"1-1","1-2",12,3,9,6,2,2,0,0,5,3,10,24,3,8,34,"5-3","Y","Y","N",4,0,2
"2375","SP1",2025-08-27,"Celta","Betis",1,1,"D",0,1,"A",2.2,3.5,3.2,"0-1","1-1",14,5,7,2,1,2,0,0,10,4,13,11,2,14,24,"10-4","Y","N","N",3,0,3
"2376","SP1",2025-08-29,"Elche","Levante",2,0,"H",0,0,"D",2.2,3.1,3.6,"0-0","2-0",16,5,11,1,1,2,0,0,4,2,14,17,2,6,31,"4-2","Y","N","N",3,0,3
"2377","SP1",2025-08-29,"Valencia","Getafe",3,0,"H",1,0,"H",2.25,3,3.6,"1-0","3-0",7,4,11,1,2,0,0,0,8,6,18,7,3,14,25,"8-6","Y","Y","N",2,0,3
"2378","SP1",2025-08-30,"Alaves","Ath Madrid",1,1,"D",1,1,"D",4.75,3.5,1.8,"1-1","1-1",5,2,15,6,2,3,0,0,1,6,10,17,2,7,27,"1-6","Y","N","N",5,0,3
"2379","SP1",2025-08-30,"Oviedo","Sociedad",1,0,"H",1,0,"H",3.4,3.13,2.25,"1-0","1-0",8,1,18,6,2,1,0,0,1,10,7,18,1,11,25,"1-10","N","N","N",3,0,3
"2380","SP1",2025-08-30,"Girona","Sevilla",0,2,"A",0,1,"A",2.4,3.4,2.9,"0-1","0-2",20,5,13,4,0,2,0,0,11,3,5,14,2,14,19,"11-3","Y","N","N",2,0,3
"2381","SP1",2025-08-30,"Real Madrid","Mallorca",2,1,"H",2,1,"H",1.17,7,17,"2-1","2-1",17,7,9,5,2,0,0,0,4,5,12,7,3,9,19,"4-5","Y","Y","N",2,0,3
"2382","SP1",2025-08-31,"Celta","Villarreal",1,1,"D",0,0,"D",2.63,3.4,2.38,"0-0","1-1",10,2,8,3,1,1,0,0,1,5,11,8,2,6,19,"1-5","Y","N","N",2,0,3
"2383","SP1",2025-08-31,"Betis","Ath Bilbao",1,2,"A",0,0,"D",2.8,3.13,2.4,"0-0","1-2",9,2,15,6,1,4,0,1,4,10,9,16,3,14,25,"4-10","Y","Y","N",5,1,3
"2384","SP1",2025-08-31,"Espanol","Osasuna",1,0,"H",0,0,"D",2.3,3.1,3,"0-0","1-0",10,4,10,3,2,3,0,0,2,3,13,14,1,5,27,"2-3","N","N","N",5,0,3
"2385","SP1",2025-08-31,"Vallecano","Barcelona",1,1,"D",0,1,"A",6.5,4.8,1.36,"0-1","1-1",12,6,12,3,4,1,0,0,9,4,16,8,2,13,24,"9-4","Y","N","N",5,0,4
"2386","SP1",2025-09-12,"Sevilla","Elche",2,2,"D",1,0,"H",1.83,3.5,4.5,"1-0","2-2",7,3,5,2,4,3,0,0,2,2,23,19,4,4,42,"2-2","Y","Y","Y",7,0,4
"2387","SP1",2025-09-13,"Getafe","Oviedo",2,0,"H",2,0,"H",1.95,3,4.75,"2-0","2-0",10,3,5,1,2,5,0,1,4,3,12,18,2,7,30,"4-3","Y","N","N",7,1,4
"2388","SP1",2025-09-13,"Sociedad","Real Madrid",1,2,"A",0,2,"A",5.75,4.1,1.57,"0-2","1-2",23,4,16,6,2,1,0,1,12,4,17,7,3,16,24,"12-4","Y","Y","N",3,1,4
"2389","SP1",2025-09-13,"Ath Bilbao","Alaves",0,1,"A",0,0,"D",1.57,3.8,6.5,"0-0","0-1",12,3,4,2,4,3,0,0,6,6,17,21,1,12,38,"6-6","N","N","N",7,0,4
"2390","SP1",2025-09-13,"Ath Madrid","Villarreal",2,0,"H",1,0,"H",1.8,3.7,4.5,"1-0","2-0",8,3,8,1,2,4,0,0,8,3,12,15,2,11,27,"8-3","Y","N","N",6,0,4
"2391","SP1",2025-09-14,"Celta","Girona",1,1,"D",0,1,"A",1.65,3.75,4.5,"0-1","1-1",21,7,13,8,0,3,0,0,10,3,7,9,2,13,16,"10-3","Y","N","N",3,0,4
"2392","SP1",2025-09-14,"Levante","Betis",2,2,"D",2,1,"H",3,3.25,2.2,"2-1","2-2",5,2,28,9,3,2,0,0,4,12,16,11,4,16,27,"4-12","Y","Y","Y",5,0,4
"2393","SP1",2025-09-14,"Osasuna","Vallecano",2,0,"H",1,0,"H",2.45,3.1,2.75,"1-0","2-0",9,7,19,6,3,2,0,0,3,6,13,7,2,9,20,"3-6","Y","N","N",5,0,4
"2394","SP1",2025-09-14,"Barcelona","Valencia",6,0,"H",1,0,"H",1.18,6.5,11,"1-0","6-0",24,10,2,1,0,1,0,0,5,4,9,8,6,9,17,"5-4","Y","Y","Y",1,0,4
"2395","SP1",2025-09-15,"Espanol","Mallorca",3,2,"H",2,1,"H",2.1,3.1,3.4,"2-1","3-2",9,3,24,10,2,1,1,0,3,9,9,16,5,12,25,"3-9","Y","Y","Y",3,1,5
"2396","SP1",2025-09-19,"Betis","Sociedad",3,1,"H",1,1,"D",1.95,3.6,3.75,"1-1","3-1",21,6,11,5,3,7,0,0,3,5,7,20,4,8,27,"3-5","Y","Y","Y",10,0,5
"2397","SP1",2025-09-20,"Girona","Levante",0,4,"A",0,1,"A",1.9,3.6,4,"0-1","0-4",7,1,14,7,4,3,2,0,5,4,11,17,4,9,28,"5-4","Y","Y","Y",7,2,5
"2398","SP1",2025-09-20,"Real Madrid","Espanol",2,0,"H",1,0,"H",1.18,7,15,"1-0","2-0",16,5,8,1,2,0,0,0,5,3,10,20,2,8,30,"5-3","Y","N","N",2,0,5
"2399","SP1",2025-09-20,"Alaves","Sevilla",1,2,"A",1,1,"D",2.3,3.13,3.3,"1-1","1-2",8,5,9,3,1,7,0,0,4,4,20,19,3,8,39,"4-4","Y","Y","N",8,0,5
"2400","SP1",2025-09-20,"Villarreal","Osasuna",2,1,"H",0,1,"A",1.53,4.2,6,"0-1","2-1",26,8,6,3,2,3,0,1,7,0,10,11,3,7,21,"7-0","Y","Y","N",5,1,5
"2401","SP1",2025-09-20,"Valencia","Ath Bilbao",2,0,"H",0,0,"D",3,3.13,2.5,"0-0","2-0",13,5,11,5,1,1,0,1,5,6,13,6,2,11,19,"5-6","Y","N","N",2,1,5
"2402","SP1",2025-09-21,"Vallecano","Celta",1,1,"D",0,0,"D",2.25,3.2,3,"0-0","1-1",15,5,9,5,1,1,0,0,5,7,8,10,2,12,18,"5-7","Y","N","N",2,0,5
"2403","SP1",2025-09-21,"Mallorca","Ath Madrid",1,1,"D",0,0,"D",4.75,3.4,1.7,"0-0","1-1",8,3,12,7,0,0,0,1,3,6,14,6,2,9,20,"3-6","Y","N","N",0,1,5
"2404","SP1",2025-09-21,"Elche","Oviedo",1,0,"H",1,0,"H",1.87,3.1,4.2,"1-0","1-0",15,5,12,4,2,2,0,0,3,3,9,18,1,6,27,"3-3","N","N","N",4,0,5
"2405","SP1",2025-09-21,"Barcelona","Getafe",3,0,"H",2,0,"H",1.2,5.75,11.5,"2-0","3-0",16,7,3,2,2,4,0,0,3,2,9,15,3,5,24,"3-2","Y","Y","N",6,0,6
"2406","SP1",2025-09-23,"Ath Bilbao","Girona",1,1,"D",0,1,"A",1.44,4.33,7.5,"0-1","1-1",17,5,6,3,0,2,0,0,8,1,19,15,2,9,34,"8-1","Y","N","N",2,0,6
"2407","SP1",2025-09-23,"Espanol","Valencia",2,2,"D",0,1,"A",2.25,3.25,3.25,"0-1","2-2",21,10,5,2,1,4,0,0,8,3,9,9,4,11,18,"8-3","Y","Y","Y",5,0,6
"2408","SP1",2025-09-23,"Levante","Real Madrid",1,4,"A",0,2,"A",9,5.75,1.3,"0-2","1-4",11,2,24,10,1,1,0,0,1,7,17,9,5,8,26,"1-7","Y","Y","Y",2,0,6
"2409","SP1",2025-09-23,"Sevilla","Villarreal",1,2,"A",0,1,"A",3.13,3.25,2.38,"0-1","1-2",16,2,12,5,2,3,0,0,3,3,17,14,3,6,31,"3-3","Y","Y","N",5,0,6
"2410","SP1",2025-09-24,"Getafe","Alaves",1,1,"D",0,0,"D",2.3,2.88,3.7,"0-0","1-1",7,1,10,4,2,3,0,0,2,7,14,20,2,9,34,"2-7","Y","N","N",5,0,6
"2411","SP1",2025-09-24,"Ath Madrid","Vallecano",3,2,"H",1,1,"D",1.5,4.2,6.5,"1-1","3-2",20,8,9,3,3,4,0,0,8,6,6,12,5,14,18,"8-6","Y","Y","Y",7,0,6
"2412","SP1",2025-09-24,"Sociedad","Mallorca",1,0,"H",0,0,"D",1.8,3.5,4.75,"0-0","1-0",17,4,7,3,2,2,0,0,11,2,13,15,1,13,28,"11-2","N","N","N",4,0,6
"2413","SP1",2025-09-25,"Osasuna","Elche",1,1,"D",1,0,"H",1.95,3.13,3.8,"1-0","1-1",9,2,12,4,2,2,0,0,2,3,19,13,2,5,32,"2-3","Y","N","N",4,0,6
"2414","SP1",2025-09-25,"Oviedo","Barcelona",1,3,"A",1,0,"H",9.5,5.75,1.22,"1-0","1-3",7,3,22,10,1,0,0,0,6,9,10,6,4,15,16,"6-9","Y","Y","Y",1,0,6
"2415","SP1",2025-09-26,"Girona","Espanol",0,0,"D",0,0,"D",2.5,3.4,2.8,"0-0","0-0",12,3,20,5,0,1,0,0,8,4,9,11,0,12,20,"8-4","N","N","N",1,0,7
"2416","SP1",2025-09-27,"Getafe","Levante",1,1,"D",0,1,"A",2.05,3.2,3.9,"0-1","1-1",11,4,11,3,4,3,0,0,6,2,15,16,2,8,31,"6-2","Y","N","N",7,0,7
"2417","SP1",2025-09-27,"Ath Madrid","Real Madrid",5,2,"H",2,2,"D",2.9,3.6,2.3,"2-2","5-2",13,7,6,2,5,4,0,0,7,2,17,14,7,9,31,"7-2","Y","Y","Y",9,0,7
"2418","SP1",2025-09-27,"Mallorca","Alaves",1,0,"H",1,0,"H",2.38,2.9,3.4,"1-0","1-0",12,3,12,3,2,3,0,0,4,8,14,18,1,12,32,"4-8","N","N","N",5,0,7
"2419","SP1",2025-09-27,"Villarreal","Ath Bilbao",1,0,"H",0,0,"D",2.1,3.3,3.7,"0-0","1-0",14,5,16,4,2,0,0,0,6,5,13,11,1,11,24,"6-5","N","N","N",2,0,7
"2420","SP1",2025-09-28,"Vallecano","Sevilla",0,1,"A",0,0,"D",1.95,3.25,3.6,"0-0","0-1",18,6,4,1,3,2,1,0,12,4,12,15,1,16,27,"12-4","N","N","N",5,1,7
"2421","SP1",2025-09-28,"Elche","Celta",2,1,"H",1,1,"D",2.7,3.1,2.5,"1-1","2-1",17,8,8,2,3,3,0,0,7,2,12,20,3,9,32,"7-2","Y","Y","N",6,0,7
"2422","SP1",2025-09-28,"Barcelona","Sociedad",2,1,"H",1,1,"D",1.22,5.75,9,"1-1","2-1",22,12,7,2,1,2,0,0,12,1,6,12,3,13,18,"12-1","Y","Y","N",3,0,7
"2423","SP1",2025-09-28,"Betis","Osasuna",2,0,"H",2,0,"H",1.73,3.5,4.4,"2-0","2-0",12,6,12,1,0,1,0,0,5,5,6,7,2,10,13,"5-5","Y","N","N",1,0,7
"2424","SP1",2025-09-30,"Valencia","Oviedo",1,2,"A",1,0,"H",1.67,3.5,4.8,"1-0","1-2",16,5,10,4,1,4,0,1,5,4,14,12,3,9,26,"5-4","Y","Y","N",5,1,7
"2425","SP1",2025-10-03,"Osasuna","Getafe",2,1,"H",1,1,"D",2.2,2.88,4,"1-1","2-1",7,3,6,2,1,4,0,0,1,6,11,14,3,7,25,"1-6","Y","Y","N",5,0,8
"2426","SP1",2025-10-04,"Oviedo","Levante",0,2,"A",0,1,"A",2.5,3.2,2.9,"0-1","0-2",13,2,14,5,2,2,0,0,9,3,10,10,2,12,20,"9-3","Y","N","N",4,0,8
"2427","SP1",2025-10-04,"Girona","Valencia",2,1,"H",1,0,"H",2.45,3.4,2.8,"1-0","2-1",4,4,19,6,5,1,2,0,0,7,13,12,3,7,25,"0-7","Y","Y","N",6,2,8
"2428","SP1",2025-10-04,"Ath Bilbao","Mallorca",2,1,"H",1,0,"H",1.5,4,7,"1-0","2-1",18,5,7,2,5,6,0,1,7,2,16,13,3,9,29,"7-2","Y","Y","N",11,1,8
"2429","SP1",2025-10-04,"Real Madrid","Villarreal",3,1,"H",0,0,"D",1.44,4.8,6.5,"0-0","3-1",26,7,9,2,2,4,0,1,4,0,9,14,4,4,23,"4-0","Y","Y","Y",6,1,8
"2430","SP1",2025-10-05,"Alaves","Elche",3,1,"H",0,0,"D",2.25,2.9,3.25,"0-0","3-1",25,5,6,3,3,1,0,1,14,4,13,9,4,18,22,"14-4","Y","Y","Y",4,1,8
"2431","SP1",2025-10-05,"Sevilla","Barcelona",4,1,"H",2,1,"H",5.5,4.5,1.44,"2-1","4-1",13,5,17,8,7,5,0,0,7,6,18,9,5,13,27,"7-6","Y","Y","Y",12,0,8
"2432","SP1",2025-10-05,"Espanol","Betis",1,2,"A",1,0,"H",2.5,3.3,2.55,"1-0","1-2",14,5,12,3,2,6,0,0,10,5,16,4,3,15,20,"10-5","Y","Y","N",8,0,8
"2433","SP1",2025-10-05,"Sociedad","Vallecano",0,1,"A",0,0,"D",2,3.2,3.5,"0-0","0-1",10,3,7,2,1,2,0,0,7,5,13,21,1,12,34,"7-5","N","N","N",3,0,8
"2434","SP1",2025-10-05,"Celta","Ath Madrid",1,1,"D",0,1,"A",4.1,3.6,1.75,"0-1","1-1",18,4,6,1,1,3,0,1,6,3,7,10,2,9,17,"6-3","Y","N","N",4,1,8
"2435","SP1",2025-10-17,"Oviedo","Espanol",0,2,"A",0,0,"D",3,3,2.55,"0-0","0-2",13,4,19,10,2,1,0,0,3,5,9,8,2,8,17,"3-5","Y","N","N",3,0,9
"2436","SP1",2025-10-18,"Sevilla","Mallorca",1,3,"A",1,0,"H",1.85,3.4,4.5,"1-0","1-3",13,4,7,6,2,1,0,0,9,2,16,13,4,11,29,"9-2","Y","Y","Y",3,0,9
"2437","SP1",2025-10-18,"Barcelona","Girona",2,1,"H",1,1,"D",1.18,7.5,13,"1-1","2-1",27,9,11,4,1,2,0,0,11,5,10,7,3,16,17,"11-5","Y","Y","N",3,0,9
"2438","SP1",2025-10-18,"Villarreal","Betis",2,2,"D",1,0,"H",1.87,3.8,3.9,"1-0","2-2",7,3,16,3,1,1,0,0,5,6,13,10,4,11,23,"5-6","Y","Y","Y",2,0,9
"2439","SP1",2025-10-18,"Ath Madrid","Osasuna",1,0,"H",0,0,"D",1.36,4.75,9,"0-0","1-0",18,9,9,2,1,3,0,0,4,2,10,11,1,6,21,"4-2","N","N","N",4,0,9
"2440","SP1",2025-10-19,"Elche","Ath Bilbao",0,0,"D",0,0,"D",3.5,3.1,2.05,"0-0","0-0",15,5,4,1,2,3,0,0,6,2,14,20,0,8,34,"6-2","N","N","N",5,0,9
"2441","SP1",2025-10-19,"Celta","Sociedad",1,1,"D",1,0,"H",2.05,3.3,3.3,"1-0","1-1",4,1,17,7,4,3,1,0,1,10,10,20,2,11,30,"1-10","Y","N","N",7,1,9
"2442","SP1",2025-10-19,"Levante","Vallecano",0,3,"A",0,2,"A",2.7,3.25,2.45,"0-2","0-3",17,4,10,5,0,1,0,0,11,4,6,18,3,15,24,"11-4","Y","Y","N",1,0,9
"2443","SP1",2025-10-19,"Getafe","Real Madrid",0,1,"A",0,0,"D",7.5,4.1,1.4,"0-0","0-1",7,1,23,10,4,1,2,0,1,4,27,11,1,5,38,"1-4","N","N","N",5,2,9
"2444","SP1",2025-10-20,"Alaves","Valencia",0,0,"D",0,0,"D",2.2,3,3.3,"0-0","0-0",13,3,5,2,1,2,0,0,7,0,13,20,0,7,33,"7-0","N","N","N",3,0,9
"2445","SP1",2025-10-24,"Sociedad","Sevilla",2,1,"H",2,1,"H",2,3.5,3.7,"2-1","2-1",5,3,6,1,1,3,0,0,1,9,19,14,3,10,33,"1-9","Y","Y","N",4,0,10
"2446","SP1",2025-10-25,"Girona","Oviedo",3,3,"D",0,1,"A",1.8,3.6,4.6,"0-1","3-3",8,6,10,5,4,3,0,0,11,4,13,16,6,15,29,"11-4","Y","Y","Y",7,0,10
"2447","SP1",2025-10-25,"Espanol","Elche",1,0,"H",0,0,"D",2,3.4,3.9,"0-0","1-0",16,7,13,4,4,2,0,0,4,2,14,15,1,6,29,"4-2","N","N","N",6,0,10
"2448","SP1",2025-10-25,"Ath Bilbao","Getafe",0,1,"A",0,0,"D",1.65,3.4,6.5,"0-0","0-1",7,4,8,3,1,3,0,0,1,5,15,14,1,6,29,"1-5","N","N","N",4,0,10
"2449","SP1",2025-10-25,"Valencia","Villarreal",0,2,"A",0,1,"A",3.13,3.5,2.2,"0-1","0-2",15,3,12,5,2,4,0,0,7,5,13,14,2,12,27,"7-5","Y","N","N",6,0,10
"2450","SP1",2025-10-26,"Mallorca","Levante",1,1,"D",0,1,"A",2.05,3.2,3.4,"0-1","1-1",20,4,13,5,3,2,0,0,5,4,8,13,2,9,21,"5-4","Y","N","N",5,0,10
"2451","SP1",2025-10-26,"Real Madrid","Barcelona",2,1,"H",2,1,"H",1.91,4,3.1,"2-1","2-1",23,10,15,6,5,5,1,1,12,4,12,9,3,16,21,"12-4","Y","Y","N",10,2,10
"2452","SP1",2025-10-26,"Osasuna","Celta",2,3,"A",2,1,"H",2.3,3.1,3,"2-1","2-3",17,7,11,5,3,4,0,0,6,2,10,13,5,8,23,"6-2","Y","Y","Y",7,0,10
"2453","SP1",2025-10-26,"Vallecano","Alaves",1,0,"H",0,0,"D",2.05,3,3.7,"0-0","1-0",15,5,12,2,1,3,0,0,7,5,13,11,1,12,24,"7-5","N","N","N",4,0,10
"2454","SP1",2025-10-27,"Betis","Ath Madrid",0,2,"A",0,2,"A",3.1,3.4,2.1,"0-2","0-2",17,5,9,4,2,1,0,0,2,5,9,18,2,7,27,"2-5","Y","N","N",3,0,10
"2455","SP1",2025-10-31,"Getafe","Girona",2,1,"H",0,0,"D",2.15,2.9,4,"0-0","2-1",12,4,8,4,1,1,0,0,8,3,17,15,3,11,32,"8-3","Y","Y","N",2,0,11
"2456","SP1",2025-11-01,"Villarreal","Vallecano",4,0,"H",1,0,"H",1.67,4,4.8,"1-0","4-0",16,7,13,3,1,1,0,0,3,5,7,11,4,8,18,"3-5","Y","Y","Y",2,0,11
"2457","SP1",2025-11-01,"Ath Madrid","Sevilla",3,0,"H",0,0,"D",1.33,5.25,9,"0-0","3-0",15,6,10,2,0,3,0,0,9,4,9,12,3,13,21,"9-4","Y","Y","N",3,0,11
"2458","SP1",2025-11-01,"Sociedad","Ath Bilbao",3,2,"H",1,1,"D",2.7,3.1,2.75,"1-1","3-2",9,5,11,4,2,3,0,0,6,2,20,8,5,8,28,"6-2","Y","Y","Y",5,0,11
"2459","SP1",2025-11-01,"Real Madrid","Valencia",4,0,"H",3,0,"H",1.15,8,15,"3-0","4-0",21,11,4,1,1,1,0,0,7,1,14,7,4,8,21,"7-1","Y","Y","Y",2,0,11
"2460","SP1",2025-11-02,"Levante","Celta",1,2,"A",0,1,"A",2.7,3.4,2.3,"0-1","1-2",9,3,20,6,2,3,1,0,4,4,10,12,3,8,22,"4-4","Y","Y","N",5,1,11
"2461","SP1",2025-11-02,"Alaves","Espanol",2,1,"H",2,0,"H",2.3,3,3.13,"2-0","2-1",13,4,18,2,4,2,1,0,1,6,14,12,3,7,26,"1-6","Y","Y","N",6,1,11
"2462","SP1",2025-11-02,"Barcelona","Elche",3,1,"H",2,1,"H",1.18,6.5,11,"2-1","3-1",17,5,9,3,0,1,0,0,6,3,12,16,4,9,28,"6-3","Y","Y","Y",1,0,11
"2463","SP1",2025-11-02,"Betis","Mallorca",3,0,"H",3,0,"H",1.55,3.8,5.25,"3-0","3-0",15,8,14,1,0,3,0,0,4,5,9,8,3,9,17,"4-5","Y","Y","N",3,0,11
"2464","SP1",2025-11-03,"Oviedo","Osasuna",0,0,"D",0,0,"D",2.8,3,2.45,"0-0","0-0",8,2,11,5,3,1,0,0,4,2,17,17,0,6,34,"4-2","N","N","N",4,0,11
"2465","SP1",2025-11-07,"Elche","Sociedad",1,1,"D",0,0,"D",2.7,3.2,2.7,"0-0","1-1",12,3,13,5,1,3,0,0,1,3,14,15,2,4,29,"1-3","Y","N","N",4,0,12
"2466","SP1",2025-11-08,"Girona","Alaves",1,0,"H",1,0,"H",2.45,3.2,3,"1-0","1-0",10,2,14,5,0,3,0,0,6,1,9,15,1,7,24,"6-1","N","N","N",3,0,12
"2467","SP1",2025-11-08,"Sevilla","Osasuna",1,0,"H",0,0,"D",2.15,3.3,3.5,"0-0","1-0",10,4,9,3,5,3,0,0,5,6,21,13,1,11,34,"5-6","N","N","N",8,0,12
"2468","SP1",2025-11-08,"Ath Madrid","Levante",3,1,"H",1,1,"D",1.2,7,13,"1-1","3-1",25,10,6,3,3,1,0,0,21,4,5,6,4,25,11,"21-4","Y","Y","Y",4,0,12
"2469","SP1",2025-11-08,"Espanol","Villarreal",0,2,"A",0,1,"A",2.8,3.6,2.38,"0-1","0-2",14,3,9,3,0,2,0,0,4,2,9,9,2,6,18,"4-2","Y","N","N",2,0,12
"2470","SP1",2025-11-09,"Ath Bilbao","Oviedo",1,0,"H",1,0,"H",1.45,3.8,7,"1-0","1-0",21,7,5,2,1,1,0,0,7,4,12,8,1,11,20,"7-4","N","N","N",2,0,12
"2471","SP1",2025-11-09,"Vallecano","Real Madrid",0,0,"D",0,0,"D",5.75,4.33,1.45,"0-0","0-0",13,2,21,5,3,2,0,0,5,8,17,7,0,13,24,"5-8","N","N","N",5,0,12
"2472","SP1",2025-11-09,"Mallorca","Getafe",1,0,"H",1,0,"H",2.4,2.8,3.13,"1-0","1-0",6,4,14,3,0,2,0,0,1,14,15,8,1,15,23,"1-14","N","N","N",2,0,12
"2473","SP1",2025-11-09,"Valencia","Betis",1,1,"D",0,0,"D",3.1,3.3,2.15,"0-0","1-1",17,4,9,2,3,3,0,0,7,2,13,10,2,9,23,"7-2","Y","N","N",6,0,12
"2474","SP1",2025-11-09,"Celta","Barcelona",2,4,"A",2,3,"A",4.33,4.2,1.6,"2-3","2-4",5,3,21,9,1,5,0,1,2,5,13,10,6,7,23,"2-5","Y","Y","Y",6,1,12
"2475","SP1",2025-11-21,"Valencia","Levante",1,0,"H",0,0,"D",1.95,3.6,3.8,"0-0","1-0",14,3,8,1,4,3,0,0,7,0,16,15,1,7,31,"7-0","N","N","N",7,0,13
"2476","SP1",2025-11-22,"Alaves","Celta",0,1,"A",0,0,"D",2.55,3.13,2.9,"0-0","0-1",5,2,7,4,2,2,0,0,4,2,21,15,1,6,36,"4-2","N","N","N",4,0,13
"2477","SP1",2025-11-22,"Barcelona","Ath Bilbao",4,0,"H",2,0,"H",1.4,5,7,"2-0","4-0",19,7,13,2,0,2,0,1,5,7,9,9,4,12,18,"5-7","Y","Y","Y",2,1,13
"2478","SP1",2025-11-22,"Osasuna","Sociedad",1,3,"A",1,0,"H",2.7,3.2,2.7,"1-0","1-3",14,4,19,9,3,2,1,0,3,3,13,7,4,6,20,"3-3","Y","Y","Y",5,1,13
"2479","SP1",2025-11-22,"Villarreal","Mallorca",2,1,"H",1,1,"D",1.44,4.6,7,"1-1","2-1",14,7,9,3,2,2,0,0,3,1,17,8,3,4,25,"3-1","Y","Y","N",4,0,13
"2480","SP1",2025-11-23,"Oviedo","Vallecano",0,0,"D",0,0,"D",3.2,3.1,2.15,"0-0","0-0",8,3,11,3,1,2,1,1,5,6,11,13,0,11,24,"5-6","N","N","N",3,2,13
"2481","SP1",2025-11-23,"Betis","Girona",1,1,"D",0,1,"A",1.5,4.1,5.25,"0-1","1-1",23,7,11,4,3,4,1,0,8,0,10,16,2,8,26,"8-0","Y","N","N",7,1,13
"2482","SP1",2025-11-23,"Getafe","Ath Madrid",0,1,"A",0,0,"D",5,3.25,1.7,"0-0","0-1",9,1,13,6,2,3,0,0,6,7,9,17,1,13,26,"6-7","N","N","N",5,0,13
"2483","SP1",2025-11-23,"Elche","Real Madrid",2,2,"D",0,0,"D",7.5,4.8,1.33,"0-0","2-2",15,6,20,7,4,0,1,0,2,8,10,8,4,10,18,"2-8","Y","Y","Y",4,1,13
"2484","SP1",2025-11-24,"Espanol","Sevilla",2,1,"H",0,0,"D",2.05,3.2,3.4,"0-0","2-1",8,5,22,6,4,1,0,0,4,13,18,7,3,17,25,"4-13","Y","Y","N",5,0,13
"2485","SP1",2025-11-28,"Getafe","Elche",1,0,"H",0,0,"D",2.2,2.9,3.9,"0-0","1-0",15,6,9,4,2,2,0,0,3,5,18,11,1,8,29,"3-5","N","N","N",4,0,14
"2486","SP1",2025-11-29,"Mallorca","Osasuna",2,2,"D",0,0,"D",2.38,3.1,3.25,"0-0","2-2",7,4,14,2,3,4,0,0,2,8,10,15,4,10,25,"2-8","Y","Y","Y",7,0,14
"2487","SP1",2025-11-29,"Barcelona","Alaves",3,1,"H",2,1,"H",1.17,7.5,15,"2-1","3-1",18,6,9,2,2,3,0,0,5,4,10,17,4,9,27,"5-4","Y","Y","Y",5,0,14
"2488","SP1",2025-11-29,"Levante","Ath Bilbao",0,2,"A",0,2,"A",3.5,3.4,2.1,"0-2","0-2",11,4,14,4,3,2,0,0,4,2,11,19,2,6,30,"4-2","Y","N","N",5,0,14
"2489","SP1",2025-11-29,"Ath Madrid","Oviedo",2,0,"H",2,0,"H",1.18,6.5,17,"2-0","2-0",14,8,12,1,0,1,0,0,7,2,5,8,2,9,13,"7-2","Y","N","N",1,0,14
"2490","SP1",2025-11-30,"Sociedad","Villarreal",2,3,"A",0,1,"A",2.7,3.3,2.38,"0-1","2-3",18,7,10,5,3,7,0,0,8,2,15,18,5,10,33,"8-2","Y","Y","Y",10,0,14
"2491","SP1",2025-11-30,"Sevilla","Betis",0,2,"A",0,0,"D",2.8,3.25,2.3,"0-0","0-2",9,3,9,4,2,3,1,0,6,4,14,22,2,10,36,"6-4","Y","N","N",5,1,14
"2492","SP1",2025-11-30,"Celta","Espanol",0,1,"A",0,0,"D",1.95,3.4,3.4,"0-0","0-1",11,4,9,2,1,2,0,0,4,3,12,15,1,7,27,"4-3","N","N","N",3,0,14
"2493","SP1",2025-11-30,"Girona","Real Madrid",1,1,"D",1,0,"H",6.5,4.8,1.36,"1-0","1-1",10,4,25,4,3,0,0,0,2,5,9,13,2,7,22,"2-5","Y","N","N",3,0,14
"2494","SP1",2025-12-01,"Vallecano","Valencia",1,1,"D",1,0,"H",1.91,3.3,3.75,"1-0","1-1",19,7,10,2,1,1,0,0,10,5,11,9,2,15,20,"10-5","Y","N","N",2,0,14
"2495","SP1",2025-12-02,"Barcelona","Ath Madrid",3,1,"H",1,1,"D",1.73,4.33,4.1,"1-1","3-1",19,6,7,2,1,1,0,0,5,4,12,9,4,9,21,"5-4","Y","Y","Y",2,0,15
"2496","SP1",2025-12-03,"Ath Bilbao","Real Madrid",0,3,"A",0,2,"A",4.2,3.8,1.8,"0-2","0-3",9,4,13,8,2,0,0,0,5,7,15,4,3,12,19,"5-7","Y","Y","N",2,0,15
"2497","SP1",2025-12-05,"Oviedo","Mallorca",0,0,"D",0,0,"D",2.63,2.9,3,"0-0","0-0",15,3,13,6,2,1,2,0,8,5,14,12,0,13,26,"8-5","N","N","N",3,2,15
"2498","SP1",2025-12-06,"Villarreal","Getafe",2,0,"H",1,0,"H",1.6,3.8,6,"1-0","2-0",10,5,6,0,2,4,0,1,5,3,19,15,2,8,34,"5-3","Y","N","N",6,1,15
"2499","SP1",2025-12-06,"Alaves","Sociedad",1,0,"H",1,0,"H",2.75,3.1,2.75,"1-0","1-0",14,3,10,1,2,2,0,0,5,8,20,16,1,13,36,"5-8","N","N","N",4,0,15
"2500","SP1",2025-12-06,"Betis","Barcelona",3,5,"A",1,4,"A",4,4.4,1.73,"1-4","3-5",17,5,16,8,5,2,0,0,7,7,14,9,8,14,23,"7-7","Y","Y","Y",7,0,15
"2501","SP1",2025-12-06,"Ath Bilbao","Ath Madrid",1,0,"H",0,0,"D",3.25,3.3,2.25,"0-0","1-0",14,3,7,3,3,2,0,0,5,6,9,12,1,11,21,"5-6","N","N","N",5,0,15
"2502","SP1",2025-12-07,"Elche","Girona",3,0,"H",1,0,"H",2.1,3.3,3.13,"1-0","3-0",11,6,8,4,0,3,0,0,2,2,18,13,3,4,31,"2-2","Y","Y","N",3,0,15
"2503","SP1",2025-12-07,"Valencia","Sevilla",1,1,"D",0,0,"D",2.1,3.2,3.25,"0-0","1-1",11,3,4,1,3,6,0,0,2,2,12,18,2,4,30,"2-2","Y","N","N",9,0,15
"2504","SP1",2025-12-07,"Espanol","Vallecano",1,0,"H",1,0,"H",2.2,3.1,3.1,"1-0","1-0",9,2,6,2,4,8,1,1,6,2,19,22,1,8,41,"6-2","N","N","N",12,2,15
"2505","SP1",2025-12-07,"Real Madrid","Celta",0,2,"A",0,0,"D",1.25,5.75,8.5,"0-0","0-2",23,7,7,5,6,1,3,0,8,1,6,12,2,9,18,"8-1","Y","N","N",7,3,16
"2506","SP1",2025-12-08,"Osasuna","Levante",2,0,"H",2,0,"H",1.7,3.5,4.5,"2-0","2-0",14,6,11,5,2,2,0,0,3,3,15,7,2,6,22,"3-3","Y","N","N",4,0,16
"2507","SP1",2025-12-12,"Sociedad","Girona",1,2,"A",1,0,"H",1.73,3.75,4.8,"1-0","1-2",9,4,14,3,1,2,0,0,4,3,20,5,3,7,25,"4-3","Y","Y","N",3,0,16
"2508","SP1",2025-12-13,"Ath Madrid","Valencia",2,1,"H",1,0,"H",1.29,5.25,11,"1-0","2-1",10,6,13,2,3,1,0,0,5,7,13,11,3,12,24,"5-7","Y","Y","N",4,0,16
"2509","SP1",2025-12-13,"Mallorca","Elche",3,1,"H",1,1,"D",2.4,3.13,3.1,"1-1","3-1",15,8,9,0,3,0,0,0,1,1,13,13,4,2,26,"1-1","Y","Y","Y",3,0,16
"2510","SP1",2025-12-13,"Barcelona","Osasuna",2,0,"H",0,0,"D",1.18,7.5,13,"0-0","2-0",24,7,3,2,0,3,0,0,14,1,5,8,2,15,13,"14-1","Y","N","N",3,0,16
"2511","SP1",2025-12-13,"Getafe","Espanol",0,1,"A",0,0,"D",2.5,2.88,3.25,"0-0","0-1",11,1,6,4,5,1,0,0,6,4,18,17,1,10,35,"6-4","N","N","N",6,0,16
"2512","SP1",2025-12-14,"Sevilla","Oviedo",4,0,"H",2,0,"H",1.87,3.25,4,"2-0","4-0",13,7,5,1,1,2,0,1,5,3,11,12,4,8,23,"5-3","Y","Y","Y",3,1,16
"2513","SP1",2025-12-14,"Celta","Ath Bilbao",2,0,"H",0,0,"D",2.55,3.1,2.63,"0-0","2-0",5,2,14,2,3,2,0,0,1,4,11,13,2,5,24,"1-4","Y","N","N",5,0,16
"2514","SP1",2025-12-14,"Alaves","Real Madrid",1,2,"A",0,1,"A",5,3.9,1.57,"0-1","1-2",6,2,13,6,3,1,0,0,5,7,12,13,3,12,25,"5-7","Y","Y","N",4,0,16
"2515","SP1",2025-12-15,"Vallecano","Betis",0,0,"D",0,0,"D",2.5,3.25,2.6,"0-0","0-0",23,7,13,6,4,1,0,0,8,3,10,7,0,11,17,"8-3","N","N","N",5,0,17
"2516","SP1",2025-12-19,"Valencia","Mallorca",1,1,"D",0,1,"A",2,3.25,4.1,"0-1","1-1",17,2,4,2,2,3,0,0,12,3,10,12,2,15,22,"12-3","Y","N","N",5,0,17
"2517","SP1",2025-12-20,"Oviedo","Celta",0,0,"D",0,0,"D",3.7,3.3,2.1,"0-0","0-0",10,3,6,2,2,1,0,0,4,3,14,7,0,7,21,"4-3","N","N","N",3,0,17
"2518","SP1",2025-12-20,"Levante","Sociedad",1,1,"D",0,1,"A",3.3,3.5,2.15,"0-1","1-1",13,3,18,6,6,2,0,0,7,10,16,13,2,17,29,"7-10","Y","N","N",8,0,17
"2519","SP1",2025-12-20,"Osasuna","Alaves",3,0,"H",0,0,"D",2.2,3.1,3.6,"0-0","3-0",16,7,7,3,2,2,0,0,9,0,16,11,3,9,27,"9-0","Y","Y","N",4,0,17
"2520","SP1",2025-12-20,"Real Madrid","Sevilla",2,0,"H",1,0,"H",1.2,7,13,"1-0","2-0",18,8,14,5,2,5,0,1,6,5,13,19,2,11,32,"6-5","Y","N","N",7,1,17
"2521","SP1",2025-12-21,"Girona","Ath Madrid",0,3,"A",0,2,"A",4.75,3.8,1.62,"0-2","0-3",9,2,14,6,2,0,0,0,3,4,7,14,3,7,21,"3-4","Y","Y","N",2,0,17
"2522","SP1",2025-12-21,"Villarreal","Barcelona",0,2,"A",0,1,"A",3.5,4.2,1.75,"0-1","0-2",14,5,19,5,1,1,1,0,5,10,10,8,2,15,18,"5-10","Y","N","N",2,1,17
"2523","SP1",2025-12-21,"Elche","Vallecano",4,0,"H",1,0,"H",2.38,3,2.9,"1-0","4-0",18,6,18,8,2,3,0,0,4,5,15,11,4,9,26,"4-5","Y","Y","Y",5,0,17
"2524","SP1",2025-12-21,"Betis","Getafe",4,0,"H",1,0,"H",1.65,3.4,5.25,"1-0","4-0",19,8,15,3,0,1,0,0,7,5,13,12,4,12,25,"7-5","Y","Y","Y",1,0,17
"2525","SP1",2025-12-22,"Ath Bilbao","Espanol",1,2,"A",1,1,"D",1.73,3.3,4.75,"1-1","1-2",17,7,10,5,5,2,0,0,8,4,10,9,3,12,19,"8-4","Y","Y","N",7,0,18
"2526","SP1",2026-01-02,"Vallecano","Getafe",1,1,"D",1,0,"H",2.05,2.9,4.5,"1-0","1-1",13,4,12,4,3,4,0,0,3,2,13,10,2,5,23,"3-2","Y","N","N",7,0,18
"2527","SP1",2026-01-03,"Celta","Valencia",4,1,"H",1,0,"H",2,3.4,3.9,"1-0","4-1",12,6,16,5,1,3,0,0,2,4,10,9,5,6,19,"2-4","Y","Y","Y",4,0,18
"2528","SP1",2026-01-03,"Osasuna","Ath Bilbao",1,1,"D",1,0,"H",2.9,3.13,2.55,"1-0","1-1",11,4,16,6,3,3,0,0,1,9,12,19,2,10,31,"1-9","Y","N","N",6,0,18
"2529","SP1",2026-01-03,"Elche","Villarreal",1,3,"A",1,2,"A",3.13,3.6,2.2,"1-2","1-3",15,2,12,4,3,3,0,0,6,2,8,11,4,8,19,"6-2","Y","Y","Y",6,0,18
"2530","SP1",2026-01-03,"Espanol","Barcelona",0,2,"A",0,0,"D",5.5,4.8,1.5,"0-0","0-2",14,7,15,6,1,0,0,0,5,7,10,14,2,12,24,"5-7","Y","N","N",1,0,18
"2531","SP1",2026-01-04,"Sevilla","Levante",0,3,"A",0,1,"A",1.73,3.5,4.33,"0-1","0-3",15,7,6,4,3,4,0,0,5,1,16,10,3,6,26,"5-1","Y","Y","N",7,0,18
"2532","SP1",2026-01-04,"Real Madrid","Betis",5,1,"H",1,0,"H",1.44,4.5,5.75,"1-0","5-1",19,9,13,5,1,1,0,0,5,8,10,12,6,13,22,"5-8","Y","Y","Y",2,0,18
"2533","SP1",2026-01-04,"Alaves","Oviedo",1,1,"D",0,0,"D",1.83,3,4.6,"0-0","1-1",18,7,18,6,3,3,1,1,6,7,11,20,2,13,31,"6-7","Y","N","N",6,2,18
"2534","SP1",2026-01-04,"Mallorca","Girona",1,2,"A",0,1,"A",2.15,3.13,3.2,"0-1","1-2",9,2,9,4,2,1,0,0,3,6,10,14,3,9,24,"3-6","Y","Y","N",3,0,18
"2535","SP1",2026-01-04,"Sociedad","Ath Madrid",1,1,"D",0,0,"D",3.8,3.4,1.87,"0-0","1-1",18,8,10,2,3,2,0,0,6,6,11,13,2,12,24,"6-6","Y","N","N",5,0,19
"2536","SP1",2026-01-09,"Getafe","Sociedad",1,2,"A",0,1,"A",3.4,2.88,2.4,"0-1","1-2",6,3,12,5,2,1,0,0,2,4,17,17,3,6,34,"2-4","Y","Y","N",3,0,19
"2537","SP1",2026-01-10,"Oviedo","Betis",1,1,"D",0,0,"D",4.1,3.5,1.91,"0-0","1-1",13,3,15,6,3,1,0,0,5,2,15,8,2,7,23,"5-2","Y","N","N",4,0,19
"2538","SP1",2026-01-10,"Villarreal","Alaves",3,1,"H",0,0,"D",1.45,4.4,7.5,"0-0","3-1",11,4,16,5,0,2,0,0,1,6,10,14,4,7,24,"1-6","Y","Y","Y",2,0,19
"2539","SP1",2026-01-10,"Girona","Osasuna",1,0,"H",1,0,"H",2.38,3.25,3,"1-0","1-0",8,4,13,1,2,6,1,0,2,1,14,13,1,3,27,"2-1","N","N","N",8,1,19
"2540","SP1",2026-01-10,"Valencia","Elche",1,1,"D",0,0,"D",2.2,3.3,3.4,"0-0","1-1",16,4,5,1,2,3,0,0,8,6,14,14,2,14,28,"8-6","Y","N","N",5,0,19
"2541","SP1",2026-01-11,"Vallecano","Mallorca",2,1,"H",2,1,"H",1.87,3.13,4.2,"2-1","2-1",14,5,9,2,1,5,1,0,6,5,14,14,3,11,28,"6-5","Y","Y","N",6,1,19
"2542","SP1",2026-01-11,"Levante","Espanol",1,1,"D",0,0,"D",2.9,3.2,2.3,"0-0","1-1",8,2,19,3,0,1,0,0,4,3,10,9,2,7,19,"4-3","Y","N","N",1,0,19
"2543","SP1",2026-01-12,"Sevilla","Celta",0,1,"A",0,0,"D",2.5,3.2,2.6,"0-0","0-1",7,2,9,7,3,3,0,0,6,1,16,16,1,7,32,"6-1","N","N","N",6,0,19
"2544","SP1",2026-01-16,"Espanol","Girona",0,2,"A",0,1,"A",1.85,3.5,4.4,"0-1","0-2",14,2,7,4,5,5,0,0,5,4,17,17,2,9,34,"5-4","Y","N","N",10,0,19
"2545","SP1",2026-01-17,"Real Madrid","Levante",2,0,"H",0,0,"D",1.14,8.5,17,"0-0","2-0",26,11,10,0,2,1,0,0,8,0,12,14,2,8,26,"8-0","Y","N","N",3,0,20
"2546","SP1",2026-01-17,"Mallorca","Ath Bilbao",3,2,"H",2,2,"D",3.6,3.13,2.2,"2-2","3-2",18,9,21,11,1,5,0,2,3,7,10,10,5,10,20,"3-7","Y","Y","Y",6,2,20
"2547","SP1",2026-01-17,"Osasuna","Oviedo",3,2,"H",1,1,"D",1.8,3.4,5,"1-1","3-2",16,5,13,5,1,4,1,0,3,6,14,15,5,9,29,"3-6","Y","Y","Y",5,1,20
"2548","SP1",2026-01-17,"Betis","Villarreal",2,0,"H",0,0,"D",2.55,3.6,2.6,"0-0","2-0",15,6,9,3,3,2,0,1,2,3,14,13,2,5,27,"2-3","Y","N","N",5,1,20
"2549","SP1",2026-01-18,"Getafe","Valencia",0,1,"A",0,0,"D",2.45,2.7,3.2,"0-0","0-1",14,3,7,1,2,3,0,1,9,3,8,18,1,12,26,"9-3","N","N","N",5,1,20
"2550","SP1",2026-01-18,"Ath Madrid","Alaves",1,0,"H",0,0,"D",1.29,4.75,9.5,"0-0","1-0",23,6,8,0,1,1,0,0,6,6,13,5,1,12,18,"6-6","N","N","N",2,0,20
"2551","SP1",2026-01-18,"Celta","Vallecano",3,0,"H",1,0,"H",1.95,3.2,3.7,"1-0","3-0",11,7,14,3,4,3,0,1,5,7,7,14,3,12,21,"5-7","Y","Y","N",7,1,20
"2552","SP1",2026-01-18,"Sociedad","Barcelona",2,1,"H",1,0,"H",5,4.4,1.5,"1-0","2-1",8,6,25,9,3,3,1,0,6,8,13,8,3,14,21,"6-8","Y","Y","N",6,1,20
"2553","SP1",2026-01-19,"Elche","Sevilla",2,2,"D",1,0,"H",2.2,3.13,3.1,"1-0","2-2",10,5,25,8,3,1,0,0,9,7,11,12,4,16,23,"9-7","Y","Y","Y",4,0,20
"2554","SP1",2026-01-23,"Levante","Elche",3,2,"H",0,1,"A",2.25,3.2,3.4,"0-1","3-2",26,6,6,3,2,3,0,0,9,1,13,13,5,10,26,"9-1","Y","Y","Y",5,0,20
"2555","SP1",2026-01-24,"Vallecano","Osasuna",1,3,"A",0,1,"A",2.15,3.2,3.6,"0-1","1-3",11,4,14,5,2,2,0,0,4,3,12,15,4,7,27,"4-3","Y","Y","Y",4,0,21
"2556","SP1",2026-01-24,"Valencia","Espanol",3,2,"H",1,0,"H",2.4,3.2,3.1,"1-0","3-2",10,5,16,6,1,5,0,0,2,7,13,10,5,9,23,"2-7","Y","Y","Y",6,0,21
"2557","SP1",2026-01-24,"Sevilla","Ath Bilbao",2,1,"H",1,1,"D",2.8,3.2,2.6,"1-1","2-1",10,7,15,3,2,1,0,0,5,5,16,12,3,10,28,"5-5","Y","Y","N",3,0,21
"2558","SP1",2026-01-24,"Villarreal","Real Madrid",0,2,"A",0,0,"D",3.25,4,2,"0-0","0-2",8,1,14,4,3,1,0,0,6,6,19,10,2,12,29,"6-6","Y","N","N",4,0,21
"2559","SP1",2026-01-25,"Ath Madrid","Mallorca",3,0,"H",1,0,"H",1.25,5,9.5,"1-0","3-0",17,8,6,1,2,1,0,0,10,3,10,7,3,13,17,"10-3","Y","Y","N",3,0,21
"2560","SP1",2026-01-25,"Barcelona","Oviedo",3,0,"H",0,0,"D",1.06,9.5,20,"0-0","3-0",15,7,12,3,1,2,0,0,10,1,8,21,3,11,29,"10-1","Y","Y","N",3,0,21
"2561","SP1",2026-01-25,"Sociedad","Celta",3,1,"H",1,0,"H",1.95,3.3,3.6,"1-0","3-1",10,4,17,4,1,1,1,0,2,9,7,13,4,11,20,"2-9","Y","Y","Y",2,1,21
"2562","SP1",2026-01-25,"Alaves","Betis",2,1,"H",1,0,"H",2.63,3.1,2.55,"1-0","2-1",17,9,18,4,1,1,0,0,6,4,17,11,3,10,28,"6-4","Y","Y","N",2,0,21
"2563","SP1",2026-01-26,"Girona","Getafe",1,1,"D",0,0,"D",2.05,2.9,3.8,"0-0","1-1",12,4,8,2,5,3,0,0,3,4,13,15,2,7,28,"3-4","Y","N","N",8,0,21
"2564","SP1",2026-01-30,"Espanol","Alaves",1,2,"A",1,1,"D",1.95,3.1,4.6,"1-1","1-2",10,3,11,7,0,1,0,0,4,2,15,15,3,6,30,"4-2","Y","Y","N",1,0,21
"2565","SP1",2026-01-31,"Oviedo","Girona",1,0,"H",0,0,"D",2.7,3.2,2.7,"0-0","1-0",8,4,9,1,1,1,0,0,4,4,12,16,1,8,28,"4-4","N","N","N",2,0,22
"2566","SP1",2026-01-31,"Osasuna","Villarreal",2,2,"D",2,1,"H",2.7,3.4,2.55,"2-1","2-2",15,5,5,4,2,2,0,0,6,2,15,7,4,8,22,"6-2","Y","Y","Y",4,0,22
"2567","SP1",2026-01-31,"Levante","Ath Madrid",0,0,"D",0,0,"D",5.25,4.1,1.62,"0-0","0-0",10,2,10,4,2,1,0,0,4,7,11,12,0,11,23,"4-7","N","N","N",3,0,22
"2568","SP1",2026-01-31,"Elche","Barcelona",1,3,"A",1,2,"A",8.5,5.75,1.3,"1-2","1-3",9,3,30,8,2,1,0,0,2,8,15,9,4,10,24,"2-8","Y","Y","Y",3,0,22
"2569","SP1",2026-02-01,"Real Madrid","Vallecano",2,1,"H",1,0,"H",1.22,5.75,10,"1-0","2-1",16,6,11,4,2,8,0,2,9,4,6,18,3,13,24,"9-4","Y","Y","N",10,2,22
"2570","SP1",2026-02-01,"Betis","Valencia",2,1,"H",1,1,"D",1.8,3.5,3.9,"1-1","2-1",14,2,15,4,0,4,0,0,3,5,15,13,3,8,28,"3-5","Y","Y","N",4,0,22
"2571","SP1",2026-02-01,"Getafe","Celta",0,0,"D",0,0,"D",2.7,2.8,2.7,"0-0","0-0",9,2,5,1,1,2,0,0,5,3,16,14,0,8,30,"5-3","N","N","N",3,0,22
"2572","SP1",2026-02-01,"Ath Bilbao","Sociedad",1,1,"D",0,1,"A",2.2,3.13,3.13,"0-1","1-1",19,4,9,6,4,2,0,1,6,3,14,14,2,9,28,"6-3","Y","N","N",6,1,22
"2573","SP1",2026-02-02,"Mallorca","Sevilla",4,1,"H",1,1,"D",2.3,3.1,3,"1-1","4-1",11,7,15,5,1,1,0,0,4,8,16,8,5,12,24,"4-8","Y","Y","Y",2,0,22
"2574","SP1",2026-02-06,"Celta","Osasuna",1,2,"A",0,1,"A",2,3.3,4,"0-1","1-2",18,4,8,2,2,2,0,0,7,3,9,14,3,10,23,"7-3","Y","Y","N",4,0,22
"2575","SP1",2026-02-07,"Barcelona","Mallorca",3,0,"H",1,0,"H",1.15,8,15,"1-0","3-0",24,7,9,4,0,0,0,0,12,3,7,9,3,15,16,"12-3","Y","Y","N",0,0,23
"2576","SP1",2026-02-07,"Sociedad","Elche",3,1,"H",2,1,"H",1.65,3.9,5.25,"2-1","3-1",11,3,11,5,0,4,0,0,2,4,14,8,4,6,22,"2-4","Y","Y","Y",4,0,23
"2577","SP1",2026-02-08,"Alaves","Getafe",0,2,"A",0,0,"D",2.25,2.7,3.6,"0-0","0-2",13,5,17,5,2,5,0,0,6,3,20,20,2,9,40,"6-3","Y","N","N",7,0,23
"2578","SP1",2026-02-08,"Ath Bilbao","Levante",4,2,"H",2,0,"H",1.57,3.7,5.25,"2-0","4-2",22,7,6,3,2,1,0,1,4,3,17,10,6,7,27,"4-3","Y","Y","Y",3,1,23
"2579","SP1",2026-02-08,"Sevilla","Girona",1,1,"D",0,1,"A",2.1,3.4,3.4,"0-1","1-1",11,3,15,6,3,3,0,0,5,7,16,13,2,12,29,"5-7","Y","N","N",6,0,23
"2580","SP1",2026-02-08,"Ath Madrid","Betis",0,1,"A",0,1,"A",1.44,4.2,6.5,"0-1","0-1",10,5,8,4,3,1,0,0,7,3,12,3,1,10,15,"7-3","N","N","N",4,0,23
"2581","SP1",2026-02-08,"Valencia","Real Madrid",0,2,"A",0,0,"D",5.25,4.2,1.5,"0-0","0-2",7,0,11,6,1,1,0,0,5,8,10,13,2,13,23,"5-8","Y","N","N",2,0,23
"2582","SP1",2026-02-09,"Villarreal","Espanol",4,1,"H",2,0,"H",1.62,3.8,4.6,"2-0","4-1",10,3,9,2,3,3,0,0,5,8,18,11,5,13,29,"5-8","Y","Y","Y",6,0,23
"2583","SP1",2026-02-13,"Elche","Osasuna",0,0,"D",0,0,"D",2.7,3.3,2.6,"0-0","0-0",17,5,6,2,2,4,0,0,10,3,13,18,0,13,31,"10-3","N","N","N",6,0,23
"2584","SP1",2026-02-14,"Espanol","Celta",2,2,"D",0,1,"A",2.3,3.13,2.9,"0-1","2-2",9,3,14,5,1,0,0,0,2,2,9,11,4,4,20,"2-2","Y","Y","Y",1,0,23
"2585","SP1",2026-02-14,"Getafe","Villarreal",2,1,"H",1,0,"H",3.2,3,2.25,"1-0","2-1",5,2,8,2,2,3,0,0,3,4,21,17,3,7,38,"3-4","Y","Y","N",5,0,24
"2586","SP1",2026-02-14,"Sevilla","Alaves",1,1,"D",1,0,"H",2.05,3.1,3.5,"1-0","1-1",4,2,12,1,5,0,2,0,0,3,16,13,2,3,29,"0-3","Y","N","N",5,2,24
"2587","SP1",2026-02-14,"Real Madrid","Sociedad",4,1,"H",3,1,"H",1.33,5,7,"3-1","4-1",11,5,13,3,1,1,0,0,4,6,10,9,5,10,19,"4-6","Y","Y","Y",2,0,24
"2588","SP1",2026-02-15,"Oviedo","Ath Bilbao",1,2,"A",1,0,"H",3.4,3.1,2.1,"1-0","1-2",7,1,13,4,2,3,0,0,2,3,8,20,3,5,28,"2-3","Y","Y","N",5,0,24
"2589","SP1",2026-02-15,"Vallecano","Ath Madrid",3,0,"H",2,0,"H",4.1,3.3,1.83,"2-0","3-0",13,9,9,3,1,3,0,0,4,8,10,13,3,12,23,"4-8","Y","Y","N",4,0,24
"2590","SP1",2026-02-15,"Levante","Valencia",0,2,"A",0,0,"D",2.6,3.2,2.5,"0-0","0-2",9,1,5,2,3,2,1,0,3,2,11,10,2,5,21,"3-2","Y","N","N",5,1,24
"2591","SP1",2026-02-15,"Mallorca","Betis",1,2,"A",0,2,"A",2.8,3.2,2.38,"0-2","1-2",14,3,17,8,4,3,0,0,7,3,16,10,3,10,26,"7-3","Y","Y","N",7,0,24
"2592","SP1",2026-02-16,"Girona","Barcelona",2,1,"H",0,0,"D",6.5,5.25,1.33,"0-0","2-1",13,9,27,4,1,2,1,0,3,7,10,6,3,10,16,"3-7","Y","Y","N",3,1,24
"2593","SP1",2026-02-18,"Levante","Villarreal",0,1,"A",0,0,"D",4.2,3.8,1.8,"0-0","0-1",16,4,15,6,3,4,0,0,3,2,13,20,1,5,33,"3-2","N","N","N",7,0,24
"2594","SP1",2026-02-20,"Ath Bilbao","Elche",2,1,"H",0,0,"D",1.7,3.8,5,"0-0","2-1",18,8,2,2,3,3,0,0,4,1,18,9,3,5,27,"4-1","Y","Y","N",6,0,24
"2595","SP1",2026-02-21,"Sociedad","Oviedo",3,3,"D",0,0,"D",1.45,4.33,7.5,"0-0","3-3",15,8,14,6,2,1,0,0,7,6,13,16,6,13,29,"7-6","Y","Y","Y",3,0,25
"2596","SP1",2026-02-21,"Betis","Vallecano",1,1,"D",1,1,"D",1.9,3.6,4,"1-1","1-1",14,3,12,3,4,3,0,0,3,5,14,13,2,8,27,"3-5","Y","N","N",7,0,25
"2597","SP1",2026-02-21,"Osasuna","Real Madrid",2,1,"H",1,0,"H",4.8,4.1,1.67,"1-0","2-1",13,2,15,5,2,4,0,0,3,7,19,10,3,10,29,"3-7","Y","Y","N",6,0,25
"2598","SP1",2026-02-21,"Ath Madrid","Espanol",4,2,"H",1,1,"D",1.5,4.2,7,"1-1","4-2",18,9,8,2,0,1,0,0,5,3,8,10,6,8,18,"5-3","Y","Y","Y",1,0,25
"2599","SP1",2026-02-22,"Getafe","Sevilla",0,1,"A",0,0,"D",2.3,2.8,3.3,"0-0","0-1",6,3,6,1,1,1,1,0,2,2,5,18,1,4,23,"2-2","N","N","N",2,1,25
"2600","SP1",2026-02-22,"Barcelona","Levante",3,0,"H",2,0,"H",1.08,9,17,"2-0","3-0",22,9,5,2,2,1,0,0,13,6,12,10,3,19,22,"13-6","Y","Y","N",3,0,25
"2601","SP1",2026-02-22,"Celta","Mallorca",2,0,"H",0,0,"D",1.8,3.3,4.2,"0-0","2-0",20,7,1,0,1,5,0,0,7,2,11,10,2,9,21,"7-2","Y","N","N",6,0,25
"2602","SP1",2026-02-22,"Villarreal","Valencia",2,1,"H",2,1,"H",1.67,3.7,4.5,"2-1","2-1",12,5,8,3,2,4,0,0,5,4,7,16,3,9,23,"5-4","Y","Y","N",6,0,25
"2603","SP1",2026-02-23,"Alaves","Girona",2,2,"D",1,1,"D",2.2,3,3.25,"1-1","2-2",17,6,10,5,2,2,0,0,7,6,18,6,4,13,24,"7-6","Y","Y","Y",4,0,25
"2604","SP1",2026-02-27,"Levante","Alaves",2,0,"H",0,0,"D",2.7,3,2.88,"0-0","2-0",22,5,17,7,1,6,0,1,10,6,14,16,2,16,30,"10-6","Y","N","N",7,1,25
"2605","SP1",2026-02-28,"Vallecano","Ath Bilbao",1,1,"D",1,0,"H",2.4,3.2,3.1,"1-0","1-1",15,7,8,2,2,3,0,0,5,4,8,17,2,9,25,"5-4","Y","N","N",5,0,26
"2606","SP1",2026-02-28,"Barcelona","Villarreal",4,1,"H",2,0,"H",1.29,6,9,"2-0","4-1",19,8,6,1,2,1,0,0,3,2,11,9,5,5,20,"3-2","Y","Y","Y",3,0,26
"2607","SP1",2026-02-28,"Mallorca","Sociedad",0,1,"A",0,1,"A",3,3.3,2.4,"0-1","0-1",6,1,12,2,0,2,0,0,3,7,6,22,1,10,28,"3-7","N","N","N",2,0,26
"2608","SP1",2026-02-28,"Oviedo","Ath Madrid",0,1,"A",0,0,"D",5.25,3.7,1.67,"0-0","0-1",16,6,12,1,2,2,0,0,8,3,12,6,1,11,18,"8-3","N","N","N",4,0,26
"2609","SP1",2026-03-01,"Elche","Espanol",2,2,"D",1,1,"D",2.3,3.2,2.88,"1-1","2-2",17,9,9,4,1,6,0,1,3,1,14,23,4,4,37,"3-1","Y","Y","Y",7,1,26
"2610","SP1",2026-03-01,"Valencia","Osasuna",1,0,"H",0,0,"D",2.25,3.1,3,"0-0","1-0",14,1,8,0,3,3,0,0,5,4,14,13,1,9,27,"5-4","N","N","N",6,0,26
"2611","SP1",2026-03-01,"Betis","Sevilla",2,2,"D",2,0,"H",1.73,3.5,4.33,"2-0","2-2",9,2,14,6,3,3,0,0,4,3,12,15,4,7,27,"4-3","Y","Y","Y",6,0,26
"2612","SP1",2026-03-01,"Girona","Celta",1,2,"A",1,0,"H",2.3,3.25,2.8,"1-0","1-2",15,7,7,5,2,2,0,0,10,6,9,8,3,16,17,"10-6","Y","Y","N",4,0,26
"2613","SP1",2026-03-02,"Real Madrid","Getafe",0,1,"A",0,1,"A",1.25,5,10.5,"0-1","0-1",18,7,9,3,4,6,1,1,10,2,11,17,1,12,28,"10-2","N","N","N",10,2,26
"2614","SP1",2026-03-04,"Vallecano","Oviedo",3,0,"H",1,0,"H",1.7,3.6,5.25,"1-0","3-0",19,7,8,2,0,2,0,0,12,2,10,10,3,14,20,"12-2","Y","Y","N",2,0,26
"2615","SP1",2026-03-06,"Celta","Real Madrid",1,2,"A",1,1,"D",3.13,3.4,2.25,"1-1","1-2",8,4,14,3,1,2,0,0,1,6,4,12,3,7,16,"1-6","Y","Y","N",3,0,27
"2616","SP1",2026-03-07,"Osasuna","Mallorca",2,2,"D",0,1,"A",1.75,3.5,5,"0-1","2-2",22,5,8,4,2,5,1,1,8,0,11,12,4,8,23,"8-0","Y","Y","Y",7,2,27
"2617","SP1",2026-03-07,"Levante","Girona",1,1,"D",0,0,"D",2.8,3.4,2.5,"0-0","1-1",14,4,22,5,2,2,1,0,2,3,15,9,2,5,24,"2-3","Y","N","N",4,1,27
"2618","SP1",2026-03-07,"Ath Madrid","Sociedad",3,2,"H",1,1,"D",1.62,4,5.5,"1-1","3-2",24,9,7,3,1,1,0,0,8,1,6,10,5,9,16,"8-1","Y","Y","Y",2,0,27
"2619","SP1",2026-03-07,"Ath Bilbao","Barcelona",0,1,"A",0,0,"D",5,4.33,1.6,"0-0","0-1",10,3,7,2,2,1,0,0,2,4,11,9,1,6,20,"2-4","N","N","N",3,0,27
"2620","SP1",2026-03-08,"Villarreal","Elche",2,1,"H",2,0,"H",1.45,4.33,5.75,"2-0","2-1",16,7,13,6,1,2,0,0,4,6,11,16,3,10,27,"4-6","Y","Y","N",3,0,27
"2621","SP1",2026-03-08,"Getafe","Betis",2,0,"H",2,0,"H",2.7,2.8,2.7,"2-0","2-0",9,5,14,5,3,2,0,0,3,8,19,8,2,11,27,"3-8","Y","N","N",5,0,27
"2622","SP1",2026-03-08,"Sevilla","Vallecano",1,1,"D",1,0,"H",2.4,3.1,2.8,"1-0","1-1",11,2,9,2,1,3,0,0,6,2,13,15,2,8,28,"6-2","Y","N","N",4,0,27
"2623","SP1",2026-03-08,"Valencia","Alaves",3,2,"H",0,1,"A",2,3.1,3.7,"0-1","3-2",19,8,10,4,1,6,0,2,10,2,9,17,5,12,26,"10-2","Y","Y","Y",7,2,27
"2624","SP1",2026-03-09,"Espanol","Oviedo",1,1,"D",1,1,"D",1.85,3.3,4,"1-1","1-1",28,9,6,3,3,2,0,0,8,0,19,13,2,8,32,"8-0","Y","N","N",5,0,27
"2625","SP1",2026-03-13,"Alaves","Villarreal",1,1,"D",1,0,"H",3.25,3.4,2.2,"1-0","1-1",8,0,10,4,4,1,0,0,5,2,19,11,2,7,30,"5-2","Y","N","N",5,0,28
"2626","SP1",2026-03-14,"Girona","Ath Bilbao",3,0,"H",1,0,"H",2.7,3.3,2.6,"1-0","3-0",14,6,20,9,0,2,0,0,2,9,8,16,3,11,24,"2-9","Y","Y","N",2,0,28
"2627","SP1",2026-03-14,"Ath Madrid","Getafe",1,0,"H",1,0,"H",1.55,3.75,7,"1-0","1-0",16,5,7,3,3,3,0,1,10,3,11,11,1,13,22,"10-3","N","N","N",6,1,28
"2628","SP1",2026-03-14,"Oviedo","Valencia",1,0,"H",1,0,"H",2.9,3.13,2.55,"1-0","1-0",11,6,13,2,3,2,0,0,4,7,12,11,1,11,23,"4-7","N","N","N",5,0,28
"2629","SP1",2026-03-14,"Real Madrid","Elche",4,1,"H",2,0,"H",1.3,5.75,9,"2-0","4-1",14,6,11,1,1,3,0,0,5,4,11,21,5,9,32,"5-4","Y","Y","Y",4,0,28
"2630","SP1",2026-03-15,"Mallorca","Espanol",2,1,"H",0,1,"A",2.25,3,3.1,"0-1","2-1",26,12,10,2,3,3,0,1,5,6,11,14,3,11,25,"5-6","Y","Y","N",6,1,28
"2631","SP1",2026-03-15,"Barcelona","Sevilla",5,2,"H",3,1,"H",1.25,5.75,8.5,"3-1","5-2",13,8,8,4,0,1,0,0,3,4,5,14,7,7,19,"3-4","Y","Y","Y",1,0,28
"2632","SP1",2026-03-15,"Betis","Celta",1,1,"D",0,1,"A",2.1,3.3,3.13,"0-1","1-1",19,6,7,3,2,3,0,0,3,4,11,16,2,7,27,"3-4","Y","N","N",5,0,28
"2633","SP1",2026-03-15,"Sociedad","Osasuna",3,1,"H",2,0,"H",1.83,3.4,3.9,"2-0","3-1",14,6,13,5,3,0,0,0,3,5,16,11,4,8,27,"3-5","Y","Y","Y",3,0,28
"2634","SP1",2026-03-16,"Vallecano","Levante",1,1,"D",0,1,"A",1.67,3.6,4.6,"0-1","1-1",18,4,19,5,3,5,1,0,5,6,10,13,2,11,23,"5-6","Y","N","N",8,1,28
"2635","SP1",2026-03-20,"Villarreal","Sociedad",3,1,"H",3,0,"H",1.93,3.7,3.75,"3-0","3-1",21,10,11,4,0,2,0,0,4,5,10,11,4,9,21,"4-5","Y","Y","Y",2,0,29
"2636","SP1",2026-03-21,"Elche","Mallorca",2,1,"H",0,0,"D",2.15,3.3,3.4,"0-0","2-1",13,4,11,4,2,2,0,0,2,2,12,11,3,4,23,"2-2","Y","Y","N",4,0,29
"2637","SP1",2026-03-21,"Espanol","Getafe",1,2,"A",0,2,"A",2.4,2.9,3.4,"0-2","1-2",15,5,10,5,2,7,0,0,12,9,14,20,3,21,34,"12-9","Y","Y","N",9,0,29
"2638","SP1",2026-03-21,"Levante","Oviedo",4,2,"H",2,2,"D",2.2,3.3,3.4,"2-2","4-2",20,8,10,2,2,3,0,0,3,1,17,18,6,4,35,"3-1","Y","Y","Y",5,0,29
"2639","SP1",2026-03-21,"Osasuna","Girona",1,0,"H",0,0,"D",2.15,3.5,3.3,"0-0","1-0",19,11,5,0,2,1,0,0,6,2,18,7,1,8,25,"6-2","N","N","N",3,0,29
"2640","SP1",2026-03-21,"Sevilla","Valencia",0,2,"A",0,2,"A",2.3,3.2,3.3,"0-2","0-2",13,2,9,4,2,1,0,0,1,3,13,6,2,4,19,"1-3","Y","N","N",3,0,29
"2641","SP1",2026-03-22,"Barcelona","Vallecano",1,0,"H",1,0,"H",1.2,6,10.5,"1-0","1-0",15,4,8,4,3,4,0,0,6,9,12,11,1,15,23,"6-9","N","N","N",7,0,29
"2642","SP1",2026-03-22,"Celta","Alaves",3,4,"A",3,1,"H",1.8,3.25,4.33,"3-1","3-4",12,5,14,6,2,2,0,0,4,1,13,16,7,5,29,"4-1","Y","Y","Y",4,0,29
"2643","SP1",2026-03-22,"Ath Bilbao","Betis",2,1,"H",2,0,"H",2.15,3.3,3.1,"2-0","2-1",11,6,11,3,1,1,0,0,6,5,10,6,3,11,16,"6-5","Y","Y","N",2,0,29
"2644","SP1",2026-03-22,"Real Madrid","Ath Madrid",3,2,"H",0,1,"A",1.87,3.7,3.4,"0-1","3-2",17,10,13,7,1,4,1,0,4,1,2,15,5,5,17,"4-1","Y","Y","Y",5,1,29
"2645","SP1",2026-04-03,"Vallecano","Elche",1,0,"H",0,0,"D",1.73,3.8,4.75,"0-0","1-0",21,5,9,4,0,4,0,1,9,4,17,9,1,13,26,"9-4","N","N","N",4,1,30
"2646","SP1",2026-04-04,"Sociedad","Levante",2,0,"H",1,0,"H",1.57,4.2,5.5,"1-0","2-0",18,5,8,4,2,3,0,0,11,5,11,15,2,16,26,"11-5","Y","N","N",5,0,30
"2647","SP1",2026-04-04,"Mallorca","Real Madrid",2,1,"H",1,0,"H",5.75,4.2,1.55,"1-0","2-1",6,2,15,6,3,2,0,0,6,4,16,13,3,10,29,"6-4","Y","Y","N",5,0,30
"2648","SP1",2026-04-04,"Betis","Espanol",0,0,"D",0,0,"D",1.7,3.9,4.8,"0-0","0-0",19,6,8,1,1,3,0,0,4,3,12,18,0,7,30,"4-3","N","N","N",4,0,30
"2649","SP1",2026-04-04,"Ath Madrid","Barcelona",1,2,"A",1,1,"D",3,3.9,2.15,"1-1","1-2",6,2,22,8,6,2,1,0,1,9,15,11,3,10,26,"1-9","Y","Y","N",8,1,30
"2650","SP1",2026-04-05,"Getafe","Ath Bilbao",2,0,"H",1,0,"H",2.9,2.75,2.6,"1-0","2-0",10,6,5,0,3,1,0,0,4,3,11,11,2,7,22,"4-3","Y","N","N",4,0,30
"2651","SP1",2026-04-05,"Valencia","Celta",2,3,"A",1,0,"H",2.25,3.13,3,"1-0","2-3",13,4,9,5,1,3,0,0,6,0,14,21,5,6,35,"6-0","Y","Y","Y",4,0,30
"2652","SP1",2026-04-05,"Oviedo","Sevilla",1,0,"H",1,0,"H",2.7,3,2.55,"1-0","1-0",7,4,9,0,5,3,0,1,5,9,11,12,1,14,23,"5-9","N","N","N",8,1,30
"2653","SP1",2026-04-05,"Alaves","Osasuna",2,2,"D",1,1,"D",2.38,3.1,2.88,"1-1","2-2",18,6,8,5,2,5,0,0,7,1,7,17,4,8,24,"7-1","Y","Y","Y",7,0,30
"2654","SP1",2026-04-06,"Girona","Villarreal",1,0,"H",1,0,"H",2.9,3.5,2.15,"1-0","1-0",10,2,9,0,2,2,0,0,7,4,8,9,1,11,17,"7-4","N","N","N",4,0,30
"2655","SP1",2026-04-10,"Real Madrid","Girona",1,1,"D",0,0,"D",1.3,5.75,9,"0-0","1-1",22,9,10,2,2,1,0,0,10,1,9,13,2,11,22,"10-1","Y","N","N",3,0,31
"2656","SP1",2026-04-11,"Sociedad","Alaves",3,3,"D",2,2,"D",1.73,3.75,4.75,"2-2","3-3",12,4,12,2,2,4,1,0,9,5,11,18,6,14,29,"9-5","Y","Y","Y",6,1,31
"2657","SP1",2026-04-11,"Elche","Valencia",1,0,"H",0,0,"D",2.55,3.3,2.8,"0-0","1-0",8,2,22,8,1,1,0,0,5,9,15,18,1,14,33,"5-9","N","N","N",2,0,31
"2658","SP1",2026-04-11,"Barcelona","Espanol",4,1,"H",2,0,"H",1.25,6.5,10,"2-0","4-1",20,10,10,2,3,6,0,0,7,5,10,18,5,12,28,"7-5","Y","Y","Y",9,0,31
"2659","SP1",2026-04-11,"Sevilla","Ath Madrid",2,1,"H",2,1,"H",2.63,3.25,2.7,"2-1","2-1",11,2,13,2,4,4,0,0,6,6,7,12,3,12,19,"6-6","Y","Y","N",8,0,31
"2660","SP1",2026-04-12,"Osasuna","Betis",1,1,"D",1,1,"D",2.15,3.3,3.1,"1-1","1-1",12,4,8,3,3,4,0,0,6,3,14,12,2,9,26,"6-3","Y","N","N",7,0,31
"2661","SP1",2026-04-12,"Mallorca","Vallecano",3,0,"H",2,0,"H",2.38,3.1,2.9,"2-0","3-0",12,4,17,3,1,4,0,0,6,7,13,11,3,13,24,"6-7","Y","Y","N",5,0,31
"2662","SP1",2026-04-12,"Celta","Oviedo",0,3,"A",0,2,"A",1.65,3.6,4.8,"0-2","0-3",9,6,8,5,1,2,0,0,4,1,9,13,3,5,22,"4-1","Y","Y","N",3,0,31
"2663","SP1",2026-04-12,"Ath Bilbao","Villarreal",1,2,"A",0,2,"A",2.25,3.25,2.9,"0-2","1-2",18,6,12,6,2,3,0,0,15,3,15,8,3,18,23,"15-3","Y","Y","N",5,0,31
"2664","SP1",2026-04-13,"Levante","Getafe",1,0,"H",0,0,"D",2.6,2.88,2.75,"0-0","1-0",22,4,5,1,2,7,0,1,8,2,12,24,1,10,36,"8-2","N","N","N",9,1,31
"2665","SP2",2025-08-15,"Burgos","Cultural Leonesa",5,1,"H",3,0,"H",1.8,3.25,4.33,"3-0","5-1",15,7,8,1,1,1,0,1,3,3,13,10,6,6,23,"3-3","Y","Y","Y",2,1,1
"2666","SP2",2025-08-15,"Valladolid","Ceuta",3,0,"H",2,0,"H",1.87,3.4,3.7,"2-0","3-0",16,9,5,0,3,2,0,0,6,4,18,11,3,10,29,"6-4","Y","Y","N",5,0,1
"2667","SP2",2025-08-16,"Santander","Castellon",3,1,"H",2,1,"H",2.2,3.4,2.88,"2-1","3-1",10,5,17,8,3,0,0,1,3,12,16,14,4,15,30,"3-12","Y","Y","Y",3,1,1
"2668","SP2",2025-08-16,"Malaga","Eibar",1,1,"D",0,0,"D",2.3,2.9,3.2,"0-0","1-1",11,4,7,3,2,2,0,0,8,4,10,7,2,12,17,"8-4","Y","N","N",4,0,1
"2669","SP2",2025-08-16,"Granada","La Coruna",1,3,"A",0,1,"A",2.1,3.25,3.2,"0-1","1-3",14,2,15,7,3,2,1,0,7,1,9,11,4,8,20,"7-1","Y","Y","Y",5,1,1
"2670","SP2",2025-08-17,"Sociedad B","Zaragoza",1,0,"H",1,0,"H",2.88,3,2.4,"1-0","1-0",3,2,18,5,4,2,0,0,2,9,24,12,1,11,36,"2-9","N","N","N",6,0,1
"2671","SP2",2025-08-17,"Cadiz","Mirandes",1,0,"H",1,0,"H",1.65,3.6,4.8,"1-0","1-0",24,3,1,0,3,2,0,1,8,0,14,9,1,8,23,"8-0","N","N","N",5,1,1
"2672","SP2",2025-08-17,"Huesca","Leganes",1,1,"D",0,0,"D",2.8,3,2.45,"0-0","1-1",14,3,7,3,2,2,0,0,5,3,11,12,2,8,23,"5-3","Y","N","N",4,0,1
"2673","SP2",2025-08-17,"Las Palmas","Andorra",1,1,"D",1,0,"H",1.57,3.75,5.25,"1-0","1-1",10,2,7,2,2,3,1,0,1,2,16,17,2,3,33,"1-2","Y","N","N",5,1,1
"2674","SP2",2025-08-18,"Sp Gijon","Cordoba",2,1,"H",1,1,"D",2.3,3.2,2.88,"1-1","2-1",9,4,15,5,2,2,0,0,2,4,13,7,3,6,20,"2-4","Y","Y","N",4,0,1
"2675","SP2",2025-08-18,"Almeria","Albacete",4,4,"D",1,1,"D",1.6,3.8,4.8,"1-1","4-4",31,11,17,5,3,2,0,0,17,5,9,9,8,22,18,"17-5","Y","Y","Y",5,0,1
"2676","SP2",2025-08-22,"Eibar","Granada",3,0,"H",1,0,"H",1.9,3.1,4.1,"1-0","3-0",16,6,3,0,2,4,0,1,6,3,23,16,3,9,39,"6-3","Y","Y","N",6,1,2
"2677","SP2",2025-08-22,"Castellon","Valladolid",0,1,"A",0,1,"A",1.87,3.6,3.5,"0-1","0-1",11,4,10,4,3,3,0,0,8,9,14,19,1,17,33,"8-9","N","N","N",6,0,2
"2678","SP2",2025-08-22,"Leganes","Cadiz",1,1,"D",1,0,"H",2.2,3,3.25,"1-0","1-1",9,4,10,3,2,1,0,0,7,5,13,17,2,12,30,"7-5","Y","N","N",3,0,2
"2679","SP2",2025-08-23,"Mirandes","Huesca",0,1,"A",0,1,"A",3.13,2.8,2.4,"0-1","0-1",5,2,6,2,5,2,0,0,1,4,16,13,1,5,29,"1-4","N","N","N",7,0,2
"2680","SP2",2025-08-23,"Ceuta","Sp Gijon",0,1,"A",0,1,"A",2.6,3,2.63,"0-1","0-1",12,7,7,4,1,2,0,0,3,3,11,15,1,6,26,"3-3","N","N","N",3,0,2
"2681","SP2",2025-08-23,"Zaragoza","Andorra",1,3,"A",0,1,"A",1.8,3.3,4.1,"0-1","1-3",13,6,17,10,1,2,1,0,6,5,14,17,4,11,31,"6-5","Y","Y","Y",3,1,2
"2682","SP2",2025-08-24,"La Coruna","Burgos",0,0,"D",0,0,"D",1.8,3.3,4.2,"0-0","0-0",10,2,11,1,2,1,0,0,2,6,13,14,0,8,27,"2-6","N","N","N",3,0,2
"2683","SP2",2025-08-24,"Cultural Leonesa","Almeria",0,1,"A",0,0,"D",3,3.4,2.15,"0-0","0-1",10,6,13,3,1,2,0,0,3,5,10,15,1,8,25,"3-5","N","N","N",3,0,2
"2684","SP2",2025-08-24,"Malaga","Sociedad B",1,0,"H",0,0,"D",1.83,3.3,4.1,"0-0","1-0",21,5,10,4,2,2,0,0,6,2,12,15,1,8,27,"6-2","N","N","N",4,0,2
"2685","SP2",2025-08-25,"Albacete","Santander",2,3,"A",0,0,"D",2.55,3.3,2.5,"0-0","2-3",8,2,13,6,1,3,0,0,2,10,13,7,5,12,20,"2-10","Y","Y","Y",4,0,2
"2686","SP2",2025-08-25,"Cordoba","Las Palmas",1,3,"A",0,1,"A",2.4,3.2,2.75,"0-1","1-3",13,5,13,5,4,1,0,0,3,2,20,16,4,5,36,"3-2","Y","Y","Y",5,0,2
"2687","SP2",2025-08-29,"Sociedad B","Almeria",2,2,"D",1,1,"D",4.1,3.5,1.75,"1-1","2-2",9,3,16,5,3,4,0,0,2,8,19,14,4,10,33,"2-8","Y","Y","Y",7,0,3
"2688","SP2",2025-08-29,"Sp Gijon","Cultural Leonesa",1,0,"H",0,0,"D",1.62,3.5,5.25,"0-0","1-0",17,6,9,2,4,1,0,0,10,3,12,12,1,13,24,"10-3","N","N","N",5,0,3
"2689","SP2",2025-08-30,"Santander","Ceuta",4,1,"H",2,1,"H",1.53,3.9,5.5,"2-1","4-1",17,9,11,1,0,1,0,1,5,1,19,7,5,6,26,"5-1","Y","Y","Y",1,1,3
"2690","SP2",2025-08-30,"Valladolid","Cordoba",0,0,"D",0,0,"D",1.83,3.4,3.9,"0-0","0-0",12,6,5,1,2,2,0,0,7,0,17,16,0,7,33,"7-0","N","N","N",4,0,3
"2691","SP2",2025-08-30,"Castellon","Zaragoza",1,1,"D",0,0,"D",1.75,3.6,4,"0-0","1-1",14,5,12,2,2,3,0,0,7,3,14,16,2,10,30,"7-3","Y","N","N",5,0,3
"2692","SP2",2025-08-31,"Andorra","Burgos",2,1,"H",1,0,"H",2.3,2.9,3.13,"1-0","2-1",14,5,12,4,1,2,0,0,5,4,11,11,3,9,22,"5-4","Y","Y","N",3,0,3
"2693","SP2",2025-08-31,"Cadiz","Albacete",2,1,"H",1,0,"H",1.73,3.5,4.5,"1-0","2-1",6,2,12,4,4,3,0,1,7,4,15,13,3,11,28,"7-4","Y","Y","N",7,1,3
"2694","SP2",2025-08-31,"Las Palmas","Malaga",0,1,"A",0,1,"A",1.75,3.3,4.5,"0-1","0-1",14,6,9,1,2,4,0,0,7,3,8,17,1,10,25,"7-3","N","N","N",6,0,3
"2695","SP2",2025-08-31,"Granada","Mirandes",1,2,"A",0,0,"D",1.7,3.4,4.8,"0-0","1-2",15,4,11,4,2,2,1,0,6,1,15,20,3,7,35,"6-1","Y","Y","N",4,1,3
"2696","SP2",2025-09-01,"Huesca","Eibar",2,1,"H",1,1,"D",2.55,2.88,2.8,"1-1","2-1",11,4,13,3,2,1,0,1,5,6,14,15,3,11,29,"5-6","Y","Y","N",3,1,3
"2697","SP2",2025-09-01,"Leganes","La Coruna",2,2,"D",2,0,"H",2.05,3.13,3.5,"2-0","2-2",18,7,13,6,4,3,0,0,4,3,8,21,4,7,29,"4-3","Y","Y","Y",7,0,3
"2698","SP2",2025-09-05,"Albacete","Mirandes",1,4,"A",0,1,"A",1.87,3.25,4,"0-1","1-4",18,5,13,6,2,1,1,0,5,2,10,7,5,7,17,"5-2","Y","Y","Y",3,1,4
"2699","SP2",2025-09-05,"Cordoba","Castellon",2,1,"H",0,1,"A",2.15,3.5,2.9,"0-1","2-1",10,5,6,2,2,0,0,0,4,4,15,17,3,8,32,"4-4","Y","Y","N",2,0,4
"2700","SP2",2025-09-06,"La Coruna","Sp Gijon",1,0,"H",0,0,"D",2.1,2.9,3.7,"0-0","1-0",14,6,7,3,3,1,0,0,6,3,9,14,1,9,23,"6-3","N","N","N",4,0,4
"2701","SP2",2025-09-06,"Zaragoza","Valladolid",1,1,"D",0,0,"D",2.5,3.1,2.7,"0-0","1-1",8,2,10,4,5,4,0,0,1,7,16,21,2,8,37,"1-7","Y","N","N",9,0,4
"2702","SP2",2025-09-06,"Malaga","Granada",2,2,"D",2,1,"H",1.87,3.2,4,"2-1","2-2",8,3,18,7,2,1,0,0,2,1,16,13,4,3,29,"2-1","Y","Y","Y",3,0,4
"2703","SP2",2025-09-07,"Ceuta","Huesca",2,1,"H",1,0,"H",2.7,2.9,2.63,"1-0","2-1",14,4,6,1,1,2,0,1,8,0,13,11,3,8,24,"8-0","Y","Y","N",3,1,4
"2704","SP2",2025-09-07,"Burgos","Las Palmas",0,0,"D",0,0,"D",2.25,3,3.13,"0-0","0-0",6,2,15,7,2,2,0,0,2,6,16,13,0,8,29,"2-6","N","N","N",4,0,4
"2705","SP2",2025-09-07,"Sociedad B","Cadiz",3,3,"D",1,1,"D",3.4,3.1,2.1,"1-1","3-3",17,5,9,2,4,3,0,0,1,5,20,13,6,6,33,"1-5","Y","Y","Y",7,0,4
"2706","SP2",2025-09-07,"Almeria","Santander",2,3,"A",2,0,"H",1.73,3.8,4,"2-0","2-3",15,5,11,7,3,3,1,0,5,3,15,18,5,8,33,"5-3","Y","Y","Y",6,1,4
"2707","SP2",2025-09-07,"Cultural Leonesa","Leganes",0,0,"D",0,0,"D",3.1,3,2.3,"0-0","0-0",8,1,11,5,0,2,0,0,9,3,17,9,0,12,26,"9-3","N","N","N",2,0,4
"2708","SP2",2025-09-08,"Eibar","Andorra",2,0,"H",0,0,"D",NA,NA,NA,"0-0","2-0",16,6,11,5,3,4,0,0,10,5,20,11,2,15,31,"10-5","Y","N","N",7,0,4
"2709","SP2",2025-09-12,"Las Palmas","Sociedad B",2,1,"H",1,0,"H",1.55,3.7,5.5,"1-0","2-1",16,5,3,1,1,6,0,0,4,2,14,20,3,6,34,"4-2","Y","Y","N",7,0,5
"2710","SP2",2025-09-13,"Cadiz","Eibar",1,0,"H",0,0,"D",2.1,3,3.5,"0-0","1-0",12,4,17,4,2,2,0,0,5,4,15,12,1,9,27,"5-4","N","N","N",4,0,5
"2711","SP2",2025-09-13,"Mirandes","La Coruna",1,5,"A",0,2,"A",3.1,3,2.3,"0-2","1-5",9,6,20,9,2,3,0,0,1,6,13,10,6,7,23,"1-6","Y","Y","Y",5,0,5
"2712","SP2",2025-09-13,"Huesca","Malaga",1,0,"H",0,0,"D",2.15,2.9,3.5,"0-0","1-0",12,3,7,3,4,2,0,0,4,3,17,11,1,7,28,"4-3","N","N","N",6,0,5
"2713","SP2",2025-09-13,"Valladolid","Almeria",3,1,"H",1,0,"H",2.45,3.3,2.63,"1-0","3-1",11,8,14,3,5,5,0,0,8,3,28,13,4,11,41,"8-3","Y","Y","Y",10,0,5
"2714","SP2",2025-09-14,"Andorra","Cordoba",3,1,"H",2,1,"H",NA,NA,NA,"2-1","3-1",14,8,19,5,2,4,0,0,3,7,16,23,4,10,39,"3-7","Y","Y","Y",6,0,5
"2715","SP2",2025-09-14,"Santander","Cultural Leonesa",2,4,"A",0,3,"A",1.45,4.1,6,"0-3","2-4",20,8,11,5,0,2,0,0,11,1,8,15,6,12,23,"11-1","Y","Y","Y",2,0,5
"2716","SP2",2025-09-14,"Castellon","Ceuta",3,3,"D",2,1,"H",1.6,3.9,4.75,"2-1","3-3",15,7,10,5,3,5,0,1,10,6,11,12,6,16,23,"10-6","Y","Y","Y",8,1,5
"2717","SP2",2025-09-14,"Sp Gijon","Burgos",2,3,"A",0,2,"A",1.95,3.1,3.8,"0-2","2-3",29,9,10,5,1,2,0,0,8,4,8,10,5,12,18,"8-4","Y","Y","Y",3,0,5
"2718","SP2",2025-09-14,"Granada","Leganes",0,2,"A",0,1,"A",2.38,3,2.9,"0-1","0-2",13,4,5,3,2,3,0,0,5,1,12,18,2,6,30,"5-1","Y","N","N",5,0,5
"2719","SP2",2025-09-15,"Zaragoza","Albacete",0,0,"D",0,0,"D",2.05,3.3,3.3,"0-0","0-0",11,1,6,1,1,3,0,0,3,6,8,16,0,9,24,"3-6","N","N","N",4,0,5
"2720","SP2",2025-09-19,"La Coruna","Huesca",4,0,"H",3,0,"H",1.65,3.5,5,"3-0","4-0",16,6,6,0,1,2,0,0,6,3,14,9,4,9,23,"6-3","Y","Y","Y",3,0,6
"2721","SP2",2025-09-20,"Cultural Leonesa","Castellon",1,3,"A",0,2,"A",2.75,3.5,2.25,"0-2","1-3",10,2,13,8,2,6,1,0,1,4,15,11,4,5,26,"1-4","Y","Y","Y",8,1,6
"2722","SP2",2025-09-20,"Andorra","Mirandes",1,1,"D",1,1,"D",NA,NA,NA,"1-1","1-1",18,6,7,2,2,5,0,0,8,4,15,22,2,12,37,"8-4","Y","N","N",7,0,6
"2723","SP2",2025-09-20,"Leganes","Las Palmas",0,1,"A",0,0,"D",2.3,3,3,"0-0","0-1",8,3,3,1,7,5,1,0,2,4,23,16,1,6,39,"2-4","N","N","N",12,1,6
"2724","SP2",2025-09-20,"Almeria","Sp Gijon",2,1,"H",0,1,"A",1.7,3.6,4.33,"0-1","2-1",24,9,9,5,4,8,0,2,6,1,15,7,3,7,22,"6-1","Y","Y","N",12,2,6
"2725","SP2",2025-09-21,"Ceuta","Zaragoza",1,0,"H",0,0,"D",2.45,3.13,2.75,"0-0","1-0",7,3,12,3,5,2,0,0,6,5,18,10,1,11,28,"6-5","N","N","N",7,0,6
"2726","SP2",2025-09-21,"Albacete","Valladolid",2,0,"H",0,0,"D",2.88,3.3,2.25,"0-0","2-0",19,8,15,5,3,3,0,0,2,6,8,12,2,8,20,"2-6","Y","N","N",6,0,6
"2727","SP2",2025-09-21,"Eibar","Sociedad B",2,1,"H",1,0,"H",1.57,3.5,5.75,"1-0","2-1",12,5,16,4,2,2,0,0,2,3,14,18,3,5,32,"2-3","Y","Y","N",4,0,6
"2728","SP2",2025-09-21,"Malaga","Cadiz",0,1,"A",0,1,"A",2.5,2.9,2.8,"0-1","0-1",17,5,7,3,1,2,0,0,5,2,10,11,1,7,21,"5-2","N","N","N",3,0,6
"2729","SP2",2025-09-21,"Cordoba","Santander",2,2,"D",0,0,"D",2.25,3.5,2.75,"0-0","2-2",24,5,9,6,2,3,1,0,12,1,8,15,4,13,23,"12-1","Y","Y","Y",5,1,6
"2730","SP2",2025-09-22,"Burgos","Granada",1,1,"D",0,0,"D",2.15,3.1,3.3,"0-0","1-1",16,3,7,2,1,3,0,0,6,1,9,13,2,7,22,"6-1","Y","N","N",4,0,6
"2731","SP2",2025-09-26,"Mirandes","Zaragoza",0,1,"A",0,1,"A",2.63,3,2.63,"0-1","0-1",14,2,10,2,3,4,0,0,4,2,19,18,1,6,37,"4-2","N","N","N",7,0,7
"2732","SP2",2025-09-27,"Eibar","La Coruna",1,1,"D",0,1,"A",2.5,3,2.75,"0-1","1-1",23,10,9,3,4,5,0,0,6,2,13,13,2,8,26,"6-2","Y","N","N",9,0,7
"2733","SP2",2025-09-27,"Santander","Andorra",1,2,"A",0,0,"D",NA,NA,NA,"0-0","1-2",18,6,14,4,3,3,0,0,15,3,11,17,3,18,28,"15-3","Y","Y","N",6,0,7
"2734","SP2",2025-09-27,"Las Palmas","Almeria",0,1,"A",0,1,"A",2.15,3.25,3.1,"0-1","0-1",9,3,13,2,2,4,1,1,5,1,12,17,1,6,29,"5-1","N","N","N",6,2,7
"2735","SP2",2025-09-28,"Sociedad B","Cordoba",1,1,"D",1,0,"H",3.13,3.3,2.1,"1-0","1-1",10,5,13,3,4,5,0,0,8,5,23,19,2,13,42,"8-5","Y","N","N",9,0,7
"2736","SP2",2025-09-28,"Burgos","Malaga",2,1,"H",1,1,"D",2.1,3,3.6,"1-1","2-1",7,3,6,2,5,4,0,1,0,3,13,17,3,3,30,"0-3","Y","Y","N",9,1,7
"2737","SP2",2025-09-28,"Cadiz","Ceuta",0,0,"D",0,0,"D",1.67,3.4,5,"0-0","0-0",9,3,11,3,2,2,0,0,1,1,10,16,0,2,26,"1-1","N","N","N",4,0,7
"2738","SP2",2025-09-28,"Sp Gijon","Albacete",3,4,"A",3,1,"H",1.95,3.4,3.5,"3-1","3-4",11,6,11,7,1,2,0,0,2,8,12,9,7,10,21,"2-8","Y","Y","Y",3,0,7
"2739","SP2",2025-09-28,"Valladolid","Cultural Leonesa",0,1,"A",0,1,"A",1.44,4,6.5,"0-1","0-1",18,1,9,4,3,3,0,0,2,2,14,21,1,4,35,"2-2","N","N","N",6,0,7
"2740","SP2",2025-09-28,"Huesca","Granada",0,1,"A",0,1,"A",2.15,3,3.4,"0-1","0-1",15,2,9,3,1,1,0,0,13,2,12,12,1,15,24,"13-2","N","N","N",2,0,7
"2741","SP2",2025-09-29,"Leganes","Castellon",0,1,"A",0,1,"A",2.15,3.3,3.1,"0-1","0-1",7,0,10,1,4,2,0,0,6,2,18,20,1,8,38,"6-2","N","N","N",6,0,7
"2742","SP2",2025-10-03,"Ceuta","Eibar",1,0,"H",1,0,"H",2.75,3,2.5,"1-0","1-0",12,3,5,1,4,1,0,1,7,3,13,10,1,10,23,"7-3","N","N","N",5,1,8
"2743","SP2",2025-10-04,"La Coruna","Almeria",1,1,"D",0,1,"A",2,3.5,3.25,"0-1","1-1",15,4,10,3,4,3,0,0,4,2,11,13,2,6,24,"4-2","Y","N","N",7,0,8
"2744","SP2",2025-10-04,"Andorra","Leganes",1,2,"A",0,0,"D",2.25,3.13,3,"0-0","1-2",8,4,11,5,2,3,1,0,7,1,9,9,3,8,18,"7-1","Y","Y","N",5,1,8
"2745","SP2",2025-10-04,"Huesca","Burgos",2,1,"H",1,0,"H",2.4,2.7,3.25,"1-0","2-1",9,4,4,2,2,3,0,0,1,1,14,13,3,2,27,"1-1","Y","Y","N",5,0,8
"2746","SP2",2025-10-04,"Granada","Sociedad B",5,2,"H",5,1,"H",1.67,3.5,4.75,"5-1","5-2",13,5,14,8,2,4,0,0,2,5,18,18,7,7,36,"2-5","Y","Y","Y",6,0,8
"2747","SP2",2025-10-05,"Zaragoza","Cordoba",0,1,"A",0,0,"D",2.3,3.2,2.9,"0-0","0-1",10,4,11,2,6,5,1,0,7,4,12,18,1,11,30,"7-4","N","N","N",11,1,8
"2748","SP2",2025-10-05,"Castellon","Sp Gijon",3,1,"H",2,1,"H",1.83,3.6,3.7,"2-1","3-1",12,5,5,4,3,6,0,0,3,1,13,18,4,4,31,"3-1","Y","Y","Y",9,0,8
"2749","SP2",2025-10-05,"Santander","Malaga",3,0,"H",0,0,"D",1.83,3.5,3.8,"0-0","3-0",16,8,10,5,2,0,0,1,11,3,16,15,3,14,31,"11-3","Y","Y","N",2,1,8
"2750","SP2",2025-10-05,"Valladolid","Mirandes",1,1,"D",0,1,"A",1.53,3.6,6,"0-1","1-1",22,5,10,2,0,1,0,0,14,2,9,11,2,16,20,"14-2","Y","N","N",1,0,8
"2751","SP2",2025-10-05,"Las Palmas","Cadiz",1,0,"H",0,0,"D",1.75,3.3,4.5,"0-0","1-0",14,1,8,3,1,4,0,0,6,5,11,18,1,11,29,"6-5","N","N","N",5,0,8
"2752","SP2",2025-10-06,"Cultural Leonesa","Albacete",0,0,"D",0,0,"D",2.55,3.2,2.55,"0-0","0-0",6,1,9,3,1,1,0,1,6,1,19,11,0,7,30,"6-1","N","N","N",2,1,8
"2753","SP2",2025-10-10,"Granada","Las Palmas",0,0,"D",0,0,"D",2.75,3,2.5,"0-0","0-0",11,1,9,1,1,1,0,0,7,7,18,10,0,14,28,"7-7","N","N","N",2,0,9
"2754","SP2",2025-10-11,"Mirandes","Leganes",0,0,"D",0,0,"D",3.13,2.9,2.3,"0-0","0-0",13,4,17,7,6,1,0,0,3,10,16,7,0,13,23,"3-10","N","N","N",7,0,9
"2755","SP2",2025-10-11,"Almeria","Zaragoza",4,2,"H",0,0,"D",1.6,3.7,5,"0-0","4-2",22,14,14,5,2,2,0,0,7,5,18,12,6,12,30,"7-5","Y","Y","Y",4,0,9
"2756","SP2",2025-10-11,"Sociedad B","Andorra",3,0,"H",1,0,"H",2.88,3.2,2.3,"1-0","3-0",9,5,10,3,4,2,0,1,2,4,18,13,3,6,31,"2-4","Y","Y","N",6,1,9
"2757","SP2",2025-10-12,"Albacete","Ceuta",0,0,"D",0,0,"D",1.8,3.5,3.9,"0-0","0-0",13,4,3,1,1,3,0,0,6,3,8,17,0,9,25,"6-3","N","N","N",4,0,9
"2758","SP2",2025-10-12,"Eibar","Castellon",0,0,"D",0,0,"D",2.2,3.4,2.9,"0-0","0-0",7,0,16,5,1,4,0,0,1,7,13,6,0,8,19,"1-7","N","N","N",5,0,9
"2759","SP2",2025-10-12,"Sp Gijon","Santander",2,1,"H",1,0,"H",2,3.5,3.25,"1-0","2-1",9,4,13,3,1,5,1,1,4,6,16,13,3,10,29,"4-6","Y","Y","N",6,2,9
"2760","SP2",2025-10-12,"Burgos","Valladolid",0,1,"A",0,0,"D",2.55,2.88,2.8,"0-0","0-1",7,1,11,3,6,7,0,0,2,2,16,28,1,4,44,"2-2","N","N","N",13,0,9
"2761","SP2",2025-10-12,"Cadiz","Huesca",1,0,"H",0,0,"D",1.95,3,4,"0-0","1-0",11,2,9,1,2,3,0,0,13,2,12,12,1,15,24,"13-2","N","N","N",5,0,9
"2762","SP2",2025-10-12,"Malaga","La Coruna",3,0,"H",2,0,"H",3.1,3.1,2.2,"2-0","3-0",15,6,10,5,1,3,0,0,1,9,15,11,3,10,26,"1-9","Y","Y","N",4,0,9
"2763","SP2",2025-10-13,"Cordoba","Cultural Leonesa",1,0,"H",1,0,"H",1.62,3.7,4.8,"1-0","1-0",19,5,15,5,4,2,0,0,4,6,19,13,1,10,32,"4-6","N","N","N",6,0,9
"2764","SP2",2025-10-17,"Andorra","Granada",0,0,"D",0,0,"D",2.1,3.2,3.25,"0-0","0-0",13,3,13,4,4,2,0,0,5,3,16,15,0,8,31,"5-3","N","N","N",6,0,10
"2765","SP2",2025-10-18,"Ceuta","Mirandes",2,0,"H",2,0,"H",1.9,3.2,3.9,"2-0","2-0",12,5,7,1,2,1,0,0,5,5,15,17,2,10,32,"5-5","Y","N","N",3,0,10
"2766","SP2",2025-10-18,"Zaragoza","Cultural Leonesa",0,5,"A",0,2,"A",1.65,3.4,5.25,"0-2","0-5",9,2,20,13,5,2,2,0,3,5,10,10,5,8,20,"3-5","Y","Y","Y",7,2,10
"2767","SP2",2025-10-19,"Leganes","Malaga",2,0,"H",1,0,"H",1.87,3.13,4.1,"1-0","2-0",15,8,14,5,1,0,0,0,7,5,9,7,2,12,16,"7-5","Y","N","N",1,0,10
"2768","SP2",2025-10-19,"Castellon","Albacete",0,1,"A",0,1,"A",1.67,3.8,4.33,"0-1","0-1",22,5,11,8,5,3,2,1,9,3,14,18,1,12,32,"9-3","N","N","N",8,3,10
"2769","SP2",2025-10-19,"Valladolid","Sp Gijon",2,3,"A",1,1,"D",1.91,3.25,3.8,"1-1","2-3",17,5,7,5,0,3,0,0,5,1,12,9,5,6,21,"5-1","Y","Y","Y",3,0,10
"2770","SP2",2025-10-19,"Cordoba","Almeria",1,1,"D",1,1,"D",2.6,3.4,2.4,"1-1","1-1",14,5,13,4,2,2,0,0,3,2,17,11,2,5,28,"3-2","Y","N","N",4,0,10
"2771","SP2",2025-10-19,"Santander","La Coruna",2,1,"H",1,1,"D",2.38,3.5,2.6,"1-1","2-1",21,6,11,5,3,1,0,0,6,6,9,11,3,12,20,"6-6","Y","Y","N",4,0,10
"2772","SP2",2025-10-19,"Las Palmas","Eibar",3,1,"H",1,0,"H",1.95,3,4,"1-0","3-1",11,9,9,2,2,1,0,0,1,5,16,17,4,6,33,"1-5","Y","Y","Y",3,0,10
"2773","SP2",2025-10-20,"Cadiz","Burgos",1,3,"A",1,2,"A",2.1,2.9,3.6,"1-2","1-3",9,3,13,4,3,4,0,0,1,4,14,19,4,5,33,"1-4","Y","Y","Y",7,0,10
"2774","SP2",2025-10-24,"Huesca","Las Palmas",1,1,"D",1,0,"H",2.75,2.7,2.75,"1-0","1-1",13,3,12,1,3,1,0,0,5,4,19,7,2,9,26,"5-4","Y","N","N",4,0,10
"2775","SP2",2025-10-25,"Cultural Leonesa","Ceuta",0,1,"A",0,1,"A",2.3,3.1,3,"0-1","0-1",15,2,5,1,3,1,0,0,8,2,15,11,1,10,26,"8-2","N","N","N",4,0,11
"2776","SP2",2025-10-25,"Albacete","Cordoba",1,3,"A",0,2,"A",2.2,3.4,2.88,"0-2","1-3",21,4,13,9,0,0,0,0,9,4,8,10,4,13,18,"9-4","Y","Y","Y",0,0,11
"2777","SP2",2025-10-25,"Eibar","Leganes",0,0,"D",0,0,"D",2.25,3,3.25,"0-0","0-0",12,3,9,3,2,5,0,0,7,2,13,10,0,9,23,"7-2","N","N","N",7,0,11
"2778","SP2",2025-10-25,"Burgos","Sociedad B",1,0,"H",0,0,"D",1.7,3.25,5,"0-0","1-0",14,3,5,1,4,3,0,0,6,3,13,13,1,9,26,"6-3","N","N","N",7,0,11
"2779","SP2",2025-10-25,"Granada","Cadiz",0,0,"D",0,0,"D",2.25,3,3.13,"0-0","0-0",18,1,11,1,1,2,0,0,8,4,7,17,0,12,24,"8-4","N","N","N",3,0,11
"2780","SP2",2025-10-25,"Mirandes","Santander",1,3,"A",1,1,"D",3.1,3.5,2.05,"1-1","1-3",14,3,16,7,5,2,0,0,5,4,28,15,4,9,43,"5-4","Y","Y","Y",7,0,11
"2781","SP2",2025-10-26,"Malaga","Andorra",4,1,"H",1,0,"H",2.15,3.2,3.1,"1-0","4-1",16,7,23,5,2,3,1,0,2,7,12,13,5,9,25,"2-7","Y","Y","Y",5,1,11
"2782","SP2",2025-10-26,"Almeria","Castellon",1,0,"H",0,0,"D",1.91,3.6,3.4,"0-0","1-0",15,4,9,4,1,2,0,0,6,3,11,11,1,9,22,"6-3","N","N","N",3,0,11
"2783","SP2",2025-10-26,"Sp Gijon","Zaragoza",1,0,"H",1,0,"H",1.75,3.4,4.33,"1-0","1-0",4,3,22,3,1,1,1,0,2,16,12,18,1,18,30,"2-16","N","N","N",2,1,11
"2784","SP2",2025-10-26,"La Coruna","Valladolid",1,1,"D",0,1,"A",1.95,3.3,3.6,"0-1","1-1",10,4,15,5,3,3,0,1,4,5,18,17,2,9,35,"4-5","Y","N","N",6,1,11
"2785","SP2",2025-10-31,"Santander","Sociedad B",1,0,"H",1,0,"H",1.5,4.1,5.5,"1-0","1-0",13,1,12,4,5,1,0,0,5,8,14,19,1,13,33,"5-8","N","N","N",6,0,11
"2786","SP2",2025-11-01,"Cultural Leonesa","Mirandes",3,2,"H",1,1,"D",2,3.13,3.6,"1-1","3-2",18,7,11,6,0,3,0,0,6,2,11,13,5,8,24,"6-2","Y","Y","Y",3,0,12
"2787","SP2",2025-11-01,"Albacete","Huesca",2,1,"H",0,1,"A",2,3.13,3.6,"0-1","2-1",14,6,20,4,3,0,0,0,7,7,13,6,3,14,19,"7-7","Y","Y","N",3,0,12
"2788","SP2",2025-11-01,"Leganes","Burgos",1,2,"A",1,2,"A",2.05,2.9,3.75,"1-2","1-2",13,3,6,2,3,3,0,0,9,4,17,17,3,13,34,"9-4","Y","Y","N",6,0,12
"2789","SP2",2025-11-01,"Almeria","Eibar",3,1,"H",3,0,"H",1.7,3.5,4.5,"3-0","3-1",11,5,12,5,2,3,0,0,3,7,15,7,4,10,22,"3-7","Y","Y","Y",5,0,12
"2790","SP2",2025-11-02,"Andorra","Cadiz",0,0,"D",0,0,"D",NA,NA,NA,"0-0","0-0",15,4,5,1,3,2,0,0,9,3,19,14,0,12,33,"9-3","N","N","N",5,0,12
"2791","SP2",2025-11-02,"Cordoba","Ceuta",2,0,"H",2,0,"H",NA,NA,NA,"2-0","2-0",12,4,12,2,2,4,0,0,4,5,18,17,2,9,35,"4-5","Y","N","N",6,0,12
"2792","SP2",2025-11-02,"Sp Gijon","Las Palmas",0,0,"D",0,0,"D",NA,NA,NA,"0-0","0-0",5,1,8,2,2,2,0,0,2,3,21,12,0,5,33,"2-3","N","N","N",4,0,12
"2793","SP2",2025-11-02,"Castellon","Malaga",2,1,"H",0,0,"D",NA,NA,NA,"0-0","2-1",19,6,9,1,6,3,1,0,7,4,16,14,3,11,30,"7-4","Y","Y","N",9,1,12
"2794","SP2",2025-11-02,"Zaragoza","La Coruna",0,2,"A",0,0,"D",NA,NA,NA,"0-0","0-2",13,3,14,6,1,1,0,0,2,8,21,10,2,10,31,"2-8","Y","N","N",2,0,12
"2795","SP2",2025-11-03,"Valladolid","Granada",2,1,"H",0,1,"A",1.83,3.25,4.1,"0-1","2-1",17,6,8,3,3,4,0,1,3,2,21,13,3,5,34,"3-2","Y","Y","N",7,1,12
"2796","SP2",2025-11-05,"Sociedad B","Huesca",2,0,"H",1,0,"H",2.9,2.88,2.5,"1-0","2-0",13,5,10,1,2,3,0,0,3,6,19,16,2,9,35,"3-6","Y","N","N",5,0,12
"2797","SP2",2025-11-07,"Mirandes","Sp Gijon",2,1,"H",0,1,"A",2.8,3,2.45,"0-1","2-1",20,9,7,2,4,2,0,0,4,4,11,10,3,8,21,"4-4","Y","Y","N",6,0,13
"2798","SP2",2025-11-08,"Sociedad B","Leganes",2,1,"H",1,1,"D",3.4,3.1,2.1,"1-1","2-1",12,2,9,3,4,6,0,1,2,6,18,13,3,8,31,"2-6","Y","Y","N",10,1,13
"2799","SP2",2025-11-08,"Eibar","Albacete",3,2,"H",0,1,"A",1.87,3.3,3.9,"0-1","3-2",22,8,17,9,1,3,0,0,4,3,15,11,5,7,26,"4-3","Y","Y","Y",4,0,13
"2800","SP2",2025-11-08,"Huesca","Andorra",2,2,"D",0,2,"A",2.25,3.1,3,"0-2","2-2",10,5,20,3,1,5,0,0,1,3,23,21,4,4,44,"1-3","Y","Y","Y",6,0,13
"2801","SP2",2025-11-08,"La Coruna","Cultural Leonesa",3,0,"H",2,0,"H",1.5,4,5.5,"2-0","3-0",9,3,11,5,1,0,0,0,1,1,12,11,3,2,23,"1-1","Y","Y","N",1,0,13
"2802","SP2",2025-11-08,"Malaga","Cordoba",2,2,"D",0,0,"D",2.2,3.2,3.1,"0-0","2-2",11,7,15,6,3,3,0,1,2,2,17,22,4,4,39,"2-2","Y","Y","Y",6,1,13
"2803","SP2",2025-11-09,"Las Palmas","Santander",3,1,"H",3,1,"H",1.91,3.4,3.6,"3-1","3-1",16,7,9,2,5,1,1,0,5,5,18,14,4,10,32,"5-5","Y","Y","Y",6,1,13
"2804","SP2",2025-11-09,"Granada","Zaragoza",3,1,"H",1,1,"D",1.93,3.2,3.8,"1-1","3-1",16,7,11,3,0,4,0,0,6,5,10,16,4,11,26,"6-5","Y","Y","Y",4,0,13
"2805","SP2",2025-11-09,"Cadiz","Valladolid",0,0,"D",0,0,"D",2.7,3,2.55,"0-0","0-0",7,2,11,1,6,1,0,0,2,4,16,17,0,6,33,"2-4","N","N","N",7,0,13
"2806","SP2",2025-11-10,"Burgos","Castellon",0,0,"D",0,0,"D",2.45,3.13,2.7,"0-0","0-0",9,3,11,2,2,2,0,0,5,6,14,11,0,11,25,"5-6","N","N","N",4,0,13
"2807","SP2",2025-11-14,"Valladolid","Las Palmas",0,1,"A",0,1,"A",2.38,2.9,3,"0-1","0-1",22,4,11,4,3,2,0,0,10,1,23,12,1,11,35,"10-1","N","N","N",5,0,13
"2808","SP2",2025-11-15,"Albacete","Andorra",1,0,"H",0,0,"D",1.95,3.5,3.3,"0-0","1-0",17,6,17,6,1,1,0,0,4,2,9,8,1,6,17,"4-2","N","N","N",2,0,14
"2809","SP2",2025-11-15,"Castellon","Sociedad B",5,4,"H",1,1,"D",1.4,4.4,6.5,"1-1","5-4",23,8,19,9,3,1,0,0,14,1,9,13,9,15,22,"14-1","Y","Y","Y",4,0,14
"2810","SP2",2025-11-15,"Santander","Granada",2,2,"D",2,0,"H",1.8,3.6,3.8,"2-0","2-2",13,5,13,5,5,5,0,0,7,4,8,17,4,11,25,"7-4","Y","Y","Y",10,0,14
"2811","SP2",2025-11-16,"Ceuta","Leganes",1,2,"A",0,1,"A",2.38,3,2.9,"0-1","1-2",14,1,12,5,2,2,0,0,6,3,15,17,3,9,32,"6-3","Y","Y","N",4,0,14
"2812","SP2",2025-11-16,"Almeria","Cadiz",3,0,"H",1,0,"H",1.6,3.75,5,"1-0","3-0",16,9,7,3,3,0,0,0,13,5,13,11,3,18,24,"13-5","Y","Y","N",3,0,14
"2813","SP2",2025-11-16,"Sp Gijon","Eibar",1,1,"D",0,1,"A",2.15,3.1,3.25,"0-1","1-1",13,6,6,3,3,5,0,0,10,3,13,12,2,13,25,"10-3","Y","N","N",8,0,14
"2814","SP2",2025-11-16,"Cordoba","La Coruna",1,3,"A",0,0,"D",2.3,3.3,2.8,"0-0","1-3",22,6,9,3,5,5,1,0,6,5,13,10,4,11,23,"6-5","Y","Y","Y",10,1,14
"2815","SP2",2025-11-16,"Mirandes","Burgos",0,2,"A",0,0,"D",3.13,2.8,2.38,"0-0","0-2",12,2,6,4,4,1,0,0,7,4,21,12,2,11,33,"7-4","Y","N","N",5,0,14
"2816","SP2",2025-11-16,"Zaragoza","Huesca",1,0,"H",1,0,"H",2.25,2.9,3.25,"1-0","1-0",6,2,8,2,4,1,1,0,5,3,9,9,1,8,18,"5-3","N","N","N",5,1,14
"2817","SP2",2025-11-17,"Cultural Leonesa","Malaga",1,0,"H",1,0,"H",2.25,3.13,3,"1-0","1-0",6,1,16,3,0,2,0,1,1,9,6,14,1,10,20,"1-9","N","N","N",2,1,14
"2818","SP2",2025-11-21,"Las Palmas","Albacete",2,1,"H",2,0,"H",1.7,3.4,4.75,"2-0","2-1",10,3,10,3,1,5,0,0,5,3,16,16,3,8,32,"5-3","Y","Y","N",6,0,14
"2819","SP2",2025-11-22,"Andorra","Castellon",1,3,"A",0,1,"A",2.5,3.5,2.45,"0-1","1-3",10,4,16,6,2,2,0,0,2,4,14,13,4,6,27,"2-4","Y","Y","Y",4,0,15
"2820","SP2",2025-11-22,"Eibar","Zaragoza",1,2,"A",1,1,"D",1.73,3.3,4.6,"1-1","1-2",23,8,3,2,6,4,0,1,7,0,18,10,3,7,28,"7-0","Y","Y","N",10,1,15
"2821","SP2",2025-11-22,"Leganes","Almeria",0,3,"A",0,1,"A",2.8,3.13,2.38,"0-1","0-3",22,10,7,4,1,4,0,0,5,0,8,17,3,5,25,"5-0","Y","Y","N",5,0,15
"2822","SP2",2025-11-22,"Granada","Cordoba",1,1,"D",0,0,"D",2.1,3.25,3.2,"0-0","1-1",18,7,11,5,3,5,0,0,7,8,11,20,2,15,31,"7-8","Y","N","N",8,0,15
"2823","SP2",2025-11-23,"La Coruna","Ceuta",2,1,"H",1,0,"H",1.62,3.6,5,"1-0","2-1",16,7,13,4,3,0,0,0,4,4,13,10,3,8,23,"4-4","Y","Y","N",3,0,15
"2824","SP2",2025-11-23,"Cadiz","Cultural Leonesa",1,2,"A",1,2,"A",1.91,3.13,4,"1-2","1-2",16,7,14,7,1,1,0,0,11,6,11,12,3,17,23,"11-6","Y","Y","N",2,0,15
"2825","SP2",2025-11-23,"Huesca","Sp Gijon",2,0,"H",1,0,"H",2.75,2.88,2.6,"1-0","2-0",13,5,12,2,0,1,0,0,7,5,8,14,2,12,22,"7-5","Y","N","N",1,0,15
"2826","SP2",2025-11-23,"Burgos","Santander",0,2,"A",0,1,"A",2.4,3.13,2.8,"0-1","0-2",9,1,15,4,4,5,0,0,6,3,17,16,2,9,33,"6-3","Y","N","N",9,0,15
"2827","SP2",2025-11-23,"Malaga","Mirandes",3,2,"H",2,0,"H",1.75,3.3,4.5,"2-0","3-2",18,11,14,6,1,3,0,0,2,1,19,17,5,3,36,"2-1","Y","Y","Y",4,0,15
"2828","SP2",2025-11-24,"Sociedad B","Valladolid",1,0,"H",1,0,"H",3.5,3.2,2,"1-0","1-0",13,4,20,3,3,3,0,0,4,9,13,11,1,13,24,"4-9","N","N","N",6,0,15
"2829","SP2",2025-11-26,"Ceuta","Almeria",3,2,"H",1,1,"D",NA,NA,NA,"1-1","3-2",10,7,15,6,3,5,0,0,2,2,12,15,5,4,27,"2-2","Y","Y","Y",8,0,15
"2830","SP2",2025-11-28,"Sp Gijon","Andorra",1,1,"D",0,0,"D",2.05,3.2,3.4,"0-0","1-1",23,10,10,2,3,3,0,0,8,5,11,8,2,13,19,"8-5","Y","N","N",6,0,16
"2831","SP2",2025-11-29,"Ceuta","Burgos",1,0,"H",1,0,"H",2.3,2.9,3.13,"1-0","1-0",14,5,9,1,5,3,0,0,10,7,21,12,1,17,33,"10-7","N","N","N",8,0,16
"2832","SP2",2025-11-29,"Cultural Leonesa","Granada",0,1,"A",0,1,"A",2.55,3.1,2.63,"0-1","0-1",10,4,8,3,2,3,0,0,4,4,11,22,1,8,33,"4-4","N","N","N",5,0,16
"2833","SP2",2025-11-29,"Albacete","La Coruna",0,2,"A",0,1,"A",2.4,3.3,2.7,"0-1","0-2",14,3,8,3,1,1,0,0,9,5,10,5,2,14,15,"9-5","Y","N","N",2,0,16
"2834","SP2",2025-11-29,"Almeria","Huesca",0,0,"D",0,0,"D",1.57,3.6,5.5,"0-0","0-0",24,6,5,1,1,0,0,0,13,1,11,6,0,14,17,"13-1","N","N","N",1,0,16
"2835","SP2",2025-11-29,"Valladolid","Malaga",1,1,"D",1,0,"H",1.7,3.5,4.6,"1-0","1-1",21,6,5,3,5,2,1,0,7,2,19,12,2,9,31,"7-2","Y","N","N",7,1,16
"2836","SP2",2025-11-30,"Zaragoza","Leganes",3,2,"H",1,1,"D",2.63,2.9,2.7,"1-1","3-2",20,11,5,2,2,4,0,2,5,3,15,18,5,8,33,"5-3","Y","Y","Y",6,2,16
"2837","SP2",2025-11-30,"Santander","Eibar",4,0,"H",2,0,"H",1.95,3.4,3.4,"2-0","4-0",11,8,13,6,0,3,0,0,3,5,13,19,4,8,32,"3-5","Y","Y","Y",3,0,16
"2838","SP2",2025-11-30,"Cordoba","Cadiz",1,2,"A",0,0,"D",1.95,3.25,3.6,"0-0","1-2",20,6,8,4,2,4,0,0,5,4,15,22,3,9,37,"5-4","Y","Y","N",6,0,16
"2839","SP2",2025-11-30,"Mirandes","Sociedad B",1,0,"H",0,0,"D",NA,NA,NA,"0-0","1-0",16,5,16,6,3,2,0,1,2,3,15,15,1,5,30,"2-3","N","N","N",5,1,16
"2840","SP2",2025-11-30,"Castellon","Las Palmas",1,0,"H",0,0,"D",2.1,3.25,3.2,"0-0","1-0",18,5,10,1,3,2,0,0,3,3,14,9,1,6,23,"3-3","N","N","N",5,0,16
"2841","SP2",2025-12-06,"Andorra","Almeria",1,2,"A",0,0,"D",2.88,3.3,2.25,"0-0","1-2",19,6,17,8,1,2,0,0,10,4,14,13,3,14,27,"10-4","Y","Y","N",3,0,17
"2842","SP2",2025-12-06,"Huesca","Valladolid",1,4,"A",0,2,"A",2.75,2.88,2.6,"0-2","1-4",12,6,12,6,2,4,0,0,6,5,10,17,5,11,27,"6-5","Y","Y","Y",6,0,17
"2843","SP2",2025-12-06,"Sociedad B","Sp Gijon",0,1,"A",0,0,"D",3,3.13,2.25,"0-0","0-1",8,1,9,2,2,7,0,0,4,6,11,12,1,10,23,"4-6","N","N","N",9,0,17
"2844","SP2",2025-12-07,"Cadiz","Santander",2,3,"A",2,1,"H",2.75,3.25,2.38,"2-1","2-3",15,5,14,8,6,4,0,0,5,7,22,12,5,12,34,"5-7","Y","Y","Y",10,0,17
"2845","SP2",2025-12-07,"Leganes","Cordoba",0,0,"D",0,0,"D",2.2,3.13,3.1,"0-0","0-0",6,2,15,3,3,1,0,0,4,5,17,14,0,9,31,"4-5","N","N","N",4,0,17
"2846","SP2",2025-12-07,"Eibar","Cultural Leonesa",1,2,"A",1,1,"D",1.67,3.5,4.8,"1-1","1-2",22,5,12,3,2,3,0,0,8,4,12,8,3,12,20,"8-4","Y","Y","N",5,0,17
"2847","SP2",2025-12-07,"La Coruna","Castellon",1,3,"A",1,0,"H",2.25,3.3,2.88,"1-0","1-3",6,3,17,5,3,6,1,0,3,9,13,15,4,12,28,"3-9","Y","Y","Y",9,1,17
"2848","SP2",2025-12-07,"Granada","Ceuta",1,1,"D",1,1,"D",1.95,3.2,3.7,"1-1","1-1",15,3,9,3,2,2,0,0,5,2,10,12,2,7,22,"5-2","Y","N","N",4,0,17
"2849","SP2",2025-12-08,"Burgos","Albacete",0,1,"A",0,0,"D",NA,NA,NA,"0-0","0-1",13,3,9,2,3,1,0,0,5,5,14,12,1,10,26,"5-5","N","N","N",4,0,17
"2850","SP2",2025-12-08,"Las Palmas","Mirandes",0,0,"D",0,0,"D",1.53,3.6,6,"0-0","0-0",10,3,15,4,1,3,1,0,2,3,13,11,0,5,24,"2-3","N","N","N",4,1,17
"2851","SP2",2025-12-08,"Malaga","Zaragoza",1,1,"D",1,0,"H",2.05,3.13,3.5,"1-0","1-1",19,7,15,5,4,4,0,1,8,4,11,7,2,12,18,"8-4","Y","N","N",8,1,17
"2852","SP2",2025-12-12,"Cultural Leonesa","Huesca",0,2,"A",0,0,"D",2.3,2.9,3.13,"0-0","0-2",17,7,8,4,0,3,0,0,5,7,7,13,2,12,20,"5-7","Y","N","N",3,0,18
"2853","SP2",2025-12-13,"Cordoba","Eibar",0,0,"D",0,0,"D",1.95,3.25,3.6,"0-0","0-0",13,2,0,0,5,3,0,0,5,0,17,19,0,5,36,"5-0","N","N","N",8,0,18
"2854","SP2",2025-12-13,"Sp Gijon","Granada",1,0,"H",0,0,"D",2.1,3.13,3.3,"0-0","1-0",15,5,7,2,2,2,0,0,6,1,14,10,1,7,24,"6-1","N","N","N",4,0,18
"2855","SP2",2025-12-13,"Valladolid","Andorra",0,1,"A",0,0,"D",1.62,3.7,4.8,"0-0","0-1",17,5,9,2,3,2,0,0,8,6,19,13,1,14,32,"8-6","N","N","N",5,0,18
"2856","SP2",2025-12-13,"Santander","Leganes",1,1,"D",0,0,"D",1.75,3.6,4,"0-0","1-1",17,7,15,4,4,3,0,0,7,7,14,11,2,14,25,"7-7","Y","N","N",7,0,18
"2857","SP2",2025-12-13,"La Coruna","Sociedad B",0,3,"A",0,1,"A",1.45,4,6,"0-1","0-3",17,9,10,3,0,4,0,0,6,3,5,18,3,9,23,"6-3","Y","Y","N",4,0,18
"2858","SP2",2025-12-13,"Zaragoza","Cadiz",1,2,"A",0,0,"D",2.1,3.1,3.4,"0-0","1-2",15,1,9,6,3,5,0,0,8,4,13,21,3,12,34,"8-4","Y","Y","N",8,0,18
"2859","SP2",2025-12-14,"Albacete","Malaga",1,3,"A",1,0,"H",1.93,3.3,3.7,"1-0","1-3",11,5,12,5,3,1,0,0,6,5,9,4,4,11,13,"6-5","Y","Y","Y",4,0,18
"2860","SP2",2025-12-14,"Almeria","Burgos",1,2,"A",1,1,"D",1.7,3.4,4.75,"1-1","1-2",10,4,7,2,3,3,0,0,3,1,21,19,3,4,40,"3-1","Y","Y","N",6,0,18
"2861","SP2",2025-12-14,"Ceuta","Las Palmas",1,1,"D",0,0,"D",2.8,2.9,2.55,"0-0","1-1",15,4,8,2,2,2,0,0,2,5,16,11,2,7,27,"2-5","Y","N","N",4,0,18
"2862","SP2",2025-12-15,"Castellon","Mirandes",3,1,"H",1,1,"D",1.4,4.33,6.5,"1-1","3-1",17,6,10,2,4,2,0,0,5,4,16,15,4,9,31,"5-4","Y","Y","Y",6,0,18
"2863","SP2",2025-12-19,"Eibar","Valladolid",3,0,"H",1,0,"H",2.45,3,2.8,"1-0","3-0",9,4,6,2,3,4,0,0,3,4,18,14,3,7,32,"3-4","Y","Y","N",7,0,19
"2864","SP2",2025-12-20,"Andorra","La Coruna",1,0,"H",0,0,"D",2.63,3.25,2.45,"0-0","1-0",12,4,10,1,3,4,0,0,1,4,13,11,1,5,24,"1-4","N","N","N",7,0,19
"2865","SP2",2025-12-20,"Huesca","Santander",1,1,"D",0,1,"A",2.88,3.2,2.3,"0-1","1-1",15,3,10,3,5,2,0,0,8,3,13,11,2,11,24,"8-3","Y","N","N",7,0,19
"2866","SP2",2025-12-20,"Leganes","Sp Gijon",0,1,"A",0,0,"D",2.15,3,3.4,"0-0","0-1",11,4,11,5,2,3,0,0,6,7,8,8,1,13,16,"6-7","N","N","N",5,0,19
"2867","SP2",2025-12-20,"Las Palmas","Cultural Leonesa",4,0,"H",4,0,"H",1.57,3.5,5.75,"4-0","4-0",10,4,13,3,1,2,0,0,4,4,11,13,4,8,24,"4-4","Y","Y","Y",3,0,19
"2868","SP2",2025-12-21,"Malaga","Almeria",2,1,"H",1,0,"H",2.9,3.25,2.25,"1-0","2-1",15,7,14,5,5,4,0,0,1,2,20,8,3,3,28,"1-2","Y","Y","N",9,0,19
"2869","SP2",2025-12-21,"Mirandes","Cordoba",1,2,"A",1,1,"D",3.13,3.2,2.15,"1-1","1-2",9,2,16,6,2,3,1,0,10,8,18,13,3,18,31,"10-8","Y","Y","N",5,1,19
"2870","SP2",2025-12-21,"Sociedad B","Ceuta",1,3,"A",1,1,"D",2.63,3.1,2.55,"1-1","1-3",8,5,19,7,5,5,0,0,3,6,16,14,4,9,30,"3-6","Y","Y","Y",10,0,19
"2871","SP2",2025-12-21,"Burgos","Zaragoza",1,1,"D",1,0,"H",2.1,2.9,3.6,"1-0","1-1",9,4,17,6,1,3,0,0,5,7,13,15,2,12,28,"5-7","Y","N","N",4,0,19
"2872","SP2",2025-12-21,"Granada","Albacete",1,1,"D",1,0,"H",2,3.25,3.5,"1-0","1-1",18,5,13,4,4,3,0,0,6,5,12,12,2,11,24,"6-5","Y","N","N",7,0,19
"2873","SP2",2025-12-21,"Cadiz","Castellon",2,0,"H",0,0,"D",3.13,3.3,2.1,"0-0","2-0",10,4,18,2,4,2,0,0,6,12,11,13,2,18,24,"6-12","Y","N","N",6,0,19
"2874","SP2",2026-01-02,"Eibar","Mirandes",2,1,"H",0,1,"A",1.45,3.75,7,"0-1","2-1",14,4,10,2,2,3,1,1,5,3,17,17,3,8,34,"5-3","Y","Y","N",5,2,20
"2875","SP2",2026-01-03,"Cultural Leonesa","Sociedad B",1,1,"D",0,0,"D",1.8,3.3,4.1,"0-0","1-1",9,1,15,4,3,5,0,0,1,7,6,17,2,8,23,"1-7","Y","N","N",8,0,20
"2876","SP2",2026-01-03,"Almeria","Granada",3,2,"H",1,1,"D",1.75,3.5,4.1,"1-1","3-2",12,7,18,5,4,5,0,0,5,7,14,13,5,12,27,"5-7","Y","Y","Y",9,0,20
"2877","SP2",2026-01-03,"Castellon","Huesca",4,1,"H",3,0,"H",1.5,3.8,6,"3-0","4-1",13,8,12,6,2,2,1,0,1,3,16,16,5,4,32,"1-3","Y","Y","Y",4,1,20
"2878","SP2",2026-01-03,"Valladolid","Santander",1,1,"D",0,0,"D",2.15,3.4,3,"0-0","1-1",8,1,5,2,8,2,1,0,4,0,19,14,2,4,33,"4-0","Y","N","N",10,1,20
"2879","SP2",2026-01-03,"Cordoba","Burgos",2,0,"H",1,0,"H",2,3.1,3.7,"1-0","2-0",14,6,14,4,0,1,0,0,6,6,19,13,2,12,32,"6-6","Y","N","N",1,0,20
"2880","SP2",2026-01-04,"Sp Gijon","Malaga",1,3,"A",0,1,"A",1.87,3.2,4,"0-1","1-3",14,3,13,7,2,4,1,0,5,5,11,9,4,10,20,"5-5","Y","Y","Y",6,1,20
"2881","SP2",2026-01-04,"Ceuta","Andorra",2,1,"H",1,0,"H",1.87,3.4,3.75,"1-0","2-1",8,5,12,8,2,2,0,0,4,8,15,12,3,12,27,"4-8","Y","Y","N",4,0,20
"2882","SP2",2026-01-04,"Albacete","Leganes",1,3,"A",1,1,"D",2.2,3.13,3.1,"1-1","1-3",15,4,12,5,1,3,0,0,5,5,11,8,4,10,19,"5-5","Y","Y","Y",4,0,20
"2883","SP2",2026-01-04,"Zaragoza","Las Palmas",1,2,"A",0,1,"A",2.9,2.9,2.45,"0-1","1-2",8,2,12,5,3,2,0,0,1,3,20,18,3,4,38,"1-3","Y","Y","N",5,0,20
"2884","SP2",2026-01-04,"La Coruna","Cadiz",2,2,"D",2,1,"H",1.67,3.5,4.8,"2-1","2-2",19,5,12,2,4,3,0,0,8,4,9,16,4,12,25,"8-4","Y","Y","Y",7,0,20
"2885","SP2",2026-01-09,"Cadiz","Sp Gijon",3,2,"H",1,0,"H",2.55,3,2.7,"1-0","3-2",10,5,26,10,4,1,0,0,5,15,7,10,5,20,17,"5-15","Y","Y","Y",5,0,21
"2886","SP2",2026-01-10,"Mirandes","Almeria",2,2,"D",1,1,"D",3.4,3.3,2,"1-1","2-2",9,3,18,7,4,2,0,0,4,7,16,10,4,11,26,"4-7","Y","Y","Y",6,0,21
"2887","SP2",2026-01-10,"Sociedad B","Albacete",0,0,"D",0,0,"D",2.7,3.2,2.45,"0-0","0-0",13,3,20,6,4,1,0,0,2,8,20,12,0,10,32,"2-8","N","N","N",5,0,21
"2888","SP2",2026-01-10,"Andorra","Cultural Leonesa",1,1,"D",0,1,"A",1.95,3.4,3.5,"0-1","1-1",18,5,2,2,1,3,0,0,10,1,6,13,2,11,19,"10-1","Y","N","N",4,0,21
"2889","SP2",2026-01-10,"Burgos","Eibar",1,0,"H",0,0,"D",2.5,2.75,3,"0-0","1-0",11,4,9,2,0,0,0,0,2,3,11,11,1,5,22,"2-3","N","N","N",0,0,21
"2890","SP2",2026-01-10,"Las Palmas","La Coruna",1,1,"D",1,1,"D",2.05,3.13,3.5,"1-1","1-1",14,6,7,3,2,2,0,0,7,3,14,12,2,10,26,"7-3","Y","N","N",4,0,21
"2891","SP2",2026-01-10,"Santander","Zaragoza",2,3,"A",0,2,"A",1.65,3.8,4.4,"0-2","2-3",24,6,9,8,3,4,0,1,13,3,12,12,5,16,24,"13-3","Y","Y","Y",7,1,21
"2892","SP2",2026-01-11,"Leganes","Valladolid",3,0,"H",2,0,"H",2.38,3,2.9,"2-0","3-0",12,4,12,2,4,2,0,0,4,8,21,14,3,12,35,"4-8","Y","Y","N",6,0,21
"2893","SP2",2026-01-11,"Granada","Castellon",0,0,"D",0,0,"D",2.8,3.25,2.3,"0-0","0-0",11,4,8,3,0,0,0,0,6,6,11,14,0,12,25,"6-6","N","N","N",0,0,21
"2894","SP2",2026-01-11,"Malaga","Ceuta",2,1,"H",2,1,"H",2.05,3.2,3.4,"2-1","2-1",18,8,3,2,4,2,0,0,6,6,6,11,3,12,17,"6-6","Y","Y","N",6,0,21
"2895","SP2",2026-01-12,"Huesca","Cordoba",1,2,"A",1,1,"D",2.7,2.9,2.6,"1-1","1-2",11,1,14,5,8,2,1,0,5,7,14,8,3,12,22,"5-7","Y","Y","N",10,1,21
"2896","SP2",2026-01-16,"Castellon","Leganes",2,0,"H",1,0,"H",1.57,3.8,5,"1-0","2-0",14,4,6,1,3,1,0,0,2,2,19,10,2,4,29,"2-2","Y","N","N",4,0,22
"2897","SP2",2026-01-17,"Ceuta","Valladolid",0,3,"A",0,1,"A",2.45,3.1,2.75,"0-1","0-3",21,6,12,6,0,1,0,0,8,3,16,10,3,11,26,"8-3","Y","Y","N",1,0,22
"2898","SP2",2026-01-17,"Cultural Leonesa","Sp Gijon",2,4,"A",1,3,"A",3,3.1,2.3,"1-3","2-4",17,8,6,5,1,2,0,0,8,1,8,10,6,9,18,"8-1","Y","Y","Y",3,0,22
"2899","SP2",2026-01-17,"Zaragoza","Sociedad B",1,1,"D",0,0,"D",1.73,3.4,4.5,"0-0","1-1",16,1,27,7,3,2,0,0,3,4,8,15,2,7,23,"3-4","Y","N","N",5,0,22
"2900","SP2",2026-01-17,"Almeria","La Coruna",1,2,"A",1,0,"H",1.91,3.5,3.5,"1-0","1-2",12,3,21,6,4,3,0,0,2,2,16,17,3,4,33,"2-2","Y","Y","N",7,0,22
"2901","SP2",2026-01-18,"Mirandes","Andorra",1,2,"A",0,1,"A",2.45,3.2,2.7,"0-1","1-2",16,5,14,3,2,4,0,0,7,1,23,15,3,8,38,"7-1","Y","Y","N",6,0,22
"2902","SP2",2026-01-18,"Santander","Las Palmas",4,1,"H",2,1,"H",2.2,3.25,3,"2-1","4-1",17,7,13,5,2,4,0,0,4,2,16,10,5,6,26,"4-2","Y","Y","Y",6,0,22
"2903","SP2",2026-01-18,"Albacete","Cadiz",1,0,"H",0,0,"D",2.15,3.3,3.1,"0-0","1-0",14,2,9,3,2,1,0,0,6,6,2,6,1,12,8,"6-6","N","N","N",3,0,22
"2904","SP2",2026-01-18,"Burgos","Huesca",1,0,"H",0,0,"D",2.1,2.8,3.9,"0-0","1-0",13,4,13,1,4,1,1,0,4,5,15,15,1,9,30,"4-5","N","N","N",5,1,22
"2905","SP2",2026-01-18,"Cordoba","Malaga",0,1,"A",0,1,"A",1.83,3.5,3.9,"0-1","0-1",19,7,8,5,1,1,0,0,8,4,12,9,1,12,21,"8-4","N","N","N",2,0,22
"2906","SP2",2026-01-19,"Granada","Eibar",0,0,"D",0,0,"D",2.25,3,3.13,"0-0","0-0",16,3,4,0,2,5,0,0,6,2,10,13,0,8,23,"6-2","N","N","N",7,0,22
"2907","SP2",2026-01-23,"Malaga","Burgos",3,0,"H",2,0,"H",2,3,3.8,"2-0","3-0",12,7,14,2,3,5,0,0,1,3,15,11,3,4,26,"1-3","Y","Y","N",8,0,23
"2908","SP2",2026-01-24,"Valladolid","Albacete",0,1,"A",0,0,"D",1.95,3.3,3.6,"0-0","0-1",7,0,13,3,4,2,1,0,5,9,6,10,1,14,16,"5-9","N","N","N",6,1,23
"2909","SP2",2026-01-24,"Leganes","Sociedad B",2,0,"H",0,0,"D",1.67,3.5,4.8,"0-0","2-0",20,7,9,4,2,1,0,0,6,3,11,22,2,9,33,"6-3","Y","N","N",3,0,23
"2910","SP2",2026-01-24,"Las Palmas","Cordoba",1,2,"A",1,2,"A",1.9,3.3,3.75,"1-2","1-2",14,6,14,8,4,4,1,0,3,5,13,20,3,8,33,"3-5","Y","Y","N",8,1,23
"2911","SP2",2026-01-24,"Sp Gijon","Mirandes",3,0,"H",1,0,"H",1.53,3.7,5.75,"1-0","3-0",16,6,11,2,1,5,0,1,6,6,7,14,3,12,21,"6-6","Y","Y","N",6,1,23
"2912","SP2",2026-01-24,"Cadiz","Granada",1,2,"A",0,1,"A",2.6,3,2.63,"0-1","1-2",17,5,13,2,2,0,1,0,8,2,18,9,3,10,27,"8-2","Y","Y","N",2,1,23
"2913","SP2",2026-01-25,"Andorra","Huesca",1,1,"D",1,1,"D",NA,NA,NA,"1-1","1-1",19,5,6,1,2,4,0,0,3,1,18,16,2,4,34,"3-1","Y","N","N",6,0,23
"2914","SP2",2026-01-25,"Eibar","Almeria",1,0,"H",0,0,"D",NA,NA,NA,"0-0","1-0",17,6,15,4,1,1,0,0,6,1,14,19,1,7,33,"6-1","N","N","N",2,0,23
"2915","SP2",2026-01-25,"Zaragoza","Castellon",0,0,"D",0,0,"D",NA,NA,NA,"0-0","0-0",6,0,14,3,3,4,1,0,3,13,8,14,0,16,22,"3-13","N","N","N",7,1,23
"2916","SP2",2026-01-25,"La Coruna","Santander",0,1,"A",0,0,"D",NA,NA,NA,"0-0","0-1",9,1,9,1,3,4,0,1,7,5,13,13,1,12,26,"7-5","N","N","N",7,1,23
"2917","SP2",2026-01-26,"Ceuta","Cultural Leonesa",3,1,"H",2,1,"H",NA,NA,NA,"2-1","3-1",18,10,14,6,4,2,0,1,5,8,15,15,4,13,30,"5-8","Y","Y","Y",6,1,23
"2918","SP2",2026-01-30,"Sociedad B","Las Palmas",1,1,"D",0,0,"D",2.7,3.13,2.45,"0-0","1-1",12,5,11,4,2,1,0,0,3,3,12,12,2,6,24,"3-3","Y","N","N",3,0,24
"2919","SP2",2026-01-31,"Albacete","Zaragoza",2,0,"H",1,0,"H",NA,NA,NA,"1-0","2-0",10,4,8,3,2,3,0,0,6,4,11,8,2,10,19,"6-4","Y","N","N",5,0,24
"2920","SP2",2026-01-31,"Burgos","Leganes",2,1,"H",0,0,"D",NA,NA,NA,"0-0","2-1",8,4,11,4,4,2,0,0,1,5,18,10,3,6,28,"1-5","Y","Y","N",6,0,24
"2921","SP2",2026-01-31,"Cultural Leonesa","La Coruna",0,1,"A",0,0,"D",NA,NA,NA,"0-0","0-1",13,2,16,5,4,2,0,0,4,7,12,10,1,11,22,"4-7","N","N","N",6,0,24
"2922","SP2",2026-01-31,"Cordoba","Valladolid",3,1,"H",1,1,"D",NA,NA,NA,"1-1","3-1",19,9,9,4,3,2,0,1,5,1,10,11,4,6,21,"5-1","Y","Y","Y",5,1,24
"2923","SP2",2026-02-01,"Almeria","Ceuta",4,2,"H",3,1,"H",NA,NA,NA,"3-1","4-2",16,9,16,4,2,3,0,0,5,2,21,14,6,7,35,"5-2","Y","Y","Y",5,0,24
"2924","SP2",2026-02-01,"Eibar","Sp Gijon",1,0,"H",0,0,"D",NA,NA,NA,"0-0","1-0",10,5,9,3,3,2,0,1,8,3,14,7,1,11,21,"8-3","N","N","N",5,1,24
"2925","SP2",2026-02-01,"Castellon","Andorra",2,0,"H",2,0,"H",NA,NA,NA,"2-0","2-0",18,6,10,5,3,4,0,0,6,6,27,12,2,12,39,"6-6","Y","N","N",7,0,24
"2926","SP2",2026-02-01,"Huesca","Cadiz",1,0,"H",1,0,"H",NA,NA,NA,"1-0","1-0",12,4,11,1,3,3,0,1,5,4,13,11,1,9,24,"5-4","N","N","N",6,1,24
"2927","SP2",2026-02-01,"Granada","Santander",1,0,"H",1,0,"H",NA,NA,NA,"1-0","1-0",13,6,6,2,5,4,0,0,5,4,17,17,1,9,34,"5-4","N","N","N",9,0,24
"2928","SP2",2026-02-02,"Mirandes","Malaga",2,1,"H",1,0,"H",NA,NA,NA,"1-0","2-1",21,5,16,3,4,3,0,0,7,6,11,10,3,13,21,"7-6","Y","Y","N",7,0,24
"2929","SP2",2026-02-06,"Leganes","Granada",1,0,"H",1,0,"H",2.25,3,3.2,"1-0","1-0",12,2,6,1,1,2,0,1,3,5,14,10,1,8,24,"3-5","N","N","N",3,1,25
"2930","SP2",2026-02-07,"Andorra","Sociedad B",1,2,"A",1,1,"D",1.75,3.5,4.2,"1-1","1-2",14,3,7,2,4,5,0,0,2,3,11,18,3,5,29,"2-3","Y","Y","N",9,0,25
"2931","SP2",2026-02-07,"Las Palmas","Burgos",0,0,"D",0,0,"D",1.83,3.1,4.4,"0-0","0-0",16,6,5,1,5,3,0,0,8,2,13,12,0,10,25,"8-2","N","N","N",8,0,25
"2932","SP2",2026-02-07,"Zaragoza","Eibar",1,1,"D",1,0,"H",2.75,2.9,2.6,"1-0","1-1",12,3,4,2,1,4,1,0,5,7,10,19,2,12,29,"5-7","Y","N","N",5,1,25
"2933","SP2",2026-02-08,"Valladolid","Castellon",0,4,"A",0,3,"A",3,3.25,2.2,"0-3","0-4",9,3,12,4,1,2,0,0,3,3,15,12,4,6,27,"3-3","Y","Y","Y",3,0,25
"2934","SP2",2026-02-08,"Cadiz","Almeria",1,2,"A",1,2,"A",2.55,3.3,2.5,"1-2","1-2",19,6,14,6,4,2,0,0,6,4,13,9,3,10,22,"6-4","Y","Y","N",6,0,25
"2935","SP2",2026-02-08,"La Coruna","Albacete",2,1,"H",2,0,"H",1.7,3.5,4.5,"2-0","2-1",12,1,16,4,3,2,0,0,4,1,7,10,3,5,17,"4-1","Y","Y","N",5,0,25
"2936","SP2",2026-02-08,"Sp Gijon","Huesca",2,1,"H",0,0,"D",1.8,3.2,4.4,"0-0","2-1",12,5,9,4,4,1,0,0,6,4,15,8,3,10,23,"6-4","Y","Y","N",5,0,25
"2937","SP2",2026-02-08,"Malaga","Cultural Leonesa",2,1,"H",0,1,"A",1.73,3.5,4.4,"0-1","2-1",18,8,4,3,2,6,0,0,8,2,8,17,3,10,25,"8-2","Y","Y","N",8,0,25
"2938","SP2",2026-02-09,"Santander","Mirandes",1,0,"H",0,0,"D",1.5,4.1,5.5,"0-0","1-0",19,7,8,2,4,6,1,1,7,3,12,15,1,10,27,"7-3","N","N","N",10,2,25
"2939","SP2",2026-02-13,"Almeria","Andorra",3,2,"H",1,1,"D",1.7,3.7,4.2,"1-1","3-2",15,6,15,7,2,4,0,0,6,5,12,19,5,11,31,"6-5","Y","Y","Y",6,0,25
"2940","SP2",2026-02-14,"Cordoba","Leganes",2,1,"H",1,0,"H",2,3.25,3.5,"1-0","2-1",22,6,17,4,1,1,0,0,7,4,16,6,3,11,22,"7-4","Y","Y","N",2,0,26
"2941","SP2",2026-02-14,"Burgos","Cadiz",1,1,"D",1,1,"D",2.1,2.9,3.7,"1-1","1-1",21,6,5,3,1,2,0,0,6,0,6,14,2,6,20,"6-0","Y","N","N",3,0,26
"2942","SP2",2026-02-14,"Cultural Leonesa","Zaragoza",0,0,"D",0,0,"D",2.38,3.1,2.88,"0-0","0-0",13,2,12,3,1,3,0,0,1,8,8,16,0,9,24,"1-8","N","N","N",4,0,26
"2943","SP2",2026-02-14,"Granada","Valladolid",5,1,"H",4,1,"H",2.1,3.1,3.4,"4-1","5-1",22,9,8,2,1,3,0,1,4,2,14,15,6,6,29,"4-2","Y","Y","Y",4,1,26
"2944","SP2",2026-02-15,"Mirandes","Las Palmas",1,1,"D",0,0,"D",3.1,3,2.3,"0-0","1-1",6,2,17,7,3,1,0,0,3,5,19,9,2,8,28,"3-5","Y","N","N",4,0,26
"2945","SP2",2026-02-15,"Eibar","Santander",2,1,"H",0,1,"A",2.2,3.2,3.1,"0-1","2-1",15,4,11,3,5,2,0,1,5,5,15,6,3,10,21,"5-5","Y","Y","N",7,1,26
"2946","SP2",2026-02-15,"Huesca","Ceuta",2,0,"H",0,0,"D",2.15,3.1,3.3,"0-0","2-0",10,3,11,4,2,1,0,1,2,5,14,11,2,7,25,"2-5","Y","N","N",3,1,26
"2947","SP2",2026-02-15,"Albacete","Sp Gijon",1,1,"D",1,0,"H",2.25,3.25,2.9,"1-0","1-1",9,2,9,2,1,0,0,0,4,2,10,12,2,6,22,"4-2","Y","N","N",1,0,26
"2948","SP2",2026-02-15,"Castellon","La Coruna",2,0,"H",1,0,"H",1.83,3.5,3.8,"1-0","2-0",8,3,12,1,3,3,0,0,4,3,11,9,2,7,20,"4-3","Y","N","N",6,0,26
"2949","SP2",2026-02-16,"Sociedad B","Malaga",2,1,"H",1,1,"D",2.75,3.2,2.38,"1-1","2-1",13,8,17,4,5,4,1,0,5,1,19,14,3,6,33,"5-1","Y","Y","N",9,1,26
"2950","SP2",2026-02-20,"Ceuta","Granada",2,1,"H",1,0,"H",2.4,3.1,2.8,"1-0","2-1",10,4,11,3,5,3,0,0,5,5,19,14,3,10,33,"5-5","Y","Y","N",8,0,26
"2951","SP2",2026-02-21,"Leganes","Cultural Leonesa",1,1,"D",0,1,"A",1.7,3.4,4.75,"0-1","1-1",11,1,11,2,3,3,0,0,7,0,7,14,2,7,21,"7-0","Y","N","N",6,0,27
"2952","SP2",2026-02-21,"Huesca","Mirandes",1,2,"A",0,1,"A",2,3,3.8,"0-1","1-2",20,7,12,6,4,3,0,0,9,4,9,14,3,13,23,"9-4","Y","Y","N",7,0,27
"2953","SP2",2026-02-21,"La Coruna","Eibar",1,0,"H",1,0,"H",1.87,3.13,4.2,"1-0","1-0",15,5,14,2,6,1,1,0,6,3,14,10,1,9,24,"6-3","N","N","N",7,1,27
"2954","SP2",2026-02-21,"Almeria","Cordoba",2,1,"H",2,0,"H",2,3.6,3.13,"2-0","2-1",14,4,12,5,2,2,0,0,6,6,18,11,3,12,29,"6-6","Y","Y","N",4,0,27
"2955","SP2",2026-02-21,"Las Palmas","Castellon",1,1,"D",1,0,"H",2.45,3.13,2.7,"1-0","1-1",10,3,15,6,2,3,0,1,4,4,20,10,2,8,30,"4-4","Y","N","N",5,1,27
"2956","SP2",2026-02-22,"Sp Gijon","Valladolid",2,2,"D",1,2,"A",1.83,3.2,4.2,"1-2","2-2",17,4,12,4,3,2,0,0,6,3,10,13,4,9,23,"6-3","Y","Y","Y",5,0,27
"2957","SP2",2026-02-22,"Andorra","Zaragoza",2,1,"H",2,0,"H",1.85,3.4,3.8,"2-0","2-1",17,6,6,2,3,4,0,1,6,5,20,18,3,11,38,"6-5","Y","Y","N",7,1,27
"2958","SP2",2026-02-22,"Santander","Burgos",1,0,"H",1,0,"H",1.85,3.25,4,"1-0","1-0",8,3,10,1,3,2,0,0,5,7,10,8,1,12,18,"5-7","N","N","N",5,0,27
"2959","SP2",2026-02-22,"Malaga","Albacete",1,0,"H",0,0,"D",1.95,3.3,3.6,"0-0","1-0",15,8,8,2,2,1,0,0,4,3,13,17,1,7,30,"4-3","N","N","N",3,0,27
"2960","SP2",2026-02-23,"Cadiz","Sociedad B",0,2,"A",0,0,"D",2,3.2,3.6,"0-0","0-2",14,2,17,10,1,2,0,0,8,3,12,15,2,11,27,"8-3","Y","N","N",3,0,27
"2961","SP2",2026-02-25,"Ceuta","Cordoba",3,2,"H",3,2,"H",2.63,3.25,2.45,"3-2","3-2",5,3,12,5,4,2,0,0,4,5,19,17,5,9,36,"4-5","Y","Y","Y",6,0,27
"2962","SP2",2026-02-27,"Albacete","Almeria",1,1,"D",0,0,"D",2.38,3.3,2.7,"0-0","1-1",11,5,19,5,1,1,0,0,5,7,9,8,2,12,17,"5-7","Y","N","N",2,0,28
"2963","SP2",2026-02-28,"Zaragoza","Burgos",0,1,"A",0,0,"D",2.63,2.8,2.8,"0-0","0-1",16,7,8,3,3,2,0,0,5,2,10,14,1,7,24,"5-2","N","N","N",5,0,28
"2964","SP2",2026-02-28,"Granada","Malaga",0,1,"A",0,0,"D",2.15,3.1,3.25,"0-0","0-1",11,1,14,5,3,2,0,0,4,4,13,13,1,8,26,"4-4","N","N","N",5,0,28
"2965","SP2",2026-02-28,"Valladolid","Huesca",1,0,"H",0,0,"D",1.75,3.25,4.6,"0-0","1-0",16,7,9,4,2,3,0,0,4,6,11,12,1,10,23,"4-6","N","N","N",5,0,28
"2966","SP2",2026-02-28,"Castellon","Santander",1,3,"A",0,3,"A",1.65,3.9,4.33,"0-3","1-3",15,3,12,7,2,2,1,0,3,3,13,13,4,6,26,"3-3","Y","Y","Y",4,1,28
"2967","SP2",2026-03-01,"Sociedad B","La Coruna",2,3,"A",1,1,"D",3.13,3.2,2.15,"1-1","2-3",14,4,11,4,3,1,1,0,5,2,11,12,5,7,23,"5-2","Y","Y","Y",4,1,28
"2968","SP2",2026-03-01,"Mirandes","Ceuta",0,1,"A",0,1,"A",2.3,3.2,2.9,"0-1","0-1",20,10,8,4,0,4,0,1,8,4,6,18,1,12,24,"8-4","N","N","N",4,1,28
"2969","SP2",2026-03-01,"Cultural Leonesa","Las Palmas",0,3,"A",0,0,"D",3.1,3,2.3,"0-0","0-3",12,5,10,5,5,4,0,0,5,4,17,16,3,9,33,"5-4","Y","Y","N",9,0,28
"2970","SP2",2026-03-01,"Eibar","Cadiz",3,1,"H",2,0,"H",1.73,3.3,4.8,"2-0","3-1",14,7,6,1,0,2,0,0,4,0,10,12,4,4,22,"4-0","Y","Y","Y",2,0,28
"2971","SP2",2026-03-02,"Sp Gijon","Leganes",0,0,"D",0,0,"D",2.05,3.1,3.5,"0-0","0-0",12,4,6,0,2,3,0,0,5,0,16,11,0,5,27,"5-0","N","N","N",5,0,28
"2972","SP2",2026-03-02,"Cordoba","Andorra",1,4,"A",0,3,"A",1.7,3.8,4.1,"0-3","1-4",13,4,13,8,0,4,0,0,9,3,16,10,5,12,26,"9-3","Y","Y","Y",4,0,28
"2973","SP2",2026-03-06,"Cadiz","Zaragoza",0,1,"A",0,1,"A",2.2,3.13,3.1,"0-1","0-1",12,4,10,3,3,2,0,0,6,3,16,11,1,9,27,"6-3","N","N","N",5,0,29
"2974","SP2",2026-03-07,"Huesca","Albacete",0,0,"D",0,0,"D",2.38,3,2.9,"0-0","0-0",9,4,14,6,1,2,1,0,5,12,11,14,0,17,25,"5-12","N","N","N",3,1,29
"2975","SP2",2026-03-07,"Sociedad B","Castellon",4,2,"H",2,2,"D",3.7,3.5,1.85,"2-2","4-2",17,8,23,8,6,3,0,0,2,6,18,9,6,8,27,"2-6","Y","Y","Y",9,0,29
"2976","SP2",2026-03-07,"Burgos","Mirandes",2,0,"H",1,0,"H",1.75,3.2,4.8,"1-0","2-0",14,4,12,6,2,5,0,1,1,6,9,18,2,7,27,"1-6","Y","N","N",7,1,29
"2977","SP2",2026-03-07,"Malaga","Valladolid",3,3,"D",2,1,"H",1.95,3.25,3.7,"2-1","3-3",10,6,17,6,4,4,1,0,0,9,15,21,6,9,36,"0-9","Y","Y","Y",8,1,29
"2978","SP2",2026-03-08,"Las Palmas","Ceuta",4,0,"H",1,0,"H",1.62,3.5,5,"1-0","4-0",15,9,4,2,0,1,0,0,7,1,11,13,4,8,24,"7-1","Y","Y","Y",1,0,29
"2979","SP2",2026-03-08,"Andorra","Sp Gijon",1,0,"H",0,0,"D",2.38,3.2,2.75,"0-0","1-0",22,3,4,0,4,2,0,0,9,0,8,11,1,9,19,"9-0","N","N","N",6,0,29
"2980","SP2",2026-03-08,"Leganes","Eibar",0,1,"A",0,1,"A",2.3,3,3.1,"0-1","0-1",20,3,8,6,4,0,0,0,10,2,14,14,1,12,28,"10-2","N","N","N",4,0,29
"2981","SP2",2026-03-08,"Santander","Cordoba",4,3,"H",1,1,"D",2,3.6,3.2,"1-1","4-3",15,8,19,9,2,3,0,0,6,7,10,13,7,13,23,"6-7","Y","Y","Y",5,0,29
"2982","SP2",2026-03-08,"La Coruna","Granada",0,2,"A",0,1,"A",1.8,3.25,4.33,"0-1","0-2",13,3,12,5,0,0,0,0,10,4,10,8,2,14,18,"10-4","Y","N","N",0,0,29
"2983","SP2",2026-03-09,"Almeria","Cultural Leonesa",3,0,"H",1,0,"H",1.5,4.1,5.75,"1-0","3-0",10,4,7,2,1,2,0,0,1,2,9,13,3,3,22,"1-2","Y","Y","N",3,0,29
"2984","SP2",2026-03-13,"Mirandes","Cadiz",0,2,"A",0,2,"A",2.15,3.25,3.13,"0-2","0-2",22,6,9,6,0,0,0,0,3,2,9,13,2,5,22,"3-2","Y","N","N",0,0,30
"2985","SP2",2026-03-14,"Cultural Leonesa","Santander",1,2,"A",0,1,"A",3,3.4,2.15,"0-1","1-2",20,6,15,3,3,1,0,0,6,3,10,4,3,9,14,"6-3","Y","Y","N",4,0,30
"2986","SP2",2026-03-14,"Valladolid","Leganes",3,2,"H",1,0,"H",1.95,3.2,3.7,"1-0","3-2",14,8,13,4,2,2,0,0,3,4,16,9,5,7,25,"3-4","Y","Y","Y",4,0,30
"2987","SP2",2026-03-14,"Zaragoza","Almeria",2,0,"H",0,0,"D",3,3.25,2.2,"0-0","2-0",10,4,11,1,5,4,0,0,5,5,11,13,2,10,24,"5-5","Y","N","N",9,0,30
"2988","SP2",2026-03-14,"Ceuta","La Coruna",1,2,"A",1,1,"D",2.75,3.2,2.4,"1-1","1-2",18,5,11,5,2,4,0,0,3,4,11,11,3,7,22,"3-4","Y","Y","N",6,0,30
"2989","SP2",2026-03-15,"Cordoba","Sociedad B",0,2,"A",0,2,"A",1.6,3.9,4.8,"0-2","0-2",27,6,9,5,2,5,0,1,16,2,16,20,2,18,36,"16-2","Y","N","N",7,1,30
"2990","SP2",2026-03-15,"Granada","Andorra",1,1,"D",1,1,"D",1.85,3.4,3.8,"1-1","1-1",11,5,12,4,4,3,0,0,6,9,12,15,2,15,27,"6-9","Y","N","N",7,0,30
"2991","SP2",2026-03-15,"Eibar","Burgos",0,0,"D",0,0,"D",1.95,2.9,4.1,"0-0","0-0",6,3,6,2,3,2,0,0,6,2,19,10,0,8,29,"6-2","N","N","N",5,0,30
"2992","SP2",2026-03-15,"Malaga","Huesca",5,3,"H",2,1,"H",1.67,3.4,4.8,"2-1","5-3",16,10,15,5,3,1,0,0,2,5,10,10,8,7,20,"2-5","Y","Y","Y",4,0,30
"2993","SP2",2026-03-15,"Sp Gijon","Castellon",4,1,"H",1,1,"D",2.7,3.3,2.38,"1-1","4-1",12,6,15,5,2,3,0,1,1,5,7,10,5,6,17,"1-5","Y","Y","Y",5,1,30
"2994","SP2",2026-03-16,"Albacete","Las Palmas",2,1,"H",0,1,"A",2.6,3.1,2.6,"0-1","2-1",19,4,9,4,3,2,0,0,4,2,17,9,3,6,26,"4-2","Y","Y","N",5,0,30
"2995","SP2",2026-03-20,"Huesca","Almeria",1,3,"A",1,2,"A",3.3,3.2,2.1,"1-2","1-3",14,4,12,8,1,2,0,1,4,5,10,19,4,9,29,"4-5","Y","Y","Y",3,1,31
"2996","SP2",2026-03-21,"Leganes","Ceuta",5,2,"H",1,1,"D",1.8,3.3,4.2,"1-1","5-2",21,8,14,5,5,2,0,0,4,7,19,8,7,11,27,"4-7","Y","Y","Y",7,0,31
"2997","SP2",2026-03-21,"Andorra","Eibar",0,1,"A",0,1,"A",2.3,3.1,3,"0-1","0-1",14,3,5,2,4,4,0,0,5,4,8,11,1,9,19,"5-4","N","N","N",8,0,31
"2998","SP2",2026-03-21,"Santander","Albacete",0,4,"A",0,2,"A",1.8,3.6,3.8,"0-2","0-4",17,5,12,5,4,5,1,0,6,5,12,12,4,11,24,"6-5","Y","Y","Y",9,1,31
"2999","SP2",2026-03-21,"Cadiz","Malaga",0,3,"A",0,2,"A",2.63,3.2,2.5,"0-2","0-3",7,1,20,6,2,0,0,0,4,2,15,7,3,6,22,"4-2","Y","Y","N",2,0,31
"3000","SP2",2026-03-21,"La Coruna","Zaragoza",2,1,"H",1,1,"D",1.57,3.7,5.25,"1-1","2-1",15,4,10,4,3,3,0,0,7,1,12,6,3,8,18,"7-1","Y","Y","N",6,0,31
"3001","SP2",2026-03-22,"Burgos","Cordoba",4,0,"H",2,0,"H",2.2,3.1,3.13,"2-0","4-0",9,6,14,2,2,4,0,0,5,15,11,19,4,20,30,"5-15","Y","Y","Y",6,0,31
"3002","SP2",2026-03-22,"Mirandes","Valladolid",2,1,"H",1,1,"D",2.75,3.13,2.45,"1-1","2-1",15,7,14,4,1,2,0,0,8,4,11,16,3,12,27,"8-4","Y","Y","N",3,0,31
"3003","SP2",2026-03-22,"Sociedad B","Granada",0,2,"A",0,2,"A",2.6,3.13,2.55,"0-2","0-2",18,5,9,4,5,5,0,0,7,5,15,17,2,12,32,"7-5","Y","N","N",10,0,31
"3004","SP2",2026-03-22,"Las Palmas","Sp Gijon",1,0,"H",1,0,"H",1.8,3.3,4.2,"1-0","1-0",19,5,9,4,1,0,0,0,7,8,6,12,1,15,18,"7-8","N","N","N",1,0,31
"3005","SP2",2026-03-23,"Castellon","Cultural Leonesa",1,1,"D",0,0,"D",1.33,4.75,7.5,"0-0","1-1",13,4,14,5,3,5,0,0,1,4,13,20,2,5,33,"1-4","Y","N","N",8,0,31
"3006","SP2",2026-03-27,"Cordoba","Mirandes",2,2,"D",1,0,"H",1.55,4,5,"1-0","2-2",20,10,13,3,3,2,0,0,4,3,19,15,4,7,34,"4-3","Y","Y","Y",5,0,32
"3007","SP2",2026-03-28,"Ceuta","Cadiz",2,1,"H",1,0,"H",2.15,3.25,3.13,"1-0","2-1",8,3,4,1,2,4,0,0,2,2,15,19,3,4,34,"2-2","Y","Y","N",6,0,32
"3008","SP2",2026-03-28,"Granada","Huesca",4,2,"H",3,1,"H",1.73,3.25,4.75,"3-1","4-2",7,4,14,3,2,4,0,0,2,6,11,15,6,8,26,"2-6","Y","Y","Y",6,0,32
"3009","SP2",2026-03-28,"Valladolid","Burgos",0,1,"A",0,0,"D",2.15,3,3.4,"0-0","0-1",11,4,7,2,2,5,0,0,6,1,17,12,1,7,29,"6-1","N","N","N",7,0,32
"3010","SP2",2026-03-28,"Malaga","Leganes",0,0,"D",0,0,"D",2,3.25,3.5,"0-0","0-0",20,6,10,3,0,3,0,0,9,5,10,14,0,14,24,"9-5","N","N","N",3,0,32
"3011","SP2",2026-03-28,"Albacete","Castellon",1,1,"D",1,1,"D",2.6,3.4,2.4,"1-1","1-1",11,4,13,6,4,6,0,1,6,8,12,16,2,14,28,"6-8","Y","N","N",10,1,32
"3012","SP2",2026-03-28,"Sp Gijon","La Coruna",1,1,"D",1,0,"H",2.4,3.1,2.8,"1-0","1-1",8,2,17,2,1,3,0,0,7,12,6,6,2,19,12,"7-12","Y","N","N",4,0,32
"3013","SP2",2026-03-29,"Eibar","Las Palmas",3,1,"H",3,1,"H",2.4,2.9,3,"3-1","3-1",9,7,21,4,4,2,0,0,2,10,15,7,4,12,22,"2-10","Y","Y","Y",6,0,32
"3014","SP2",2026-03-29,"Cultural Leonesa","Andorra",0,4,"A",0,2,"A",2.4,3.25,2.7,"0-2","0-4",10,6,11,7,3,2,0,0,1,2,15,15,4,3,30,"1-2","Y","Y","Y",5,0,32
"3015","SP2",2026-03-29,"Zaragoza","Santander",2,0,"H",0,0,"D",2.8,3.1,2.4,"0-0","2-0",14,7,7,2,3,3,0,0,6,7,14,13,2,13,27,"6-7","Y","N","N",6,0,32
"3016","SP2",2026-03-29,"Almeria","Sociedad B",5,1,"H",2,0,"H",1.5,4.1,5.5,"2-0","5-1",29,10,18,6,2,5,0,0,7,7,13,15,6,14,28,"7-7","Y","Y","Y",7,0,32
"3017","SP2",2026-03-31,"Mirandes","Albacete",1,1,"D",1,0,"H",2.3,3.25,2.8,"1-0","1-1",13,5,9,3,1,4,0,0,9,3,9,12,2,12,21,"9-3","Y","N","N",5,0,33
"3018","SP2",2026-03-31,"La Coruna","Cordoba",2,0,"H",2,0,"H",1.83,3.5,3.8,"2-0","2-0",11,4,13,2,1,1,0,0,2,8,23,18,2,10,41,"2-8","Y","N","N",2,0,33
"3019","SP2",2026-03-31,"Valladolid","Cadiz",3,0,"H",2,0,"H",1.5,3.9,5.75,"2-0","3-0",13,6,8,1,0,1,0,0,7,2,13,13,3,9,26,"7-2","Y","Y","N",1,0,33
"3020","SP2",2026-04-01,"Andorra","Malaga",3,3,"D",0,2,"A",2.25,3.3,2.88,"0-2","3-3",19,8,12,6,4,3,0,0,8,5,17,16,6,13,33,"8-5","Y","Y","Y",7,0,33
"3021","SP2",2026-04-01,"Burgos","Ceuta",1,1,"D",1,1,"D",1.8,3.2,4.4,"1-1","1-1",8,3,5,1,2,2,0,0,8,3,15,6,2,11,21,"8-3","Y","N","N",4,0,33
"3022","SP2",2026-04-01,"Huesca","Cultural Leonesa",1,1,"D",1,1,"D",2,3.13,3.6,"1-1","1-1",9,2,18,6,6,4,0,0,5,5,12,13,2,10,25,"5-5","Y","N","N",10,0,33
"3023","SP2",2026-04-01,"Santander","Sp Gijon",3,1,"H",1,0,"H",1.93,3.5,3.5,"1-0","3-1",10,7,15,5,4,2,0,0,3,7,16,12,4,10,28,"3-7","Y","Y","Y",6,0,33
"3024","SP2",2026-04-02,"Las Palmas","Granada",2,0,"H",0,0,"D",1.95,3.2,3.75,"0-0","2-0",8,4,10,3,2,1,0,0,4,3,9,12,2,7,21,"4-3","Y","N","N",3,0,33
"3025","SP2",2026-04-02,"Castellon","Almeria",2,0,"H",1,0,"H",1.95,3.7,3.2,"1-0","2-0",19,6,7,3,3,4,1,0,8,5,16,12,2,13,28,"8-5","Y","N","N",7,1,33
"3026","SP2",2026-04-02,"Sociedad B","Eibar",0,1,"A",0,1,"A",2.7,3.1,2.5,"0-1","0-1",12,2,11,5,1,2,0,0,10,3,6,15,1,13,21,"10-3","N","N","N",3,0,33
"3027","SP2",2026-04-02,"Leganes","Zaragoza",1,1,"D",1,1,"D",1.95,3.2,3.75,"1-1","1-1",9,5,22,8,2,0,0,0,3,10,16,9,2,13,25,"3-10","Y","N","N",2,0,33
"3028","SP2",2026-04-04,"Cadiz","Cordoba",1,3,"A",0,1,"A",2.88,3.4,2.25,"0-1","1-3",10,2,13,9,3,3,1,0,1,5,17,19,4,6,36,"1-5","Y","Y","Y",6,1,34
"3029","SP2",2026-04-04,"Albacete","Burgos",2,3,"A",1,2,"A",2.3,3,3.1,"1-2","2-3",7,1,7,4,4,2,0,0,5,2,11,17,5,7,28,"5-2","Y","Y","Y",6,0,34
"3030","SP2",2026-04-04,"Cultural Leonesa","Valladolid",1,0,"H",1,0,"H",2.75,3.2,2.4,"1-0","1-0",7,3,4,2,7,3,0,0,3,2,16,12,1,5,28,"3-2","N","N","N",10,0,34
"3031","SP2",2026-04-04,"La Coruna","Malaga",1,1,"D",0,0,"D",1.91,3.3,3.75,"0-0","1-1",19,6,13,1,2,4,0,0,11,9,10,13,2,20,23,"11-9","Y","N","N",6,0,34
"3032","SP2",2026-04-05,"Eibar","Ceuta",3,0,"H",1,0,"H",1.67,3.5,4.8,"1-0","3-0",13,6,6,1,2,2,0,0,6,2,14,13,3,8,27,"6-2","Y","Y","N",4,0,34
"3033","SP2",2026-04-05,"Andorra","Santander",6,2,"H",2,2,"D",2.38,3.5,2.6,"2-2","6-2",21,9,9,3,1,4,0,1,6,2,12,17,8,8,29,"6-2","Y","Y","Y",5,1,34
"3034","SP2",2026-04-05,"Almeria","Leganes",2,1,"H",1,1,"D",1.65,3.7,4.6,"1-1","2-1",18,7,8,3,3,2,0,0,5,1,13,11,3,6,24,"5-1","Y","Y","N",5,0,34
"3035","SP2",2026-04-05,"Las Palmas","Huesca",2,1,"H",0,1,"A",1.45,3.8,7,"0-1","2-1",13,4,6,4,0,2,0,0,4,1,12,19,3,5,31,"4-1","Y","Y","N",2,0,34
"3036","SP2",2026-04-05,"Zaragoza","Mirandes",1,2,"A",1,1,"D",1.8,3.3,4.2,"1-1","1-2",26,4,15,3,5,8,0,0,6,6,16,22,3,12,38,"6-6","Y","Y","N",13,0,34
"3037","SP2",2026-04-06,"Castellon","Granada",3,2,"H",2,1,"H",1.62,3.75,4.8,"2-1","3-2",11,3,12,6,2,3,0,0,6,4,22,15,5,10,37,"6-4","Y","Y","Y",5,0,34
"3038","SP2",2026-04-06,"Sp Gijon","Sociedad B",1,0,"H",1,0,"H",1.7,3.6,4.33,"1-0","1-0",21,11,11,2,1,3,0,0,8,3,7,11,1,11,18,"8-3","N","N","N",4,0,34
"3039","SP2",2026-04-10,"Ceuta","Sociedad B",0,0,"D",0,0,"D",1.8,3.6,3.8,"0-0","0-0",15,4,16,3,2,4,0,0,4,3,17,25,0,7,42,"4-3","N","N","N",6,0,35
"3040","SP2",2026-04-11,"Burgos","Sp Gijon",1,0,"H",0,0,"D",2.1,3,3.5,"0-0","1-0",10,4,11,0,3,3,0,0,2,4,12,12,1,6,24,"2-4","N","N","N",6,0,35
"3041","SP2",2026-04-11,"Leganes","Albacete",2,1,"H",0,1,"A",2.15,3.2,3.13,"0-1","2-1",20,5,9,3,1,3,0,0,10,4,16,13,3,14,29,"10-4","Y","Y","N",4,0,35
"3042","SP2",2026-04-11,"Malaga","Las Palmas",2,0,"H",0,0,"D",2.25,3.25,2.9,"0-0","2-0",17,5,11,3,1,1,0,0,5,5,14,9,2,10,23,"5-5","Y","N","N",2,0,35
"3043","SP2",2026-04-11,"Cordoba","Zaragoza",1,0,"H",0,0,"D",1.87,3.5,3.6,"0-0","1-0",13,4,10,2,3,6,0,0,5,5,16,16,1,10,32,"5-5","N","N","N",9,0,35
"3044","SP2",2026-04-12,"Granada","Cultural Leonesa",1,0,"H",1,0,"H",1.8,3.3,4.2,"1-0","1-0",11,5,9,3,5,4,2,1,4,3,13,18,1,7,31,"4-3","N","N","N",9,3,35
"3045","SP2",2026-04-12,"Huesca","La Coruna",1,1,"D",0,0,"D",3.4,3.1,2.1,"0-0","1-1",9,2,17,3,2,2,1,0,6,9,14,6,2,15,20,"6-9","Y","N","N",4,1,35
"3046","SP2",2026-04-12,"Cadiz","Andorra",0,1,"A",0,1,"A",3.1,3.25,2.15,"0-1","0-1",11,5,7,3,4,2,0,0,6,3,14,13,1,9,27,"6-3","N","N","N",6,0,35
"3047","SP2",2026-04-12,"Mirandes","Castellon",2,2,"D",0,2,"A",3.4,3.5,1.95,"0-2","2-2",10,7,19,6,0,1,0,1,8,7,14,14,4,15,28,"8-7","Y","Y","Y",1,1,35
"3048","SP2",2026-04-12,"Santander","Almeria",5,1,"H",2,1,"H",2.25,3.6,2.7,"2-1","5-1",26,13,10,3,4,2,1,1,8,0,15,13,6,8,28,"8-0","Y","Y","Y",6,2,35
"3049","SP2",2026-04-13,"Valladolid","Eibar",0,0,"D",0,0,"D",2.3,3.1,3,"0-0","0-0",9,2,0,0,2,5,0,0,9,1,12,19,0,10,31,"9-1","N","N","N",7,0,35
"5543","T1",2025-08-08,"Gaziantep","Galatasaray",0,3,"A",0,3,"A",8,5,1.3,"0-3","0-3",5,2,15,5,2,4,1,0,1,4,14,15,3,5,29,"1-4","Y","Y","N",6,1,1
"5544","T1",2025-08-09,"Samsunspor","Genclerbirligi",2,1,"H",1,0,"H",1.7,3.6,4.4,"1-0","2-1",9,3,8,1,1,0,0,0,2,3,12,12,3,5,24,"2-3","Y","Y","N",1,0,1
"5545","T1",2025-08-09,"Antalyaspor","Kasimpasa",2,1,"H",2,1,"H",2.63,3.4,2.38,"2-1","2-1",16,6,10,2,3,4,0,0,3,3,12,21,3,6,33,"3-3","Y","Y","N",7,0,1
"5546","T1",2025-08-10,"Rizespor","Goztep",0,3,"A",0,0,"D",2.1,3.4,3.1,"0-0","0-3",13,1,17,4,2,1,0,0,3,5,9,14,3,8,23,"3-5","Y","Y","N",3,0,1
"5547","T1",2025-08-10,"Eyupspor","Konyaspor",1,4,"A",0,3,"A",2.3,3.25,2.88,"0-3","1-4",16,3,16,5,2,1,0,0,8,7,9,12,5,15,21,"8-7","Y","Y","Y",3,0,1
"5548","T1",2025-08-11,"Trabzonspor","Kocaelispor",1,0,"H",0,0,"D",1.55,3.9,5.25,"0-0","1-0",11,1,12,2,2,0,0,0,3,5,9,16,1,8,25,"3-5","N","N","N",2,0,1
"5549","T1",2025-08-15,"Galatasaray","Karagumruk",3,0,"H",1,0,"H",1.13,7,15,"1-0","3-0",28,8,6,2,0,1,0,1,10,3,11,12,3,13,23,"10-3","Y","Y","N",1,1,1
"5550","T1",2025-08-16,"Kocaelispor","Samsunspor",0,1,"A",0,0,"D",2.75,3.2,2.4,"0-0","0-1",13,5,13,5,2,2,1,0,4,7,10,16,1,11,26,"4-7","N","N","N",4,1,1
"5551","T1",2025-08-16,"Alanyaspor","Rizespor",0,0,"D",0,0,"D",2.15,3.4,3,"0-0","0-0",9,1,7,3,1,2,0,0,3,1,22,14,0,4,36,"3-1","N","N","N",3,0,1
"5552","T1",2025-08-16,"Goztep","Fenerbahce",0,0,"D",0,0,"D",4.1,3.75,1.7,"0-0","0-0",12,2,12,1,6,4,1,1,3,6,24,13,0,9,37,"3-6","N","N","N",10,2,2
"5553","T1",2025-08-17,"Genclerbirligi","Antalyaspor",0,1,"A",0,0,"D",2.5,3.2,2.6,"0-0","0-1",14,2,8,4,0,2,0,0,8,3,3,9,1,11,12,"8-3","N","N","N",2,0,2
"5554","T1",2025-08-17,"Konyaspor","Gaziantep",3,0,"H",1,0,"H",1.8,3.5,3.9,"1-0","3-0",15,7,17,1,3,3,0,0,2,6,17,11,3,8,28,"2-6","Y","Y","N",6,0,2
"5555","T1",2025-08-17,"Besiktas","Eyupspor",2,1,"H",1,1,"D",1.4,4.5,6.5,"1-1","2-1",18,9,11,4,2,2,0,0,10,3,14,10,3,13,24,"10-3","Y","Y","N",4,0,2
"5556","T1",2025-08-17,"Buyuksehyr","Kayserispor",1,1,"D",1,0,"H",1.55,4,5,"1-0","1-1",13,4,9,3,1,1,0,0,5,7,12,13,2,12,25,"5-7","Y","N","N",2,0,2
"5557","T1",2025-08-18,"Kasimpasa","Trabzonspor",0,1,"A",0,0,"D",2.6,3.5,2.38,"0-0","0-1",8,0,11,1,2,2,0,0,6,4,24,13,1,10,37,"6-4","N","N","N",4,0,2
"5558","T1",2025-08-22,"Karagumruk","Goztep",0,2,"A",0,1,"A",3.4,3.2,2.05,"0-1","0-2",11,2,16,7,2,2,0,0,4,6,13,19,2,10,32,"4-6","Y","N","N",4,0,2
"5559","T1",2025-08-23,"Fenerbahce","Kocaelispor",3,1,"H",1,1,"D",1.25,5.25,9.5,"1-1","3-1",21,7,7,1,1,3,0,0,6,0,12,15,4,6,27,"6-0","Y","Y","Y",4,0,2
"5560","T1",2025-08-23,"Gaziantep","Genclerbirligi",2,1,"H",1,1,"D",1.7,3.5,4.6,"1-1","2-1",25,4,7,3,3,6,0,1,10,4,12,18,3,14,30,"10-4","Y","Y","N",9,1,2
"5561","T1",2025-08-24,"Trabzonspor","Antalyaspor",1,0,"H",1,0,"H",1.6,3.7,5,"1-0","1-0",17,6,7,4,1,2,0,0,5,5,12,13,1,10,25,"5-5","N","N","N",3,0,3
"5562","T1",2025-08-24,"Kayserispor","Galatasaray",0,4,"A",0,1,"A",8,5.25,1.29,"0-1","0-4",8,2,20,9,2,2,0,0,6,3,5,8,4,9,13,"6-3","Y","Y","Y",4,0,3
"5563","T1",2025-08-25,"Eyupspor","Alanyaspor",2,1,"H",1,0,"H",2.4,3.25,2.7,"1-0","2-1",5,3,12,2,3,3,0,0,0,5,19,18,3,5,37,"0-5","Y","Y","N",6,0,3
"5564","T1",2025-08-29,"Goztep","Konyaspor",1,1,"D",0,0,"D",1.8,3.4,4.1,"0-0","1-1",18,8,10,2,2,2,0,0,5,6,17,4,2,11,21,"5-6","Y","N","N",4,0,3
"5565","T1",2025-08-30,"Kasimpasa","Gaziantep",2,3,"A",0,2,"A",1.83,3.75,3.6,"0-2","2-3",20,6,9,7,4,4,0,0,3,4,15,18,5,7,33,"3-4","Y","Y","Y",8,0,3
"5566","T1",2025-08-30,"Kocaelispor","Kayserispor",1,1,"D",0,0,"D",2.1,3.25,3.2,"0-0","1-1",10,4,12,2,3,2,0,0,4,7,12,13,2,11,25,"4-7","Y","N","N",5,0,3
"5567","T1",2025-08-30,"Antalyaspor","Karagumruk",1,2,"A",1,1,"D",1.9,3.3,3.75,"1-1","1-2",9,6,17,6,0,2,0,0,7,4,15,14,3,11,29,"7-4","Y","Y","N",2,0,3
"5568","T1",2025-08-30,"Galatasaray","Rizespor",3,1,"H",1,0,"H",1.17,6.5,11.5,"1-0","3-1",16,7,9,4,1,4,0,0,5,2,11,9,4,7,20,"5-2","Y","Y","Y",5,0,3
"5569","T1",2025-08-31,"Buyuksehyr","Eyupspor",0,0,"D",0,0,"D",2,3.4,3.3,"0-0","0-0",10,4,12,1,4,5,0,0,5,4,21,11,0,9,32,"5-4","N","N","N",9,0,3
"5570","T1",2025-08-31,"Genclerbirligi","Fenerbahce",1,3,"A",0,3,"A",8,4.75,1.33,"0-3","1-3",9,3,13,3,1,0,0,0,3,3,9,15,4,6,24,"3-3","Y","Y","Y",1,0,4
"5571","T1",2025-08-31,"Alanyaspor","Besiktas",2,0,"H",1,0,"H",3.13,3.5,2.05,"1-0","2-0",9,3,15,4,1,3,0,0,2,6,7,18,2,8,25,"2-6","Y","N","N",4,0,4
"5572","T1",2025-08-31,"Trabzonspor","Samsunspor",1,1,"D",1,0,"H",1.73,3.5,4.33,"1-0","1-1",9,3,13,4,1,4,0,0,2,10,7,13,2,12,20,"2-10","Y","N","N",5,0,4
"5573","T1",2025-09-13,"Eyupspor","Galatasaray",0,2,"A",0,0,"D",7.5,5,1.3,"0-0","0-2",9,2,21,9,2,1,0,0,6,6,9,12,2,12,21,"6-6","Y","N","N",3,0,4
"5574","T1",2025-09-13,"Karagumruk","Kasimpasa",0,1,"A",0,1,"A",2.8,3.3,2.3,"0-1","0-1",14,3,8,1,0,4,0,1,6,4,8,17,1,10,25,"6-4","N","N","N",4,1,4
"5575","T1",2025-09-13,"Samsunspor","Antalyaspor",1,2,"A",0,1,"A",1.75,3.4,4.4,"0-1","1-2",16,3,6,4,4,2,0,0,6,2,13,10,3,8,23,"6-2","Y","Y","N",6,0,4
"5576","T1",2025-09-13,"Besiktas","Buyuksehyr",2,1,"H",0,0,"D",1.67,3.75,4.4,"0-0","2-1",21,6,11,4,3,4,1,1,10,5,12,7,3,15,19,"10-5","Y","Y","N",7,2,4
"5577","T1",2025-09-13,"Konyaspor","Alanyaspor",1,2,"A",0,1,"A",2.1,3.2,3.25,"0-1","1-2",13,5,7,4,5,3,0,0,6,1,17,11,3,7,28,"6-1","Y","Y","N",8,0,4
"5578","T1",2025-09-14,"Kayserispor","Goztep",1,1,"D",0,0,"D",3.2,3.25,2.1,"0-0","1-1",8,6,13,7,4,1,0,0,3,7,12,17,2,10,29,"3-7","Y","N","N",5,0,4
"5579","T1",2025-09-14,"Fenerbahce","Trabzonspor",1,0,"H",1,0,"H",1.4,4.4,6.5,"1-0","1-0",29,9,1,1,4,3,0,1,9,0,12,18,1,9,30,"9-0","N","N","N",7,1,5
"5580","T1",2025-09-14,"Gaziantep","Kocaelispor",2,0,"H",0,0,"D",NA,NA,NA,"0-0","2-0",14,5,3,2,5,3,0,1,3,6,20,20,2,9,40,"3-6","Y","N","N",8,1,5
"5581","T1",2025-09-15,"Rizespor","Genclerbirligi",1,0,"H",0,0,"D",1.62,3.6,5,"0-0","1-0",15,5,15,4,4,2,0,0,4,7,22,14,1,11,36,"4-7","N","N","N",6,0,5
"5582","T1",2025-09-17,"Fenerbahce","Alanyaspor",2,2,"D",0,1,"A",1.25,5.25,9,"0-1","2-2",19,7,5,2,1,2,0,0,8,0,10,11,4,8,21,"8-0","Y","Y","Y",3,0,5
"5583","T1",2025-09-17,"Karagumruk","Buyuksehyr",0,2,"A",0,0,"D",3.7,3.4,1.9,"0-0","0-2",6,2,4,1,2,2,0,0,3,4,14,16,2,7,30,"3-4","Y","N","N",4,0,5
"5584","T1",2025-09-17,"Samsunspor","Kasimpasa",0,0,"D",0,0,"D",1.73,3.6,4.2,"0-0","0-0",10,3,17,4,4,3,0,0,5,4,15,15,0,9,30,"5-4","N","N","N",7,0,5
"5585","T1",2025-09-19,"Goztep","Besiktas",3,0,"H",2,0,"H",2.2,3.25,3,"2-0","3-0",13,5,13,2,2,1,0,0,6,5,16,12,3,11,28,"6-5","Y","Y","N",3,0,5
"5586","T1",2025-09-20,"Genclerbirligi","Eyupspor",1,0,"H",1,0,"H",2.6,3.13,2.55,"1-0","1-0",11,4,20,2,3,2,0,0,2,4,18,14,1,6,32,"2-4","N","N","N",5,0,5
"5587","T1",2025-09-20,"Antalyaspor","Kayserispor",1,1,"D",0,0,"D",2.05,3.3,3.3,"0-0","1-1",13,6,14,4,3,3,0,0,10,4,12,18,2,14,30,"10-4","Y","N","N",6,0,5
"5588","T1",2025-09-20,"Trabzonspor","Gaziantep",1,1,"D",0,1,"A",1.62,3.8,4.6,"0-1","1-1",27,6,4,1,2,4,0,0,4,5,12,17,2,9,29,"4-5","Y","N","N",6,0,6
"5589","T1",2025-09-21,"Buyuksehyr","Alanyaspor",1,1,"D",1,0,"H",1.8,3.5,3.9,"1-0","1-1",13,5,13,6,3,3,0,0,7,4,21,14,2,11,35,"7-4","Y","N","N",6,0,6
"5590","T1",2025-09-21,"Kocaelispor","Rizespor",1,1,"D",1,1,"D",2.45,3.3,2.6,"1-1","1-1",16,6,8,1,4,4,0,0,8,3,11,19,2,11,30,"8-3","Y","N","N",8,0,6
"5591","T1",2025-09-21,"Kasimpasa","Fenerbahce",1,1,"D",0,1,"A",6,4.2,1.44,"0-1","1-1",17,2,9,2,3,1,1,0,5,8,11,15,2,13,26,"5-8","Y","N","N",4,1,6
"5592","T1",2025-09-21,"Samsunspor","Karagumruk",3,2,"H",0,1,"A",1.5,3.9,5.75,"0-1","3-2",14,5,11,3,2,2,0,0,6,5,16,9,5,11,25,"6-5","Y","Y","Y",4,0,6
"5593","T1",2025-09-22,"Galatasaray","Konyaspor",3,1,"H",2,0,"H",1.2,6,10.5,"2-0","3-1",13,7,14,5,1,0,0,0,4,6,19,7,4,10,26,"4-6","Y","Y","Y",1,0,6
"5594","T1",2025-09-24,"Kayserispor","Besiktas",0,4,"A",0,3,"A",3.4,3.6,1.91,"0-3","0-4",6,2,13,9,4,2,0,0,4,5,17,14,4,9,31,"4-5","Y","Y","Y",6,0,6
"5595","T1",2025-09-26,"Alanyaspor","Galatasaray",0,1,"A",0,1,"A",6,4.6,1.44,"0-1","0-1",22,8,7,2,2,1,0,0,6,0,14,16,1,6,30,"6-0","N","N","N",3,0,6
"5596","T1",2025-09-27,"Eyupspor","Goztep",0,0,"D",0,0,"D",4.1,3.5,1.75,"0-0","0-0",6,2,17,2,2,1,0,0,6,3,6,18,0,9,24,"6-3","N","N","N",3,0,6
"5597","T1",2025-09-27,"Gaziantep","Samsunspor",2,2,"D",1,2,"A",2.4,3.25,2.7,"1-2","2-2",30,7,9,3,3,6,0,1,13,7,4,22,4,20,26,"13-7","Y","Y","Y",9,1,7
"5598","T1",2025-09-27,"Karagumruk","Trabzonspor",3,4,"A",1,3,"A",3.7,3.3,1.93,"1-3","3-4",13,3,22,11,4,1,0,0,1,7,18,13,7,8,31,"1-7","Y","Y","Y",5,0,7
"5599","T1",2025-09-28,"Konyaspor","Buyuksehyr",2,1,"H",2,0,"H",2.15,3.25,3.1,"2-0","2-1",13,5,17,4,4,0,1,0,2,11,15,7,3,13,22,"2-11","Y","Y","N",4,1,7
"5600","T1",2025-09-28,"Rizespor","Kasimpasa",1,2,"A",0,1,"A",1.91,3.5,3.5,"0-1","1-2",13,2,8,2,1,2,0,0,1,4,8,17,3,5,25,"1-4","Y","Y","N",3,0,7
"5601","T1",2025-09-28,"Fenerbahce","Antalyaspor",2,0,"H",0,0,"D",1.17,6,13,"0-0","2-0",19,11,4,2,4,6,0,0,5,3,19,14,2,8,33,"5-3","Y","N","N",10,0,7
"5602","T1",2025-09-28,"Kayserispor","Genclerbirligi",1,1,"D",0,1,"A",2,3.4,3.3,"0-1","1-1",23,6,2,1,4,3,0,2,10,0,16,16,2,10,32,"10-0","Y","N","N",7,2,7
"5603","T1",2025-09-29,"Besiktas","Kocaelispor",3,1,"H",2,0,"H",1.36,4.4,7,"2-0","3-1",13,6,6,1,1,4,0,0,3,6,18,14,4,9,32,"3-6","Y","Y","Y",5,0,7
"5604","T1",2025-10-03,"Antalyaspor","Rizespor",2,5,"A",1,2,"A",2.8,3.25,2.45,"1-2","2-5",15,7,14,7,3,4,1,0,6,2,10,16,7,8,26,"6-2","Y","Y","Y",7,1,7
"5605","T1",2025-10-03,"Trabzonspor","Kayserispor",4,0,"H",1,0,"H",1.4,4.6,7,"1-0","4-0",25,12,17,7,0,2,0,0,6,2,15,14,4,8,29,"6-2","Y","Y","Y",2,0,7
"5606","T1",2025-10-04,"Genclerbirligi","Alanyaspor",2,2,"D",0,1,"A",2.9,3.2,2.3,"0-1","2-2",12,7,12,6,2,3,0,0,7,5,15,17,4,12,32,"7-5","Y","Y","Y",5,0,8
"5607","T1",2025-10-04,"Kocaelispor","Eyupspor",1,0,"H",0,0,"D",2.1,3.25,3.2,"0-0","1-0",9,4,13,7,3,3,0,0,3,3,18,17,1,6,35,"3-3","N","N","N",6,0,8
"5608","T1",2025-10-04,"Galatasaray","Besiktas",1,1,"D",0,1,"A",1.55,4.2,4.75,"0-1","1-1",14,2,11,5,1,6,1,0,4,8,7,16,2,12,23,"4-8","Y","N","N",7,1,8
"5609","T1",2025-10-05,"Kasimpasa","Konyaspor",1,1,"D",0,1,"A",2.45,3.3,2.6,"0-1","1-1",10,2,7,6,2,3,0,0,5,3,14,11,2,8,25,"5-3","Y","N","N",5,0,8
"5610","T1",2025-10-05,"Karagumruk","Gaziantep",0,2,"A",0,0,"D",NA,NA,NA,"0-0","0-2",13,4,17,8,1,4,0,0,5,2,22,15,2,7,37,"5-2","Y","N","N",5,0,8
"5611","T1",2025-10-05,"Goztep","Buyuksehyr",1,0,"H",1,0,"H",1.8,3.4,4.1,"1-0","1-0",9,2,11,3,2,3,0,0,6,5,22,11,1,11,33,"6-5","N","N","N",5,0,8
"5612","T1",2025-10-05,"Samsunspor","Fenerbahce",0,0,"D",0,0,"D",4.75,3.7,1.62,"0-0","0-0",12,4,6,1,0,3,0,0,6,5,13,15,0,11,28,"6-5","N","N","N",3,0,8
"5613","T1",2025-10-18,"Konyaspor","Kocaelispor",2,3,"A",0,1,"A",1.87,3.4,3.75,"0-1","2-3",12,3,7,3,4,5,0,0,3,4,15,20,5,7,35,"3-4","Y","Y","Y",9,0,8
"5614","T1",2025-10-18,"Besiktas","Genclerbirligi",1,2,"A",0,0,"D",1.22,5.75,9.5,"0-0","1-2",11,4,6,2,2,4,0,0,5,4,21,14,3,9,35,"5-4","Y","Y","N",6,0,8
"5615","T1",2025-10-18,"Rizespor","Trabzonspor",1,2,"A",1,2,"A",2.63,3.4,2.38,"1-2","1-2",22,3,8,5,3,0,0,0,7,0,18,8,3,7,26,"7-0","Y","Y","N",3,0,9
"5616","T1",2025-10-18,"Buyuksehyr","Galatasaray",1,2,"A",0,1,"A",4.8,4,1.55,"0-1","1-2",5,2,16,5,2,5,0,0,2,4,16,10,3,6,26,"2-4","Y","Y","N",7,0,9
"5617","T1",2025-10-19,"Kayserispor","Samsunspor",1,3,"A",0,1,"A",2.88,3.3,2.25,"0-1","1-3",14,3,13,5,2,3,0,0,7,5,13,11,4,12,24,"7-5","Y","Y","Y",5,0,9
"5618","T1",2025-10-19,"Alanyaspor","Goztep",1,0,"H",0,0,"D",2.8,3.1,2.4,"0-0","1-0",15,5,11,6,3,5,0,0,8,4,5,13,1,12,18,"8-4","N","N","N",8,0,9
"5619","T1",2025-10-19,"Gaziantep","Antalyaspor",3,2,"H",3,0,"H",NA,NA,NA,"3-0","3-2",22,8,7,4,5,6,0,0,6,5,11,15,5,11,26,"6-5","Y","Y","Y",11,0,9
"5620","T1",2025-10-19,"Fenerbahce","Karagumruk",2,1,"H",2,0,"H",1.15,6.5,13,"2-0","2-1",21,8,16,6,2,5,0,1,6,6,10,19,3,12,29,"6-6","Y","Y","N",7,1,9
"5621","T1",2025-10-20,"Eyupspor","Kasimpasa",2,0,"H",1,0,"H",2.25,3.2,3,"1-0","2-0",17,10,9,3,1,1,0,0,8,10,6,9,2,18,15,"8-10","Y","N","N",2,0,9
"5622","T1",2025-10-22,"Konyaspor","Besiktas",0,2,"A",0,1,"A",3,3.4,2.15,"0-1","0-2",22,3,9,4,1,3,0,0,17,3,7,16,2,20,23,"17-3","Y","N","N",4,0,9
"5623","T1",2025-10-22,"Rizespor","Buyuksehyr",0,0,"D",0,0,"D",2.25,3.3,2.88,"0-0","0-0",14,4,15,4,3,2,0,0,5,5,16,11,0,10,27,"5-5","N","N","N",5,0,9
"5624","T1",2025-10-24,"Karagumruk","Kayserispor",2,2,"D",1,0,"H",2.1,3.5,3.1,"1-0","2-2",10,3,14,10,2,4,0,1,1,7,16,21,4,8,37,"1-7","Y","Y","Y",6,1,10
"5625","T1",2025-10-25,"Kocaelispor","Alanyaspor",2,0,"H",0,0,"D",2.3,3.2,2.88,"0-0","2-0",14,5,9,1,0,0,0,0,4,2,16,8,2,6,24,"4-2","Y","N","N",0,0,10
"5626","T1",2025-10-25,"Trabzonspor","Eyupspor",2,0,"H",1,0,"H",1.53,3.8,5.5,"1-0","2-0",13,6,10,4,4,1,0,0,8,3,18,12,2,11,30,"8-3","Y","N","N",5,0,10
"5627","T1",2025-10-26,"Antalyaspor","Buyuksehyr",0,4,"A",0,2,"A",2.9,3.25,2.25,"0-2","0-4",10,4,19,9,3,2,1,0,3,8,10,15,4,11,25,"3-8","Y","Y","Y",5,1,10
"5628","T1",2025-10-26,"Galatasaray","Goztep",3,1,"H",1,1,"D",1.4,4.4,6.5,"1-1","3-1",27,13,5,3,1,2,0,1,8,2,8,12,4,10,20,"8-2","Y","Y","Y",3,1,10
"5629","T1",2025-10-26,"Genclerbirligi","Konyaspor",1,2,"A",1,1,"D",3.13,3.3,2.1,"1-1","1-2",15,2,16,6,4,3,1,0,6,5,11,17,3,11,28,"6-5","Y","Y","N",7,1,10
"5630","T1",2025-10-26,"Kasimpasa","Besiktas",1,1,"D",1,1,"D",4.1,3.7,1.73,"1-1","1-1",12,4,20,6,1,2,0,0,8,0,14,10,2,8,24,"8-0","Y","N","N",3,0,10
"5631","T1",2025-10-27,"Gaziantep","Fenerbahce",0,4,"A",0,2,"A",NA,NA,NA,"0-2","0-4",8,5,20,13,2,5,1,0,6,4,12,15,4,10,27,"6-4","Y","Y","Y",7,1,10
"5632","T1",2025-10-27,"Samsunspor","Rizespor",1,1,"D",1,1,"D",1.87,3.4,3.75,"1-1","1-1",26,7,8,1,0,2,0,0,7,4,9,14,2,11,23,"7-4","Y","N","N",2,0,10
"5633","T1",2025-10-31,"Buyuksehyr","Kocaelispor",1,0,"H",0,0,"D",1.75,3.5,4.2,"0-0","1-0",16,4,11,6,2,2,0,0,6,5,12,18,1,11,30,"6-5","N","N","N",4,0,11
"5634","T1",2025-11-01,"Goztep","Genclerbirligi",1,0,"H",1,0,"H",1.44,4,6.5,"1-0","1-0",15,3,13,3,0,1,0,0,6,3,14,10,1,9,24,"6-3","N","N","N",1,0,11
"5635","T1",2025-11-01,"Galatasaray","Trabzonspor",0,0,"D",0,0,"D",1.36,4.8,6.5,"0-0","0-0",23,5,9,2,0,1,0,1,8,4,12,9,0,12,21,"8-4","N","N","N",1,1,11
"5636","T1",2025-11-02,"Konyaspor","Samsunspor",1,3,"A",0,2,"A",NA,NA,NA,"0-2","1-3",23,7,12,3,1,2,0,0,9,5,10,12,4,14,22,"9-5","Y","Y","Y",3,0,11
"5637","T1",2025-11-02,"Kayserispor","Kasimpasa",3,2,"H",2,1,"H",NA,NA,NA,"2-1","3-2",11,3,11,4,3,1,0,0,4,6,12,15,5,10,27,"4-6","Y","Y","Y",4,0,11
"5638","T1",2025-11-02,"Besiktas","Fenerbahce",2,3,"A",2,2,"D",NA,NA,NA,"2-2","2-3",9,3,23,11,1,5,1,0,1,6,8,17,5,7,25,"1-6","Y","Y","Y",6,1,11
"5639","T1",2025-11-03,"Alanyaspor","Gaziantep",0,0,"D",0,0,"D",NA,NA,NA,"0-0","0-0",8,3,13,3,3,0,0,0,4,4,10,13,0,8,23,"4-4","N","N","N",3,0,11
"5640","T1",2025-11-03,"Eyupspor","Antalyaspor",0,1,"A",0,0,"D",1.8,3.4,4.1,"0-0","0-1",15,5,7,1,2,2,0,0,5,2,8,9,1,7,17,"5-2","N","N","N",4,0,11
"5641","T1",2025-11-03,"Rizespor","Karagumruk",1,0,"H",0,0,"D",1.67,3.7,4.5,"0-0","1-0",13,4,14,0,3,3,0,0,4,4,14,13,1,8,27,"4-4","N","N","N",6,0,11
"5642","T1",2025-11-07,"Genclerbirligi","Buyuksehyr",2,1,"H",1,0,"H",3,3.4,2.25,"1-0","2-1",15,7,19,3,2,3,0,0,4,9,20,8,3,13,28,"4-9","Y","Y","N",5,0,12
"5643","T1",2025-11-08,"Gaziantep","Rizespor",2,2,"D",1,1,"D",2.1,3.4,3.13,"1-1","2-2",15,9,11,3,2,2,0,0,3,2,14,15,4,5,29,"3-2","Y","Y","Y",4,0,12
"5644","T1",2025-11-08,"Trabzonspor","Alanyaspor",1,1,"D",1,0,"H",1.62,3.7,4.8,"1-0","1-1",16,3,24,3,1,3,0,0,1,7,13,10,2,8,23,"1-7","Y","N","N",4,0,12
"5645","T1",2025-11-08,"Antalyaspor","Besiktas",1,3,"A",0,2,"A",5,4,1.55,"0-2","1-3",5,1,13,5,3,1,0,0,3,3,13,18,4,6,31,"3-3","Y","Y","Y",4,0,12
"5646","T1",2025-11-08,"Kasimpasa","Goztep",0,2,"A",0,0,"D",3.3,3.25,2.05,"0-0","0-2",12,3,15,3,1,3,0,0,5,2,7,24,2,7,31,"5-2","Y","N","N",4,0,12
"5647","T1",2025-11-09,"Karagumruk","Konyaspor",2,0,"H",2,0,"H",3,3.4,2.15,"2-0","2-0",10,4,12,3,2,2,0,0,4,7,17,11,2,11,28,"4-7","Y","N","N",4,0,12
"5648","T1",2025-11-09,"Kocaelispor","Galatasaray",1,0,"H",1,0,"H",6.5,4.5,1.4,"1-0","1-0",9,3,12,3,2,1,0,0,1,7,13,9,1,8,22,"1-7","N","N","N",3,0,12
"5649","T1",2025-11-09,"Fenerbahce","Kayserispor",4,2,"H",2,0,"H",1.14,7,13,"2-0","4-2",28,9,5,3,1,3,0,0,8,2,13,7,6,10,20,"8-2","Y","Y","Y",4,0,12
"5650","T1",2025-11-09,"Samsunspor","Eyupspor",1,0,"H",0,0,"D",1.7,3.6,4.4,"0-0","1-0",17,7,2,1,2,3,0,0,14,0,19,13,1,14,32,"14-0","N","N","N",5,0,12
"5651","T1",2025-11-22,"Kayserispor","Gaziantep",0,3,"A",0,2,"A",2.45,3.5,2.5,"0-2","0-3",15,1,6,3,1,1,0,0,3,0,14,11,3,3,25,"3-0","Y","Y","N",2,0,13
"5652","T1",2025-11-22,"Eyupspor","Karagumruk",1,1,"D",0,0,"D",1.8,3.5,3.9,"0-0","1-1",12,4,9,2,1,2,0,0,5,6,16,18,2,11,34,"5-6","Y","N","N",3,0,13
"5653","T1",2025-11-22,"Galatasaray","Genclerbirligi",3,2,"H",0,1,"A",1.13,7,15,"0-1","3-2",28,9,11,5,3,3,1,1,4,2,11,6,5,6,17,"4-2","Y","Y","Y",6,2,13
"5654","T1",2025-11-23,"Goztep","Kocaelispor",0,0,"D",0,0,"D",1.65,3.5,5,"0-0","0-0",8,0,10,3,2,4,0,0,4,6,16,7,0,10,23,"4-6","N","N","N",6,0,13
"5655","T1",2025-11-23,"Alanyaspor","Kasimpasa",1,2,"A",1,0,"H",1.8,3.5,3.9,"1-0","1-2",17,6,9,4,1,2,0,0,13,1,9,16,3,14,25,"13-1","Y","Y","N",3,0,13
"5656","T1",2025-11-23,"Besiktas","Samsunspor",1,1,"D",0,0,"D",1.85,3.5,3.7,"0-0","1-1",14,2,14,6,2,2,0,0,4,3,10,17,2,7,27,"4-3","Y","N","N",4,0,13
"5657","T1",2025-11-23,"Rizespor","Fenerbahce",2,5,"A",2,0,"H",5.5,4.1,1.5,"2-0","2-5",6,2,28,14,3,1,1,0,5,9,16,6,7,14,22,"5-9","Y","Y","Y",4,1,13
"5658","T1",2025-11-24,"Buyuksehyr","Trabzonspor",3,4,"A",2,1,"H",2.5,3.3,2.55,"2-1","3-4",9,3,22,12,2,2,1,0,1,10,15,11,7,11,26,"1-10","Y","Y","Y",4,1,13
"5659","T1",2025-11-24,"Konyaspor","Antalyaspor",0,0,"D",0,0,"D",1.65,3.7,4.6,"0-0","0-0",12,1,4,0,1,2,0,0,10,2,15,8,0,12,23,"10-2","N","N","N",3,0,13
"5660","T1",2025-11-28,"Kocaelispor","Genclerbirligi",1,0,"H",1,0,"H",1.87,3.25,3.9,"1-0","1-0",15,4,5,0,0,0,0,0,6,1,16,15,1,7,31,"6-1","N","N","N",0,0,14
"5661","T1",2025-11-29,"Rizespor","Kayserispor",0,1,"A",0,0,"D",1.85,3.6,3.6,"0-0","0-1",16,3,10,5,2,3,0,0,5,5,16,15,1,10,31,"5-5","N","N","N",5,0,14
"5662","T1",2025-11-29,"Gaziantep","Eyupspor",1,2,"A",0,1,"A",1.8,3.5,3.9,"0-1","1-2",13,5,17,7,1,4,0,0,13,6,13,18,3,19,31,"13-6","Y","Y","N",5,0,14
"5663","T1",2025-11-29,"Kasimpasa","Buyuksehyr",1,3,"A",0,2,"A",3,3.4,2.15,"0-2","1-3",16,5,11,6,4,5,0,1,12,3,13,17,4,15,30,"12-3","Y","Y","Y",9,1,14
"5664","T1",2025-11-29,"Trabzonspor","Konyaspor",3,1,"H",1,1,"D",1.65,3.75,4.5,"1-1","3-1",19,8,16,4,1,2,0,0,3,3,15,13,4,6,28,"3-3","Y","Y","Y",3,0,14
"5665","T1",2025-11-30,"Antalyaspor","Goztep",1,2,"A",1,0,"H",3.75,3.2,1.95,"1-0","1-2",8,3,16,8,0,2,0,0,1,4,11,20,3,5,31,"1-4","Y","Y","N",2,0,14
"5666","T1",2025-11-30,"Karagumruk","Besiktas",0,2,"A",0,1,"A",4.2,3.8,1.67,"0-1","0-2",7,0,27,12,3,0,0,0,2,9,11,11,2,11,22,"2-9","Y","N","N",3,0,14
"5667","T1",2025-12-01,"Fenerbahce","Galatasaray",1,1,"D",0,1,"A",2.15,3.3,3.1,"0-1","1-1",17,2,6,2,3,4,0,0,7,3,12,22,2,10,34,"7-3","Y","N","N",7,0,14
"5668","T1",2025-12-01,"Samsunspor","Alanyaspor",1,1,"D",1,0,"H",1.75,3.5,4.1,"1-0","1-1",7,1,10,4,3,2,1,0,3,1,28,12,2,4,40,"3-1","Y","N","N",5,1,14
"5669","T1",2025-12-05,"Galatasaray","Samsunspor",3,2,"H",2,0,"H",1.45,4.5,6,"2-0","3-2",13,6,13,4,1,2,0,0,1,3,7,10,5,4,17,"1-3","Y","Y","Y",3,0,15
"5670","T1",2025-12-06,"Eyupspor","Kayserispor",1,1,"D",0,0,"D",1.95,3.5,3.4,"0-0","1-1",16,7,8,3,3,5,0,1,3,1,11,15,2,4,26,"3-1","Y","N","N",8,1,15
"5671","T1",2025-12-06,"Konyaspor","Rizespor",1,1,"D",0,1,"A",1.95,3.5,3.4,"0-1","1-1",11,3,11,3,1,3,0,0,4,2,7,12,2,6,19,"4-2","Y","N","N",4,0,15
"5672","T1",2025-12-06,"Buyuksehyr","Fenerbahce",1,1,"D",0,0,"D",5,3.9,1.57,"0-0","1-1",18,4,10,2,2,3,0,0,10,8,8,13,2,18,21,"10-8","Y","N","N",5,0,15
"5673","T1",2025-12-07,"Genclerbirligi","Karagumruk",3,0,"H",1,0,"H",2.15,3.25,3.1,"1-0","3-0",19,7,8,2,1,2,0,0,7,4,14,11,3,11,25,"7-4","Y","Y","N",3,0,15
"5674","T1",2025-12-07,"Kocaelispor","Kasimpasa",0,0,"D",0,0,"D",1.8,3.3,4.2,"0-0","0-0",9,3,4,0,1,2,0,0,5,3,10,19,0,8,29,"5-3","N","N","N",3,0,15
"5675","T1",2025-12-07,"Goztep","Trabzonspor",1,2,"A",0,0,"D",2.45,3.25,2.63,"0-0","1-2",21,8,18,6,5,3,1,1,7,4,19,7,3,11,26,"7-4","Y","Y","N",8,2,15
"5676","T1",2025-12-08,"Alanyaspor","Antalyaspor",0,0,"D",0,0,"D",1.65,3.6,4.75,"0-0","0-0",9,2,6,3,1,1,0,0,9,4,18,19,0,13,37,"9-4","N","N","N",2,0,15
"5677","T1",2025-12-08,"Besiktas","Gaziantep",2,2,"D",1,1,"D",NA,NA,NA,"1-1","2-2",29,13,9,4,4,5,0,0,10,1,21,13,4,11,34,"10-1","Y","Y","Y",9,0,15
"5678","T1",2025-12-12,"Kasimpasa","Genclerbirligi",0,0,"D",0,0,"D",2.45,3.2,2.7,"0-0","0-0",10,3,6,1,2,3,0,0,3,2,12,16,0,5,28,"3-2","N","N","N",5,0,16
"5679","T1",2025-12-13,"Rizespor","Eyupspor",3,0,"H",1,0,"H",2.05,3.4,3.2,"1-0","3-0",14,6,7,0,3,2,0,0,3,3,20,16,3,6,36,"3-3","Y","Y","N",5,0,16
"5680","T1",2025-12-13,"Kayserispor","Alanyaspor",0,0,"D",0,0,"D",2.9,3.3,2.25,"0-0","0-0",10,4,15,5,0,2,0,0,3,8,9,12,0,11,21,"3-8","N","N","N",2,0,16
"5681","T1",2025-12-13,"Antalyaspor","Galatasaray",1,4,"A",0,2,"A",8,5,1.3,"0-2","1-4",11,3,13,6,1,2,0,0,5,3,8,14,5,8,22,"5-3","Y","Y","Y",3,0,16
"5682","T1",2025-12-14,"Gaziantep","Goztep",0,1,"A",0,0,"D",NA,NA,NA,"0-0","0-1",19,3,15,5,3,2,0,0,8,6,12,14,1,14,26,"8-6","N","N","N",5,0,16
"5683","T1",2025-12-14,"Karagumruk","Kocaelispor",1,1,"D",0,0,"D",3,3.13,2.25,"0-0","1-1",8,2,16,5,2,2,0,0,2,6,15,12,2,8,27,"2-6","Y","N","N",4,0,16
"5684","T1",2025-12-14,"Samsunspor","Buyuksehyr",0,2,"A",0,0,"D",2.05,3.4,3.2,"0-0","0-2",14,4,12,6,0,0,0,0,7,2,17,9,2,9,26,"7-2","Y","N","N",0,0,16
"5685","T1",2025-12-14,"Trabzonspor","Besiktas",3,3,"D",1,3,"A",2.4,3.5,2.55,"1-3","3-3",34,13,9,5,2,5,0,1,7,1,7,8,6,8,15,"7-1","Y","Y","Y",7,1,16
"5686","T1",2025-12-15,"Fenerbahce","Konyaspor",4,0,"H",3,0,"H",1.22,5.5,10.5,"3-0","4-0",17,9,17,5,2,2,0,0,4,4,15,9,4,8,24,"4-4","Y","Y","Y",4,0,16
"5687","T1",2025-12-19,"Kocaelispor","Antalyaspor",2,1,"H",2,1,"H",1.67,3.5,5.25,"2-1","2-1",7,3,6,1,4,3,0,0,4,2,22,19,3,6,41,"4-2","Y","Y","N",7,0,17
"5688","T1",2025-12-20,"Konyaspor","Kayserispor",1,1,"D",0,0,"D",1.87,3.5,3.7,"0-0","1-1",16,3,13,4,3,1,0,0,3,2,13,11,2,5,24,"3-2","Y","N","N",4,0,17
"5689","T1",2025-12-20,"Eyupspor","Fenerbahce",0,3,"A",0,2,"A",7,4.5,1.36,"0-2","0-3",8,3,23,7,2,1,0,0,4,5,12,13,3,9,25,"4-5","Y","Y","N",3,0,17
"5690","T1",2025-12-20,"Besiktas","Rizespor",1,0,"H",0,0,"D",1.65,3.8,4.4,"0-0","1-0",16,5,17,1,3,3,0,0,4,6,13,14,1,10,27,"4-6","N","N","N",6,0,17
"5691","T1",2025-12-21,"Alanyaspor","Karagumruk",2,0,"H",1,0,"H",1.62,3.7,4.8,"1-0","2-0",11,6,9,3,3,1,0,0,2,3,19,16,2,5,35,"2-3","Y","N","N",4,0,17
"5692","T1",2025-12-21,"Galatasaray","Kasimpasa",3,0,"H",1,0,"H",1.18,6.5,11,"1-0","3-0",27,7,1,0,2,1,0,0,10,1,11,13,3,11,24,"10-1","Y","Y","N",3,0,17
"5693","T1",2025-12-21,"Goztep","Samsunspor",2,0,"H",1,0,"H",2.25,3.13,3,"1-0","2-0",10,2,5,0,1,2,0,0,4,3,18,7,2,7,25,"4-3","Y","N","N",3,0,17
"5694","T1",2025-12-22,"Buyuksehyr","Gaziantep",5,1,"H",2,1,"H",NA,NA,NA,"2-1","5-1",17,7,14,3,3,4,0,1,2,3,19,14,6,5,33,"2-3","Y","Y","Y",7,1,17
"5695","T1",2025-12-22,"Genclerbirligi","Trabzonspor",4,3,"H",2,1,"H",3.4,3.4,1.95,"2-1","4-3",18,9,14,7,1,2,0,0,6,6,6,15,7,12,21,"6-6","Y","Y","Y",3,0,17
"5696","T1",2026-01-17,"Buyuksehyr","Karagumruk",2,1,"H",1,0,"H",1.45,4.2,6,"1-0","2-1",12,6,11,5,2,2,0,0,5,1,17,8,3,6,25,"5-1","Y","Y","N",4,0,18
"5697","T1",2026-01-17,"Galatasaray","Gaziantep",1,1,"D",0,0,"D",1.15,7,12,"0-0","1-1",17,3,10,4,3,2,0,0,10,2,17,12,2,12,29,"10-2","Y","N","N",5,0,18
"5698","T1",2026-01-18,"Kasimpasa","Antalyaspor",0,0,"D",0,0,"D",2.15,3.2,3.2,"0-0","0-0",11,4,7,2,3,1,0,0,10,4,18,11,0,14,29,"10-4","N","N","N",4,0,18
"5699","T1",2026-01-18,"Genclerbirligi","Samsunspor",1,1,"D",0,1,"A",2.88,3.2,2.3,"0-1","1-1",8,3,18,4,0,2,0,0,4,6,9,14,2,10,23,"4-6","Y","N","N",2,0,18
"5700","T1",2026-01-18,"Kocaelispor","Trabzonspor",1,2,"A",1,1,"D",2.5,3.2,2.63,"1-1","1-2",15,5,10,3,1,2,0,0,4,3,16,14,3,7,30,"4-3","Y","Y","N",3,0,18
"5701","T1",2026-01-18,"Alanyaspor","Fenerbahce",2,3,"A",2,1,"H",6,3.9,1.5,"2-1","2-3",9,3,12,4,2,0,0,0,6,6,10,10,5,12,20,"6-6","Y","Y","Y",2,0,18
"5702","T1",2026-01-19,"Konyaspor","Eyupspor",1,1,"D",0,0,"D",1.53,3.9,5.5,"0-0","1-1",18,4,10,2,0,2,0,0,5,2,7,14,2,7,21,"5-2","Y","N","N",2,0,18
"5703","T1",2026-01-19,"Besiktas","Kayserispor",1,0,"H",0,0,"D",1.36,4.8,6.5,"0-0","1-0",31,9,9,3,2,4,0,0,9,2,12,15,1,11,27,"9-2","N","N","N",6,0,18
"5704","T1",2026-01-19,"Goztep","Rizespor",3,1,"H",1,0,"H",1.9,3.25,3.8,"1-0","3-1",13,7,16,5,3,1,0,0,3,9,15,8,4,12,23,"3-9","Y","Y","Y",4,0,18
"5705","T1",2026-01-23,"Trabzonspor","Kasimpasa",2,1,"H",0,0,"D",1.5,4.1,5.5,"0-0","2-1",14,3,6,2,2,2,0,1,3,3,18,13,3,6,31,"3-3","Y","Y","N",4,1,19
"5706","T1",2026-01-24,"Kayserispor","Buyuksehyr",0,3,"A",0,1,"A",3.13,3.5,2.05,"0-1","0-3",7,2,13,7,1,0,0,0,10,4,8,18,3,14,26,"10-4","Y","Y","N",1,0,19
"5707","T1",2026-01-24,"Samsunspor","Kocaelispor",0,0,"D",0,0,"D",2.1,3.1,3.4,"0-0","0-0",16,1,7,1,1,2,0,0,9,1,13,14,0,10,27,"9-1","N","N","N",3,0,19
"5708","T1",2026-01-24,"Karagumruk","Galatasaray",1,3,"A",1,1,"D",8,5.25,1.29,"1-1","1-3",10,3,11,4,0,2,0,0,2,6,8,13,4,8,21,"2-6","Y","Y","Y",2,0,19
"5709","T1",2026-01-25,"Gaziantep","Konyaspor",1,1,"D",1,0,"H",NA,NA,NA,"1-0","1-1",15,2,11,6,6,3,0,0,10,4,16,15,2,14,31,"10-4","Y","N","N",9,0,19
"5710","T1",2026-01-25,"Antalyaspor","Genclerbirligi",2,1,"H",1,1,"D",NA,NA,NA,"1-1","2-1",11,3,12,2,2,3,0,0,8,2,16,20,3,10,36,"8-2","Y","Y","N",5,0,19
"5711","T1",2026-01-25,"Rizespor","Alanyaspor",1,1,"D",0,0,"D",NA,NA,NA,"0-0","1-1",6,3,23,3,2,5,1,1,4,8,14,8,2,12,22,"4-8","Y","N","N",7,2,19
"5712","T1",2026-01-25,"Fenerbahce","Goztep",1,1,"D",1,1,"D",NA,NA,NA,"1-1","1-1",21,5,14,4,3,4,0,0,8,4,8,22,2,12,30,"8-4","Y","N","N",7,0,19
"5713","T1",2026-01-26,"Eyupspor","Besiktas",2,2,"D",0,1,"A",NA,NA,NA,"0-1","2-2",15,4,17,9,3,1,0,0,3,5,10,14,4,8,24,"3-5","Y","Y","Y",4,0,19
"5714","T1",2026-01-30,"Antalyaspor","Trabzonspor",1,1,"D",1,0,"H",4.1,3.6,1.8,"1-0","1-1",4,2,14,4,1,2,0,0,3,9,19,12,2,12,31,"3-9","Y","N","N",3,0,20
"5715","T1",2026-01-30,"Kasimpasa","Samsunspor",0,1,"A",0,0,"D",2.9,3.2,2.38,"0-0","0-1",11,1,8,3,2,1,0,0,4,1,21,22,1,5,43,"4-1","N","N","N",3,0,20
"5716","T1",2026-01-31,"Alanyaspor","Eyupspor",1,3,"A",1,0,"H",1.44,4,7,"1-0","1-3",17,6,13,6,2,1,0,0,2,3,10,6,4,5,16,"2-3","Y","Y","Y",3,0,20
"5717","T1",2026-01-31,"Buyuksehyr","Rizespor",2,2,"D",1,1,"D",1.8,3.6,3.8,"1-1","2-2",10,4,13,6,1,0,0,0,4,4,15,10,4,8,25,"4-4","Y","Y","Y",1,0,20
"5718","T1",2026-01-31,"Besiktas","Konyaspor",2,1,"H",1,1,"D",1.5,4.33,5.25,"1-1","2-1",22,10,9,2,2,6,1,0,8,2,16,22,3,10,38,"8-2","Y","Y","N",8,1,20
"5719","T1",2026-01-31,"Goztep","Karagumruk",2,1,"H",2,1,"H",1.4,4.1,7.5,"2-1","2-1",19,7,8,3,3,5,0,0,6,3,20,14,3,9,34,"6-3","Y","Y","N",8,0,20
"5720","T1",2026-02-01,"Genclerbirligi","Gaziantep",2,1,"H",1,0,"H",NA,NA,NA,"1-0","2-1",13,6,14,5,6,1,0,0,3,2,18,13,3,5,31,"3-2","Y","Y","N",7,0,20
"5721","T1",2026-02-01,"Galatasaray","Kayserispor",4,0,"H",2,0,"H",NA,NA,NA,"2-0","4-0",23,9,9,3,2,5,0,0,6,4,13,11,4,10,24,"6-4","Y","Y","Y",7,0,20
"5722","T1",2026-02-02,"Kocaelispor","Fenerbahce",0,2,"A",0,1,"A",NA,NA,NA,"0-1","0-2",12,1,9,5,2,3,0,0,8,3,17,14,2,11,31,"8-3","Y","N","N",5,0,20
"5723","T1",2026-02-07,"Karagumruk","Antalyaspor",1,0,"H",1,0,"H",2.25,3.13,3.1,"1-0","1-0",16,5,9,2,2,5,0,0,9,4,22,13,1,13,35,"9-4","N","N","N",7,0,21
"5724","T1",2026-02-07,"Samsunspor","Trabzonspor",0,3,"A",0,1,"A",2.38,3.25,2.75,"0-1","0-3",11,0,17,9,2,1,0,0,8,1,14,12,3,9,26,"8-1","Y","Y","N",3,0,21
"5725","T1",2026-02-08,"Eyupspor","Buyuksehyr",1,2,"A",0,1,"A",4.75,3.8,1.62,"0-1","1-2",6,2,26,11,1,1,0,0,0,7,9,15,3,7,24,"0-7","Y","Y","N",2,0,21
"5726","T1",2026-02-08,"Konyaspor","Goztep",0,0,"D",0,0,"D",2.63,3.1,2.55,"0-0","0-0",11,4,7,1,2,4,0,0,4,3,9,15,0,7,24,"4-3","N","N","N",6,0,21
"5727","T1",2026-02-08,"Rizespor","Galatasaray",0,3,"A",0,1,"A",5,4.1,1.53,"0-1","0-3",15,4,19,5,1,1,0,0,3,3,11,13,3,6,24,"3-3","Y","Y","N",2,0,21
"5728","T1",2026-02-08,"Besiktas","Alanyaspor",2,2,"D",1,2,"A",1.53,4,5.25,"1-2","2-2",20,8,7,3,2,4,0,0,3,3,13,15,4,6,28,"3-3","Y","Y","Y",6,0,21
"5729","T1",2026-02-09,"Kayserispor","Kocaelispor",1,2,"A",0,0,"D",2.75,3.1,2.45,"0-0","1-2",20,3,10,4,4,1,0,0,8,2,17,14,3,10,31,"8-2","Y","Y","N",5,0,21
"5730","T1",2026-02-09,"Fenerbahce","Genclerbirligi",3,1,"H",3,0,"H",1.2,5.75,11.5,"3-0","3-1",19,7,13,3,2,2,0,0,7,9,9,12,4,16,21,"7-9","Y","Y","Y",4,0,21
"5731","T1",2026-02-09,"Gaziantep","Kasimpasa",2,1,"H",2,1,"H",1.95,3.4,3.5,"2-1","2-1",4,2,9,1,3,2,1,0,1,7,15,21,3,8,36,"1-7","Y","Y","N",5,1,21
"5732","T1",2026-02-13,"Antalyaspor","Samsunspor",3,1,"H",2,0,"H",3.9,3.2,1.93,"2-0","3-1",13,5,13,3,5,1,0,0,4,10,17,10,4,14,27,"4-10","Y","Y","Y",6,0,22
"5733","T1",2026-02-13,"Galatasaray","Eyupspor",5,1,"H",2,0,"H",1.09,8.5,17,"2-0","5-1",21,9,6,3,0,2,0,1,12,4,13,13,6,16,26,"12-4","Y","Y","Y",2,1,22
"5734","T1",2026-02-14,"Genclerbirligi","Rizespor",2,2,"D",2,0,"H",2.4,3.25,2.7,"2-0","2-2",12,4,15,6,3,4,0,0,4,11,17,14,4,15,31,"4-11","Y","Y","Y",7,0,22
"5735","T1",2026-02-14,"Alanyaspor","Konyaspor",2,1,"H",1,0,"H",2.1,3.25,3.25,"1-0","2-1",19,6,9,2,2,4,0,0,4,3,10,17,3,7,27,"4-3","Y","Y","N",6,0,22
"5736","T1",2026-02-14,"Trabzonspor","Fenerbahce",2,3,"A",2,2,"D",3.25,3.5,2,"2-2","2-3",17,8,9,3,4,5,0,0,7,7,16,14,5,14,30,"7-7","Y","Y","Y",9,0,22
"5737","T1",2026-02-15,"Kocaelispor","Gaziantep",3,0,"H",1,0,"H",1.87,3.3,3.9,"1-0","3-0",14,7,7,3,3,5,0,1,4,2,25,17,3,6,42,"4-2","Y","Y","N",8,1,22
"5738","T1",2026-02-15,"Goztep","Kayserispor",0,0,"D",0,0,"D",1.53,3.7,5.75,"0-0","0-0",17,4,10,3,2,1,0,0,6,3,14,9,0,9,23,"6-3","N","N","N",3,0,22
"5739","T1",2026-02-15,"Buyuksehyr","Besiktas",2,3,"A",1,1,"D",2.5,3.5,2.45,"1-1","2-3",14,6,13,4,2,2,0,0,6,3,12,13,5,9,25,"6-3","Y","Y","Y",4,0,22
"5740","T1",2026-02-16,"Kasimpasa","Karagumruk",3,2,"H",1,0,"H",1.83,3.3,4,"1-0","3-2",12,6,11,4,5,2,0,0,2,3,20,8,5,5,28,"2-3","Y","Y","Y",7,0,22
"5741","T1",2026-02-20,"Rizespor","Kocaelispor",2,0,"H",1,0,"H",2.3,3.2,3,"1-0","2-0",11,5,13,1,1,3,0,0,2,6,14,19,2,8,33,"2-6","Y","N","N",4,0,23
"5742","T1",2026-02-21,"Eyupspor","Genclerbirligi",1,0,"H",0,0,"D",2.8,3.25,2.38,"0-0","1-0",10,7,13,4,1,2,0,0,3,4,13,18,1,7,31,"3-4","N","N","N",3,0,23
"5743","T1",2026-02-21,"Alanyaspor","Buyuksehyr",1,2,"A",0,2,"A",2.7,3.3,2.38,"0-2","1-2",13,2,13,3,5,5,0,0,6,2,14,18,3,8,32,"6-2","Y","Y","N",10,0,23
"5744","T1",2026-02-21,"Konyaspor","Galatasaray",2,0,"H",0,0,"D",6,4.33,1.44,"0-0","2-0",9,2,6,2,4,2,0,0,3,4,13,8,2,7,21,"3-4","Y","N","N",6,0,23
"5745","T1",2026-02-22,"Kayserispor","Antalyaspor",1,0,"H",0,0,"D",1.93,3.3,3.7,"0-0","1-0",15,5,11,3,3,1,0,0,5,5,12,10,1,10,22,"5-5","N","N","N",4,0,23
"5746","T1",2026-02-22,"Gaziantep","Trabzonspor",1,2,"A",1,2,"A",3.4,3.5,1.95,"1-2","1-2",15,7,13,4,1,1,0,0,11,4,11,16,3,15,27,"11-4","Y","Y","N",2,0,23
"5747","T1",2026-02-22,"Besiktas","Goztep",4,0,"H",2,0,"H",1.7,3.6,4.4,"2-0","4-0",12,7,8,1,2,1,0,0,9,4,14,18,4,13,32,"9-4","Y","Y","Y",3,0,23
"5748","T1",2026-02-22,"Karagumruk","Samsunspor",0,0,"D",0,0,"D",3.5,3.25,2,"0-0","0-0",12,5,7,0,1,1,0,0,5,1,14,15,0,6,29,"5-1","N","N","N",2,0,23
"5749","T1",2026-02-23,"Fenerbahce","Kasimpasa",1,1,"D",0,0,"D",1.22,5.5,10.5,"0-0","1-1",21,5,5,3,3,7,0,1,8,1,9,16,2,9,25,"8-1","Y","N","N",10,1,23
"5750","T1",2026-02-27,"Buyuksehyr","Konyaspor",2,0,"H",0,0,"D",1.7,3.8,4.5,"0-0","2-0",12,4,11,2,3,1,0,0,5,7,14,16,2,12,30,"5-7","Y","N","N",4,0,24
"5751","T1",2026-02-27,"Trabzonspor","Karagumruk",3,1,"H",1,1,"D",1.4,4.4,7.5,"1-1","3-1",13,6,11,4,1,1,0,0,5,4,8,12,4,9,20,"5-4","Y","Y","Y",2,0,24
"5752","T1",2026-02-28,"Kasimpasa","Rizespor",0,3,"A",0,1,"A",2.45,3.3,2.63,"0-1","0-3",13,4,14,6,0,2,0,0,2,5,18,16,3,7,34,"2-5","Y","Y","N",2,0,24
"5753","T1",2026-02-28,"Kocaelispor","Besiktas",0,1,"A",0,0,"D",3.3,3.3,2.05,"0-0","0-1",10,0,11,2,1,2,0,0,1,4,15,13,1,5,28,"1-4","N","N","N",3,0,24
"5754","T1",2026-02-28,"Galatasaray","Alanyaspor",3,1,"H",1,0,"H",1.25,5.25,9,"1-0","3-1",14,6,10,5,2,3,0,0,4,0,18,4,4,4,22,"4-0","Y","Y","Y",5,0,24
"5755","T1",2026-02-28,"Goztep","Eyupspor",0,0,"D",0,0,"D",1.53,3.8,5.5,"0-0","0-0",12,3,6,1,3,1,0,0,5,2,16,10,0,7,26,"5-2","N","N","N",4,0,24
"5756","T1",2026-03-01,"Genclerbirligi","Kayserispor",0,0,"D",0,0,"D",2.05,3.3,3.25,"0-0","0-0",10,3,10,2,1,1,0,0,3,6,14,15,0,9,29,"3-6","N","N","N",2,0,24
"5757","T1",2026-03-01,"Antalyaspor","Fenerbahce",2,2,"D",1,0,"H",6,4.2,1.45,"1-0","2-2",10,4,14,5,0,0,0,0,3,14,11,10,4,17,21,"3-14","Y","Y","Y",0,0,24
"5758","T1",2026-03-01,"Samsunspor","Gaziantep",0,0,"D",0,0,"D",1.67,3.6,4.5,"0-0","0-0",12,3,6,0,1,3,0,0,6,2,16,13,0,8,29,"6-2","N","N","N",4,0,24
"5759","T1",2026-03-07,"Buyuksehyr","Goztep",2,1,"H",1,1,"D",1.85,3.4,3.9,"1-1","2-1",7,4,23,9,1,2,0,0,3,5,8,14,3,8,22,"3-5","Y","Y","N",3,0,25
"5760","T1",2026-03-07,"Besiktas","Galatasaray",0,1,"A",0,1,"A",2.45,3.6,2.45,"0-1","0-1",24,7,12,4,3,7,0,1,8,4,10,15,1,12,25,"8-4","N","N","N",10,1,25
"5761","T1",2026-03-08,"Gaziantep","Karagumruk",1,1,"D",0,0,"D",1.91,3.4,3.6,"0-0","1-1",14,7,14,7,3,1,0,0,6,12,14,15,2,18,29,"6-12","Y","N","N",4,0,25
"5762","T1",2026-03-08,"Rizespor","Antalyaspor",1,0,"H",1,0,"H",1.53,3.8,5.5,"1-0","1-0",13,7,10,4,3,1,0,0,2,1,12,17,1,3,29,"2-1","N","N","N",4,0,25
"5763","T1",2026-03-08,"Konyaspor","Kasimpasa",1,1,"D",1,1,"D",2,3.25,3.5,"1-1","1-1",11,4,6,2,5,3,0,0,4,3,13,19,2,7,32,"4-3","Y","N","N",8,0,25
"5764","T1",2026-03-08,"Fenerbahce","Samsunspor",3,2,"H",1,2,"A",1.44,4.2,6.5,"1-2","3-2",14,5,12,5,2,6,0,0,7,6,11,25,5,13,36,"7-6","Y","Y","Y",8,0,25
"5765","T1",2026-03-09,"Eyupspor","Kocaelispor",0,1,"A",0,1,"A",3.25,3.1,2.15,"0-1","0-1",11,3,5,3,4,2,0,0,3,3,13,21,1,6,34,"3-3","N","N","N",6,0,25
"5766","T1",2026-03-09,"Alanyaspor","Genclerbirligi",0,0,"D",0,0,"D",1.83,3.4,3.9,"0-0","0-0",18,7,3,0,1,2,0,0,9,2,11,5,0,11,16,"9-2","N","N","N",3,0,25
"5767","T1",2026-03-09,"Kayserispor","Trabzonspor",1,3,"A",0,2,"A",3.4,3.4,1.95,"0-2","1-3",14,6,18,5,4,0,1,0,6,8,8,9,4,14,17,"6-8","Y","Y","Y",4,1,25
"5768","T1",2026-03-13,"Antalyaspor","Gaziantep",1,4,"A",0,0,"D",2.55,3.25,2.7,"0-0","1-4",12,4,12,8,4,4,0,0,5,6,15,18,5,11,33,"5-6","Y","Y","Y",8,0,26
"5769","T1",2026-03-13,"Karagumruk","Fenerbahce",2,0,"H",2,0,"H",6,4.5,1.44,"2-0","2-0",9,5,16,3,1,3,0,0,2,14,16,7,2,16,23,"2-14","Y","N","N",4,0,26
"5770","T1",2026-03-14,"Kocaelispor","Konyaspor",1,2,"A",0,0,"D",2.25,3,3.2,"0-0","1-2",10,3,19,7,3,1,0,0,8,7,21,4,3,15,25,"8-7","Y","Y","N",4,0,26
"5771","T1",2026-03-14,"Galatasaray","Buyuksehyr",3,0,"H",0,0,"D",1.57,4.1,4.6,"0-0","3-0",19,6,7,3,0,2,0,1,9,3,13,12,3,12,25,"9-3","Y","Y","N",2,1,26
"5772","T1",2026-03-14,"Goztep","Alanyaspor",2,2,"D",1,1,"D",2.05,3.2,3.4,"1-1","2-2",13,5,17,3,3,3,0,0,5,8,19,7,4,13,26,"5-8","Y","Y","Y",6,0,26
"5773","T1",2026-03-14,"Trabzonspor","Rizespor",1,0,"H",0,0,"D",1.67,3.8,4.33,"0-0","1-0",10,3,11,3,0,2,0,0,8,4,11,14,1,12,25,"8-4","N","N","N",2,0,26
"5774","T1",2026-03-15,"Kasimpasa","Eyupspor",1,0,"H",1,0,"H",1.8,3.5,4,"1-0","1-0",9,2,8,1,3,2,0,0,2,2,19,13,1,4,32,"2-2","N","N","N",5,0,26
"5775","T1",2026-03-15,"Genclerbirligi","Besiktas",0,2,"A",0,0,"D",5,3.8,1.6,"0-0","0-2",11,4,24,7,2,1,1,0,6,10,6,10,2,16,16,"6-10","Y","N","N",3,1,26
"5776","T1",2026-03-15,"Samsunspor","Kayserispor",2,1,"H",1,0,"H",1.9,3.3,3.75,"1-0","2-1",18,8,11,2,1,0,0,0,7,8,13,14,3,15,27,"7-8","Y","Y","N",1,0,26
"5777","T1",2026-03-17,"Fenerbahce","Gaziantep",4,1,"H",1,0,"H",1.22,5.75,10,"1-0","4-1",18,8,11,4,1,0,0,0,11,7,10,14,5,18,24,"11-7","Y","Y","Y",1,0,27
"5778","T1",2026-03-18,"Alanyaspor","Kocaelispor",5,0,"H",2,0,"H",1.95,3.2,3.75,"2-0","5-0",10,6,6,1,0,3,0,0,3,3,14,14,5,6,28,"3-3","Y","Y","Y",3,0,27
"5779","T1",2026-03-18,"Buyuksehyr","Antalyaspor",0,0,"D",0,0,"D",1.5,4.1,5.5,"0-0","0-0",17,6,7,4,3,4,0,0,2,3,12,18,0,5,30,"2-3","N","N","N",7,0,27
"5780","T1",2026-03-18,"Eyupspor","Trabzonspor",0,1,"A",0,0,"D",4.6,3.9,1.62,"0-0","0-1",7,1,10,3,3,1,0,0,1,5,17,15,1,6,32,"1-5","N","N","N",4,0,27
"5781","T1",2026-03-19,"Kayserispor","Karagumruk",1,0,"H",0,0,"D",1.9,3.4,3.6,"0-0","1-0",16,5,6,1,2,1,0,1,3,1,21,8,1,4,29,"3-1","N","N","N",3,1,27
"5782","T1",2026-03-19,"Besiktas","Kasimpasa",2,1,"H",2,0,"H",1.33,4.75,7.5,"2-0","2-1",14,6,6,1,3,5,0,0,2,3,20,14,3,5,34,"2-3","Y","Y","N",8,0,27
"5783","T1",2026-03-19,"Konyaspor","Genclerbirligi",1,0,"H",1,0,"H",1.75,3.4,4.33,"1-0","1-0",14,6,3,1,2,1,0,0,7,3,11,13,1,10,24,"7-3","N","N","N",3,0,27
"5784","T1",2026-04-04,"Genclerbirligi","Goztep",0,2,"A",0,1,"A",3.1,3,2.25,"0-1","0-2",11,0,9,3,3,4,0,0,6,5,14,17,2,11,31,"6-5","Y","N","N",7,0,27
"5785","T1",2026-04-04,"Kasimpasa","Kayserispor",2,0,"H",1,0,"H",2.1,3.3,3.2,"1-0","2-0",8,3,5,1,1,2,1,0,1,10,18,14,2,11,32,"1-10","Y","N","N",3,1,27
"5786","T1",2026-04-04,"Gaziantep","Alanyaspor",1,1,"D",0,1,"A",2.7,3.4,2.3,"0-1","1-1",15,5,8,3,2,3,0,0,2,2,16,20,2,4,36,"2-2","Y","N","N",5,0,28
"5787","T1",2026-04-04,"Trabzonspor","Galatasaray",2,1,"H",1,0,"H",3,3.6,2.05,"1-0","2-1",13,4,19,3,4,4,0,1,3,10,12,15,3,13,27,"3-10","Y","Y","N",8,1,28
"5788","T1",2026-04-05,"Karagumruk","Rizespor",2,1,"H",1,0,"H",2.75,3.4,2.3,"1-0","2-1",10,5,11,2,1,2,0,0,0,3,15,21,3,3,36,"0-3","Y","Y","N",3,0,28
"5789","T1",2026-04-05,"Samsunspor","Konyaspor",2,2,"D",1,1,"D",2.2,3.13,3.1,"1-1","2-2",18,7,9,2,1,4,0,1,8,2,12,14,4,10,26,"8-2","Y","Y","Y",5,1,28
"5790","T1",2026-04-05,"Antalyaspor","Eyupspor",3,0,"H",0,0,"D",2.05,3.2,3.4,"0-0","3-0",20,6,8,0,5,7,0,1,8,4,24,13,3,12,37,"8-4","Y","Y","N",12,1,28
"5791","T1",2026-04-05,"Fenerbahce","Besiktas",1,0,"H",0,0,"D",1.95,3.6,3.25,"0-0","1-0",13,6,14,2,3,5,0,0,10,5,13,19,1,15,32,"10-5","N","N","N",8,0,28
"5792","T1",2026-04-06,"Kocaelispor","Buyuksehyr",0,0,"D",0,0,"D",2.7,3.2,2.45,"0-0","0-0",11,1,13,2,0,1,0,0,1,8,10,7,0,9,17,"1-8","N","N","N",1,0,28
"5793","T1",2026-04-08,"Goztep","Galatasaray",1,3,"A",0,2,"A",4.4,3.7,1.67,"0-2","1-3",17,6,7,4,0,1,0,0,4,2,13,9,4,6,22,"4-2","Y","Y","Y",1,0,28
"5794","T1",2026-04-09,"Rizespor","Samsunspor",4,1,"H",3,0,"H",2.55,3.25,2.55,"3-0","4-1",13,6,15,4,2,1,0,0,5,11,16,16,5,16,32,"5-11","Y","Y","Y",3,0,28
"5795","T1",2026-04-10,"Besiktas","Antalyaspor",4,2,"H",3,1,"H",1.3,5.25,8.5,"3-1","4-2",21,12,11,4,1,2,0,0,10,6,13,11,6,16,24,"10-6","Y","Y","Y",3,0,29
"5796","T1",2026-04-11,"Buyuksehyr","Genclerbirligi",3,0,"H",3,0,"H",1.55,3.9,5.25,"3-0","3-0",21,10,12,3,2,1,0,0,4,2,19,14,3,6,33,"4-2","Y","Y","N",3,0,29
"5797","T1",2026-04-11,"Alanyaspor","Trabzonspor",1,1,"D",0,0,"D",2.88,3.3,2.25,"0-0","1-1",8,2,17,3,3,1,0,0,2,5,8,13,2,7,21,"2-5","Y","N","N",4,0,29
"5798","T1",2026-04-11,"Kayserispor","Fenerbahce",0,4,"A",0,1,"A",6.5,4.4,1.4,"0-1","0-4",11,3,18,7,3,3,0,0,4,5,19,11,4,9,30,"4-5","Y","Y","Y",6,0,29
"5799","T1",2026-04-12,"Konyaspor","Karagumruk",3,0,"H",2,0,"H",1.65,3.6,4.8,"2-0","3-0",10,7,11,3,1,1,0,0,3,4,16,8,3,7,24,"3-4","Y","Y","N",2,0,29
"5800","T1",2026-04-12,"Goztep","Kasimpasa",3,3,"D",1,1,"D",1.85,3.3,4,"1-1","3-3",18,6,8,4,3,5,0,1,4,2,15,12,6,6,27,"4-2","Y","Y","Y",8,1,29
"5801","T1",2026-04-12,"Galatasaray","Kocaelispor",1,1,"D",1,0,"H",1.18,6,12,"1-0","1-1",13,6,8,3,0,1,0,0,4,1,15,13,2,5,28,"4-1","Y","N","N",1,0,29
"5802","T1",2026-04-13,"Eyupspor","Samsunspor",1,2,"A",1,0,"H",3.9,3.4,1.83,"1-0","1-2",9,2,13,4,4,3,1,0,2,7,11,14,3,9,25,"2-7","Y","Y","N",7,1,29
"5803","T1",2026-04-13,"Rizespor","Gaziantep",2,1,"H",0,1,"A",1.73,3.7,4.1,"0-1","2-1",24,7,10,6,2,4,0,0,9,1,13,17,3,10,30,"9-1","Y","Y","N",6,0,29
