"","Div","Date","HomeTeam","AwayTeam","FTHG","FTAG","FTR","HTHG","HTAG","HTR","PSH","PSD","PSA","HTCS","CS","HS","HST","AS","AST","HY","AY","HR","AR","HCO","ACO","HF","AF","TG","TC","TF","COSC","OV15","OV25","OV35","TY","TR","n","Bookings","Crossbookings","GoalsXbookings","CornersXbookings","GoalsXcorners","GoalsXcornerXbookings"
"2172","B1",2025-07-25,"Antwerp","St. Gilloise",1,1,"D",1,0,"H",3.9,3.5,1.9,"1-0","1-1",8,4,17,8,3,3,0,0,2,5,9,16,2,7,25,"2-5","Y","N","N",6,0,2,60,900,120,420,14,840
"2173","B1",2025-07-26,"Dender","Cercle Brugge",0,0,"D",0,0,"D",2.75,3.4,2.3,"0-0","0-0",11,3,10,2,0,2,0,0,3,3,12,13,0,6,25,"3-3","N","N","N",2,0,0,20,0,0,120,0,0
"2174","B1",2025-07-26,"Waregem","Mechelen",1,1,"D",0,1,"A",3.1,3.5,2.1,"0-1","1-1",21,5,7,2,3,2,0,0,9,6,8,8,2,15,16,"9-6","Y","N","N",5,0,2,50,600,100,750,30,1500
"2175","B1",2025-07-26,"RAAL La Louviere","Standard",0,2,"A",0,2,"A",2.5,3.25,2.63,"0-2","0-2",14,2,9,4,2,1,0,0,5,1,15,12,2,6,27,"5-1","Y","N","N",3,0,2,30,200,60,180,12,360
"2176","B1",2025-07-27,"Anderlecht","Westerlo",5,2,"H",2,0,"H",1.7,3.8,4.2,"2-0","5-2",25,10,10,4,4,3,0,0,8,3,14,14,7,11,28,"8-3","Y","Y","Y",7,0,7,70,1200,490,770,77,5390
"2177","B1",2025-07-27,"Oud-Heverlee Leuven","Charleroi",2,2,"D",1,0,"H",2.75,3.3,2.38,"1-0","2-2",7,3,15,7,2,2,0,0,4,8,15,14,4,12,29,"4-8","Y","Y","Y",4,0,4,40,400,160,480,48,1920
"2178","B1",2025-07-27,"Club Brugge","Genk",2,1,"H",0,1,"A",1.73,3.7,4.2,"0-1","2-1",18,4,17,10,1,2,1,0,8,6,10,7,3,14,17,"8-6","Y","Y","N",3,1,3,55,700,165,770,42,2310
"2179","B1",2025-07-27,"St Truiden","Gent",3,1,"H",0,0,"D",2.05,3.5,3.13,"0-0","3-1",14,5,12,2,1,1,0,0,4,6,13,10,4,10,23,"4-6","Y","Y","Y",2,0,4,20,100,80,200,40,800
"2180","B1",2025-08-01,"Mechelen","Club Brugge",2,1,"H",1,0,"H",3.75,3.9,1.83,"1-0","2-1",9,5,20,6,4,0,0,0,2,3,11,7,3,5,18,"2-3","Y","Y","N",4,0,3,40,0,120,200,15,600
"2181","B1",2025-08-02,"Westerlo","Waregem",3,1,"H",2,1,"H",1.8,3.8,3.7,"2-1","3-1",13,6,12,4,1,1,0,0,3,5,7,10,4,8,17,"3-5","Y","Y","Y",2,0,4,20,100,80,160,32,640
"2182","B1",2025-08-02,"Standard","Dender",1,1,"D",0,0,"D",1.87,3.3,3.9,"0-0","1-1",10,6,9,2,3,3,0,0,5,1,11,13,2,6,24,"5-1","Y","N","N",6,0,2,60,900,120,360,12,720
"2183","B1",2025-08-02,"Gent","RAAL La Louviere",1,0,"H",0,0,"D",1.67,3.75,4.4,"0-0","1-0",11,6,5,1,0,1,0,0,5,2,12,19,1,7,31,"5-2","N","N","N",1,0,1,10,0,10,70,7,70
"2184","B1",2025-08-03,"Genk","Antwerp",1,1,"D",1,1,"D",1.57,4,5,"1-1","1-1",15,3,6,5,0,2,0,0,4,2,11,10,2,6,21,"4-2","Y","N","N",2,0,2,20,0,40,120,12,240
"2185","B1",2025-08-03,"Cercle Brugge","Anderlecht",0,2,"A",0,1,"A",2.88,3.3,2.3,"0-1","0-2",12,2,9,5,2,2,0,0,5,3,7,21,2,8,28,"5-3","Y","N","N",4,0,2,40,400,80,320,16,640
"2186","B1",2025-08-03,"St. Gilloise","Oud-Heverlee Leuven",5,0,"H",2,0,"H",1.3,5,8.5,"2-0","5-0",19,10,6,0,1,2,0,0,4,7,12,9,5,11,21,"4-7","Y","Y","Y",3,0,5,30,200,150,330,55,1650
"2187","B1",2025-08-03,"Charleroi","St Truiden",1,1,"D",1,1,"D",1.95,3.5,3.4,"1-1","1-1",4,2,14,4,5,1,1,0,1,7,18,14,2,8,32,"1-7","Y","N","N",6,1,2,85,750,170,680,16,1360
"2188","B1",2025-08-08,"St Truiden","Dender",2,0,"H",1,0,"H",1.83,3.6,3.75,"1-0","2-0",14,3,6,2,3,0,0,1,4,2,18,7,2,6,25,"4-2","Y","N","N",3,1,2,55,750,110,330,12,660
"2189","B1",2025-08-09,"Club Brugge","Cercle Brugge",2,0,"H",0,0,"D",1.4,4.4,6.5,"0-0","2-0",14,5,10,2,2,3,0,1,9,5,15,11,2,14,26,"9-5","Y","N","N",5,1,2,75,1100,150,1050,28,2100
"2190","B1",2025-08-09,"Westerlo","Mechelen",0,1,"A",0,0,"D",2.4,3.7,2.5,"0-0","0-1",18,2,6,3,1,1,0,0,8,5,9,7,1,13,16,"8-5","N","N","N",2,0,1,20,100,20,260,13,260
"2191","B1",2025-08-09,"Gent","St. Gilloise",2,3,"A",0,1,"A",5.25,3.9,1.55,"0-1","2-3",20,6,12,8,1,4,0,0,5,10,11,10,5,15,21,"5-10","Y","Y","Y",5,0,5,50,400,250,750,75,3750
"2192","B1",2025-08-10,"RAAL La Louviere","Charleroi",1,0,"H",1,0,"H",3.25,3.25,2.1,"1-0","1-0",11,2,15,4,3,0,0,0,4,3,11,11,1,7,22,"4-3","N","N","N",3,0,1,30,0,30,210,7,210
"2193","B1",2025-08-10,"Anderlecht","Waregem",2,3,"A",0,1,"A",1.53,4,5.25,"0-1","2-3",20,7,9,6,0,3,0,0,6,5,11,11,5,11,22,"6-5","Y","Y","Y",3,0,5,30,0,150,330,55,1650
"2194","B1",2025-08-10,"Standard","Genk",2,1,"H",1,0,"H",4.33,3.5,1.75,"1-0","2-1",7,5,19,5,3,3,0,0,2,6,11,16,3,8,27,"2-6","Y","Y","N",6,0,3,60,900,180,480,24,1440
"2195","B1",2025-08-10,"Antwerp","Oud-Heverlee Leuven",3,1,"H",1,0,"H",1.87,3.5,3.7,"1-0","3-1",12,4,5,1,3,5,0,1,5,3,8,21,4,8,29,"5-3","Y","Y","Y",8,1,4,105,2250,420,840,32,3360
"2196","B1",2025-08-15,"Oud-Heverlee Leuven","Genk",1,2,"A",1,2,"A",5,3.9,1.62,"1-2","1-2",22,7,15,7,2,2,0,0,6,6,16,10,3,12,26,"6-6","Y","Y","N",4,0,3,40,400,120,480,36,1440
"2197","B1",2025-08-16,"Waregem","Club Brugge",0,1,"A",0,0,"D",5.5,4.33,1.5,"0-0","0-1",5,1,19,4,2,2,0,0,3,9,9,9,1,12,18,"3-9","N","N","N",4,0,1,40,400,40,480,12,480
"2198","B1",2025-08-16,"Mechelen","Gent",1,1,"D",1,0,"H",1.9,3.7,3.4,"1-0","1-1",7,3,23,11,2,1,0,0,2,11,9,9,2,13,18,"2-11","Y","N","N",3,0,2,30,200,60,390,26,780
"2199","B1",2025-08-16,"St. Gilloise","Standard",3,0,"H",1,0,"H",1.3,4.75,9,"1-0","3-0",24,11,4,1,1,2,0,1,12,1,13,6,3,13,19,"12-1","Y","Y","N",3,1,3,55,450,165,715,39,2145
"2200","B1",2025-08-17,"Dender","Anderlecht",0,2,"A",0,0,"D",3.6,3.5,1.9,"0-0","0-2",8,4,17,5,1,1,0,0,2,7,7,12,2,9,19,"2-7","Y","N","N",2,0,2,20,100,40,180,18,360
"2201","B1",2025-08-17,"St Truiden","RAAL La Louviere",2,1,"H",1,0,"H",1.62,3.7,5,"1-0","2-1",13,7,11,5,1,2,0,0,4,5,14,9,3,9,23,"4-5","Y","Y","N",3,0,3,30,200,90,270,27,810
"2202","B1",2025-08-17,"Charleroi","Antwerp",1,1,"D",1,1,"D",2.25,3.3,2.9,"1-1","1-1",13,4,10,5,3,3,0,0,4,1,18,17,2,5,35,"4-1","Y","N","N",6,0,2,60,900,120,300,10,600
"2203","B1",2025-08-17,"Cercle Brugge","Westerlo",4,1,"H",3,0,"H",2.15,3.6,2.9,"3-0","4-1",12,7,25,6,0,1,0,0,1,11,10,16,5,12,26,"1-11","Y","Y","Y",1,0,5,10,0,50,120,60,600
"2204","B1",2025-08-23,"Standard","Cercle Brugge",0,3,"A",0,3,"A",2.45,3.13,2.75,"0-3","0-3",15,3,18,9,1,3,0,0,4,3,4,12,3,7,16,"4-3","Y","Y","N",4,0,3,40,300,120,280,21,840
"2205","B1",2025-08-23,"Waregem","St Truiden",0,2,"A",0,0,"D",2.5,3.5,2.45,"0-0","0-2",6,2,18,4,2,0,1,0,2,11,10,14,2,13,24,"2-11","Y","N","N",2,1,2,45,0,90,585,26,1170
"2206","B1",2025-08-24,"Antwerp","Mechelen",2,1,"H",1,1,"D",1.93,3.5,3.5,"1-1","2-1",9,2,25,8,0,3,1,0,6,13,13,8,3,19,21,"6-13","Y","Y","N",3,1,3,55,750,165,1045,57,3135
"2207","B1",2025-08-24,"RAAL La Louviere","St. Gilloise",0,0,"D",0,0,"D",NA,NA,NA,"0-0","0-0",5,1,10,5,2,3,0,0,5,2,6,15,0,7,21,"5-2","N","N","N",5,0,0,50,600,0,350,0,0
"2208","B1",2025-08-24,"Dender","Oud-Heverlee Leuven",0,1,"A",0,0,"D",2.2,3.3,3,"0-0","0-1",4,2,11,4,3,4,0,0,4,6,8,14,1,10,22,"4-6","N","N","N",7,0,1,70,1200,70,700,10,700
"2209","B1",2025-08-29,"Cercle Brugge","St Truiden",1,1,"D",1,1,"D",2.15,3.5,3.13,"1-1","1-1",13,4,17,5,2,1,0,0,3,8,8,9,2,11,17,"3-8","Y","N","N",3,0,2,30,200,60,330,22,660
"2210","B1",2025-08-30,"Mechelen","RAAL La Louviere",3,2,"H",1,0,"H",1.6,3.8,5,"1-0","3-2",13,8,12,3,1,0,0,0,4,6,13,9,5,10,22,"4-6","Y","Y","Y",1,0,5,10,0,50,100,50,500
"2211","B1",2025-08-30,"Westerlo","Antwerp",2,0,"H",1,0,"H",2.45,3.5,2.55,"1-0","2-0",16,9,13,3,2,3,0,0,5,4,19,14,2,9,33,"5-4","Y","N","N",5,0,2,50,600,100,450,18,900
"2212","B1",2025-08-30,"Charleroi","Dender",3,1,"H",1,0,"H",1.7,3.6,4.5,"1-0","3-1",11,4,9,4,1,0,0,0,5,4,12,14,4,9,26,"5-4","Y","Y","Y",1,0,4,10,0,40,90,36,360
"2213","B1",2025-08-31,"Gent","Club Brugge",1,1,"D",0,0,"D",5,4,1.57,"0-0","1-1",14,2,14,6,4,2,0,0,6,7,12,11,2,13,23,"6-7","Y","N","N",6,0,2,60,800,120,780,26,1560
"2214","B1",2025-08-31,"Oud-Heverlee Leuven","Standard",1,0,"H",0,0,"D",2.15,3.25,3.13,"0-0","1-0",9,3,7,1,3,3,0,0,4,4,12,11,1,8,23,"4-4","N","N","N",6,0,1,60,900,60,480,8,480
"2215","B1",2025-08-31,"St. Gilloise","Anderlecht",2,0,"H",1,0,"H",1.55,3.9,5.25,"1-0","2-0",16,5,9,4,1,6,0,2,5,5,7,17,2,10,24,"5-5","Y","N","N",7,2,2,120,1100,240,1200,20,2400
"2216","B1",2025-08-31,"Genk","Waregem",3,2,"H",2,2,"D",1.36,4.75,7,"2-2","3-2",11,4,8,3,2,2,1,0,5,4,9,21,5,9,30,"5-4","Y","Y","Y",4,1,5,65,900,325,585,45,2925
"2217","B1",2025-09-12,"Standard","Mechelen",1,1,"D",0,0,"D",2.3,3.3,3,"0-0","1-1",11,3,14,6,3,3,0,0,12,5,10,8,2,17,18,"12-5","Y","N","N",6,0,2,60,900,120,1020,34,2040
"2218","B1",2025-09-13,"Waregem","Oud-Heverlee Leuven",2,0,"H",2,0,"H",2.38,3.3,2.75,"2-0","2-0",12,8,25,6,3,4,0,0,2,6,14,18,2,8,32,"2-6","Y","N","N",7,0,2,70,1200,140,560,16,1120
"2219","B1",2025-09-13,"Dender","St. Gilloise",0,1,"A",0,0,"D",6.5,4.1,1.44,"0-0","0-1",5,2,18,4,0,0,0,0,1,6,5,12,1,7,17,"1-6","N","N","N",0,0,1,0,0,0,0,7,0
"2220","B1",2025-09-13,"RAAL La Louviere","Club Brugge",1,0,"H",1,0,"H",6,4.33,1.45,"1-0","1-0",13,4,21,6,0,1,0,0,5,6,15,10,1,11,25,"5-6","N","N","N",1,0,1,10,0,10,110,11,110
"2221","B1",2025-09-14,"Antwerp","Gent",1,2,"A",1,1,"D",2.38,3.4,2.7,"1-1","1-2",22,7,9,6,4,2,0,1,5,1,8,12,3,6,20,"5-1","Y","Y","N",6,1,3,85,1800,255,510,18,1530
"2222","B1",2025-09-14,"Cercle Brugge","Charleroi",2,3,"A",0,2,"A",2.1,3.4,3.13,"0-2","2-3",8,2,9,4,1,2,0,0,4,3,7,12,5,7,19,"4-3","Y","Y","Y",3,0,5,30,200,150,210,35,1050
"2223","B1",2025-09-14,"Anderlecht","Genk",1,1,"D",0,0,"D",2.4,3.5,2.6,"0-0","1-1",9,3,18,3,2,3,1,0,3,7,16,7,2,10,23,"3-7","Y","N","N",5,1,2,75,1350,150,750,20,1500
"2224","B1",2025-09-14,"St Truiden","Westerlo",0,3,"A",0,1,"A",2.05,3.6,3.1,"0-1","0-3",17,3,12,6,1,2,0,0,8,3,11,14,3,11,25,"8-3","Y","Y","N",3,0,3,30,200,90,330,33,990
"2225","B1",2025-09-17,"Genk","Charleroi",0,1,"A",0,1,"A",1.67,3.8,4.4,"0-1","0-1",16,4,9,2,0,2,0,0,4,3,11,11,1,7,22,"4-3","N","N","N",2,0,1,20,0,20,140,7,140
"2226","B1",2025-09-19,"Gent","Dender",3,0,"H",1,0,"H",1.73,3.8,4.33,"1-0","3-0",15,3,15,4,1,1,0,0,2,5,8,5,3,7,13,"2-5","Y","Y","N",2,0,3,20,100,60,140,21,420
"2227","B1",2025-09-20,"Oud-Heverlee Leuven","RAAL La Louviere",1,2,"A",1,2,"A",1.95,3.25,3.7,"1-2","1-2",8,2,5,3,4,3,0,0,2,1,22,16,3,3,38,"2-1","Y","Y","N",7,0,3,70,1200,210,210,9,630
"2228","B1",2025-09-20,"Charleroi","Waregem",1,2,"A",1,0,"H",1.73,3.7,4.2,"1-0","1-2",9,2,19,4,3,1,1,0,6,11,12,14,3,17,26,"6-11","Y","Y","N",4,1,3,65,550,195,1105,51,3315
"2229","B1",2025-09-20,"Anderlecht","Antwerp",0,0,"D",0,0,"D",1.65,3.75,4.6,"0-0","0-0",18,2,6,1,3,2,0,0,8,2,9,13,0,10,22,"8-2","N","N","N",5,0,0,50,600,0,500,0,0
"2230","B1",2025-09-21,"Genk","St. Gilloise",1,2,"A",0,1,"A",2.9,3.4,2.2,"0-1","1-2",15,7,11,6,2,4,0,0,8,5,11,12,3,13,23,"8-5","Y","Y","N",6,0,3,60,800,180,780,39,2340
"2231","B1",2025-09-21,"Westerlo","Standard",0,2,"A",0,2,"A",1.83,3.5,3.9,"0-2","0-2",17,4,6,3,0,5,0,0,7,1,7,15,2,8,22,"7-1","Y","N","N",5,0,2,50,0,100,400,16,800
"2232","B1",2025-09-21,"Club Brugge","St Truiden",2,0,"H",1,0,"H",1.4,4.6,6.5,"1-0","2-0",20,9,7,3,1,2,0,0,5,0,10,11,2,5,21,"5-0","Y","N","N",3,0,2,30,200,60,150,10,300
"2233","B1",2025-09-21,"Mechelen","Cercle Brugge",0,0,"D",0,0,"D",2.45,3.5,2.55,"0-0","0-0",13,2,16,5,1,3,0,0,7,7,6,17,0,14,23,"7-7","N","N","N",4,0,0,40,300,0,560,0,0
"2234","B1",2025-09-23,"Anderlecht","Gent",1,0,"H",0,0,"D",1.67,4,4.6,"0-0","1-0",17,9,8,2,3,3,0,0,8,2,16,12,1,10,28,"8-2","N","N","N",6,0,1,60,900,60,600,10,600
"2235","B1",2025-09-24,"Club Brugge","Westerlo",5,5,"D",1,2,"A",1.29,5.5,8,"1-2","5-5",17,5,21,8,1,3,0,0,5,4,9,14,10,9,23,"5-4","Y","Y","Y",4,0,10,40,300,400,360,90,3600
"2236","B1",2025-09-26,"Oud-Heverlee Leuven","Anderlecht",1,1,"D",0,0,"D",3.6,3.4,2,"0-0","1-1",17,8,10,2,4,3,0,0,2,5,16,7,2,7,23,"2-5","Y","N","N",7,0,2,70,1200,140,490,14,980
"2237","B1",2025-09-27,"Waregem","Antwerp",2,0,"H",0,0,"D",2.55,3.3,2.55,"0-0","2-0",17,6,8,1,0,1,0,0,4,4,6,13,2,8,19,"4-4","Y","N","N",1,0,2,10,0,20,80,16,160
"2238","B1",2025-09-27,"Standard","Club Brugge",1,2,"A",1,1,"D",5.25,4,1.55,"1-1","1-2",18,5,15,5,4,2,1,0,7,8,13,7,3,15,20,"7-8","Y","Y","N",6,1,3,85,1300,255,1275,45,3825
"2239","B1",2025-09-27,"St. Gilloise","Westerlo",2,0,"H",0,0,"D",1.3,5.25,7.5,"0-0","2-0",19,6,7,2,3,2,0,0,9,2,15,11,2,11,26,"9-2","Y","N","N",5,0,2,50,600,100,550,22,1100
"2240","B1",2025-09-28,"St Truiden","Genk",1,2,"A",1,0,"H",3,3.5,2.1,"1-0","1-2",15,4,15,7,4,2,1,0,3,6,12,18,3,9,30,"3-6","Y","Y","N",6,1,3,85,1300,255,765,27,2295
"2241","B1",2025-09-28,"Cercle Brugge","Gent",2,4,"A",2,2,"D",2.1,3.5,3,"2-2","2-4",23,8,11,8,2,3,0,0,10,2,12,9,6,12,21,"10-2","Y","Y","Y",5,0,6,50,600,300,600,72,3600
"2242","B1",2025-09-28,"Charleroi","Mechelen",0,2,"A",0,2,"A",2,3.6,3.25,"0-2","0-2",13,6,5,3,0,4,0,0,5,3,6,10,2,8,16,"5-3","Y","N","N",4,0,2,40,0,80,320,16,640
"2243","B1",2025-09-28,"Dender","RAAL La Louviere",0,0,"D",0,0,"D",NA,NA,NA,"0-0","0-0",10,2,10,2,1,3,0,0,4,2,8,7,0,6,15,"4-2","N","N","N",4,0,0,40,300,0,240,0,0
"2244","B1",2025-10-03,"Gent","Charleroi",2,1,"H",1,1,"D",2.05,3.6,3.3,"1-1","2-1",9,3,9,7,2,4,0,0,4,2,5,9,3,6,14,"4-2","Y","Y","N",6,0,3,60,800,180,360,18,1080
"2245","B1",2025-10-04,"Mechelen","St Truiden",1,3,"A",1,0,"H",2.1,3.5,3,"1-0","1-3",10,3,19,9,3,1,0,0,5,9,18,14,4,14,32,"5-9","Y","Y","Y",4,0,4,40,300,160,560,56,2240
"2246","B1",2025-10-04,"RAAL La Louviere","Waregem",0,0,"D",0,0,"D",2.3,3.25,2.88,"0-0","0-0",11,4,6,4,2,3,0,0,12,1,12,8,0,13,20,"12-1","N","N","N",5,0,0,50,600,0,650,0,0
"2247","B1",2025-10-04,"Antwerp","Cercle Brugge",1,1,"D",1,1,"D",2.3,3.4,2.75,"1-1","1-1",18,10,12,2,1,1,0,0,8,3,14,12,2,11,26,"8-3","Y","N","N",2,0,2,20,100,40,220,22,440
"2248","B1",2025-10-05,"Anderlecht","Standard",1,0,"H",0,0,"D",1.55,3.8,5.5,"0-0","1-0",16,6,9,1,3,3,0,1,6,4,18,12,1,10,30,"6-4","N","N","N",6,1,1,85,1650,85,850,10,850
"2249","B1",2025-10-05,"Genk","Dender",2,1,"H",1,1,"D",1.33,4.8,8,"1-1","2-1",25,8,10,9,2,5,0,2,8,3,11,15,3,11,26,"8-3","Y","Y","N",7,2,3,120,2000,360,1320,33,3960
"2250","B1",2025-10-05,"Club Brugge","St. Gilloise",1,0,"H",0,0,"D",2.2,3.5,2.88,"0-0","1-0",10,2,7,1,2,3,0,0,7,3,7,17,1,10,24,"7-3","N","N","N",5,0,1,50,600,50,500,10,500
"2251","B1",2025-10-05,"Westerlo","Oud-Heverlee Leuven",2,0,"H",1,0,"H",1.83,3.7,3.6,"1-0","2-0",17,5,8,4,2,2,0,0,6,6,13,27,2,12,40,"6-6","Y","N","N",4,0,2,40,400,80,480,24,960
"2252","B1",2025-10-18,"RAAL La Louviere","Westerlo",0,0,"D",0,0,"D",2.5,3.4,2.55,"0-0","0-0",8,1,7,0,0,1,0,0,2,2,11,15,0,4,26,"2-2","N","N","N",1,0,0,10,0,0,40,0,0
"2253","B1",2025-10-18,"Oud-Heverlee Leuven","Club Brugge",0,1,"A",0,0,"D",5,3.9,1.57,"0-0","0-1",17,5,11,4,2,1,0,0,4,11,16,12,1,15,28,"4-11","N","N","N",3,0,1,30,200,30,450,15,450
"2254","B1",2025-10-18,"St. Gilloise","Charleroi",3,1,"H",1,1,"D",1.36,4.5,7.5,"1-1","3-1",15,3,9,3,0,3,0,0,1,2,15,8,4,3,23,"1-2","Y","Y","Y",3,0,4,30,0,120,90,12,360
"2255","B1",2025-10-19,"Cercle Brugge","Genk",2,2,"D",1,1,"D",2.9,3.6,2.15,"1-1","2-2",18,7,16,5,3,2,0,0,4,4,10,9,4,8,19,"4-4","Y","Y","Y",5,0,4,50,600,200,400,32,1600
"2256","B1",2025-10-19,"Dender","Mechelen",1,3,"A",0,1,"A",2.63,3.3,2.45,"0-1","1-3",19,6,11,6,1,0,0,0,4,4,16,12,4,8,28,"4-4","Y","Y","Y",1,0,4,10,0,40,80,32,320
"2257","B1",2025-10-19,"St Truiden","Anderlecht",2,2,"D",1,2,"A",2.88,3.4,2.25,"1-2","2-2",15,3,11,4,1,2,0,0,5,6,6,11,4,11,17,"5-6","Y","Y","Y",3,0,4,30,200,120,330,44,1320
"2258","B1",2025-10-19,"Waregem","Gent",4,1,"H",3,0,"H",2.6,3.5,2.4,"3-0","4-1",15,8,14,5,0,2,0,0,3,12,7,16,5,15,23,"3-12","Y","Y","Y",2,0,5,20,0,100,300,75,1500
"2259","B1",2025-10-20,"Standard","Antwerp",1,0,"H",1,0,"H",1.95,3.4,3.8,"1-0","1-0",11,4,16,3,2,3,1,0,4,5,19,19,1,9,38,"4-5","N","N","N",5,1,1,75,1350,75,675,9,675
"2260","B1",2025-10-24,"Charleroi","Anderlecht",1,0,"H",0,0,"D",2.55,3.25,2.7,"0-0","1-0",8,3,15,2,2,2,0,0,5,9,8,18,1,14,26,"5-9","N","N","N",4,0,1,40,400,40,560,14,560
"2261","B1",2025-10-25,"Westerlo","Dender",1,1,"D",0,1,"A",1.7,3.8,4.2,"0-1","1-1",23,6,11,3,2,2,0,0,11,3,12,16,2,14,28,"11-3","Y","N","N",4,0,2,40,400,80,560,28,1120
"2262","B1",2025-10-25,"Mechelen","Oud-Heverlee Leuven",1,1,"D",0,0,"D",2.1,3.4,3.13,"0-0","1-1",14,5,13,4,3,5,0,0,6,2,7,16,2,8,23,"6-2","Y","N","N",8,0,2,80,1500,160,640,16,1280
"2263","B1",2025-10-25,"Gent","Standard",4,0,"H",3,0,"H",1.87,3.5,3.75,"3-0","4-0",16,6,12,2,0,2,0,0,4,4,11,9,4,8,20,"4-4","Y","Y","Y",2,0,4,20,0,80,160,32,640
"2264","B1",2025-10-26,"Antwerp","Club Brugge",0,1,"A",0,1,"A",4.8,4.1,1.57,"0-1","0-1",11,4,10,4,2,1,0,0,1,5,9,11,1,6,20,"1-5","N","N","N",3,0,1,30,200,30,180,6,180
"2265","B1",2025-10-26,"Cercle Brugge","Waregem",1,1,"D",0,1,"A",1.75,3.75,4,"0-1","1-1",18,3,18,6,0,1,0,0,0,3,5,16,2,3,21,"0-3","Y","N","N",1,0,2,10,0,20,30,6,60
"2266","B1",2025-10-26,"Genk","RAAL La Louviere",1,1,"D",1,1,"D",NA,NA,NA,"1-1","1-1",17,7,10,2,1,3,0,0,9,3,13,18,2,12,31,"9-3","Y","N","N",4,0,2,40,300,80,480,24,960
"2267","B1",2025-10-26,"St. Gilloise","St Truiden",2,0,"H",0,0,"D",1.33,4.75,7.5,"0-0","2-0",17,6,11,2,1,2,0,0,5,6,7,11,2,11,18,"5-6","Y","N","N",3,0,2,30,200,60,330,22,660
"2268","B1",2025-10-31,"Standard","Charleroi",3,1,"H",1,1,"D",2.75,3.2,2.55,"1-1","3-1",8,5,12,4,2,3,0,0,4,5,10,14,4,9,24,"4-5","Y","Y","Y",5,0,4,50,600,200,450,36,1800
"2269","B1",2025-11-01,"Waregem","St. Gilloise",1,4,"A",0,2,"A",4.5,3.8,1.65,"0-2","1-4",10,3,20,9,1,4,0,0,2,5,14,17,5,7,31,"2-5","Y","Y","Y",5,0,5,50,400,250,350,35,1750
"2270","B1",2025-11-01,"Club Brugge","Dender",2,1,"H",2,0,"H",1.22,5.75,10,"2-0","2-1",19,5,14,5,1,1,0,0,7,4,10,13,3,11,23,"7-4","Y","Y","N",2,0,3,20,100,60,220,33,660
"2271","B1",2025-11-01,"Anderlecht","Mechelen",3,1,"H",2,1,"H",1.57,3.9,5,"2-1","3-1",19,7,7,1,1,1,0,0,9,2,14,7,4,11,21,"9-2","Y","Y","Y",2,0,4,20,100,80,220,44,880
"2272","B1",2025-11-02,"Westerlo","Genk",0,1,"A",0,1,"A",NA,NA,NA,"0-1","0-1",17,1,7,4,0,1,0,0,4,4,7,3,1,8,10,"4-4","N","N","N",1,0,1,10,0,10,80,8,80
"2273","B1",2025-11-02,"Oud-Heverlee Leuven","Gent",4,0,"H",2,0,"H",NA,NA,NA,"2-0","4-0",10,4,14,4,4,2,0,1,0,9,14,12,4,9,26,"0-9","Y","Y","Y",6,1,4,85,1800,340,765,36,3060
"2274","B1",2025-11-02,"St Truiden","Antwerp",1,0,"H",1,0,"H",NA,NA,NA,"1-0","1-0",22,9,5,1,3,2,0,1,6,4,12,12,1,10,24,"6-4","N","N","N",5,1,1,75,1350,75,750,10,750
"2275","B1",2025-11-02,"RAAL La Louviere","Cercle Brugge",2,1,"H",1,0,"H",NA,NA,NA,"1-0","2-1",8,3,14,4,3,1,0,0,1,5,10,13,3,6,23,"1-5","Y","Y","N",4,0,3,40,300,120,240,18,720
"2276","B1",2025-11-07,"Dender","Waregem",2,2,"D",1,0,"H",2.4,3.5,2.7,"1-0","2-2",15,4,13,3,1,1,0,0,6,5,5,16,4,11,21,"6-5","Y","Y","Y",2,0,4,20,100,80,220,44,880
"2277","B1",2025-11-08,"Cercle Brugge","Oud-Heverlee Leuven",1,2,"A",1,0,"H",2,3.5,3.3,"1-0","1-2",17,5,9,4,1,1,0,0,8,3,10,18,3,11,28,"8-3","Y","Y","N",2,0,3,20,100,60,220,33,660
"2278","B1",2025-11-08,"Charleroi","Westerlo",2,0,"H",1,0,"H",2.05,3.5,3.13,"1-0","2-0",13,8,14,5,2,1,0,0,7,5,8,12,2,12,20,"7-5","Y","N","N",3,0,2,30,200,60,360,24,720
"2279","B1",2025-11-08,"Antwerp","RAAL La Louviere",3,1,"H",0,0,"D",2.15,3.13,3.25,"0-0","3-1",11,5,6,1,4,3,0,1,7,4,13,14,4,11,27,"7-4","Y","Y","Y",7,1,4,95,2200,380,1045,44,4180
"2280","B1",2025-11-09,"Anderlecht","Club Brugge",1,0,"H",1,0,"H",2.8,3.5,2.25,"1-0","1-0",16,3,11,3,5,4,0,0,6,5,17,9,1,11,26,"6-5","N","N","N",9,0,1,90,2000,90,990,11,990
"2281","B1",2025-11-09,"St Truiden","Standard",1,0,"H",0,0,"D",2,3.4,3.4,"0-0","1-0",16,2,4,3,0,1,0,0,9,1,8,11,1,10,19,"9-1","N","N","N",1,0,1,10,0,10,100,10,100
"2282","B1",2025-11-09,"Gent","Genk",1,1,"D",0,1,"A",2.9,3.6,2.15,"0-1","1-1",18,4,14,2,2,1,0,0,6,2,15,5,2,8,20,"6-2","Y","N","N",3,0,2,30,200,60,240,16,480
"2283","B1",2025-11-09,"Mechelen","St. Gilloise",1,1,"D",0,0,"D",5,3.9,1.57,"0-0","1-1",7,1,19,4,4,2,0,0,4,10,9,12,2,14,21,"4-10","Y","N","N",6,0,2,60,800,120,840,28,1680
"2284","B1",2025-11-21,"Standard","Waregem",0,0,"D",0,0,"D",2.3,3.4,2.9,"0-0","0-0",21,8,6,2,2,1,1,1,5,3,13,12,0,8,25,"5-3","N","N","N",3,2,0,80,1575,0,640,0,0
"2285","B1",2025-11-22,"St. Gilloise","Cercle Brugge",2,0,"H",1,0,"H",1.4,4.5,6.5,"1-0","2-0",17,6,8,1,2,4,0,0,7,4,17,10,2,11,27,"7-4","Y","N","N",6,0,2,60,800,120,660,22,1320
"2286","B1",2025-11-22,"Westerlo","Gent",0,0,"D",0,0,"D",2.25,3.6,2.7,"0-0","0-0",20,5,10,3,3,3,0,0,9,2,10,11,0,11,21,"9-2","N","N","N",6,0,0,60,900,0,660,0,0
"2287","B1",2025-11-22,"Club Brugge","Charleroi",1,0,"H",0,0,"D",1.44,4.33,6,"0-0","1-0",17,5,11,1,2,1,0,0,6,11,5,9,1,17,14,"6-11","N","N","N",3,0,1,30,200,30,510,17,510
"2288","B1",2025-11-23,"Genk","Mechelen",0,1,"A",0,1,"A",1.5,4.33,5.25,"0-1","0-1",20,6,11,6,0,5,0,0,6,3,5,13,1,9,18,"6-3","N","N","N",5,0,1,50,0,50,450,9,450
"2289","B1",2025-11-23,"Antwerp","Dender",1,2,"A",0,0,"D",1.8,3.5,4,"0-0","1-2",15,6,9,2,1,4,0,0,5,3,15,14,3,8,29,"5-3","Y","Y","N",5,0,3,50,400,150,400,24,1200
"2290","B1",2025-11-23,"RAAL La Louviere","Anderlecht",0,1,"A",0,0,"D",NA,NA,NA,"0-0","0-1",10,4,20,7,2,3,0,0,5,7,14,11,1,12,25,"5-7","N","N","N",5,0,1,50,600,50,600,12,600
"2291","B1",2025-11-23,"Oud-Heverlee Leuven","St Truiden",1,2,"A",1,2,"A",2.5,3.25,2.6,"1-2","1-2",19,6,8,4,3,2,0,0,10,1,15,13,3,11,28,"10-1","Y","Y","N",5,0,3,50,600,150,550,33,1650
"1339","D2",2025-08-01,"Schalke 04","Hertha",2,1,"H",2,0,"H",2.88,3.4,2.3,"2-0","2-1",14,6,9,3,7,1,1,0,5,10,19,12,3,15,31,"5-10","Y","Y","N",8,1,3,105,950,315,1575,45,4725
"1340","D2",2025-08-02,"Darmstadt","Bochum",4,1,"H",2,1,"H",2.15,3.6,2.88,"2-1","4-1",20,7,10,3,2,3,0,0,5,8,12,14,5,13,26,"5-8","Y","Y","Y",5,0,5,50,600,250,650,65,3250
"1341","D2",2025-08-02,"Elversberg","Nurnberg",1,0,"H",0,0,"D",2.05,3.7,3,"0-0","1-0",12,4,11,4,2,3,0,0,2,4,16,23,1,6,39,"2-4","N","N","N",5,0,1,50,600,50,300,6,300
"1342","D2",2025-08-02,"Karlsruhe","Preußen Münster",3,2,"H",2,1,"H",1.85,3.6,3.7,"2-1","3-2",13,4,11,3,3,3,0,1,6,5,17,17,5,11,34,"6-5","Y","Y","Y",6,1,5,85,1650,425,935,55,4675
"1343","D2",2025-08-02,"Paderborn","Holstein Kiel",2,1,"H",1,0,"H",2.15,3.6,2.88,"1-0","2-1",9,3,6,2,1,3,0,0,3,0,13,12,3,3,25,"3-0","Y","Y","N",4,0,3,40,300,120,120,9,360
"1344","D2",2025-08-02,"Bielefeld","Fortuna Dusseldorf",5,1,"H",1,1,"D",2.25,3.5,2.8,"1-1","5-1",15,9,11,3,4,4,0,1,8,3,12,14,6,11,26,"8-3","Y","Y","Y",8,1,6,105,2600,630,1155,66,6930
"1345","D2",2025-08-03,"Greuther Furth","Dresden",3,2,"H",2,1,"H",2.2,3.6,2.8,"2-1","3-2",10,5,21,4,1,0,0,0,4,10,8,11,5,14,19,"4-10","Y","Y","Y",1,0,5,10,0,50,140,70,700
"1346","D2",2025-08-03,"Hannover","Kaiserslautern",1,0,"H",0,0,"D",1.9,3.6,3.5,"0-0","1-0",14,5,9,0,2,3,0,0,5,5,13,14,1,10,27,"5-5","N","N","N",5,0,1,50,600,50,500,10,500
"1347","D2",2025-08-03,"Magdeburg","Braunschweig",0,1,"A",0,0,"D",1.8,3.6,3.9,"0-0","0-1",19,3,9,4,4,1,0,1,12,2,17,11,1,14,28,"12-2","N","N","N",5,1,1,75,1400,75,1050,14,1050
"1348","D2",2025-08-08,"Nurnberg","Darmstadt",0,1,"A",0,0,"D",2.8,3.6,2.2,"0-0","0-1",12,3,14,5,2,2,0,0,4,5,11,15,1,9,26,"4-5","N","N","N",4,0,1,40,400,40,360,9,360
"1349","D2",2025-08-08,"Preußen Münster","Paderborn",1,1,"D",0,1,"A",3,3.3,2.2,"0-1","1-1",7,3,16,8,0,0,0,0,5,5,10,17,2,10,27,"5-5","Y","N","N",0,0,2,0,0,0,0,20,0
"1350","D2",2025-08-09,"Braunschweig","Greuther Furth",3,2,"H",2,1,"H",2.3,3.3,2.88,"2-1","3-2",9,4,20,4,2,3,0,0,3,9,11,11,5,12,22,"3-9","Y","Y","Y",5,0,5,50,600,250,600,60,3000
"1351","D2",2025-08-09,"Dresden","Magdeburg",1,2,"A",1,2,"A",2.4,3.6,2.55,"1-2","1-2",23,2,9,6,1,3,0,0,6,5,10,14,3,11,24,"6-5","Y","Y","N",4,0,3,40,300,120,440,33,1320
"1352","D2",2025-08-09,"Fortuna Dusseldorf","Hannover",0,2,"A",0,0,"D",2.5,3.4,2.5,"0-0","0-2",9,1,10,3,6,4,0,0,5,2,18,14,2,7,32,"5-2","Y","N","N",10,0,2,100,2400,200,700,14,1400
"1353","D2",2025-08-09,"Kaiserslautern","Schalke 04",1,0,"H",0,0,"D",2.25,3.5,2.8,"0-0","1-0",11,2,9,4,4,4,0,0,5,3,8,16,1,8,24,"5-3","N","N","N",8,0,1,80,1600,80,640,8,640
"1354","D2",2025-08-10,"Bochum","Elversberg",2,0,"H",0,0,"D",1.93,3.6,3.4,"0-0","2-0",16,6,3,1,8,5,0,1,10,0,24,11,2,10,35,"10-0","Y","N","N",13,1,2,155,6000,310,1550,20,3100
"1355","D2",2025-08-10,"Hertha","Karlsruhe",0,0,"D",0,0,"D",1.8,3.7,3.9,"0-0","0-0",15,4,19,2,0,1,0,0,5,10,8,11,0,15,19,"5-10","N","N","N",1,0,0,10,0,0,150,0,0
"1356","D2",2025-08-10,"Holstein Kiel","Bielefeld",0,2,"A",0,2,"A",2.15,3.6,2.9,"0-2","0-2",15,7,12,4,0,6,0,1,9,7,13,15,2,16,28,"9-7","Y","N","N",6,1,2,85,0,170,1360,32,2720
"1357","D2",2025-08-22,"Elversberg","Kaiserslautern",2,1,"H",1,0,"H",2,3.5,3.5,"1-0","2-1",11,5,11,4,3,2,0,0,4,8,22,10,3,12,32,"4-8","Y","Y","N",5,0,3,50,600,150,600,36,1800
"1358","D2",2025-08-22,"Preußen Münster","Nurnberg",2,1,"H",2,0,"H",2.3,3.4,2.9,"2-0","2-1",12,6,8,3,3,6,0,0,1,7,20,13,3,8,33,"1-7","Y","Y","N",9,0,3,90,1800,270,720,24,2160
"1359","D2",2025-08-23,"Hannover","Magdeburg",3,1,"H",2,0,"H",1.93,3.6,3.4,"2-0","3-1",23,8,14,6,3,4,0,0,4,2,22,11,4,6,33,"4-2","Y","Y","Y",7,0,4,70,1200,280,420,24,1680
"1360","D2",2025-08-23,"Karlsruhe","Braunschweig",2,0,"H",1,0,"H",1.8,3.7,3.8,"1-0","2-0",9,5,9,2,3,4,0,1,5,2,23,14,2,7,37,"5-2","Y","N","N",7,1,2,95,1950,190,665,14,1330
"1361","D2",2025-08-23,"Paderborn","Fortuna Dusseldorf",1,2,"A",0,2,"A",1.75,3.7,4,"0-2","1-2",17,4,14,6,2,2,1,0,9,7,12,8,3,16,20,"9-7","Y","Y","N",4,1,3,65,900,195,1040,48,3120
"1362","D2",2025-08-23,"Schalke 04","Bochum",2,1,"H",0,0,"D",2.38,3.4,2.7,"0-0","2-1",15,8,14,3,0,3,0,0,8,9,6,6,3,17,12,"8-9","Y","Y","N",3,0,3,30,0,90,510,51,1530
"1363","D2",2025-08-24,"Bielefeld","Dresden",1,2,"A",0,1,"A",1.87,3.6,3.6,"0-1","1-2",12,2,21,7,3,3,1,0,4,5,13,17,3,9,30,"4-5","Y","Y","N",6,1,3,85,1650,255,765,27,2295
"1364","D2",2025-08-24,"Darmstadt","Hertha",0,0,"D",0,0,"D",2.05,3.6,3.1,"0-0","0-0",14,4,15,1,1,1,0,0,7,2,12,17,0,9,29,"7-2","N","N","N",2,0,0,20,100,0,180,0,0
"1365","D2",2025-08-24,"Greuther Furth","Holstein Kiel",0,2,"A",0,1,"A",2.6,3.4,2.45,"0-1","0-2",15,2,17,4,3,8,0,0,6,3,13,18,2,9,31,"6-3","Y","N","N",11,0,2,110,2400,220,990,18,1980
"1366","D2",2025-08-29,"Hertha","Elversberg",0,2,"A",0,1,"A",2.2,3.25,3.2,"0-1","0-2",7,2,16,6,6,2,1,0,4,4,15,7,2,8,22,"4-4","Y","N","N",8,1,2,105,1700,210,840,16,1680
"1367","D2",2025-08-29,"Nurnberg","Paderborn",0,0,"D",0,0,"D",3,3.6,2.15,"0-0","0-0",14,3,15,3,3,4,0,0,7,5,12,10,0,12,22,"7-5","N","N","N",7,0,0,70,1200,0,840,0,0
"1368","D2",2025-08-30,"Bochum","Preußen Münster",1,2,"A",1,1,"D",1.95,3.4,3.5,"1-1","1-2",16,4,5,2,3,3,0,0,6,4,21,13,3,10,34,"6-4","Y","Y","N",6,0,3,60,900,180,600,30,1800
"1369","D2",2025-08-30,"Braunschweig","Bielefeld",1,1,"D",0,0,"D",2.8,3.5,2.25,"0-0","1-1",8,3,13,6,3,3,0,0,3,7,16,12,2,10,28,"3-7","Y","N","N",6,0,2,60,900,120,600,20,1200
"1370","D2",2025-08-30,"Holstein Kiel","Hannover",1,2,"A",1,0,"H",2.55,3.5,2.45,"1-0","1-2",9,3,12,4,2,3,0,0,1,5,23,16,3,6,39,"1-5","Y","Y","N",5,0,3,50,600,150,300,18,900
"1371","D2",2025-08-30,"Fortuna Dusseldorf","Karlsruhe",0,0,"D",0,0,"D",2.2,3.6,2.8,"0-0","0-0",16,2,9,2,1,3,0,0,4,2,9,10,0,6,19,"4-2","N","N","N",4,0,0,40,300,0,240,0,0
"1372","D2",2025-08-31,"Dresden","Schalke 04",0,1,"A",0,0,"D",2.3,3.5,2.7,"0-0","0-1",6,3,16,5,1,4,0,0,1,6,11,10,1,7,21,"1-6","N","N","N",5,0,1,50,400,50,350,7,350
"1373","D2",2025-08-31,"Kaiserslautern","Darmstadt",3,1,"H",0,0,"D",2.45,3.5,2.5,"0-0","3-1",17,8,17,5,2,2,0,0,3,5,8,11,4,8,19,"3-5","Y","Y","Y",4,0,4,40,400,160,320,32,1280
"1374","D2",2025-08-31,"Magdeburg","Greuther Furth",4,5,"A",1,1,"D",1.8,3.8,3.7,"1-1","4-5",19,7,13,7,5,4,1,0,2,3,16,10,9,5,26,"2-3","Y","Y","Y",9,1,9,115,3000,1035,575,45,5175
"1375","D2",2025-09-12,"Bielefeld","Magdeburg",2,0,"H",0,0,"D",2.1,3.7,3,"0-0","2-0",13,5,17,3,1,2,0,0,5,5,13,12,2,10,25,"5-5","Y","N","N",3,0,2,30,200,60,300,20,600
"1376","D2",2025-09-12,"Paderborn","Bochum",1,0,"H",0,0,"D",1.83,3.75,3.8,"0-0","1-0",20,5,15,4,1,4,0,0,3,7,7,11,1,10,18,"3-7","N","N","N",5,0,1,50,400,50,500,10,500
"1377","D2",2025-09-13,"Darmstadt","Braunschweig",2,1,"H",0,1,"A",1.6,3.9,4.8,"0-1","2-1",10,4,13,5,2,2,0,1,2,5,11,11,3,7,22,"2-5","Y","Y","N",4,1,3,65,900,195,455,21,1365
"1378","D2",2025-09-13,"Karlsruhe","Nurnberg",2,1,"H",1,1,"D",1.93,3.5,3.5,"1-1","2-1",10,7,24,10,2,1,0,0,6,10,8,9,3,16,17,"6-10","Y","Y","N",3,0,3,30,200,90,480,48,1440
"1379","D2",2025-09-13,"Schalke 04","Holstein Kiel",0,1,"A",0,1,"A",2.15,3.4,3,"0-1","0-1",12,4,10,5,0,3,0,0,8,3,17,13,1,11,30,"8-3","N","N","N",3,0,1,30,0,30,330,11,330
"1380","D2",2025-09-13,"Hannover","Hertha",0,3,"A",0,0,"D",1.8,3.7,3.8,"0-0","0-3",21,3,9,3,2,5,0,0,15,0,13,19,3,15,32,"15-0","Y","Y","N",7,0,3,70,1000,210,1050,45,3150
"1381","D2",2025-09-14,"Elversberg","Dresden",2,2,"D",1,2,"A",1.95,3.5,3.4,"1-2","2-2",23,7,11,4,0,4,0,0,7,5,8,12,4,12,20,"7-5","Y","Y","Y",4,0,4,40,0,160,480,48,1920
"1382","D2",2025-09-14,"Greuther Furth","Kaiserslautern",0,3,"A",0,1,"A",2.3,3.6,2.63,"0-1","0-3",8,3,14,6,1,6,1,0,4,5,9,15,3,9,24,"4-5","Y","Y","N",7,1,3,95,2100,285,855,27,2565
"1383","D2",2025-09-14,"Preußen Münster","Fortuna Dusseldorf",1,2,"A",1,0,"H",2.5,3.3,2.6,"1-0","1-2",21,6,10,2,3,2,0,0,8,2,14,9,3,10,23,"8-2","Y","Y","N",5,0,3,50,600,150,500,30,1500
"1384","D2",2025-09-19,"Bielefeld","Greuther Furth",1,3,"A",0,1,"A",1.75,4,3.9,"0-1","1-3",15,5,11,7,2,1,0,0,6,3,11,22,4,9,33,"6-3","Y","Y","Y",3,0,4,30,200,120,270,36,1080
"1385","D2",2025-09-19,"Kaiserslautern","Preußen Münster",4,1,"H",3,0,"H",2.25,3.4,3,"3-0","4-1",15,6,14,6,3,4,0,0,4,0,19,12,5,4,31,"4-0","Y","Y","Y",7,0,5,70,1200,350,280,20,1400
"1386","D2",2025-09-20,"Braunschweig","Elversberg",1,4,"A",1,2,"A",2.9,3.4,2.2,"1-2","1-4",10,2,22,8,4,6,1,0,4,9,13,15,5,13,28,"4-9","Y","Y","Y",10,1,5,125,3900,625,1625,65,8125
"1387","D2",2025-09-20,"Hertha","Paderborn",0,2,"A",0,1,"A",2.6,3.5,2.4,"0-1","0-2",9,3,17,6,4,1,0,0,7,4,12,8,2,11,20,"7-4","Y","N","N",5,0,2,50,400,100,550,22,1100
"1388","D2",2025-09-20,"Magdeburg","Schalke 04",0,2,"A",0,1,"A",2.15,3.6,2.9,"0-1","0-2",8,2,10,2,2,1,0,0,3,2,15,14,2,5,29,"3-2","Y","N","N",3,0,2,30,200,60,150,10,300
"1389","D2",2025-09-20,"Nurnberg","Bochum",2,1,"H",0,0,"D",2.38,3.5,2.63,"0-0","2-1",20,8,13,1,1,5,0,0,8,5,9,12,3,13,21,"8-5","Y","Y","N",6,0,3,60,500,180,780,39,2340
"1390","D2",2025-09-21,"Dresden","Hannover",2,2,"D",2,2,"D",3,3.4,2.15,"2-2","2-2",8,4,17,6,3,1,1,0,5,8,15,12,4,13,27,"5-8","Y","Y","Y",4,1,4,65,550,260,845,52,3380
"1391","D2",2025-09-21,"Fortuna Dusseldorf","Darmstadt",0,3,"A",0,0,"D",2.4,3.5,2.6,"0-0","0-3",11,1,18,10,0,0,0,0,6,6,11,15,3,12,26,"6-6","Y","Y","N",0,0,3,0,0,0,0,36,0
"1392","D2",2025-09-21,"Holstein Kiel","Karlsruhe",3,0,"H",2,0,"H",1.95,3.6,3.3,"2-0","3-0",11,4,13,4,5,3,0,0,4,5,14,15,3,9,29,"4-5","Y","Y","N",8,0,3,80,1500,240,720,27,2160
"1393","D2",2025-09-26,"Darmstadt","Dresden",2,0,"H",1,0,"H",1.65,4.1,4.4,"1-0","2-0",11,4,12,0,2,1,0,0,6,4,15,13,2,10,28,"6-4","Y","N","N",3,0,2,30,200,60,300,20,600
"1394","D2",2025-09-26,"Schalke 04","Greuther Furth",1,0,"H",0,0,"D",1.83,3.75,3.9,"0-0","1-0",24,7,7,2,2,2,0,0,10,6,8,15,1,16,23,"10-6","N","N","N",4,0,1,40,400,40,640,16,640
"1395","D2",2025-09-27,"Elversberg","Holstein Kiel",1,0,"H",0,0,"D",2.1,3.6,3,"0-0","1-0",19,4,12,3,4,2,0,0,9,4,11,14,1,13,25,"9-4","N","N","N",6,0,1,60,800,60,780,13,780
"1396","D2",2025-09-27,"Karlsruhe","Magdeburg",1,0,"H",0,0,"D",2.1,3.7,2.9,"0-0","1-0",16,6,21,6,1,6,0,0,8,5,10,13,1,13,23,"8-5","N","N","N",7,0,1,70,600,70,910,13,910
"1397","D2",2025-09-27,"Paderborn","Kaiserslautern",2,0,"H",0,0,"D",1.87,3.7,3.5,"0-0","2-0",25,11,9,3,2,0,0,1,8,2,9,9,2,10,18,"8-2","Y","N","N",2,1,2,45,500,90,450,20,900
"1398","D2",2025-09-27,"Bochum","Fortuna Dusseldorf",0,1,"A",0,1,"A",2.1,3.6,3,"0-1","0-1",23,4,7,3,5,3,0,0,4,3,15,14,1,7,29,"4-3","N","N","N",8,0,1,80,1500,80,560,7,560
"1399","D2",2025-09-28,"Hannover","Bielefeld",3,1,"H",0,1,"A",1.8,3.8,3.7,"0-1","3-1",13,4,11,1,2,1,0,0,4,2,16,11,4,6,27,"4-2","Y","Y","Y",3,0,4,30,200,120,180,24,720
"1400","D2",2025-09-28,"Nurnberg","Hertha",0,3,"A",0,2,"A",2.2,3.5,2.88,"0-2","0-3",12,4,14,4,2,3,0,0,6,1,12,22,3,7,34,"6-1","Y","Y","N",5,0,3,50,600,150,350,21,1050
"1401","D2",2025-09-28,"Preußen Münster","Braunschweig",3,1,"H",1,0,"H",1.95,3.6,3.3,"1-0","3-1",11,4,12,5,3,4,0,0,3,9,16,16,4,12,32,"3-9","Y","Y","Y",7,0,4,70,1200,280,840,48,3360
"1402","D2",2025-10-03,"Braunschweig","Paderborn",1,2,"A",0,1,"A",3.8,3.7,1.85,"0-1","1-2",7,2,16,3,3,2,0,0,4,4,16,14,3,8,30,"4-4","Y","Y","N",5,0,3,50,600,150,400,24,1200
"1403","D2",2025-10-03,"Fortuna Dusseldorf","Nurnberg",2,3,"A",0,1,"A",2.3,3.6,2.75,"0-1","2-3",12,7,17,7,3,2,0,0,1,2,14,11,5,3,25,"1-2","Y","Y","Y",5,0,5,50,600,250,150,15,750
"1404","D2",2025-10-04,"Hertha","Preußen Münster",2,1,"H",1,0,"H",1.95,3.5,3.4,"1-0","2-1",17,7,17,6,4,3,0,0,5,4,12,9,3,9,21,"5-4","Y","Y","N",7,0,3,70,1200,210,630,27,1890
"1405","D2",2025-10-04,"Holstein Kiel","Darmstadt",1,1,"D",0,0,"D",2.38,3.5,2.63,"0-0","1-1",22,7,8,1,1,1,0,0,5,0,9,13,2,5,22,"5-0","Y","N","N",2,0,2,20,100,40,100,10,200
"1406","D2",2025-10-04,"Kaiserslautern","Bochum",3,2,"H",1,1,"D",2.05,3.6,3.1,"1-1","3-2",22,10,10,2,2,5,0,0,11,2,9,13,5,13,22,"11-2","Y","Y","Y",7,0,5,70,1000,350,910,65,4550
"1407","D2",2025-10-04,"Dresden","Karlsruhe",3,3,"D",1,2,"A",2.2,3.6,2.8,"1-2","3-3",13,4,22,6,1,1,0,0,3,7,10,12,6,10,22,"3-7","Y","Y","Y",2,0,6,20,100,120,200,60,1200
"1408","D2",2025-10-05,"Bielefeld","Schalke 04",1,2,"A",0,2,"A",2.25,3.5,2.8,"0-2","1-2",11,4,11,4,3,2,0,0,6,2,16,13,3,8,29,"6-2","Y","Y","N",5,0,3,50,600,150,400,24,1200
"1409","D2",2025-10-05,"Greuther Furth","Hannover",2,2,"D",1,1,"D",3.3,3.7,1.93,"1-1","2-2",12,5,10,6,2,1,0,0,3,6,9,14,4,9,23,"3-6","Y","Y","Y",3,0,4,30,200,120,270,36,1080
"1410","D2",2025-10-05,"Magdeburg","Elversberg",0,4,"A",0,2,"A",2.5,3.6,2.45,"0-2","0-4",15,5,20,8,1,2,0,0,7,13,12,6,4,20,18,"7-13","Y","Y","Y",3,0,4,30,200,120,600,80,2400
"1411","D2",2025-10-17,"Fortuna Dusseldorf","Braunschweig",1,2,"A",0,2,"A",1.87,3.7,3.7,"0-2","1-2",14,5,14,5,1,2,0,0,9,2,12,10,3,11,22,"9-2","Y","Y","N",3,0,3,30,200,90,330,33,990
"1412","D2",2025-10-17,"Hannover","Schalke 04",0,3,"A",0,2,"A",1.9,3.6,3.7,"0-2","0-3",13,3,16,5,0,2,0,0,9,7,7,20,3,16,27,"9-7","Y","Y","N",2,0,3,20,0,60,320,48,960
"1413","D2",2025-10-18,"Karlsruhe","Kaiserslautern",2,3,"A",0,1,"A",2.4,3.5,2.55,"0-1","2-3",18,10,12,4,6,4,0,0,7,1,17,13,5,8,30,"7-1","Y","Y","Y",10,0,5,100,2400,500,800,40,4000
"1414","D2",2025-10-18,"Paderborn","Bielefeld",4,3,"H",1,2,"A",1.73,3.8,4,"1-2","4-3",20,9,16,4,5,3,0,0,8,5,20,15,7,13,35,"8-5","Y","Y","Y",8,0,7,80,1500,560,1040,91,7280
"1415","D2",2025-10-18,"Preußen Münster","Dresden",2,2,"D",0,1,"A",2.25,3.5,2.8,"0-1","2-2",12,3,14,6,2,3,0,1,4,3,23,13,4,7,36,"4-3","Y","Y","Y",5,1,4,75,1100,300,525,28,2100
"1416","D2",2025-10-18,"Bochum","Hertha",3,2,"H",2,0,"H",2.25,3.6,2.7,"2-0","3-2",10,3,13,6,3,3,0,0,1,6,22,9,5,7,31,"1-6","Y","Y","Y",6,0,5,60,900,300,420,35,2100
"1417","D2",2025-10-19,"Darmstadt","Magdeburg",0,0,"D",0,0,"D",1.73,4,3.8,"0-0","0-0",11,6,13,2,2,1,1,0,1,5,15,16,0,6,31,"1-5","N","N","N",3,1,0,55,450,0,330,0,0
"1418","D2",2025-10-19,"Elversberg","Greuther Furth",6,0,"H",1,0,"H",1.55,4.2,4.8,"1-0","6-0",18,8,10,5,1,3,0,0,6,3,10,11,6,9,21,"6-3","Y","Y","Y",4,0,6,40,300,240,360,54,2160
"1419","D2",2025-10-19,"Nurnberg","Holstein Kiel",1,1,"D",1,0,"H",2.5,3.4,2.55,"1-0","1-1",16,6,12,4,3,1,0,0,3,7,8,16,2,10,24,"3-7","Y","N","N",4,0,2,40,300,80,400,20,800
"1420","D2",2025-10-24,"Greuther Furth","Karlsruhe",1,4,"A",0,2,"A",2.75,3.7,2.25,"0-2","1-4",16,5,13,8,0,3,0,0,9,5,7,18,5,14,25,"9-5","Y","Y","Y",3,0,5,30,0,150,420,70,2100
"1421","D2",2025-10-24,"Schalke 04","Darmstadt",1,0,"H",1,0,"H",2.15,3.5,3.13,"1-0","1-0",10,2,7,1,5,1,0,0,6,4,16,13,1,10,29,"6-4","N","N","N",6,0,1,60,500,60,600,10,600
"1422","D2",2025-10-25,"Bielefeld","Elversberg",2,0,"H",2,0,"H",2.75,3.7,2.2,"2-0","2-0",10,2,16,2,2,2,0,0,3,6,13,12,2,9,25,"3-6","Y","N","N",4,0,2,40,400,80,360,18,720
"1423","D2",2025-10-25,"Dresden","Paderborn",1,2,"A",1,1,"D",3.13,3.6,2.05,"1-1","1-2",8,3,12,4,2,2,0,0,10,4,9,14,3,14,23,"10-4","Y","Y","N",4,0,3,40,400,120,560,42,1680
"1424","D2",2025-10-25,"Holstein Kiel","Bochum",1,1,"D",0,0,"D",1.85,3.7,3.6,"0-0","1-1",19,8,12,2,1,5,0,0,9,7,7,18,2,16,25,"9-7","Y","N","N",6,0,2,60,500,120,960,32,1920
"1425","D2",2025-10-25,"Hertha","Fortuna Dusseldorf",1,0,"H",0,0,"D",1.85,3.7,3.6,"0-0","1-0",11,4,18,4,2,2,0,0,6,7,12,7,1,13,19,"6-7","N","N","N",4,0,1,40,400,40,520,13,520
"1426","D2",2025-10-26,"Braunschweig","Hannover",0,3,"A",0,2,"A",3.6,3.6,1.87,"0-2","0-3",8,3,24,12,2,5,1,0,2,5,9,17,3,7,26,"2-5","Y","Y","N",7,1,3,95,2250,285,665,21,1995
"1427","D2",2025-10-26,"Kaiserslautern","Nurnberg",1,1,"D",1,0,"H",2,3.6,3.25,"1-0","1-1",14,7,11,4,3,3,0,0,4,8,17,16,2,12,33,"4-8","Y","N","N",6,0,2,60,900,120,720,24,1440
"1428","D2",2025-10-26,"Magdeburg","Preußen Münster",2,0,"H",0,0,"D",1.87,3.75,3.5,"0-0","2-0",12,5,10,4,1,4,0,0,2,5,15,15,2,7,30,"2-5","Y","N","N",5,0,2,50,400,100,350,14,700
"1429","D2",2025-10-31,"Elversberg","Hannover",2,2,"D",1,1,"D",2.25,3.6,2.8,"1-1","2-2",13,7,10,2,3,2,0,0,5,4,13,15,4,9,28,"5-4","Y","Y","Y",5,0,4,50,600,200,450,36,1800
"1430","D2",2025-10-31,"Preußen Münster","Holstein Kiel",2,1,"H",0,1,"A",3.2,3.5,2.1,"0-1","2-1",12,5,17,4,5,4,0,0,4,7,18,18,3,11,36,"4-7","Y","Y","N",9,0,3,90,2000,270,990,33,2970
"1431","D2",2025-11-01,"Hertha","Dresden",2,0,"H",2,0,"H",1.9,3.7,3.4,"2-0","2-0",11,6,13,4,0,0,0,0,3,5,16,9,2,8,25,"3-5","Y","N","N",0,0,2,0,0,0,0,16,0
"1432","D2",2025-11-01,"Karlsruhe","Schalke 04",2,1,"H",0,0,"D",2.6,3.4,2.45,"0-0","2-1",8,3,11,4,4,5,0,0,2,7,13,15,3,9,28,"2-7","Y","Y","N",9,0,3,90,2000,270,810,27,2430
"1433","D2",2025-11-01,"Nurnberg","Braunschweig",2,1,"H",2,1,"H",1.73,3.7,4.1,"2-1","2-1",5,2,12,4,2,3,0,1,1,9,13,13,3,10,26,"1-9","Y","Y","N",5,1,3,75,1100,225,750,30,2250
"1434","D2",2025-11-01,"Darmstadt","Bielefeld",2,2,"D",2,1,"H",1.83,3.75,3.6,"2-1","2-2",19,8,10,3,4,1,0,0,9,9,14,12,4,18,26,"9-9","Y","Y","Y",5,0,4,50,400,200,900,72,3600
"1435","D2",2025-11-02,"Bochum","Magdeburg",2,0,"H",1,0,"H",NA,NA,NA,"1-0","2-0",24,9,15,6,2,4,0,0,8,7,10,5,2,15,15,"8-7","Y","N","N",6,0,2,60,800,120,900,30,1800
"1436","D2",2025-11-02,"Fortuna Dusseldorf","Kaiserslautern",1,1,"D",0,0,"D",NA,NA,NA,"0-0","1-1",11,2,16,8,4,2,0,0,2,4,14,12,2,6,26,"2-4","Y","N","N",6,0,2,60,800,120,360,12,720
"1437","D2",2025-11-02,"Paderborn","Greuther Furth",2,1,"H",1,0,"H",NA,NA,NA,"1-0","2-1",14,6,19,7,1,3,0,0,5,5,15,18,3,10,33,"5-5","Y","Y","N",4,0,3,40,300,120,400,30,1200
"1438","D2",2025-11-07,"Dresden","Nurnberg",1,2,"A",1,1,"D",2.5,3.5,2.55,"1-1","1-2",9,1,9,4,3,3,0,0,5,5,12,18,3,10,30,"5-5","Y","Y","N",6,0,3,60,900,180,600,30,1800
"1439","D2",2025-11-07,"Greuther Furth","Preußen Münster",1,0,"H",0,0,"D",2.45,3.5,2.6,"0-0","1-0",7,2,12,3,1,4,0,0,4,7,9,12,1,11,21,"4-7","N","N","N",5,0,1,50,400,50,550,11,550
"1440","D2",2025-11-08,"Bielefeld","Karlsruhe",4,0,"H",1,0,"H",2.2,3.6,2.8,"1-0","4-0",19,6,8,2,0,2,0,0,3,5,7,11,4,8,18,"3-5","Y","Y","Y",2,0,4,20,0,80,160,32,640
"1441","D2",2025-11-08,"Hannover","Darmstadt",2,3,"A",2,1,"H",1.95,3.6,3.3,"2-1","2-3",20,10,16,8,2,1,0,0,5,5,16,12,5,10,28,"5-5","Y","Y","Y",3,0,5,30,200,150,300,50,1500
"1442","D2",2025-11-08,"Schalke 04","Elversberg",1,0,"H",1,0,"H",2.2,3.4,2.9,"1-0","1-0",7,2,6,0,4,2,0,0,1,5,17,12,1,6,29,"1-5","N","N","N",6,0,1,60,800,60,360,6,360
"1443","D2",2025-11-08,"Kaiserslautern","Hertha",0,1,"A",0,1,"A",2.2,3.7,2.75,"0-1","0-1",16,9,9,3,2,3,0,0,7,4,9,13,1,11,22,"7-4","N","N","N",5,0,1,50,600,50,550,11,550
"1444","D2",2025-11-09,"Braunschweig","Bochum",0,2,"A",0,1,"A",2.8,3.5,2.25,"0-1","0-2",23,6,13,4,3,3,0,0,10,9,10,10,2,19,20,"10-9","Y","N","N",6,0,2,60,900,120,1140,38,2280
"1445","D2",2025-11-09,"Holstein Kiel","Fortuna Dusseldorf",1,0,"H",0,0,"D",1.87,3.6,3.6,"0-0","1-0",13,4,17,6,1,3,0,0,3,5,9,16,1,8,25,"3-5","N","N","N",4,0,1,40,300,40,320,8,320
"1446","D2",2025-11-09,"Magdeburg","Paderborn",0,1,"A",0,1,"A",3.13,3.7,2,"0-1","0-1",17,3,12,6,4,4,0,0,3,5,10,14,1,8,24,"3-5","N","N","N",8,0,1,80,1600,80,640,8,640
"1447","D2",2025-11-21,"Bochum","Dresden",1,2,"A",0,2,"A",1.91,3.7,3.6,"0-2","1-2",23,4,10,4,0,3,0,0,13,8,1,10,3,21,11,"13-8","Y","Y","N",3,0,3,30,0,90,630,63,1890
"1448","D2",2025-11-21,"Hertha","Braunschweig",1,0,"H",0,0,"D",1.57,4,5.25,"0-0","1-0",15,5,15,3,1,3,0,0,6,5,14,12,1,11,26,"6-5","N","N","N",4,0,1,40,300,40,440,11,440
"1449","D2",2025-11-22,"Fortuna Dusseldorf","Magdeburg",2,1,"H",1,0,"H",2.2,3.7,2.75,"1-0","2-1",11,5,25,9,4,1,0,0,3,11,17,10,3,14,27,"3-11","Y","Y","N",5,0,3,50,400,150,700,42,2100
"1450","D2",2025-11-22,"Paderborn","Hannover",0,2,"A",0,2,"A",2.1,3.6,3,"0-2","0-2",16,4,15,9,0,1,0,0,11,4,12,5,2,15,17,"11-4","Y","N","N",1,0,2,10,0,20,150,30,300
"1451","D2",2025-11-22,"Preußen Münster","Schalke 04",0,0,"D",0,0,"D",3.2,3.25,2.1,"0-0","0-0",5,2,14,6,1,5,1,0,4,6,7,20,0,10,27,"4-6","N","N","N",6,1,0,85,1750,0,850,0,0
"1452","D2",2025-11-22,"Darmstadt","Greuther Furth",4,2,"H",1,1,"D",1.53,4.2,5,"1-1","4-2",18,9,14,8,2,3,0,0,5,2,13,9,6,7,22,"5-2","Y","Y","Y",5,0,6,50,600,300,350,42,2100
"1453","D2",2025-11-23,"Kaiserslautern","Holstein Kiel",4,1,"H",4,1,"H",2.25,3.5,2.8,"4-1","4-1",28,9,8,2,2,5,0,1,10,3,14,16,5,13,30,"10-3","Y","Y","Y",7,1,5,95,1500,475,1235,65,6175
"1454","D2",2025-11-23,"Karlsruhe","Elversberg",2,3,"A",0,1,"A",2.9,3.6,2.15,"0-1","2-3",11,4,26,8,3,1,0,0,4,9,15,13,5,13,28,"4-9","Y","Y","Y",4,0,5,40,300,200,520,65,2600
"1455","D2",2025-11-23,"Nurnberg","Bielefeld",2,0,"H",0,0,"D",2.3,3.5,2.7,"0-0","2-0",11,6,16,1,3,3,0,0,6,13,12,12,2,19,24,"6-13","Y","N","N",6,0,2,60,900,120,1140,38,2280
"121","E1",2025-08-08,"Birmingham","Ipswich",1,1,"D",0,0,"D",2.45,3.3,2.9,"0-0","1-1",11,3,7,1,2,3,0,0,1,4,16,22,2,5,38,"1-4","Y","N","N",5,0,2,50,600,100,250,10,500
"122","E1",2025-08-09,"Charlton","Watford",1,0,"H",0,0,"D",2.5,3.25,2.88,"0-0","1-0",12,5,10,1,1,2,0,0,3,2,6,16,1,5,22,"3-2","N","N","N",3,0,1,30,200,30,150,5,150
"123","E1",2025-08-09,"Coventry","Hull",0,0,"D",0,0,"D",1.73,3.75,4.6,"0-0","0-0",18,3,7,3,3,3,0,0,8,2,7,11,0,10,18,"8-2","N","N","N",6,0,0,60,900,0,600,0,0
"124","E1",2025-08-09,"Southampton","Wrexham",2,1,"H",0,1,"A",1.7,3.75,4.8,"0-1","2-1",27,10,10,2,2,2,0,0,7,4,12,13,3,11,25,"7-4","Y","Y","N",4,0,3,40,400,120,440,33,1320
"125","E1",2025-08-09,"Middlesbrough","Swansea",1,0,"H",0,0,"D",2,3.3,3.5,"0-0","1-0",6,3,3,1,2,5,0,0,7,2,15,15,1,9,30,"7-2","N","N","N",7,0,1,70,1000,70,630,9,630
"126","E1",2025-08-09,"Norwich","Millwall",1,2,"A",0,0,"D",2,3.2,3.6,"0-0","1-2",15,3,15,3,1,4,0,0,6,5,5,15,3,11,20,"6-5","Y","Y","N",5,0,3,50,400,150,550,33,1650
"127","E1",2025-08-09,"Oxford","Portsmouth",0,1,"A",0,1,"A",2.5,3.2,2.63,"0-1","0-1",18,4,9,4,1,2,0,0,8,4,15,10,1,12,25,"8-4","N","N","N",3,0,1,30,200,30,360,12,360
"128","E1",2025-08-09,"QPR","Preston",1,1,"D",1,0,"H",2.25,3.1,3.1,"1-0","1-1",13,3,11,3,0,3,0,0,5,4,7,9,2,9,16,"5-4","Y","N","N",3,0,2,30,0,60,270,18,540
"129","E1",2025-08-09,"Stoke","Derby",3,1,"H",0,0,"D",2.25,3,3.2,"0-0","3-1",12,7,3,2,1,2,0,0,7,3,12,14,4,10,26,"7-3","Y","Y","Y",3,0,4,30,200,120,300,40,1200
"130","E1",2025-08-09,"West Brom","Blackburn",1,0,"H",1,0,"H",1.8,3.3,4.33,"1-0","1-0",13,5,10,1,2,0,1,0,3,7,13,13,1,10,26,"3-7","N","N","N",2,1,1,45,0,45,450,10,450
"131","E1",2025-08-09,"Sheffield United","Bristol City",1,4,"A",1,2,"A",1.7,3.6,4.5,"1-2","1-4",20,6,9,5,0,0,0,0,14,3,10,10,5,17,20,"14-3","Y","Y","Y",0,0,5,0,0,0,0,85,0
"132","E1",2025-08-10,"Leicester","Sheffield Weds",2,1,"H",0,1,"A",1.11,7.5,18,"0-1","2-1",27,13,7,3,0,0,0,1,13,3,6,13,3,16,19,"13-3","Y","Y","N",0,1,3,25,0,75,400,48,1200
"133","E1",2025-08-16,"Derby","Coventry",3,5,"A",2,2,"D",3.1,3.13,2.38,"2-2","3-5",13,4,20,10,2,5,0,0,6,5,14,11,8,11,25,"6-5","Y","Y","Y",7,0,8,70,1000,560,770,88,6160
"134","E1",2025-08-16,"Portsmouth","Norwich",1,2,"A",0,2,"A",2.45,3.4,2.8,"0-2","1-2",19,3,11,5,3,3,0,0,9,0,8,13,3,9,21,"9-0","Y","Y","N",6,0,3,60,900,180,540,27,1620
"135","E1",2025-08-16,"Wrexham","West Brom",2,3,"A",1,1,"D",2.8,3.2,2.55,"1-1","2-3",15,3,17,5,2,0,0,0,5,5,5,7,5,10,12,"5-5","Y","Y","Y",2,0,5,20,0,100,200,50,1000
"136","E1",2025-08-16,"Blackburn","Birmingham",1,2,"A",0,0,"D",3.2,3.2,2.3,"0-0","1-2",5,2,8,4,1,2,0,0,3,5,14,13,3,8,27,"3-5","Y","Y","N",3,0,3,30,200,90,240,24,720
"137","E1",2025-08-16,"Bristol City","Charlton",0,0,"D",0,0,"D",1.93,3.4,4.1,"0-0","0-0",14,1,8,2,0,1,0,0,4,6,9,13,0,10,22,"4-6","N","N","N",1,0,0,10,0,0,100,0,0
"138","E1",2025-08-16,"Millwall","Middlesbrough",0,3,"A",0,0,"D",2.2,3.2,3.4,"0-0","0-3",11,1,12,5,4,5,0,0,6,10,16,11,3,16,27,"6-10","Y","Y","N",9,0,3,90,2000,270,1440,48,4320
"139","E1",2025-08-16,"Preston","Leicester",2,1,"H",1,0,"H",3.7,3.2,2.1,"1-0","2-1",14,4,14,2,2,0,0,0,6,4,11,7,3,10,18,"6-4","Y","Y","N",2,0,3,20,0,60,200,30,600
"140","E1",2025-08-16,"Sheffield Weds","Stoke",0,3,"A",0,1,"A",3.8,3.5,1.95,"0-1","0-3",15,5,12,6,0,3,0,0,6,7,12,10,3,13,22,"6-7","Y","Y","N",3,0,3,30,0,90,390,39,1170
"141","E1",2025-08-16,"Swansea","Sheffield United",1,0,"H",0,0,"D",2.8,3.2,2.55,"0-0","1-0",13,4,8,0,1,3,0,0,4,8,13,14,1,12,27,"4-8","N","N","N",4,0,1,40,300,40,480,12,480
"142","E1",2025-08-16,"Watford","QPR",2,1,"H",2,1,"H",2.15,3.3,3.4,"2-1","2-1",17,4,13,3,1,2,1,0,2,4,9,9,3,6,18,"2-4","Y","Y","N",3,1,3,55,700,165,330,18,990
"143","E1",2025-08-17,"Ipswich","Southampton",1,1,"D",1,1,"D",2.1,3.5,3.4,"1-1","1-1",14,1,11,3,2,2,0,0,4,5,7,20,2,9,27,"4-5","Y","N","N",4,0,2,40,400,80,360,18,720
"144","E1",2025-08-17,"Hull","Oxford",3,2,"H",2,2,"D",1.87,3.2,4.1,"2-2","3-2",19,7,11,6,1,1,0,0,10,4,7,8,5,14,15,"10-4","Y","Y","Y",2,0,5,20,100,100,280,70,1400
"145","E1",2025-08-22,"Derby","Bristol City",1,1,"D",0,1,"A",3.1,3.13,2.4,"0-1","1-1",5,2,11,3,3,0,0,0,4,5,15,5,2,9,20,"4-5","Y","N","N",3,0,2,30,0,60,270,18,540
"146","E1",2025-08-23,"Charlton","Leicester",0,1,"A",0,0,"D",3.3,3.3,2.2,"0-0","0-1",20,7,6,2,2,1,0,0,13,4,18,9,1,17,27,"13-4","N","N","N",3,0,1,30,200,30,510,17,510
"147","E1",2025-08-23,"Hull","Blackburn",0,3,"A",0,1,"A",2.38,3.13,3.1,"0-1","0-3",8,2,14,6,3,3,0,0,2,1,18,19,3,3,37,"2-1","Y","Y","N",6,0,3,60,900,180,180,9,540
"148","E1",2025-08-23,"Swansea","Watford",1,1,"D",0,1,"A",2.05,3.3,3.75,"0-1","1-1",11,2,9,4,3,5,0,0,7,2,11,17,2,9,28,"7-2","Y","N","N",8,0,2,80,1500,160,720,18,1440
"149","E1",2025-08-23,"Birmingham","Oxford",1,0,"H",1,0,"H",1.44,4.33,7.5,"1-0","1-0",16,1,6,1,0,0,0,0,4,1,11,17,1,5,28,"4-1","N","N","N",0,0,1,0,0,0,0,5,0
"150","E1",2025-08-23,"Coventry","QPR",7,1,"H",5,0,"H",1.53,4,6.5,"5-0","7-1",19,8,10,1,1,2,0,0,9,4,15,8,8,13,23,"9-4","Y","Y","Y",3,0,8,30,200,240,390,104,3120
"151","E1",2025-08-23,"Norwich","Middlesbrough",1,2,"A",0,2,"A",2.3,3.4,3,"0-2","1-2",14,3,11,4,0,3,1,0,5,3,11,14,3,8,25,"5-3","Y","Y","N",3,1,3,55,750,165,440,24,1320
"152","E1",2025-08-23,"Preston","Ipswich",1,0,"H",1,0,"H",3.7,3.4,2.05,"1-0","1-0",2,1,15,2,6,2,0,0,3,6,14,5,1,9,19,"3-6","N","N","N",8,0,1,80,1200,80,720,9,720
"153","E1",2025-08-23,"Sheffield United","Millwall",0,1,"A",0,1,"A",2.05,3.3,3.75,"0-1","0-1",14,4,17,6,3,2,0,0,8,7,11,16,1,15,27,"8-7","N","N","N",5,0,1,50,600,50,750,15,750
"154","E1",2025-08-23,"Southampton","Stoke",1,2,"A",0,0,"D",1.73,3.7,4.75,"0-0","1-2",18,2,12,4,1,3,0,1,7,3,6,12,3,10,18,"7-3","Y","Y","N",4,1,3,65,550,195,650,30,1950
"155","E1",2025-08-23,"West Brom","Portsmouth",1,1,"D",1,0,"H",1.73,3.7,4.8,"1-0","1-1",13,3,8,4,2,5,0,0,2,3,10,16,2,5,26,"2-3","Y","N","N",7,0,2,70,1000,140,350,10,700
"156","E1",2025-08-23,"Wrexham","Sheffield Weds",2,2,"D",2,0,"H",1.53,4.1,6,"2-0","2-2",11,4,21,7,0,0,0,0,3,9,7,8,4,12,15,"3-9","Y","Y","Y",0,0,4,0,0,0,0,48,0
"157","E1",2025-08-29,"Leicester","Birmingham",2,0,"H",1,0,"H",2.45,3.25,2.9,"1-0","2-0",5,2,11,1,3,3,0,0,1,7,11,16,2,8,27,"1-7","Y","N","N",6,0,2,60,900,120,480,16,960
"158","E1",2025-08-30,"Middlesbrough","Sheffield United",1,0,"H",0,0,"D",2.25,3.4,3.13,"0-0","1-0",15,6,8,0,0,3,0,0,5,9,5,13,1,14,18,"5-9","N","N","N",3,0,1,30,0,30,420,14,420
"159","E1",2025-08-30,"QPR","Charlton",3,1,"H",1,0,"H",2.9,3.25,2.45,"1-0","3-1",13,6,13,3,2,2,0,0,1,2,16,7,4,3,23,"1-2","Y","Y","Y",4,0,4,40,400,160,120,12,480
"160","E1",2025-08-30,"Stoke","West Brom",0,1,"A",0,1,"A",2.63,3.25,2.7,"0-1","0-1",13,3,12,3,1,2,0,0,5,5,7,11,1,10,18,"5-5","N","N","N",3,0,1,30,200,30,300,10,300
"161","E1",2025-08-30,"Blackburn","Norwich",0,2,"A",0,1,"A",2.38,3.3,3,"0-1","0-2",12,3,15,4,2,0,1,0,3,9,9,7,2,12,16,"3-9","Y","N","N",2,1,2,45,0,90,540,24,1080
"162","E1",2025-08-30,"Bristol City","Hull",4,2,"H",3,1,"H",1.9,3.5,4.1,"3-1","4-2",29,5,20,9,1,1,0,0,8,5,7,8,6,13,15,"8-5","Y","Y","Y",2,0,6,20,100,120,260,78,1560
"163","E1",2025-08-30,"Ipswich","Derby",2,2,"D",1,0,"H",1.53,3.9,6,"1-0","2-2",18,5,10,2,2,7,0,0,6,3,14,14,4,9,28,"6-3","Y","Y","Y",9,0,4,90,1400,360,810,36,3240
"164","E1",2025-08-30,"Millwall","Wrexham",0,2,"A",0,0,"D",2.05,3.4,3.6,"0-0","0-2",21,2,6,3,1,3,0,0,5,2,10,13,2,7,23,"5-2","Y","N","N",4,0,2,40,300,80,280,14,560
"165","E1",2025-08-30,"Oxford","Coventry",2,2,"D",1,2,"A",4.75,3.6,1.75,"1-2","2-2",14,3,15,6,1,2,0,0,0,5,13,10,4,5,23,"0-5","Y","Y","Y",3,0,4,30,200,120,150,20,600
"166","E1",2025-08-30,"Portsmouth","Preston",1,0,"H",1,0,"H",2.25,3.3,3.25,"1-0","1-0",10,2,13,2,1,2,0,0,6,4,11,7,1,10,18,"6-4","N","N","N",3,0,1,30,200,30,300,10,300
"167","E1",2025-08-30,"Sheffield Weds","Swansea",0,2,"A",0,0,"D",3.2,3.25,2.25,"0-0","0-2",9,1,17,8,0,2,0,0,2,7,14,10,2,9,24,"2-7","Y","N","N",2,0,2,20,0,40,180,18,360
"168","E1",2025-08-30,"Watford","Southampton",2,2,"D",0,1,"A",2.9,3.4,2.4,"0-1","2-2",10,4,12,7,2,5,0,0,4,5,14,12,4,9,26,"4-5","Y","Y","Y",7,0,4,70,1000,280,630,36,2520
"169","E1",2025-09-12,"Ipswich","Sheffield United",5,0,"H",1,0,"H",1.8,3.7,4.33,"1-0","5-0",21,11,10,2,0,2,0,0,3,5,11,15,5,8,26,"3-5","Y","Y","Y",2,0,5,20,0,100,160,40,800
"170","E1",2025-09-13,"Charlton","Millwall",1,1,"D",1,0,"H",2.4,3.1,3.1,"1-0","1-1",14,3,15,3,1,1,1,0,3,4,12,18,2,7,30,"3-4","Y","N","N",2,1,2,45,350,90,315,14,630
"171","E1",2025-09-13,"Oxford","Leicester",2,2,"D",2,1,"H",4.2,3.5,1.87,"2-1","2-2",19,2,8,5,1,2,0,1,4,4,10,11,4,8,21,"4-4","Y","Y","Y",3,1,4,55,450,220,440,32,1760
"172","E1",2025-09-13,"Preston","Middlesbrough",2,2,"D",1,0,"H",3.1,3.3,2.3,"1-0","2-2",7,2,14,3,1,3,0,0,3,4,13,7,4,7,20,"3-4","Y","Y","Y",4,0,4,40,300,160,280,28,1120
"173","E1",2025-09-13,"Coventry","Norwich",1,1,"D",0,1,"A",1.73,3.9,4.5,"0-1","1-1",28,4,4,1,2,6,0,0,11,2,12,7,2,13,19,"11-2","Y","N","N",8,0,2,80,1200,160,1040,26,2080
"174","E1",2025-09-13,"Sheffield Weds","Bristol City",0,3,"A",0,3,"A",3.75,3.6,1.95,"0-3","0-3",6,0,9,4,2,0,0,0,4,1,19,9,3,5,28,"4-1","Y","Y","N",2,0,3,20,0,60,100,15,300
"175","E1",2025-09-13,"Stoke","Birmingham",1,0,"H",1,0,"H",3,3.2,2.4,"1-0","1-0",8,3,7,0,3,1,0,0,5,3,11,11,1,8,22,"5-3","N","N","N",4,0,1,40,300,40,320,8,320
"176","E1",2025-09-13,"Swansea","Hull",2,2,"D",1,1,"D",1.8,3.6,4.4,"1-1","2-2",9,2,15,6,1,1,0,0,5,2,8,5,4,7,13,"5-2","Y","Y","Y",2,0,4,20,100,80,140,28,560
"177","E1",2025-09-13,"Watford","Blackburn",0,1,"A",0,0,"D",2.25,3.25,3.25,"0-0","0-1",14,1,14,5,1,2,0,0,5,7,12,14,1,12,26,"5-7","N","N","N",3,0,1,30,200,30,360,12,360
"178","E1",2025-09-13,"West Brom","Derby",0,1,"A",0,0,"D",1.75,3.5,5,"0-0","0-1",18,3,4,1,1,2,0,0,11,0,8,10,1,11,18,"11-0","N","N","N",3,0,1,30,200,30,330,11,330
"179","E1",2025-09-13,"Wrexham","QPR",1,3,"A",0,2,"A",1.9,3.6,3.9,"0-2","1-3",21,8,15,6,1,0,0,0,12,9,5,10,4,21,15,"12-9","Y","Y","Y",1,0,4,10,0,40,210,84,840
"180","E1",2025-09-14,"Southampton","Portsmouth",0,0,"D",0,0,"D",1.73,3.8,4.6,"0-0","0-0",9,1,10,1,4,2,0,0,7,5,16,14,0,12,30,"7-5","N","N","N",6,0,0,60,800,0,720,0,0
"181","E1",2025-09-19,"Middlesbrough","West Brom",2,1,"H",1,0,"H",2.2,3.4,3.25,"1-0","2-1",9,4,15,3,0,0,0,0,2,3,3,7,3,5,10,"2-3","Y","Y","N",0,0,3,0,0,0,0,15,0
"182","E1",2025-09-20,"Birmingham","Swansea",1,0,"H",0,0,"D",1.87,3.3,4.5,"0-0","1-0",23,7,9,2,5,4,0,0,7,2,13,11,1,9,24,"7-2","N","N","N",9,0,1,90,2000,90,810,9,810
"183","E1",2025-09-20,"Leicester","Coventry",0,0,"D",0,0,"D",2.45,3.6,2.7,"0-0","0-0",17,9,11,3,0,3,0,0,10,3,8,11,0,13,19,"10-3","N","N","N",3,0,0,30,0,0,390,0,0
"184","E1",2025-09-20,"QPR","Stoke",1,0,"H",0,0,"D",2.7,3.25,2.63,"0-0","1-0",14,7,7,1,5,3,0,0,3,6,8,13,1,9,21,"3-6","N","N","N",8,0,1,80,1500,80,720,9,720
"185","E1",2025-09-20,"Derby","Preston",0,1,"A",0,1,"A",2.38,3,3.25,"0-1","0-1",7,2,10,6,2,2,0,0,3,4,10,7,1,7,17,"3-4","N","N","N",4,0,1,40,400,40,280,7,280
"186","E1",2025-09-20,"Hull","Southampton",3,1,"H",1,0,"H",3,3.5,2.25,"1-0","3-1",11,4,14,4,5,3,0,0,1,6,15,10,4,7,25,"1-6","Y","Y","Y",8,0,4,80,1500,320,560,28,2240
"187","E1",2025-09-20,"Norwich","Wrexham",2,3,"A",1,0,"H",1.75,3.8,4.33,"1-0","2-3",14,5,11,8,1,3,0,0,2,3,6,9,5,5,15,"2-3","Y","Y","Y",4,0,5,40,300,200,200,25,1000
"188","E1",2025-09-20,"Portsmouth","Sheffield Weds",0,2,"A",0,1,"A",1.53,4.1,6,"0-1","0-2",25,5,13,8,1,5,0,0,11,5,5,10,2,16,15,"11-5","Y","N","N",6,0,2,60,500,120,960,32,1920
"189","E1",2025-09-20,"Sheffield United","Charlton",0,1,"A",0,0,"D",1.83,3.5,4.4,"0-0","0-1",13,1,13,4,1,3,0,0,6,1,14,18,1,7,32,"6-1","N","N","N",4,0,1,40,300,40,280,7,280
"190","E1",2025-09-21,"Bristol City","Oxford",1,3,"A",0,2,"A",1.55,3.8,5.5,"0-2","1-3",12,2,18,6,4,1,0,0,8,5,15,14,4,13,29,"8-5","Y","Y","Y",5,0,4,50,400,200,650,52,2600
"191","E1",2025-09-22,"Millwall","Watford",1,0,"H",1,0,"H",2.05,3.13,3.5,"1-0","1-0",9,2,11,4,1,0,0,0,7,4,11,9,1,11,20,"7-4","N","N","N",1,0,1,10,0,10,110,11,110
"192","E1",2025-09-26,"West Brom","Leicester",1,1,"D",1,0,"H",2.2,3.25,3.3,"1-0","1-1",11,5,13,1,2,5,0,0,3,3,13,16,2,6,29,"3-3","Y","N","N",7,0,2,70,1000,140,420,12,840
"193","E1",2025-09-27,"Coventry","Birmingham",3,0,"H",1,0,"H",2.1,3.5,3.4,"1-0","3-0",14,5,5,0,1,2,0,1,3,4,11,12,3,7,23,"3-4","Y","Y","N",3,1,3,55,450,165,385,21,1155
"194","E1",2025-09-27,"Swansea","Millwall",1,1,"D",1,1,"D",2.15,3.2,3.5,"1-1","1-1",13,2,11,3,1,2,0,0,6,4,7,20,2,10,27,"6-4","Y","N","N",3,0,2,30,200,60,300,20,600
"195","E1",2025-09-27,"Wrexham","Derby",1,1,"D",0,0,"D",2.15,3.2,3.6,"0-0","1-1",10,5,5,3,1,5,0,0,4,3,9,16,2,7,25,"4-3","Y","N","N",6,0,2,60,500,120,420,14,840
"196","E1",2025-09-27,"Charlton","Blackburn",3,0,"H",1,0,"H",2.38,3.2,3.13,"1-0","3-0",16,7,9,2,4,2,0,0,3,3,15,11,3,6,26,"3-3","Y","Y","N",6,0,3,60,800,180,360,18,1080
"197","E1",2025-09-27,"Ipswich","Portsmouth",2,1,"H",2,0,"H",1.53,4.2,6,"2-0","2-1",14,5,8,4,1,2,0,0,5,4,15,11,3,9,26,"5-4","Y","Y","N",3,0,3,30,200,90,270,27,810
"198","E1",2025-09-27,"Oxford","Sheffield United",0,1,"A",0,0,"D",3.1,3.3,2.3,"0-0","0-1",14,3,6,2,1,1,0,0,3,5,10,13,1,8,23,"3-5","N","N","N",2,0,1,20,100,20,160,8,160
"199","E1",2025-09-27,"Preston","Bristol City",0,0,"D",0,0,"D",2.6,3.3,2.7,"0-0","0-0",7,2,19,7,4,1,0,0,2,9,9,10,0,11,19,"2-9","N","N","N",5,0,0,50,400,0,550,0,0
"200","E1",2025-09-27,"Sheffield Weds","QPR",1,1,"D",1,0,"H",2.8,3.3,2.5,"1-0","1-1",14,5,14,4,2,2,0,0,5,4,12,19,2,9,31,"5-4","Y","N","N",4,0,2,40,400,80,360,18,720
"201","E1",2025-09-27,"Southampton","Middlesbrough",1,1,"D",0,0,"D",2.3,3.5,2.9,"0-0","1-1",14,2,7,1,2,6,0,0,6,3,11,17,2,9,28,"6-3","Y","N","N",8,0,2,80,1200,160,720,18,1440
"202","E1",2025-09-27,"Stoke","Norwich",1,1,"D",0,1,"A",2,3.5,3.6,"0-1","1-1",23,6,6,3,0,3,0,0,12,2,11,9,2,14,20,"12-2","Y","N","N",3,0,2,30,0,60,420,28,840
"203","E1",2025-09-27,"Watford","Hull",2,1,"H",0,1,"A",2.25,3.4,3.1,"0-1","2-1",21,8,11,4,1,5,0,0,6,6,7,16,3,12,23,"6-6","Y","Y","N",6,0,3,60,500,180,720,36,2160
"204","E1",2025-09-30,"Birmingham","Sheffield Weds",2,2,"D",1,1,"D",1.45,4.33,7,"1-1","2-2",20,5,5,3,3,2,0,0,10,4,15,11,4,14,26,"10-4","Y","Y","Y",5,0,4,50,600,200,700,56,2800
"205","E1",2025-09-30,"Blackburn","Swansea",1,2,"A",1,1,"D",2.63,3.2,2.7,"1-1","1-2",14,3,7,4,3,2,0,0,7,3,15,13,3,10,28,"7-3","Y","Y","N",5,0,3,50,600,150,500,30,1500
"206","E1",2025-09-30,"Bristol City","Ipswich",1,1,"D",1,0,"H",2.75,3.4,2.5,"1-0","1-1",13,3,15,3,4,2,0,0,3,6,14,11,2,9,25,"3-6","Y","N","N",6,0,2,60,800,120,540,18,1080
"207","E1",2025-09-30,"Hull","Preston",2,2,"D",0,2,"A",2.15,3.3,3.4,"0-2","2-2",10,5,13,5,0,1,0,0,5,3,11,9,4,8,20,"5-3","Y","Y","Y",1,0,4,10,0,40,80,32,320
"208","E1",2025-09-30,"Leicester","Wrexham",1,1,"D",1,0,"H",1.65,3.8,5.25,"1-0","1-1",16,1,9,1,3,1,0,0,7,1,9,7,2,8,16,"7-1","Y","N","N",4,0,2,40,300,80,320,16,640
"209","E1",2025-09-30,"Middlesbrough","Stoke",0,0,"D",0,0,"D",1.83,3.5,4.33,"0-0","0-0",12,4,18,5,2,0,0,0,5,8,8,5,0,13,13,"5-8","N","N","N",2,0,0,20,0,0,260,0,0
"210","E1",2025-09-30,"Sheffield United","Southampton",1,2,"A",1,0,"H",2.38,3.4,2.9,"1-0","1-2",8,3,12,5,3,4,0,0,4,5,14,19,3,9,33,"4-5","Y","Y","N",7,0,3,70,1200,210,630,27,1890
"211","E1",2025-09-30,"Derby","Charlton",1,1,"D",0,1,"A",2.63,3,2.88,"0-1","1-1",18,3,11,3,2,0,0,0,5,2,11,10,2,7,21,"5-2","Y","N","N",2,0,2,20,0,40,140,14,280
"212","E1",2025-10-01,"Millwall","Coventry",0,4,"A",0,1,"A",2.9,3.4,2.38,"0-1","0-4",13,3,13,5,2,2,0,0,3,3,9,9,4,6,18,"3-3","Y","Y","Y",4,0,4,40,400,160,240,24,960
"213","E1",2025-10-01,"Norwich","West Brom",0,1,"A",0,1,"A",2.75,3.4,2.5,"0-1","0-1",16,5,5,1,1,4,0,0,4,3,8,9,1,7,17,"4-3","N","N","N",5,0,1,50,400,50,350,7,350
"214","E1",2025-10-01,"Portsmouth","Watford",2,2,"D",1,0,"H",2.2,3.3,3.3,"1-0","2-2",15,5,12,6,2,5,0,0,3,3,9,15,4,6,24,"3-3","Y","Y","Y",7,0,4,70,1000,280,420,24,1680
"215","E1",2025-10-01,"QPR","Oxford",0,0,"D",0,0,"D",2.1,3.4,3.5,"0-0","0-0",13,1,9,0,3,1,0,0,9,1,12,11,0,10,23,"9-1","N","N","N",4,0,0,40,300,0,400,0,0
"216","E1",2025-10-03,"Wrexham","Birmingham",1,1,"D",1,0,"H",2.9,3.25,2.45,"1-0","1-1",12,4,8,3,0,2,0,0,5,5,4,8,2,10,12,"5-5","Y","N","N",2,0,2,20,0,40,200,20,400
"217","E1",2025-10-04,"Blackburn","Stoke",1,1,"D",0,0,"D",2.55,3.2,2.8,"0-0","1-1",17,5,11,6,1,1,0,0,7,6,5,9,2,13,14,"7-6","Y","N","N",2,0,2,20,100,40,260,26,520
"218","E1",2025-10-04,"Hull","Sheffield United",1,0,"H",1,0,"H",2.63,3.4,2.6,"1-0","1-0",5,2,13,4,2,2,0,0,4,9,13,13,1,13,26,"4-9","N","N","N",4,0,1,40,400,40,520,13,520
"219","E1",2025-10-04,"Sheffield Weds","Coventry",0,5,"A",0,3,"A",5.75,4.2,1.45,"0-3","0-5",9,0,21,10,1,1,0,0,13,8,9,3,5,21,12,"13-8","Y","Y","Y",2,0,5,20,100,100,420,105,2100
"220","E1",2025-10-04,"Bristol City","QPR",1,2,"A",1,0,"H",1.8,3.75,4.2,"1-0","1-2",11,1,8,2,5,1,0,0,4,1,9,8,3,5,17,"4-1","Y","Y","N",6,0,3,60,500,180,300,15,900
"221","E1",2025-10-04,"Derby","Southampton",1,1,"D",1,1,"D",3.4,3.3,2.15,"1-1","1-1",9,5,13,6,4,2,0,0,3,5,11,9,2,8,20,"3-5","Y","N","N",6,0,2,60,800,120,480,16,960
"222","E1",2025-10-04,"Millwall","West Brom",3,0,"H",1,0,"H",2.8,3.13,2.6,"1-0","3-0",11,4,10,1,1,2,0,0,4,5,17,8,3,9,25,"4-5","Y","Y","N",3,0,3,30,200,90,270,27,810
"223","E1",2025-10-04,"Portsmouth","Middlesbrough",1,0,"H",1,0,"H",3,3.4,2.3,"1-0","1-0",8,1,12,1,2,1,0,0,2,8,13,6,1,10,19,"2-8","N","N","N",3,0,1,30,200,30,300,10,300
"224","E1",2025-10-04,"Preston","Charlton",2,0,"H",0,0,"D",2.55,3.2,2.88,"0-0","2-0",15,3,8,0,0,2,0,0,3,4,6,9,2,7,15,"3-4","Y","N","N",2,0,2,20,0,40,140,14,280
"225","E1",2025-10-04,"Swansea","Leicester",1,3,"A",0,1,"A",2.63,3.25,2.7,"0-1","1-3",13,7,17,7,2,1,0,0,2,5,10,11,4,7,21,"2-5","Y","Y","Y",3,0,4,30,200,120,210,28,840
"226","E1",2025-10-04,"Watford","Oxford",2,1,"H",2,1,"H",2,3.4,3.75,"2-1","2-1",27,10,15,5,3,4,0,0,9,3,6,9,3,12,15,"9-3","Y","Y","N",7,0,3,70,1200,210,840,36,2520
"227","E1",2025-10-05,"Ipswich","Norwich",3,1,"H",2,1,"H",1.57,4.1,5.5,"2-1","3-1",19,9,12,4,1,3,0,0,8,8,9,15,4,16,24,"8-8","Y","Y","Y",4,0,4,40,300,160,640,64,2560
"228","E1",2025-10-17,"Middlesbrough","Ipswich",2,1,"H",1,0,"H",2.8,3.25,2.55,"1-0","2-1",15,5,17,5,3,1,0,0,5,9,12,14,3,14,26,"5-9","Y","Y","N",4,0,3,40,300,120,560,42,1680
"229","E1",2025-10-18,"Oxford","Derby",1,0,"H",1,0,"H",2.55,3,3,"1-0","1-0",19,7,6,1,4,1,0,0,4,12,9,12,1,16,21,"4-12","N","N","N",5,0,1,50,400,50,800,16,800
"230","E1",2025-10-18,"QPR","Millwall",1,2,"A",0,2,"A",2.6,3.13,2.8,"0-2","1-2",20,3,5,5,2,4,0,0,8,3,8,13,3,11,21,"8-3","Y","Y","N",6,0,3,60,800,180,660,33,1980
"231","E1",2025-10-18,"Southampton","Swansea",0,0,"D",0,0,"D",1.93,3.5,3.9,"0-0","0-0",21,8,6,1,0,4,0,0,5,3,11,14,0,8,25,"5-3","N","N","N",4,0,0,40,0,0,320,0,0
"232","E1",2025-10-18,"Birmingham","Hull",2,3,"A",1,2,"A",1.73,3.7,4.75,"1-2","2-3",29,8,14,7,2,7,1,0,9,7,7,14,5,16,21,"9-7","Y","Y","Y",9,1,5,115,3150,575,1840,80,9200
"233","E1",2025-10-18,"Charlton","Sheffield Weds",2,1,"H",2,0,"H",1.67,3.6,5.5,"2-0","2-1",12,5,12,4,1,2,0,1,2,4,9,11,3,6,20,"2-4","Y","Y","N",3,1,3,55,450,165,330,18,990
"234","E1",2025-10-18,"Coventry","Blackburn",2,0,"H",0,0,"D",1.55,4.2,5.75,"0-0","2-0",14,5,17,3,0,2,0,0,2,7,7,15,2,9,22,"2-7","Y","N","N",2,0,2,20,0,40,180,18,360
"235","E1",2025-10-18,"Norwich","Bristol City",0,1,"A",0,0,"D",2.5,3.5,2.7,"0-0","0-1",11,4,21,6,2,3,0,0,3,9,11,14,1,12,25,"3-9","N","N","N",5,0,1,50,600,50,600,12,600
"236","E1",2025-10-18,"Sheffield United","Watford",1,0,"H",0,0,"D",2,3.4,3.75,"0-0","1-0",18,6,13,1,0,1,0,0,7,3,5,8,1,10,13,"7-3","N","N","N",1,0,1,10,0,10,100,10,100
"237","E1",2025-10-18,"Stoke","Wrexham",1,0,"H",1,0,"H",1.93,3.5,3.9,"1-0","1-0",12,3,5,3,2,0,0,0,6,4,8,5,1,10,13,"6-4","N","N","N",2,0,1,20,0,20,200,10,200
"238","E1",2025-10-18,"West Brom","Preston",2,1,"H",1,0,"H",1.75,3.5,4.8,"1-0","2-1",16,6,17,5,2,1,0,0,8,4,10,9,3,12,19,"8-4","Y","Y","N",3,0,3,30,200,90,360,36,1080
"239","E1",2025-10-18,"Leicester","Portsmouth",1,1,"D",1,0,"H",1.7,3.75,4.8,"1-0","1-1",19,6,8,3,1,2,0,0,14,4,15,9,2,18,24,"14-4","Y","N","N",3,0,2,30,200,60,540,36,1080
"240","E1",2025-10-21,"Blackburn","Sheffield United",1,3,"A",1,0,"H",2.4,3.25,3,"1-0","1-3",12,3,11,5,1,1,0,0,5,5,6,10,4,10,16,"5-5","Y","Y","Y",2,0,4,20,100,80,200,40,800
"241","E1",2025-10-21,"Derby","Norwich",1,0,"H",0,0,"D",2.5,3.2,2.88,"0-0","1-0",8,3,17,3,2,1,0,0,5,13,13,7,1,18,20,"5-13","N","N","N",3,0,1,30,200,30,540,18,540
"242","E1",2025-10-21,"Hull","Leicester",2,1,"H",2,0,"H",3.3,3.5,2.1,"2-0","2-1",9,6,18,4,1,2,0,0,1,7,8,12,3,8,20,"1-7","Y","Y","N",3,0,3,30,200,90,240,24,720
"243","E1",2025-10-21,"Ipswich","Charlton",0,3,"A",0,0,"D",1.62,3.75,5.75,"0-0","0-3",31,5,15,8,0,3,0,0,16,3,7,11,3,19,18,"16-3","Y","Y","N",3,0,3,30,0,90,570,57,1710
"244","E1",2025-10-21,"Millwall","Stoke",2,0,"H",2,0,"H",2.38,3.2,3.13,"2-0","2-0",15,7,10,3,2,1,0,0,3,2,13,7,2,5,20,"3-2","Y","N","N",3,0,2,30,200,60,150,10,300
"245","E1",2025-10-21,"Portsmouth","Coventry",1,2,"A",0,1,"A",4,3.75,1.83,"0-1","1-2",15,5,19,7,1,1,0,0,6,5,5,12,3,11,17,"6-5","Y","Y","N",2,0,3,20,100,60,220,33,660
"246","E1",2025-10-21,"Preston","Birmingham",0,1,"A",0,1,"A",2.88,3.2,2.5,"0-1","0-1",17,6,9,2,2,5,0,0,9,3,8,14,1,12,22,"9-3","N","N","N",7,0,1,70,1000,70,840,12,840
"247","E1",2025-10-21,"Bristol City","Southampton",3,1,"H",1,1,"D",2.45,3.4,2.8,"1-1","3-1",13,4,14,7,1,2,0,0,2,3,10,11,4,5,21,"2-3","Y","Y","Y",3,0,4,30,200,120,150,20,600
"248","E1",2025-10-22,"Swansea","QPR",0,1,"A",0,1,"A",2.15,3.3,3.4,"0-1","0-1",11,2,15,4,1,4,1,0,6,3,8,9,1,9,17,"6-3","N","N","N",5,1,1,75,1400,75,675,9,675
"249","E1",2025-10-22,"Watford","West Brom",2,1,"H",1,1,"D",2.75,3.2,2.63,"1-1","2-1",19,5,9,4,0,2,0,0,4,5,12,8,3,9,20,"4-5","Y","Y","N",2,0,3,20,0,60,180,27,540
"250","E1",2025-10-22,"Wrexham","Oxford",1,0,"H",1,0,"H",2,3.5,3.7,"1-0","1-0",11,6,6,2,3,1,1,0,6,3,12,12,1,9,24,"6-3","N","N","N",4,1,1,65,550,65,585,9,585
"251","E1",2025-10-22,"Sheffield Weds","Middlesbrough",0,1,"A",0,1,"A",4.8,3.75,1.7,"0-1","0-1",11,3,19,7,3,1,0,0,6,5,8,4,1,11,12,"6-5","N","N","N",4,0,1,40,300,40,440,11,440
"252","E1",2025-10-24,"Preston","Sheffield United",3,2,"H",1,2,"A",2.63,3,2.88,"1-2","3-2",15,3,12,3,4,1,0,0,2,4,14,11,5,6,25,"2-4","Y","Y","Y",5,0,5,50,400,250,300,30,1500
"253","E1",2025-10-25,"Coventry","Watford",3,1,"H",3,0,"H",1.45,4.6,6.5,"3-0","3-1",12,3,13,8,3,2,0,1,5,7,10,8,4,12,18,"5-7","Y","Y","Y",5,1,4,75,1350,300,900,48,3600
"254","E1",2025-10-25,"Ipswich","West Brom",1,0,"H",0,0,"D",1.75,3.7,4.6,"0-0","1-0",15,4,10,1,1,1,0,0,4,5,12,8,1,9,20,"4-5","N","N","N",2,0,1,20,100,20,180,9,180
"255","E1",2025-10-25,"Portsmouth","Stoke",0,1,"A",0,0,"D",2.7,3.3,2.6,"0-0","0-1",14,3,11,2,2,3,0,0,6,2,8,15,1,8,23,"6-2","N","N","N",5,0,1,50,600,50,400,8,400
"256","E1",2025-10-25,"Blackburn","Southampton",2,1,"H",0,1,"A",3,3.3,2.38,"0-1","2-1",18,6,12,5,3,1,0,1,6,5,13,7,3,11,20,"6-5","Y","Y","N",4,1,3,65,1050,195,715,33,2145
"257","E1",2025-10-25,"Bristol City","Birmingham",1,0,"H",1,0,"H",2.25,3.3,3.25,"1-0","1-0",5,1,13,1,2,1,0,0,0,6,9,6,1,6,15,"0-6","N","N","N",3,0,1,30,200,30,180,6,180
"258","E1",2025-10-25,"Derby","QPR",1,0,"H",1,0,"H",2.6,3.25,2.7,"1-0","1-0",12,4,6,1,2,2,0,0,5,2,13,10,1,7,23,"5-2","N","N","N",4,0,1,40,400,40,280,7,280
"259","E1",2025-10-25,"Hull","Charlton",1,1,"D",0,0,"D",2.5,3.3,2.8,"0-0","1-1",15,4,11,5,2,1,0,0,6,2,8,9,2,8,17,"6-2","Y","N","N",3,0,2,30,200,60,240,16,480
"260","E1",2025-10-25,"Middlesbrough","Wrexham",1,1,"D",0,1,"A",1.73,3.7,4.75,"0-1","1-1",14,4,6,2,0,5,0,0,4,4,8,17,2,8,25,"4-4","Y","N","N",5,0,2,50,0,100,400,16,800
"261","E1",2025-10-25,"Millwall","Leicester",1,0,"H",1,0,"H",2.63,3.25,2.7,"1-0","1-0",9,4,12,3,1,2,0,0,5,9,12,8,1,14,20,"5-9","N","N","N",3,0,1,30,200,30,420,14,420
"262","E1",2025-10-25,"Sheffield Weds","Oxford",1,2,"A",0,2,"A",2.75,3.3,2.55,"0-2","1-2",17,5,11,4,0,0,0,0,8,3,11,11,3,11,22,"8-3","Y","Y","N",0,0,3,0,0,0,0,33,0
"263","E1",2025-10-25,"Swansea","Norwich",2,1,"H",1,1,"D",2.2,3.4,3.2,"1-1","2-1",9,3,7,3,3,1,0,0,2,3,13,12,3,5,25,"2-3","Y","Y","N",4,0,3,40,300,120,200,15,600
"264","E1",2025-10-31,"Wrexham","Coventry",3,2,"H",0,1,"A",3.8,3.5,1.95,"0-1","3-2",13,7,18,5,2,1,0,0,3,6,9,10,5,9,19,"3-6","Y","Y","Y",3,0,5,30,200,150,270,45,1350
"265","E1",2025-11-01,"Leicester","Blackburn",0,2,"A",0,1,"A",1.8,3.6,4.5,"0-1","0-2",12,1,9,5,0,1,0,0,7,4,9,12,2,11,21,"7-4","Y","N","N",1,0,2,10,0,20,110,22,220
"266","E1",2025-11-01,"Norwich","Hull",0,2,"A",0,0,"D",2.1,3.6,3.25,"0-0","0-2",15,3,9,4,1,2,0,0,6,4,8,12,2,10,20,"6-4","Y","N","N",3,0,2,30,200,60,300,20,600
"267","E1",2025-11-01,"West Brom","Sheffield Weds",0,0,"D",0,0,"D",1.5,4.2,6.5,"0-0","0-0",13,6,5,2,1,1,0,0,8,3,17,14,0,11,31,"8-3","N","N","N",2,0,0,20,100,0,220,0,0
"268","E1",2025-11-01,"Birmingham","Portsmouth",4,0,"H",1,0,"H",1.8,3.5,4.6,"1-0","4-0",19,7,5,0,1,2,0,0,9,5,12,10,4,14,22,"9-5","Y","Y","Y",3,0,4,30,200,120,420,56,1680
"269","E1",2025-11-01,"Charlton","Swansea",1,1,"D",0,0,"D",2.1,3.25,3.6,"0-0","1-1",11,4,11,2,0,0,0,0,4,7,10,8,2,11,18,"4-7","Y","N","N",0,0,2,0,0,0,0,22,0
"270","E1",2025-11-01,"Oxford","Millwall",2,2,"D",1,1,"D",2.8,3.2,2.6,"1-1","2-2",14,6,11,4,0,0,0,0,5,8,5,14,4,13,19,"5-8","Y","Y","Y",0,0,4,0,0,0,0,52,0
"271","E1",2025-11-01,"QPR","Ipswich",1,4,"A",1,1,"D",3.6,3.5,2,"1-1","1-4",12,5,12,7,4,0,0,0,3,2,16,10,5,5,26,"3-2","Y","Y","Y",4,0,5,40,0,200,200,25,1000
"272","E1",2025-11-01,"Sheffield United","Derby",1,3,"A",0,1,"A",1.83,3.4,4.5,"0-1","1-3",15,5,12,4,2,1,0,0,9,4,10,11,4,13,21,"9-4","Y","Y","Y",3,0,4,30,200,120,390,52,1560
"273","E1",2025-11-01,"Southampton","Preston",0,2,"A",0,1,"A",1.7,3.8,4.8,"0-1","0-2",10,2,12,3,1,3,0,0,8,2,11,18,2,10,29,"8-2","Y","N","N",4,0,2,40,300,80,400,20,800
"274","E1",2025-11-01,"Stoke","Bristol City",5,1,"H",3,0,"H",2.4,3.25,3,"3-0","5-1",13,8,16,5,3,0,0,0,4,10,13,10,6,14,23,"4-10","Y","Y","Y",3,0,6,30,0,180,420,84,2520
"275","E1",2025-11-01,"Watford","Middlesbrough",3,0,"H",2,0,"H",2.75,3.3,2.55,"2-0","3-0",9,4,14,4,2,1,0,0,1,7,15,11,3,8,26,"1-7","Y","Y","N",3,0,3,30,200,90,240,24,720
"276","E1",2025-11-04,"Birmingham","Millwall",4,0,"H",2,0,"H",1.87,3.4,4.33,"2-0","4-0",12,6,4,2,0,0,0,0,2,3,3,12,4,5,15,"2-3","Y","Y","Y",0,0,4,0,0,0,0,20,0
"277","E1",2025-11-04,"Bristol City","Blackburn",0,1,"A",0,1,"A",2.1,3.4,3.4,"0-1","0-1",12,0,16,5,0,3,0,0,6,3,8,10,1,9,18,"6-3","N","N","N",3,0,1,30,0,30,270,9,270
"278","E1",2025-11-04,"Charlton","West Brom",1,0,"H",0,0,"D",2.55,3.1,2.9,"0-0","1-0",11,3,13,1,0,0,0,0,4,3,13,12,1,7,25,"4-3","N","N","N",0,0,1,0,0,0,0,7,0
"279","E1",2025-11-04,"Derby","Hull",2,1,"H",1,0,"H",2.2,3.3,3.3,"1-0","2-1",9,3,8,2,1,0,0,0,6,5,13,7,3,11,20,"6-5","Y","Y","N",1,0,3,10,0,30,110,33,330
"280","E1",2025-11-04,"Ipswich","Watford",1,1,"D",1,1,"D",1.7,3.6,5.25,"1-1","1-1",16,4,4,2,1,2,0,0,2,5,2,14,2,7,16,"2-5","Y","N","N",3,0,2,30,200,60,210,14,420
"281","E1",2025-11-04,"Leicester","Middlesbrough",1,1,"D",1,0,"H",2.2,3.4,3.2,"1-0","1-1",6,2,17,4,6,1,0,1,3,6,18,11,2,9,29,"3-6","Y","N","N",7,1,2,95,2100,190,855,18,1710
"282","E1",2025-11-04,"Oxford","Stoke",0,3,"A",0,2,"A",3.1,3.3,2.3,"0-2","0-3",16,1,14,6,1,3,0,0,10,7,6,13,3,17,19,"10-7","Y","Y","N",4,0,3,40,300,120,680,51,2040
"283","E1",2025-11-04,"Coventry","Sheffield United",3,1,"H",0,1,"A",1.57,4.2,5.5,"0-1","3-1",17,8,11,4,3,2,0,0,6,13,5,14,4,19,19,"6-13","Y","Y","Y",5,0,4,50,600,200,950,76,3800
"284","E1",2025-11-05,"Preston","Swansea",2,1,"H",1,0,"H",2.25,3.2,3.3,"1-0","2-1",4,3,18,5,3,1,0,0,2,8,12,5,3,10,17,"2-8","Y","Y","N",4,0,3,40,300,120,400,30,1200
"285","E1",2025-11-05,"QPR","Southampton",1,2,"A",0,0,"D",2.75,3.4,2.5,"0-0","1-2",20,5,9,2,1,3,0,0,12,1,12,14,3,13,26,"12-1","Y","Y","N",4,0,3,40,300,120,520,39,1560
"286","E1",2025-11-05,"Sheffield Weds","Norwich",1,1,"D",1,0,"H",3.25,3.5,2.15,"1-0","1-1",15,6,13,3,0,4,0,0,9,4,9,8,2,13,17,"9-4","Y","N","N",4,0,2,40,0,80,520,26,1040
"287","E1",2025-11-05,"Portsmouth","Wrexham",0,0,"D",0,0,"D",2.5,3.25,2.88,"0-0","0-0",19,7,8,3,3,3,0,0,10,3,9,8,0,13,17,"10-3","N","N","N",6,0,0,60,900,0,780,0,0
"288","E1",2025-11-07,"Watford","Bristol City",1,1,"D",1,1,"D",2.1,3.3,3.6,"1-1","1-1",16,10,10,4,2,1,0,0,6,4,10,9,2,10,19,"6-4","Y","N","N",3,0,2,30,200,60,300,20,600
"289","E1",2025-11-08,"Blackburn","Derby",1,2,"A",0,2,"A",1.95,3.3,4.1,"0-2","1-2",8,3,6,4,1,3,0,0,13,3,6,11,3,16,17,"13-3","Y","Y","N",4,0,3,40,300,120,640,48,1920
"290","E1",2025-11-08,"Hull","Portsmouth",3,2,"H",2,2,"D",2.1,3.5,3.4,"2-2","3-2",13,4,13,5,1,3,0,0,5,5,6,14,5,10,20,"5-5","Y","Y","Y",4,0,5,40,300,200,400,50,2000
"291","E1",2025-11-08,"Millwall","Preston",1,1,"D",1,1,"D",2.2,3.2,3.4,"1-1","1-1",14,4,8,6,2,2,0,0,10,6,11,10,2,16,21,"10-6","Y","N","N",4,0,2,40,400,80,640,32,1280
"292","E1",2025-11-08,"Middlesbrough","Birmingham",2,1,"H",2,1,"H",2.63,3.2,2.75,"2-1","2-1",8,4,13,5,1,1,0,0,3,5,9,13,3,8,22,"3-5","Y","Y","N",2,0,3,20,100,60,160,24,480
"293","E1",2025-11-08,"Norwich","Leicester",1,2,"A",0,0,"D",3,3.5,2.25,"0-0","1-2",8,3,14,7,1,1,0,0,6,3,17,10,3,9,27,"6-3","Y","Y","N",2,0,3,20,100,60,180,27,540
"294","E1",2025-11-08,"Sheffield United","QPR",0,0,"D",0,0,"D",2,3.5,3.6,"0-0","0-0",20,3,13,4,0,2,0,0,14,5,6,7,0,19,13,"14-5","N","N","N",2,0,0,20,0,0,380,0,0
"295","E1",2025-11-08,"Southampton","Sheffield Weds",3,1,"H",2,1,"H",1.4,4.75,7.5,"2-1","3-1",12,7,11,3,2,2,0,0,4,5,8,16,4,9,24,"4-5","Y","Y","Y",4,0,4,40,400,160,360,36,1440
"296","E1",2025-11-08,"Stoke","Coventry",0,1,"A",0,0,"D",2.9,3.5,2.3,"0-0","0-1",10,2,17,3,3,3,0,0,3,6,9,9,1,9,18,"3-6","N","N","N",6,0,1,60,900,60,540,9,540
"297","E1",2025-11-08,"Swansea","Ipswich",1,4,"A",0,1,"A",3.6,3.4,2.05,"0-1","1-4",9,4,11,4,5,3,0,0,4,5,13,14,5,9,27,"4-5","Y","Y","Y",8,0,5,80,1500,400,720,45,3600
"298","E1",2025-11-08,"West Brom","Oxford",2,1,"H",0,0,"D",1.73,3.6,4.8,"0-0","2-1",26,6,9,4,0,0,0,0,11,5,6,6,3,16,12,"11-5","Y","Y","N",0,0,3,0,0,0,0,48,0
"299","E1",2025-11-08,"Wrexham","Charlton",1,0,"H",0,0,"D",2.25,3.25,3.25,"0-0","1-0",18,6,11,4,1,4,0,0,8,2,9,10,1,10,19,"8-2","N","N","N",5,0,1,50,400,50,500,10,500
"300","E1",2025-11-21,"Preston","Blackburn",1,2,"A",1,1,"D",2.45,3,3.1,"1-1","1-2",15,4,12,6,1,0,0,0,3,7,11,3,3,10,14,"3-7","Y","Y","N",1,0,3,10,0,30,100,30,300
"301","E1",2025-11-22,"Bristol City","Swansea",3,0,"H",2,0,"H",2.15,3.3,3.4,"2-0","3-0",15,8,17,5,2,0,0,0,5,6,10,7,3,11,17,"5-6","Y","Y","N",2,0,3,20,0,60,220,33,660
"302","E1",2025-11-22,"Charlton","Southampton",1,5,"A",1,5,"A",2.7,3.25,2.63,"1-5","1-5",12,2,23,8,4,0,0,0,3,4,15,6,6,7,21,"3-4","Y","Y","Y",4,0,6,40,0,240,280,42,1680
"303","E1",2025-11-22,"Coventry","West Brom",3,2,"H",1,2,"A",1.75,3.7,4.6,"1-2","3-2",24,11,7,5,2,1,0,1,8,1,10,9,5,9,19,"8-1","Y","Y","Y",3,1,5,55,700,275,495,45,2475
"304","E1",2025-11-22,"Birmingham","Norwich",4,1,"H",3,1,"H",1.67,3.8,5,"3-1","4-1",16,6,15,7,1,2,0,0,3,8,10,8,5,11,18,"3-8","Y","Y","Y",3,0,5,30,200,150,330,55,1650
"305","E1",2025-11-22,"Derby","Watford",2,3,"A",1,0,"H",2.55,3.13,2.88,"1-0","2-3",9,2,14,4,2,1,0,0,9,3,8,15,5,12,23,"9-3","Y","Y","Y",3,0,5,30,200,150,360,60,1800
"306","E1",2025-11-22,"Ipswich","Wrexham",0,0,"D",0,0,"D",1.55,4,6,"0-0","0-0",19,8,2,0,2,3,0,0,5,2,9,17,0,7,26,"5-2","N","N","N",5,0,0,50,600,0,350,0,0
"307","E1",2025-11-22,"Leicester","Stoke",2,1,"H",2,0,"H",2,3.5,3.6,"2-0","2-1",6,2,11,5,6,2,0,0,0,10,16,11,3,10,27,"0-10","Y","Y","N",8,0,3,80,1200,240,800,30,2400
"308","E1",2025-11-22,"Oxford","Middlesbrough",1,1,"D",1,0,"H",3.6,3.4,2.05,"1-0","1-1",9,2,19,3,3,2,0,0,1,8,16,12,2,9,28,"1-8","Y","N","N",5,0,2,50,600,100,450,18,900
"309","E1",2025-11-22,"Portsmouth","Millwall",3,1,"H",1,0,"H",2.63,3.2,2.75,"1-0","3-1",15,7,7,2,2,1,0,1,3,4,10,12,4,7,22,"3-4","Y","Y","Y",3,1,4,55,700,220,385,28,1540
"310","E1",2025-11-22,"QPR","Hull",3,2,"H",1,1,"D",2.1,3.5,3.4,"1-1","3-2",26,8,8,4,0,1,0,0,9,5,8,9,5,14,17,"9-5","Y","Y","Y",1,0,5,10,0,50,140,70,700
"311","E1",2025-11-23,"Sheffield Weds","Sheffield United",0,3,"A",0,1,"A",3.7,3.3,1.93,"0-1","0-3",5,0,11,7,3,0,0,0,4,7,13,8,3,11,21,"4-7","Y","Y","N",3,0,3,30,0,90,330,33,990
"312","E2",2025-08-01,"Luton","AFC Wimbledon",1,0,"H",0,0,"D",1.5,4.33,6,"0-0","1-0",6,1,2,0,1,1,0,0,5,2,10,11,1,7,21,"5-2","N","N","N",2,0,1,20,100,20,140,7,140
"313","E2",2025-08-02,"Cardiff","Peterboro",2,1,"H",0,1,"A",1.55,4.2,5.5,"0-1","2-1",17,6,7,3,3,1,0,0,4,2,18,10,3,6,28,"4-2","Y","Y","N",4,0,3,40,300,120,240,18,720
"314","E2",2025-08-02,"Blackpool","Stevenage",2,3,"A",1,2,"A",1.95,3.4,3.9,"1-2","2-3",8,2,7,4,1,4,0,0,2,2,15,19,5,4,34,"2-2","Y","Y","Y",5,0,5,50,400,250,200,20,1000
"315","E2",2025-08-02,"Bradford","Wycombe",2,1,"H",2,0,"H",2.5,3.2,2.8,"2-0","2-1",12,6,11,3,3,4,0,0,2,6,23,13,3,8,36,"2-6","Y","Y","N",7,0,3,70,1200,210,560,24,1680
"316","E2",2025-08-02,"Burton","Mansfield",2,1,"H",1,0,"H",2.5,3.4,2.7,"1-0","2-1",12,4,12,3,2,2,0,0,1,7,13,15,3,8,28,"1-7","Y","Y","N",4,0,3,40,400,120,320,24,960
"317","E2",2025-08-02,"Doncaster","Exeter",1,0,"H",0,0,"D",1.87,3.5,4.1,"0-0","1-0",16,3,2,0,0,0,0,0,7,1,11,10,1,8,21,"7-1","N","N","N",0,0,1,0,0,0,0,8,0
"318","E2",2025-08-02,"Huddersfield","Leyton Orient",3,0,"H",1,0,"H",2,3.5,3.7,"1-0","3-0",13,8,14,3,3,0,0,0,6,3,11,14,3,9,25,"6-3","Y","Y","N",3,0,3,30,0,90,270,27,810
"319","E2",2025-08-02,"Lincoln","Reading",2,0,"H",1,0,"H",1.87,3.6,3.9,"1-0","2-0",6,2,9,2,1,0,0,0,3,9,14,4,2,12,18,"3-9","Y","N","N",1,0,2,10,0,20,120,24,240
"320","E2",2025-08-02,"Plymouth","Barnsley",1,3,"A",0,2,"A",2.25,3.6,2.9,"0-2","1-3",15,3,12,7,2,3,0,1,9,5,9,18,4,14,27,"9-5","Y","Y","Y",5,1,4,75,1100,300,1050,56,4200
"321","E2",2025-08-02,"Rotherham","Port Vale",2,1,"H",2,0,"H",2.25,3.5,3,"2-0","2-1",12,4,19,4,1,1,1,1,6,3,9,8,3,9,17,"6-3","Y","Y","N",2,2,3,70,1225,210,630,27,1890
"322","E2",2025-08-02,"Wigan","Northampton",3,1,"H",2,0,"H",2.15,3.13,3.6,"2-0","3-1",20,8,7,4,0,2,0,0,9,3,11,11,4,12,22,"9-3","Y","Y","Y",2,0,4,20,0,80,240,48,960
"323","E2",2025-08-03,"Stockport","Bolton",2,0,"H",1,0,"H",1.91,3.5,3.9,"1-0","2-0",5,2,15,2,2,1,0,0,9,7,13,13,2,16,26,"9-7","Y","N","N",3,0,2,30,200,60,480,32,960
"324","E2",2025-08-07,"Port Vale","Cardiff",0,0,"D",0,0,"D",2.63,3.3,2.6,"0-0","0-0",16,1,9,1,3,1,0,0,5,4,13,6,0,9,19,"5-4","N","N","N",4,0,0,40,300,0,360,0,0
"325","E2",2025-08-09,"Peterboro","Luton",0,2,"A",0,0,"D",3.7,3.75,1.9,"0-0","0-2",6,2,8,3,2,2,0,0,3,6,15,12,2,9,27,"3-6","Y","N","N",4,0,2,40,400,80,360,18,720
"326","E2",2025-08-09,"Reading","Huddersfield",0,2,"A",0,0,"D",3,3.4,2.3,"0-0","0-2",8,2,12,6,4,2,0,0,4,10,15,12,2,14,27,"4-10","Y","N","N",6,0,2,60,800,120,840,28,1680
"327","E2",2025-08-09,"AFC Wimbledon","Lincoln",2,0,"H",1,0,"H",3,3.1,2.3,"1-0","2-0",15,3,2,0,0,0,0,1,6,3,11,15,2,9,26,"6-3","Y","N","N",0,1,2,25,0,50,225,18,450
"328","E2",2025-08-09,"Barnsley","Burton",3,2,"H",0,2,"A",1.67,3.6,4.6,"0-2","3-2",12,7,7,3,3,1,0,0,7,4,16,14,5,11,30,"7-4","Y","Y","Y",4,0,5,40,300,200,440,55,2200
"329","E2",2025-08-09,"Bolton","Plymouth",2,0,"H",1,0,"H",1.65,3.75,4.5,"1-0","2-0",13,2,3,0,2,4,0,0,8,3,16,9,2,11,25,"8-3","Y","N","N",6,0,2,60,800,120,660,22,1320
"330","E2",2025-08-09,"Exeter","Blackpool",4,1,"H",2,1,"H",3.25,3.3,2.05,"2-1","4-1",17,7,10,3,1,1,0,0,6,5,16,8,5,11,24,"6-5","Y","Y","Y",2,0,5,20,100,100,220,55,1100
"331","E2",2025-08-09,"Leyton Orient","Wigan",2,0,"H",1,0,"H",2,3.13,3.6,"1-0","2-0",14,5,4,0,0,1,0,1,2,3,15,8,2,5,23,"2-3","Y","N","N",1,1,2,35,0,70,175,10,350
"332","E2",2025-08-09,"Mansfield","Doncaster",1,2,"A",0,0,"D",2.4,3.25,2.7,"0-0","1-2",7,3,13,2,2,1,0,0,2,5,14,10,3,7,24,"2-5","Y","Y","N",3,0,3,30,200,90,210,21,630
"333","E2",2025-08-09,"Northampton","Bradford",0,0,"D",0,0,"D",2.88,3.13,2.38,"0-0","0-0",4,1,14,2,2,5,0,0,6,3,10,14,0,9,24,"6-3","N","N","N",7,0,0,70,1000,0,630,0,0
"334","E2",2025-08-09,"Stevenage","Rotherham",1,0,"H",1,0,"H",1.75,3.3,4.5,"1-0","1-0",12,2,5,0,3,2,0,0,5,5,10,16,1,10,26,"5-5","N","N","N",5,0,1,50,600,50,500,10,500
"335","E2",2025-08-09,"Wycombe","Stockport",1,2,"A",0,1,"A",2.45,3.1,2.75,"0-1","1-2",14,6,9,3,3,1,0,0,8,4,8,11,3,12,19,"8-4","Y","Y","N",4,0,3,40,300,120,480,36,1440
"336","E2",2025-08-16,"Burton","Port Vale",0,0,"D",0,0,"D",3.1,3.3,2.3,"0-0","0-0",13,3,12,0,4,1,0,1,9,3,14,10,0,12,24,"9-3","N","N","N",5,1,0,75,1400,0,900,0,0
"337","E2",2025-08-16,"Exeter","Mansfield",1,2,"A",0,1,"A",2.7,3.25,2.6,"0-1","1-2",5,4,7,3,2,1,0,0,3,4,11,9,3,7,20,"3-4","Y","Y","N",3,0,3,30,200,90,210,21,630
"338","E2",2025-08-16,"Barnsley","Bolton",1,1,"D",0,0,"D",2.7,3.6,2.4,"0-0","1-1",5,2,17,7,2,2,1,0,3,2,14,15,2,5,29,"3-2","Y","N","N",4,1,2,65,900,130,325,10,650
"339","E2",2025-08-16,"Blackpool","Huddersfield",3,2,"H",3,2,"H",2.7,3.3,2.55,"3-2","3-2",8,4,17,3,0,2,1,0,1,7,10,17,5,8,27,"1-7","Y","Y","Y",2,1,5,45,500,225,360,40,1800
"340","E2",2025-08-16,"Bradford","Luton",2,1,"H",1,0,"H",3.4,3.3,2.15,"1-0","2-1",13,7,9,3,2,2,0,0,2,9,12,15,3,11,27,"2-9","Y","Y","N",4,0,3,40,400,120,440,33,1320
"341","E2",2025-08-16,"Cardiff","Rotherham",3,0,"H",1,0,"H",1.7,3.75,4.8,"1-0","3-0",13,6,1,1,2,3,0,0,7,0,16,15,3,7,31,"7-0","Y","Y","N",5,0,3,50,600,150,350,21,1050
"342","E2",2025-08-16,"Doncaster","Wycombe",1,1,"D",0,0,"D",2.45,3.3,2.88,"0-0","1-1",10,1,8,3,3,2,0,0,6,3,13,14,2,9,27,"6-3","Y","N","N",5,0,2,50,600,100,450,18,900
"343","E2",2025-08-16,"Leyton Orient","Stockport",2,2,"D",0,2,"A",3,3.13,2.45,"0-2","2-2",13,2,8,4,2,2,0,0,6,4,9,11,4,10,20,"6-4","Y","Y","Y",4,0,4,40,400,160,400,40,1600
"344","E2",2025-08-16,"Lincoln","Plymouth",3,2,"H",1,0,"H",2,3.4,3.7,"1-0","3-2",14,8,15,4,6,3,0,1,4,6,15,11,5,10,26,"4-6","Y","Y","Y",9,1,5,115,3300,575,1150,50,5750
"345","E2",2025-08-16,"Reading","AFC Wimbledon",1,2,"A",0,1,"A",2.1,3.25,3.6,"0-1","1-2",14,3,8,2,1,1,0,0,3,5,6,6,3,8,12,"3-5","Y","Y","N",2,0,3,20,100,60,160,24,480
"346","E2",2025-08-16,"Stevenage","Northampton",2,0,"H",0,0,"D",1.67,3.6,5.25,"0-0","2-0",9,3,10,0,2,0,0,0,2,6,13,16,2,8,29,"2-6","Y","N","N",2,0,2,20,0,40,160,16,320
"347","E2",2025-08-16,"Wigan","Peterboro",2,0,"H",2,0,"H",1.95,3.5,3.75,"2-0","2-0",10,4,15,2,1,2,0,0,3,10,12,18,2,13,30,"3-10","Y","N","N",3,0,2,30,200,60,390,26,780
"348","E2",2025-08-19,"AFC Wimbledon","Cardiff",0,1,"A",0,0,"D",3.5,3.2,2.15,"0-0","0-1",16,2,16,1,2,2,0,0,5,2,10,11,1,7,21,"5-2","N","N","N",4,0,1,40,400,40,280,7,280
"349","E2",2025-08-19,"Huddersfield","Doncaster",2,0,"H",0,0,"D",1.91,3.5,3.9,"0-0","2-0",11,7,12,3,3,3,0,0,7,6,14,19,2,13,33,"7-6","Y","N","N",6,0,2,60,900,120,780,26,1560
"350","E2",2025-08-19,"Luton","Wigan",1,0,"H",1,0,"H",1.6,3.7,6,"1-0","1-0",13,4,9,3,1,2,0,0,8,4,7,12,1,12,19,"8-4","N","N","N",3,0,1,30,200,30,360,12,360
"351","E2",2025-08-19,"Mansfield","Blackpool",2,0,"H",0,0,"D",2.55,3.3,2.7,"0-0","2-0",15,6,6,1,0,0,0,0,4,0,13,13,2,4,26,"4-0","Y","N","N",0,0,2,0,0,0,0,8,0
"352","E2",2025-08-19,"Northampton","Lincoln",0,1,"A",0,1,"A",3.4,3.2,2.2,"0-1","0-1",10,3,3,1,3,4,0,0,6,1,9,13,1,7,22,"6-1","N","N","N",7,0,1,70,1200,70,490,7,490
"353","E2",2025-08-19,"Peterboro","Barnsley",0,1,"A",0,1,"A",3,3.7,2.15,"0-1","0-1",7,1,15,5,1,3,0,0,2,5,13,11,1,7,24,"2-5","N","N","N",4,0,1,40,300,40,280,7,280
"354","E2",2025-08-19,"Plymouth","Leyton Orient",0,1,"A",0,0,"D",2.7,3.5,2.45,"0-0","0-1",12,5,10,5,1,2,0,0,4,2,7,12,1,6,19,"4-2","N","N","N",3,0,1,30,200,30,180,6,180
"355","E2",2025-08-19,"Port Vale","Stevenage",1,2,"A",1,0,"H",2.55,3,2.9,"1-0","1-2",15,6,11,3,1,2,0,0,4,2,11,13,3,6,24,"4-2","Y","Y","N",3,0,3,30,200,90,180,18,540
"356","E2",2025-08-19,"Stockport","Bradford",1,2,"A",1,0,"H",2.05,3.3,3.6,"1-0","1-2",19,8,10,3,1,2,0,0,8,8,9,10,3,16,19,"8-8","Y","Y","N",3,0,3,30,200,90,480,48,1440
"357","E2",2025-08-19,"Wycombe","Exeter",0,1,"A",0,0,"D",1.65,3.75,5.25,"0-0","0-1",19,8,6,1,4,3,0,0,6,7,10,8,1,13,18,"6-7","N","N","N",7,0,1,70,1200,70,910,13,910
"358","E2",2025-08-20,"Bolton","Reading",1,1,"D",0,0,"D",1.57,4.1,5.5,"0-0","1-1",21,4,5,2,0,5,0,0,3,1,9,21,2,4,30,"3-1","Y","N","N",5,0,2,50,0,100,200,8,400
"359","E2",2025-08-23,"Luton","Cardiff",0,1,"A",0,0,"D",2,3.4,3.7,"0-0","0-1",23,7,16,3,2,1,0,0,5,8,11,10,1,13,21,"5-8","N","N","N",3,0,1,30,200,30,390,13,390
"360","E2",2025-08-23,"Rotherham","Wigan",2,2,"D",0,1,"A",3,3.2,2.38,"0-1","2-2",12,5,13,5,1,3,0,0,4,6,13,13,4,10,26,"4-6","Y","Y","Y",4,0,4,40,300,160,400,40,1600
"361","E2",2025-08-23,"AFC Wimbledon","Barnsley",2,0,"H",1,0,"H",3,3.25,2.38,"1-0","2-0",16,5,16,3,2,1,0,0,3,3,11,9,2,6,20,"3-3","Y","N","N",3,0,2,30,200,60,180,12,360
"362","E2",2025-08-23,"Bolton","Lincoln",1,1,"D",0,1,"A",1.73,3.6,4.8,"0-1","1-1",18,6,5,3,2,2,0,0,13,2,11,13,2,15,24,"13-2","Y","N","N",4,0,2,40,400,80,600,30,1200
"363","E2",2025-08-23,"Huddersfield","Stevenage",1,0,"H",0,0,"D",1.95,3.3,4,"0-0","1-0",12,6,11,4,2,1,0,0,7,4,8,16,1,11,24,"7-4","N","N","N",3,0,1,30,200,30,330,11,330
"364","E2",2025-08-23,"Mansfield","Leyton Orient",4,1,"H",2,1,"H",2.75,3.4,2.45,"2-1","4-1",18,5,8,3,2,0,0,1,7,7,7,15,5,14,22,"7-7","Y","Y","Y",2,1,5,45,500,225,630,70,3150
"365","E2",2025-08-23,"Northampton","Exeter",2,0,"H",2,0,"H",2.38,3.2,3,"2-0","2-0",10,3,6,1,0,4,0,0,1,4,9,15,2,5,24,"1-4","Y","N","N",4,0,2,40,0,80,200,10,400
"366","E2",2025-08-23,"Peterboro","Bradford",1,1,"D",0,0,"D",3.6,3.6,1.95,"0-0","1-1",12,4,15,4,1,1,0,0,8,6,10,20,2,14,30,"8-6","Y","N","N",2,0,2,20,100,40,280,28,560
"367","E2",2025-08-23,"Plymouth","Blackpool",1,0,"H",0,0,"D",2.63,3.4,2.6,"0-0","1-0",14,3,9,2,1,3,0,0,4,4,13,9,1,8,22,"4-4","N","N","N",4,0,1,40,300,40,320,8,320
"368","E2",2025-08-23,"Port Vale","Doncaster",0,1,"A",0,0,"D",2.7,3.2,2.6,"0-0","0-1",13,3,6,1,1,2,0,0,7,6,10,7,1,13,17,"7-6","N","N","N",3,0,1,30,200,30,390,13,390
"369","E2",2025-08-23,"Stockport","Burton",2,1,"H",0,1,"A",1.53,4,6,"0-1","2-1",14,5,20,3,3,0,1,0,4,8,9,8,3,12,17,"4-8","Y","Y","N",3,1,3,55,0,165,660,36,1980
"370","E2",2025-08-23,"Wycombe","Reading",2,2,"D",1,2,"A",1.8,3.6,4.33,"1-2","2-2",14,6,16,6,1,3,0,0,5,8,10,12,4,13,22,"5-8","Y","Y","Y",4,0,4,40,300,160,520,52,2080
"371","E2",2025-08-30,"Cardiff","Plymouth",4,0,"H",2,0,"H",1.5,4.1,6.5,"2-0","4-0",16,10,8,3,3,1,0,0,5,5,14,6,4,10,20,"5-5","Y","Y","Y",4,0,4,40,300,160,400,40,1600
"372","E2",2025-08-30,"Doncaster","Rotherham",1,0,"H",1,0,"H",1.7,3.6,5,"1-0","1-0",13,3,14,3,3,1,0,0,2,6,12,13,1,8,25,"2-6","N","N","N",4,0,1,40,300,40,320,8,320
"373","E2",2025-08-30,"Barnsley","Huddersfield",3,1,"H",2,0,"H",2.63,3.5,2.5,"2-0","3-1",7,5,9,1,1,2,0,1,3,6,8,13,4,9,21,"3-6","Y","Y","Y",3,1,4,55,450,220,495,36,1980
"374","E2",2025-08-30,"Blackpool","Bolton",1,1,"D",1,0,"H",3,3.5,2.25,"1-0","1-1",6,1,17,4,1,2,0,0,0,5,15,11,2,5,26,"0-5","Y","N","N",3,0,2,30,200,60,150,10,300
"375","E2",2025-08-30,"Bradford","AFC Wimbledon",3,2,"H",1,1,"D",1.75,3.5,5,"1-1","3-2",16,6,13,4,0,1,0,0,7,2,9,13,5,9,22,"7-2","Y","Y","Y",1,0,5,10,0,50,90,45,450
"376","E2",2025-08-30,"Burton","Luton",0,3,"A",0,2,"A",4.75,3.7,1.7,"0-2","0-3",8,3,12,6,0,1,0,0,6,4,9,10,3,10,19,"6-4","Y","Y","N",1,0,3,10,0,30,100,30,300
"377","E2",2025-08-30,"Exeter","Peterboro",3,0,"H",1,0,"H",2.15,3.5,3.2,"1-0","3-0",12,5,6,1,3,2,0,0,5,5,23,9,3,10,32,"5-5","Y","Y","N",5,0,3,50,600,150,500,30,1500
"378","E2",2025-08-30,"Leyton Orient","Northampton",0,1,"A",0,0,"D",1.7,3.6,5,"0-0","0-1",6,4,8,4,5,0,0,0,6,6,17,9,1,12,26,"6-6","N","N","N",5,0,1,50,0,50,600,12,600
"379","E2",2025-08-30,"Lincoln","Mansfield",1,1,"D",1,0,"H",2.3,3.25,3.1,"1-0","1-1",7,2,14,4,6,2,1,0,3,11,14,16,2,14,30,"3-11","Y","N","N",8,1,2,105,1700,210,1470,28,2940
"380","E2",2025-08-30,"Reading","Port Vale",1,0,"H",0,0,"D",2.6,3.25,2.7,"0-0","1-0",11,5,14,3,2,2,0,0,2,6,12,12,1,8,24,"2-6","N","N","N",4,0,1,40,400,40,320,8,320
"381","E2",2025-08-30,"Stevenage","Wycombe",1,0,"H",1,0,"H",2.38,3.1,3.1,"1-0","1-0",9,5,10,0,2,2,0,0,5,2,14,11,1,7,25,"5-2","N","N","N",4,0,1,40,400,40,280,7,280
"382","E2",2025-08-30,"Wigan","Stockport",1,1,"D",0,1,"A",2.75,3.1,2.63,"0-1","1-1",13,3,8,3,1,2,0,0,2,3,7,10,2,5,17,"2-3","Y","N","N",3,0,2,30,200,60,150,10,300
"383","E2",2025-09-06,"Bolton","AFC Wimbledon",3,0,"H",1,0,"H",1.5,4.1,6.5,"1-0","3-0",24,8,9,1,2,1,0,2,8,2,14,18,3,10,32,"8-2","Y","Y","N",3,2,3,80,1200,240,800,30,2400
"384","E2",2025-09-06,"Doncaster","Bradford",3,1,"H",3,1,"H",2.3,3.25,3.1,"3-1","3-1",15,5,7,1,0,2,0,0,3,7,9,12,4,10,21,"3-7","Y","Y","Y",2,0,4,20,0,80,200,40,800
"385","E2",2025-09-06,"Huddersfield","Peterboro",3,2,"H",0,0,"D",1.5,4.33,5.75,"0-0","3-2",11,5,5,3,1,1,0,0,1,3,16,10,5,4,26,"1-3","Y","Y","Y",2,0,5,20,100,100,80,20,400
"386","E2",2025-09-06,"Lincoln","Wigan",2,2,"D",2,1,"H",2.4,3,3.2,"2-1","2-2",12,6,14,7,3,0,1,1,7,11,13,11,4,18,24,"7-11","Y","Y","Y",3,2,4,80,1375,320,1440,72,5760
"387","E2",2025-09-06,"Plymouth","Stockport",4,2,"H",2,1,"H",3.3,3.5,2.1,"2-1","4-2",10,5,9,3,2,1,0,0,8,7,7,14,6,15,21,"8-7","Y","Y","Y",3,0,6,30,200,180,450,90,2700
"388","E2",2025-09-06,"Port Vale","Leyton Orient",2,3,"A",1,2,"A",2.25,3.25,3.2,"1-2","2-3",16,8,11,4,1,3,0,0,5,2,7,6,5,7,13,"5-2","Y","Y","Y",4,0,5,40,300,200,280,35,1400
"389","E2",2025-09-06,"Rotherham","Exeter",1,0,"H",1,0,"H",2.25,3.3,3.13,"1-0","1-0",14,5,5,1,1,0,0,0,9,5,13,9,1,14,22,"9-5","N","N","N",1,0,1,10,0,10,140,14,140
"390","E2",2025-09-06,"Wycombe","Mansfield",2,0,"H",1,0,"H",2.1,3.4,3.4,"1-0","2-0",10,3,11,2,3,3,0,0,7,5,13,12,2,12,25,"7-5","Y","N","N",6,0,2,60,900,120,720,24,1440
"391","E2",2025-09-13,"Bradford","Huddersfield",3,1,"H",3,0,"H",2.55,3.3,2.7,"3-0","3-1",13,4,8,2,1,5,0,0,5,11,12,13,4,16,25,"5-11","Y","Y","Y",6,0,4,60,500,240,960,64,3840
"392","E2",2025-09-13,"Northampton","Blackpool",1,0,"H",0,0,"D",2.7,3.1,2.7,"0-0","1-0",9,4,15,4,1,1,0,0,5,5,9,9,1,10,18,"5-5","N","N","N",2,0,1,20,100,20,200,10,200
"393","E2",2025-09-13,"AFC Wimbledon","Rotherham",2,1,"H",0,1,"A",2.2,3.25,3.3,"0-1","2-1",10,5,7,3,2,3,0,0,5,5,16,10,3,10,26,"5-5","Y","Y","N",5,0,3,50,600,150,500,30,1500
"394","E2",2025-09-13,"Barnsley","Reading",3,2,"H",1,1,"D",1.8,3.9,4.1,"1-1","3-2",15,5,14,5,3,5,0,0,5,4,19,15,5,9,34,"5-4","Y","Y","Y",8,0,5,80,1500,400,720,45,3600
"395","E2",2025-09-13,"Burton","Lincoln",0,1,"A",0,1,"A",2.88,3.13,2.5,"0-1","0-1",16,2,10,3,2,3,0,0,6,3,11,15,1,9,26,"6-3","N","N","N",5,0,1,50,600,50,450,9,450
"396","E2",2025-09-13,"Exeter","Port Vale",0,2,"A",0,2,"A",3,3.2,2.38,"0-2","0-2",11,4,5,2,1,2,0,0,8,2,6,14,2,10,20,"8-2","Y","N","N",3,0,2,30,200,60,300,20,600
"397","E2",2025-09-13,"Leyton Orient","Bolton",1,1,"D",0,0,"D",3.13,3.4,2.2,"0-0","1-1",6,1,11,4,3,2,0,0,3,8,13,9,2,11,22,"3-8","Y","N","N",5,0,2,50,600,100,550,22,1100
"398","E2",2025-09-13,"Luton","Plymouth",2,3,"A",1,2,"A",1.5,4.33,6,"1-2","2-3",22,7,6,3,2,3,0,1,16,3,12,10,5,19,22,"16-3","Y","Y","Y",5,1,5,75,1100,375,1425,95,7125
"399","E2",2025-09-13,"Mansfield","Stevenage",1,1,"D",0,0,"D",2.5,3.13,2.88,"0-0","1-1",7,2,9,4,2,4,0,0,3,9,8,8,2,12,16,"3-9","Y","N","N",6,0,2,60,800,120,720,24,1440
"400","E2",2025-09-13,"Peterboro","Wycombe",2,1,"H",2,0,"H",3.2,3.5,2.15,"2-0","2-1",16,6,12,5,3,1,0,0,3,3,12,14,3,6,26,"3-3","Y","Y","N",4,0,3,40,300,120,240,18,720
"401","E2",2025-09-13,"Stockport","Cardiff",1,1,"D",1,0,"H",2.7,3.3,2.55,"1-0","1-1",14,3,4,2,0,1,0,0,7,2,14,11,2,9,25,"7-2","Y","N","N",1,0,2,10,0,20,90,18,180
"402","E2",2025-09-13,"Wigan","Doncaster",3,0,"H",2,0,"H",2.4,3.3,2.9,"2-0","3-0",13,8,9,3,2,1,0,0,10,10,15,10,3,20,25,"10-10","Y","Y","N",3,0,3,30,200,90,600,60,1800
"403","E2",2025-09-20,"Blackpool","Barnsley",1,0,"H",0,0,"D",2.5,3.5,2.63,"0-0","1-0",10,3,10,1,2,1,0,0,7,3,12,9,1,10,21,"7-3","N","N","N",3,0,1,30,200,30,300,10,300
"404","E2",2025-09-20,"Bolton","Wigan",4,1,"H",3,0,"H",1.73,3.6,4.8,"3-0","4-1",13,7,9,1,0,1,0,0,4,16,9,10,5,20,19,"4-16","Y","Y","Y",1,0,5,10,0,50,200,100,1000
"405","E2",2025-09-20,"Lincoln","Luton",3,1,"H",1,0,"H",3.5,3.3,2.1,"1-0","3-1",15,6,13,2,1,5,0,0,2,7,12,14,4,9,26,"2-7","Y","Y","Y",6,0,4,60,500,240,540,36,2160
"406","E2",2025-09-20,"Cardiff","Bradford",1,3,"A",0,2,"A",1.83,3.6,4.1,"0-2","1-3",15,5,16,6,4,4,0,0,4,7,15,13,4,11,28,"4-7","Y","Y","Y",8,0,4,80,1600,320,880,44,3520
"407","E2",2025-09-20,"Doncaster","AFC Wimbledon",1,2,"A",0,0,"D",1.8,3.4,4.6,"0-0","1-2",12,1,9,4,1,2,0,0,2,6,7,12,3,8,19,"2-6","Y","Y","N",3,0,3,30,200,90,240,24,720
"408","E2",2025-09-20,"Huddersfield","Burton",0,0,"D",0,0,"D",1.57,4,5.5,"0-0","0-0",13,4,9,3,0,1,0,0,15,5,11,18,0,20,29,"15-5","N","N","N",1,0,0,10,0,0,200,0,0
"409","E2",2025-09-20,"Plymouth","Peterboro",0,1,"A",0,1,"A",1.87,3.7,3.8,"0-1","0-1",19,4,8,4,3,2,0,0,7,1,8,11,1,8,19,"7-1","N","N","N",5,0,1,50,600,50,400,8,400
"410","E2",2025-09-20,"Port Vale","Mansfield",2,1,"H",0,0,"D",2.15,3.3,3.4,"0-0","2-1",19,8,2,1,2,1,0,1,7,0,14,7,3,7,21,"7-0","Y","Y","N",3,1,3,55,700,165,385,21,1155
"411","E2",2025-09-20,"Reading","Leyton Orient",2,1,"H",1,0,"H",2.6,3.4,2.6,"1-0","2-1",12,6,17,6,5,3,0,0,2,6,13,11,3,8,24,"2-6","Y","Y","N",8,0,3,80,1500,240,640,24,1920
"412","E2",2025-09-20,"Rotherham","Stockport",0,1,"A",0,0,"D",3.5,3.3,2.1,"0-0","0-1",7,1,11,5,3,2,0,0,1,4,12,17,1,5,29,"1-4","N","N","N",5,0,1,50,600,50,250,5,250
"413","E2",2025-09-20,"Stevenage","Exeter",2,1,"H",1,1,"D",1.8,3.4,4.6,"1-1","2-1",17,5,12,6,1,1,0,0,6,3,11,13,3,9,24,"6-3","Y","Y","N",2,0,3,20,100,60,180,27,540
"414","E2",2025-09-20,"Wycombe","Northampton",2,0,"H",1,0,"H",1.8,3.5,4.4,"1-0","2-0",20,6,7,1,1,1,0,0,6,3,9,12,2,9,21,"6-3","Y","N","N",2,0,2,20,100,40,180,18,360
"415","E2",2025-09-27,"AFC Wimbledon","Wycombe",2,1,"H",2,0,"H",2.8,3.1,2.6,"2-0","2-1",6,2,12,1,0,0,0,0,0,7,13,11,3,7,24,"0-7","Y","Y","N",0,0,3,0,0,0,0,21,0
"416","E2",2025-09-27,"Leyton Orient","Stevenage",2,3,"A",1,1,"D",2.55,3.2,2.8,"1-1","2-3",5,2,11,8,0,1,0,0,6,7,9,10,5,13,19,"6-7","Y","Y","Y",1,0,5,10,0,50,130,65,650
"417","E2",2025-09-27,"Barnsley","Port Vale",0,2,"A",0,0,"D",2.1,3.5,3.25,"0-0","0-2",13,0,13,8,1,2,0,0,4,3,6,11,2,7,17,"4-3","Y","N","N",3,0,2,30,200,60,210,14,420
"418","E2",2025-09-27,"Bradford","Blackpool",1,0,"H",0,0,"D",1.95,3.5,3.7,"0-0","1-0",15,3,10,3,3,0,0,0,3,5,11,13,1,8,24,"3-5","N","N","N",3,0,1,30,0,30,240,8,240
"419","E2",2025-09-27,"Burton","Plymouth",0,4,"A",0,2,"A",2.55,3.4,2.63,"0-2","0-4",12,3,15,9,0,1,0,0,6,5,10,8,4,11,18,"6-5","Y","Y","Y",1,0,4,10,0,40,110,44,440
"420","E2",2025-09-27,"Exeter","Huddersfield",0,1,"A",0,1,"A",3.25,3.4,2.15,"0-1","0-1",12,3,22,1,3,1,0,0,5,8,15,8,1,13,23,"5-8","N","N","N",4,0,1,40,300,40,520,13,520
"421","E2",2025-09-27,"Luton","Doncaster",1,0,"H",1,0,"H",1.7,3.75,4.8,"1-0","1-0",8,3,9,1,2,1,0,0,6,3,13,8,1,9,21,"6-3","N","N","N",3,0,1,30,200,30,270,9,270
"422","E2",2025-09-27,"Mansfield","Rotherham",2,1,"H",0,1,"A",1.87,3.5,4.1,"0-1","2-1",15,7,8,3,3,4,0,0,4,2,8,21,3,6,29,"4-2","Y","Y","N",7,0,3,70,1200,210,420,18,1260
"423","E2",2025-09-27,"Northampton","Bolton",2,0,"H",0,0,"D",4.5,3.5,1.8,"0-0","2-0",10,3,19,7,2,1,0,0,4,10,11,8,2,14,19,"4-10","Y","N","N",3,0,2,30,200,60,420,28,840
"424","E2",2025-09-27,"Peterboro","Lincoln",0,3,"A",0,1,"A",2.88,3.3,2.4,"0-1","0-3",9,0,7,5,0,2,0,0,1,0,10,16,3,1,26,"1-0","Y","Y","N",2,0,3,20,0,60,20,3,60
"425","E2",2025-09-27,"Stockport","Reading",1,1,"D",1,0,"H",1.65,3.8,5,"1-0","1-1",16,5,8,4,1,1,0,0,5,3,9,7,2,8,16,"5-3","Y","N","N",2,0,2,20,100,40,160,16,320
"426","E2",2025-09-27,"Wigan","Cardiff",0,2,"A",0,1,"A",2.7,3.25,2.6,"0-1","0-2",6,1,15,5,1,1,1,0,7,5,9,6,2,12,15,"7-5","Y","N","N",2,1,2,45,350,90,540,24,1080
"427","E2",2025-09-30,"Blackpool","Luton",2,2,"D",1,0,"H",3.3,3.4,2.15,"1-0","2-2",11,3,15,3,2,1,0,0,3,8,8,9,4,11,17,"3-8","Y","Y","Y",3,0,4,30,200,120,330,44,1320
"428","E2",2025-09-30,"Cardiff","Burton",0,1,"A",0,0,"D",1.4,4.6,7.5,"0-0","0-1",20,8,9,2,2,4,0,0,8,3,13,12,1,11,25,"8-3","N","N","N",6,0,1,60,800,60,660,11,660
"429","E2",2025-10-02,"Rotherham","Bradford",2,2,"D",1,0,"H",3.3,3.4,2,"1-0","2-2",13,5,10,5,4,4,0,0,5,4,17,9,4,9,26,"5-4","Y","Y","Y",8,0,4,80,1600,320,720,36,2880
"430","E2",2025-10-04,"Doncaster","Burton",1,1,"D",1,0,"H",1.7,3.75,4.8,"1-0","1-1",15,3,15,5,1,1,0,0,5,10,7,11,2,15,18,"5-10","Y","N","N",2,0,2,20,100,40,300,30,600
"431","E2",2025-10-04,"Wycombe","Barnsley",2,2,"D",0,1,"A",2,3.6,3.5,"0-1","2-2",12,2,8,4,1,2,0,0,11,4,9,9,4,15,18,"11-4","Y","Y","Y",3,0,4,30,200,120,450,60,1800
"432","E2",2025-10-04,"Blackpool","AFC Wimbledon",0,2,"A",0,1,"A",2,3.4,3.7,"0-1","0-2",3,2,8,4,3,1,0,0,1,2,14,13,2,3,27,"1-2","Y","N","N",4,0,2,40,300,80,120,6,240
"433","E2",2025-10-04,"Bolton","Peterboro",2,1,"H",2,1,"H",1.4,4.75,7,"2-1","2-1",19,6,9,2,2,3,0,0,7,1,9,7,3,8,16,"7-1","Y","Y","N",5,0,3,50,600,150,400,24,1200
"434","E2",2025-10-04,"Cardiff","Leyton Orient",4,3,"H",1,1,"D",1.67,3.9,4.8,"1-1","4-3",16,7,26,11,2,2,0,0,6,8,4,15,7,14,19,"6-8","Y","Y","Y",4,0,7,40,400,280,560,98,3920
"435","E2",2025-10-04,"Huddersfield","Stockport",1,2,"A",0,1,"A",2.25,3.4,3.1,"0-1","1-2",16,5,13,7,2,1,0,1,10,2,16,12,3,12,28,"10-2","Y","Y","N",3,1,3,55,700,165,660,36,1980
"436","E2",2025-10-04,"Lincoln","Exeter",0,1,"A",0,0,"D",1.67,3.6,5.25,"0-0","0-1",16,3,7,2,0,2,0,0,7,2,10,10,1,9,20,"7-2","N","N","N",2,0,1,20,0,20,180,9,180
"437","E2",2025-10-04,"Plymouth","Wigan",1,1,"D",0,0,"D",2.55,3.3,2.75,"0-0","1-1",9,1,9,5,2,5,0,0,7,5,15,13,2,12,28,"7-5","Y","N","N",7,0,2,70,1000,140,840,24,1680
"438","E2",2025-10-04,"Port Vale","Northampton",0,0,"D",0,0,"D",1.8,3.4,4.6,"0-0","0-0",8,2,6,2,2,1,0,0,3,4,12,11,0,7,23,"3-4","N","N","N",3,0,0,30,200,0,210,0,0
"439","E2",2025-10-04,"Reading","Mansfield",1,1,"D",0,1,"A",2.38,3.4,2.88,"0-1","1-1",16,3,14,2,2,1,0,0,4,5,13,13,2,9,26,"4-5","Y","N","N",3,0,2,30,200,60,270,18,540
"440","E2",2025-10-04,"Stevenage","Luton",2,0,"H",0,0,"D",2.8,3.25,2.5,"0-0","2-0",7,5,9,3,3,1,0,0,1,5,10,15,2,6,25,"1-5","Y","N","N",4,0,2,40,300,80,240,12,480
"441","E2",2025-10-11,"Northampton","Rotherham",1,2,"A",1,0,"H",2.1,3.25,3.6,"1-0","1-2",3,1,11,2,3,2,0,0,4,4,8,17,3,8,25,"4-4","Y","Y","N",5,0,3,50,600,150,400,24,1200
"442","E2",2025-10-11,"AFC Wimbledon","Port Vale",1,1,"D",0,0,"D",2.7,3,2.8,"0-0","1-1",6,4,16,3,2,2,0,0,5,11,10,13,2,16,23,"5-11","Y","N","N",4,0,2,40,400,80,640,32,1280
"443","E2",2025-10-11,"Burton","Bolton",3,0,"H",1,0,"H",4.6,3.9,1.7,"1-0","3-0",12,6,18,7,1,2,0,0,2,5,11,13,3,7,24,"2-5","Y","Y","N",3,0,3,30,200,90,210,21,630
"444","E2",2025-10-11,"Exeter","Reading",1,1,"D",1,1,"D",2.88,3.4,2.38,"1-1","1-1",5,2,8,1,1,1,0,0,5,5,14,13,2,10,27,"5-5","Y","N","N",2,0,2,20,100,40,200,20,400
"445","E2",2025-10-11,"Leyton Orient","Doncaster",4,0,"H",2,0,"H",2.2,3.5,3.1,"2-0","4-0",13,6,16,5,1,1,0,0,4,5,11,7,4,9,18,"4-5","Y","Y","Y",2,0,4,20,100,80,180,36,720
"446","E2",2025-10-11,"Stockport","Blackpool",1,0,"H",0,0,"D",1.75,3.6,4.6,"0-0","1-0",16,5,9,2,0,2,0,0,4,4,9,9,1,8,18,"4-4","N","N","N",2,0,1,20,0,20,160,8,160
"447","E2",2025-10-11,"Wigan","Wycombe",0,1,"A",0,1,"A",2.55,3.2,2.8,"0-1","0-1",12,2,5,3,1,2,0,0,3,1,6,10,1,4,16,"3-1","N","N","N",3,0,1,30,200,30,120,4,120
"448","E2",2025-10-16,"Huddersfield","Bolton",1,2,"A",1,0,"H",2.6,3.25,2.7,"1-0","1-2",7,2,14,7,1,4,0,0,6,8,11,14,3,14,25,"6-8","Y","Y","N",5,0,3,50,400,150,700,42,2100
"449","E2",2025-10-18,"Burton","Peterboro",0,1,"A",0,0,"D",2.4,3.5,2.75,"0-0","0-1",15,4,7,4,2,2,0,1,6,3,10,9,1,9,19,"6-3","N","N","N",4,1,1,65,900,65,585,9,585
"450","E2",2025-10-18,"Lincoln","Stevenage",1,0,"H",0,0,"D",2.4,3.13,3,"0-0","1-0",18,5,4,1,1,1,0,0,1,2,16,14,1,3,30,"1-2","N","N","N",2,0,1,20,100,20,60,3,60
"451","E2",2025-10-18,"Blackpool","Wycombe",1,1,"D",1,0,"H",2.8,3.3,2.45,"1-0","1-1",6,1,14,6,3,0,0,0,2,2,9,12,2,4,21,"2-2","Y","N","N",3,0,2,30,0,60,120,8,240
"452","E2",2025-10-18,"Bradford","Barnsley",2,2,"D",2,1,"H",2.05,3.7,3.25,"2-1","2-2",25,7,9,4,0,1,0,0,11,11,7,10,4,22,17,"11-11","Y","Y","Y",1,0,4,10,0,40,220,88,880
"453","E2",2025-10-18,"Cardiff","Reading",2,1,"H",0,1,"A",1.57,4.1,5.5,"0-1","2-1",11,3,26,10,1,0,0,0,4,10,9,12,3,14,21,"4-10","Y","Y","N",1,0,3,10,0,30,140,42,420
"454","E2",2025-10-18,"Doncaster","Northampton",1,2,"A",1,0,"H",1.8,3.5,4.5,"1-0","1-2",10,4,13,5,1,1,0,0,2,7,11,7,3,9,18,"2-7","Y","Y","N",2,0,3,20,100,60,180,27,540
"455","E2",2025-10-18,"Luton","Mansfield",0,2,"A",0,1,"A",1.62,3.9,5.25,"0-1","0-2",16,4,10,4,0,0,0,0,5,1,12,12,2,6,24,"5-1","Y","N","N",0,0,2,0,0,0,0,12,0
"456","E2",2025-10-18,"Plymouth","AFC Wimbledon",1,2,"A",1,1,"D",2.05,3.4,3.6,"1-1","1-2",9,4,8,2,0,3,0,0,10,2,13,19,3,12,32,"10-2","Y","Y","N",3,0,3,30,0,90,360,36,1080
"457","E2",2025-10-18,"Rotherham","Leyton Orient",1,0,"H",0,0,"D",2.9,3.5,2.3,"0-0","1-0",4,2,12,3,3,3,0,0,2,12,9,9,1,14,18,"2-12","N","N","N",6,0,1,60,900,60,840,14,840
"458","E2",2025-10-18,"Stockport","Exeter",1,0,"H",1,0,"H",1.44,4.33,7,"1-0","1-0",12,5,9,2,1,1,0,0,4,3,9,14,1,7,23,"4-3","N","N","N",2,0,1,20,100,20,140,7,140
"459","E2",2025-10-18,"Wigan","Port Vale",1,0,"H",0,0,"D",2.55,3.1,2.88,"0-0","1-0",10,4,13,2,1,2,1,0,4,7,11,19,1,11,30,"4-7","N","N","N",3,1,1,55,700,55,605,11,605
"460","E2",2025-10-21,"Reading","Northampton",1,0,"H",0,0,"D",1.95,3.5,3.7,"0-0","1-0",14,5,5,1,3,0,0,0,8,4,9,9,1,12,18,"8-4","N","N","N",3,0,1,30,0,30,360,12,360
"461","E2",2025-10-23,"Exeter","Plymouth",2,0,"H",1,0,"H",2.7,3.3,2.38,"1-0","2-0",13,5,9,2,3,2,0,0,4,4,20,12,2,8,32,"4-4","Y","N","N",5,0,2,50,600,100,400,16,800
"462","E2",2025-10-25,"Bolton","Cardiff",1,0,"H",0,0,"D",1.95,3.7,3.5,"0-0","1-0",17,1,4,0,2,1,0,0,7,3,13,11,1,10,24,"7-3","N","N","N",3,0,1,30,200,30,300,10,300
"463","E2",2025-10-25,"Mansfield","Wigan",1,1,"D",1,0,"H",2.38,3.2,3,"1-0","1-1",16,2,7,1,1,3,0,0,10,3,13,12,2,13,25,"10-3","Y","N","N",4,0,2,40,300,80,520,26,1040
"464","E2",2025-10-25,"AFC Wimbledon","Burton",0,1,"A",0,0,"D",1.87,3.4,4.2,"0-0","0-1",13,3,10,2,2,3,0,0,9,2,10,13,1,11,23,"9-2","N","N","N",5,0,1,50,600,50,550,11,550
"465","E2",2025-10-25,"Barnsley","Rotherham",0,1,"A",0,0,"D",1.85,3.75,3.9,"0-0","0-1",19,5,4,2,4,0,0,0,11,3,15,11,1,14,26,"11-3","N","N","N",4,0,1,40,0,40,560,14,560
"466","E2",2025-10-25,"Leyton Orient","Lincoln",1,0,"H",0,0,"D",2.6,3.3,2.63,"0-0","1-0",11,4,9,0,0,2,0,0,5,3,14,17,1,8,31,"5-3","N","N","N",2,0,1,20,0,20,160,8,160
"467","E2",2025-10-25,"Northampton","Luton",0,1,"A",0,0,"D",4.1,3.3,1.93,"0-0","0-1",11,5,14,4,2,2,0,0,6,10,10,12,1,16,22,"6-10","N","N","N",4,0,1,40,400,40,640,16,640
"468","E2",2025-10-25,"Peterboro","Blackpool",1,2,"A",1,1,"D",2.38,3.4,2.9,"1-1","1-2",27,6,9,2,3,4,0,0,9,1,15,17,3,10,32,"9-1","Y","Y","N",7,0,3,70,1200,210,700,30,2100
"469","E2",2025-10-25,"Reading","Doncaster",1,1,"D",0,0,"D",2.25,3.4,3.1,"0-0","1-1",15,4,13,7,1,1,0,0,1,6,9,9,2,7,18,"1-6","Y","N","N",2,0,2,20,100,40,140,14,280
"470","E2",2025-10-25,"Stevenage","Bradford",1,1,"D",1,1,"D",2.38,3.25,3,"1-1","1-1",11,2,4,2,3,3,0,0,4,1,12,17,2,5,29,"4-1","Y","N","N",6,0,2,60,900,120,300,10,600
"471","E2",2025-10-25,"Wycombe","Huddersfield",3,0,"H",1,0,"H",2.1,3.5,3.3,"1-0","3-0",22,10,5,1,1,0,0,1,8,1,6,9,3,9,15,"8-1","Y","Y","N",1,1,3,35,250,105,315,27,945
"472","E2",2025-10-27,"Port Vale","Stockport",0,3,"A",0,3,"A",2.6,3.1,2.6,"0-3","0-3",9,1,17,6,0,1,0,0,4,5,8,8,3,9,16,"4-5","Y","Y","N",1,0,3,10,0,30,90,27,270
"473","E2",2025-10-28,"Bradford","Lincoln",0,0,"D",0,0,"D",2.15,3.4,3.3,"0-0","0-0",16,3,15,4,2,0,0,0,2,2,14,15,0,4,29,"2-2","N","N","N",2,0,0,20,0,0,80,0,0
"474","E2",2025-10-28,"Mansfield","Plymouth",2,0,"H",1,0,"H",2.05,3.5,3.4,"1-0","2-0",12,4,14,4,1,2,0,0,7,4,13,5,2,11,18,"7-4","Y","N","N",3,0,2,30,200,60,330,22,660
"475","E2",2025-11-04,"Rotherham","Burton",2,2,"D",0,0,"D",2.3,3.25,3.13,"0-0","2-2",11,3,15,6,0,3,0,0,5,3,12,4,4,8,16,"5-3","Y","Y","Y",3,0,4,30,0,120,240,32,960
"476","E2",2025-11-06,"Reading","Stevenage",1,0,"H",1,0,"H",2.7,3.1,2.5,"1-0","1-0",11,4,10,2,3,4,0,0,4,7,12,16,1,11,28,"4-7","N","N","N",7,0,1,70,1200,70,770,11,770
"477","E2",2025-11-08,"Northampton","Mansfield",2,1,"H",0,1,"A",3.3,3.2,2.25,"0-1","2-1",11,4,12,2,1,0,0,0,5,4,10,11,3,9,21,"5-4","Y","Y","N",1,0,3,10,0,30,90,27,270
"478","E2",2025-11-08,"Wycombe","Leyton Orient",4,1,"H",3,1,"H",1.8,3.7,4.2,"3-1","4-1",14,9,13,4,3,3,0,0,5,5,7,13,5,10,20,"5-5","Y","Y","Y",6,0,5,60,900,300,600,50,3000
"479","E2",2025-11-08,"Blackpool","Cardiff",3,1,"H",0,0,"D",3.6,3.5,2,"0-0","3-1",19,9,28,11,2,2,0,0,5,7,10,11,4,12,21,"5-7","Y","Y","Y",4,0,4,40,400,160,480,48,1920
"480","E2",2025-11-08,"Bolton","Port Vale",4,0,"H",2,0,"H",1.7,3.75,4.8,"2-0","4-0",15,10,8,4,1,2,0,0,7,5,6,11,4,12,17,"7-5","Y","Y","Y",3,0,4,30,200,120,360,48,1440
"481","E2",2025-11-08,"Bradford","Burton",1,2,"A",0,2,"A",1.67,3.8,5,"0-2","1-2",17,3,13,6,2,4,0,0,7,2,9,20,3,9,29,"7-2","Y","Y","N",6,0,3,60,800,180,540,27,1620
"482","E2",2025-11-08,"Doncaster","Barnsley",1,2,"A",1,1,"D",2.15,3.6,3.1,"1-1","1-2",18,5,10,4,1,3,0,0,5,8,5,11,3,13,16,"5-8","Y","Y","N",4,0,3,40,300,120,520,39,1560
"483","E2",2025-11-08,"Exeter","Wigan",1,1,"D",0,1,"A",2.9,3.13,2.5,"0-1","1-1",14,4,13,7,1,1,0,0,8,4,15,7,2,12,22,"8-4","Y","N","N",2,0,2,20,100,40,240,24,480
"484","E2",2025-11-08,"Huddersfield","Plymouth",3,1,"H",1,0,"H",1.83,3.75,4,"1-0","3-1",20,9,8,2,2,6,0,0,11,3,13,18,4,14,31,"11-3","Y","Y","Y",8,0,4,80,1200,320,1120,56,4480
"485","E2",2025-11-08,"Peterboro","AFC Wimbledon",5,0,"H",3,0,"H",2.55,3.2,2.8,"3-0","5-0",13,5,11,4,2,1,0,0,3,5,9,16,5,8,25,"3-5","Y","Y","Y",3,0,5,30,200,150,240,40,1200
"486","E2",2025-11-08,"Rotherham","Lincoln",3,0,"H",2,0,"H",3.4,3.3,2.15,"2-0","3-0",13,5,10,4,1,1,0,0,4,6,9,10,3,10,19,"4-6","Y","Y","N",2,0,3,20,100,60,200,30,600
"487","E2",2025-11-08,"Stockport","Luton",0,3,"A",0,2,"A",2.15,3.25,3.4,"0-2","0-3",13,3,8,6,0,4,1,0,5,3,12,9,3,8,21,"5-3","Y","Y","N",4,1,3,65,1000,195,520,24,1560
"488","E2",2025-11-15,"Burton","Blackpool",1,0,"H",0,0,"D",2.25,3.5,3,"0-0","1-0",9,1,11,3,3,4,0,0,7,5,7,14,1,12,21,"7-5","N","N","N",7,0,1,70,1200,70,840,12,840
"489","E2",2025-11-15,"Leyton Orient","Exeter",2,1,"H",0,1,"A",1.8,3.7,4.2,"0-1","2-1",12,3,6,2,3,2,0,0,10,3,15,7,3,13,22,"10-3","Y","Y","N",5,0,3,50,600,150,650,39,1950
"490","E2",2025-11-15,"Lincoln","Doncaster",2,1,"H",1,0,"H",2.05,3.3,3.6,"1-0","2-1",7,3,15,5,2,3,0,0,3,1,12,11,3,4,23,"3-1","Y","Y","N",5,0,3,50,600,150,200,12,600
"491","E2",2025-11-15,"Luton","Rotherham",0,0,"D",0,0,"D",1.53,4.1,6,"0-0","0-0",12,3,2,1,1,1,0,0,3,4,8,9,0,7,17,"3-4","N","N","N",2,0,0,20,100,0,140,0,0
"492","E2",2025-11-15,"Port Vale","Wycombe",0,0,"D",0,0,"D",2.7,3.2,2.6,"0-0","0-0",15,2,18,3,6,1,0,0,7,6,10,10,0,13,20,"7-6","N","N","N",7,0,0,70,600,0,910,0,0
"493","E2",2025-11-20,"Peterboro","Stockport",3,0,"H",2,0,"H",3,3.4,2.15,"2-0","3-0",11,5,11,5,1,1,0,0,3,6,7,18,3,9,25,"3-6","Y","Y","N",2,0,3,20,100,60,180,27,540
"494","E2",2025-11-22,"Port Vale","Plymouth",0,1,"A",0,0,"D",1.95,3.5,3.8,"0-0","0-1",13,3,5,2,1,3,0,0,8,2,7,15,1,10,22,"8-2","N","N","N",4,0,1,40,300,40,400,10,400
"495","E2",2025-11-22,"AFC Wimbledon","Wigan",1,2,"A",0,0,"D",2.88,3,2.6,"0-0","1-2",8,2,13,3,2,1,0,0,3,4,18,17,3,7,35,"3-4","Y","Y","N",3,0,3,30,200,90,210,21,630
"496","E2",2025-11-22,"Barnsley","Luton",5,0,"H",3,0,"H",3,3.6,2.2,"3-0","5-0",14,5,6,1,2,2,0,0,2,4,13,9,5,6,22,"2-4","Y","Y","Y",4,0,5,40,400,200,240,30,1200
"497","E2",2025-11-22,"Bolton","Bradford",0,0,"D",0,0,"D",1.75,3.9,4.2,"0-0","0-0",19,3,9,3,3,3,0,0,4,4,15,14,0,8,29,"4-4","N","N","N",6,0,0,60,900,0,480,0,0
"498","E2",2025-11-22,"Leyton Orient","Blackpool",1,1,"D",1,0,"H",1.8,3.7,4.2,"1-0","1-1",12,6,10,6,3,3,1,0,3,9,19,8,2,12,27,"3-9","Y","N","N",6,1,2,85,1650,170,1020,24,2040
"499","E2",2025-11-22,"Mansfield","Huddersfield",1,3,"A",0,3,"A",2.38,3.4,2.88,"0-3","1-3",10,1,20,11,1,1,0,0,4,4,14,13,4,8,27,"4-4","Y","Y","Y",2,0,4,20,100,80,160,32,640
"500","E2",2025-11-22,"Northampton","Cardiff",1,3,"A",0,1,"A",3.6,3.3,2.05,"0-1","1-3",16,4,10,4,0,2,0,0,6,2,10,10,4,8,20,"6-2","Y","Y","Y",2,0,4,20,0,80,160,32,640
"501","E2",2025-11-22,"Reading","Rotherham",1,1,"D",0,1,"A",1.8,3.6,4.33,"0-1","1-1",11,6,8,1,2,3,0,0,4,3,6,9,2,7,15,"4-3","Y","N","N",5,0,2,50,600,100,350,14,700
"502","E2",2025-11-22,"Stevenage","Doncaster",0,0,"D",0,0,"D",2,3.3,3.8,"0-0","0-0",5,1,9,2,1,2,0,0,4,4,10,16,0,8,26,"4-4","N","N","N",3,0,0,30,200,0,240,0,0
"503","E2",2025-11-22,"Wycombe","Lincoln",3,2,"H",2,0,"H",1.9,3.4,4.1,"2-0","3-2",11,7,12,4,2,1,0,0,1,7,8,12,5,8,20,"1-7","Y","Y","Y",3,0,5,30,200,150,240,40,1200
"504","E3",2025-08-02,"Accrington","Gillingham",1,1,"D",0,0,"D",2.75,3.2,2.55,"0-0","1-1",10,3,8,0,2,2,0,0,3,3,12,15,2,6,27,"3-3","Y","N","N",4,0,2,40,400,80,240,12,480
"505","E3",2025-08-02,"Barnet","Fleetwood Town",0,2,"A",0,1,"A",1.95,3.5,3.75,"0-1","0-2",19,6,12,7,0,0,0,0,8,2,11,15,2,10,26,"8-2","Y","N","N",0,0,2,0,0,0,0,20,0
"506","E3",2025-08-02,"Bristol Rvs","Harrogate",0,1,"A",0,0,"D",1.83,3.5,4.33,"0-0","0-1",17,2,7,3,1,3,0,0,13,4,10,11,1,17,21,"13-4","N","N","N",4,0,1,40,300,40,680,17,680
"507","E3",2025-08-02,"Cambridge","Cheltenham",1,0,"H",0,0,"D",1.85,3.7,3.9,"0-0","1-0",13,4,7,2,0,2,0,0,4,2,11,22,1,6,33,"4-2","N","N","N",2,0,1,20,0,20,120,6,120
"508","E3",2025-08-02,"Chesterfield","Barrow",1,0,"H",1,0,"H",1.65,3.8,5,"1-0","1-0",7,3,10,1,1,1,0,0,4,3,9,9,1,7,18,"4-3","N","N","N",2,0,1,20,100,20,140,7,140
"509","E3",2025-08-02,"Colchester","Tranmere",1,1,"D",0,1,"A",2.1,3.1,3.7,"0-1","1-1",10,2,10,2,2,2,0,0,4,5,10,17,2,9,27,"4-5","Y","N","N",4,0,2,40,400,80,360,18,720
"510","E3",2025-08-02,"Grimsby","Crawley Town",3,0,"H",2,0,"H",2,3.7,3.4,"2-0","3-0",20,6,5,1,0,2,0,0,10,3,13,14,3,13,27,"10-3","Y","Y","N",2,0,3,20,0,60,260,39,780
"511","E3",2025-08-02,"Milton Keynes Dons","Oldham",0,0,"D",0,0,"D",1.65,3.8,5,"0-0","0-0",5,0,5,1,1,3,0,0,7,3,17,16,0,10,33,"7-3","N","N","N",4,0,0,40,300,0,400,0,0
"512","E3",2025-08-02,"Salford","Crewe",1,3,"A",1,3,"A",1.87,3.7,3.8,"1-3","1-3",11,5,22,10,4,2,0,0,7,10,15,17,4,17,32,"7-10","Y","Y","Y",6,0,4,60,800,240,1020,68,4080
"513","E3",2025-08-02,"Shrewsbury","Bromley",0,0,"D",0,0,"D",2.3,3.5,2.9,"0-0","0-0",7,2,17,2,3,1,0,0,4,5,13,14,0,9,27,"4-5","N","N","N",4,0,0,40,300,0,360,0,0
"514","E3",2025-08-02,"Walsall","Swindon",2,1,"H",1,0,"H",2.2,3.4,3.13,"1-0","2-1",5,4,16,5,2,1,1,0,1,5,13,18,3,6,31,"1-5","Y","Y","N",3,1,3,55,450,165,330,18,990
"515","E3",2025-08-02,"Newport County","Notts County",1,1,"D",0,0,"D",4.6,3.9,1.7,"0-0","1-1",6,1,13,5,1,1,0,0,2,6,18,11,2,8,29,"2-6","Y","N","N",2,0,2,20,100,40,160,16,320
"516","E3",2025-08-09,"Notts County","Salford",1,2,"A",0,1,"A",2,3.6,3.5,"0-1","1-2",9,3,11,5,3,3,0,0,1,7,11,18,3,8,29,"1-7","Y","Y","N",6,0,3,60,900,180,480,24,1440
"517","E3",2025-08-09,"Tranmere","Shrewsbury",4,0,"H",2,0,"H",2.05,3.25,3.7,"2-0","4-0",10,6,12,3,1,1,0,1,2,5,13,11,4,7,24,"2-5","Y","Y","Y",2,1,4,45,350,180,315,28,1260
"518","E3",2025-08-09,"Barrow","Milton Keynes Dons",0,2,"A",0,0,"D",2.45,3.13,2.7,"0-0","0-2",7,0,12,5,3,2,0,0,1,5,19,12,2,6,31,"1-5","Y","N","N",5,0,2,50,600,100,300,12,600
"519","E3",2025-08-09,"Bromley","Barnet",2,0,"H",1,0,"H",2.7,3.25,2.4,"1-0","2-0",9,3,10,2,3,1,0,0,6,6,15,12,2,12,27,"6-6","Y","N","N",4,0,2,40,300,80,480,24,960
"520","E3",2025-08-09,"Cheltenham","Chesterfield",0,2,"A",0,0,"D",3.4,3.5,1.95,"0-0","0-2",6,2,16,8,7,1,0,0,2,5,19,16,2,7,35,"2-5","Y","N","N",8,0,2,80,700,160,560,14,1120
"521","E3",2025-08-09,"Crawley Town","Newport County",1,2,"A",0,0,"D",1.53,3.9,5.25,"0-0","1-2",18,6,7,3,0,2,0,0,6,3,11,18,3,9,29,"6-3","Y","Y","N",2,0,3,20,0,60,180,27,540
"522","E3",2025-08-09,"Crewe","Accrington",2,0,"H",2,0,"H",2.1,3.13,3.3,"2-0","2-0",15,4,9,3,1,2,0,0,8,2,13,19,2,10,32,"8-2","Y","N","N",3,0,2,30,200,60,300,20,600
"523","E3",2025-08-09,"Fleetwood Town","Bristol Rvs",2,1,"H",2,0,"H",2.45,3.25,2.63,"2-0","2-1",7,3,14,2,1,3,0,0,1,6,15,16,3,7,31,"1-6","Y","Y","N",4,0,3,40,300,120,280,21,840
"524","E3",2025-08-09,"Gillingham","Walsall",1,0,"H",0,0,"D",2.7,3,2.55,"0-0","1-0",8,2,6,2,3,3,0,0,5,2,14,17,1,7,31,"5-2","N","N","N",6,0,1,60,900,60,420,7,420
"525","E3",2025-08-09,"Harrogate","Grimsby",3,3,"D",0,0,"D",3,3.2,2.25,"0-0","3-3",8,3,13,4,5,3,0,0,3,4,12,9,6,7,21,"3-4","Y","Y","Y",8,0,6,80,1500,480,560,42,3360
"526","E3",2025-08-09,"Oldham","Colchester",1,1,"D",1,1,"D",2.3,3.2,2.9,"1-1","1-1",20,7,8,3,1,1,0,0,8,7,19,13,2,15,32,"8-7","Y","N","N",2,0,2,20,100,40,300,30,600
"527","E3",2025-08-09,"Swindon","Cambridge",3,2,"H",2,1,"H",2.05,3.3,3.25,"2-1","3-2",9,5,10,4,2,1,0,0,2,7,11,10,5,9,21,"2-7","Y","Y","Y",3,0,5,30,200,150,270,45,1350
"528","E3",2025-08-16,"Chesterfield","Bristol Rvs",3,1,"H",1,0,"H",1.73,3.75,4.6,"1-0","3-1",21,10,7,3,3,3,0,1,5,4,9,11,4,9,20,"5-4","Y","Y","Y",6,1,4,85,1650,340,765,36,3060
"529","E3",2025-08-16,"Oldham","Swindon",1,2,"A",1,2,"A",2.7,3.3,2.55,"1-2","1-2",13,5,13,3,0,3,0,0,4,2,9,11,3,6,20,"4-2","Y","Y","N",3,0,3,30,0,90,180,18,540
"530","E3",2025-08-16,"Barnet","Walsall",1,2,"A",1,2,"A",2.05,3.4,3.5,"1-2","1-2",10,3,6,2,2,0,1,0,7,1,14,8,3,8,22,"7-1","Y","Y","N",2,1,3,45,0,135,360,24,1080
"531","E3",2025-08-16,"Barrow","Notts County",2,1,"H",1,0,"H",2.75,3.25,2.55,"1-0","2-1",11,5,7,3,1,1,0,0,3,3,7,11,3,6,18,"3-3","Y","Y","N",2,0,3,20,100,60,120,18,360
"532","E3",2025-08-16,"Bromley","Fleetwood Town",2,2,"D",1,1,"D",2.2,3.4,3.13,"1-1","2-2",17,5,14,4,4,2,0,0,7,2,11,15,4,9,26,"7-2","Y","Y","Y",6,0,4,60,800,240,540,36,2160
"533","E3",2025-08-16,"Cambridge","Harrogate",1,1,"D",1,0,"H",1.8,3.5,4.5,"1-0","1-1",16,5,4,1,1,1,0,0,9,3,10,11,2,12,21,"9-3","Y","N","N",2,0,2,20,100,40,240,24,480
"534","E3",2025-08-16,"Crewe","Crawley Town",1,0,"H",1,0,"H",1.85,3.7,3.9,"1-0","1-0",13,2,16,4,4,2,0,0,7,3,20,16,1,10,36,"7-3","N","N","N",6,0,1,60,800,60,600,10,600
"535","E3",2025-08-16,"Grimsby","Newport County",2,1,"H",1,0,"H",1.44,4.33,7,"1-0","2-1",22,6,12,3,2,3,0,0,12,3,12,12,3,15,24,"12-3","Y","Y","N",5,0,3,50,600,150,750,45,2250
"536","E3",2025-08-16,"Milton Keynes Dons","Cheltenham",5,0,"H",3,0,"H",1.55,4,5.75,"3-0","5-0",16,8,9,2,1,4,0,0,3,1,10,13,5,4,23,"3-1","Y","Y","Y",5,0,5,50,400,250,200,20,1000
"537","E3",2025-08-16,"Salford","Accrington",2,1,"H",2,0,"H",1.7,3.8,4.75,"2-0","2-1",10,3,12,4,1,1,0,0,5,1,20,13,3,6,33,"5-1","Y","Y","N",2,0,3,20,100,60,120,18,360
"538","E3",2025-08-16,"Shrewsbury","Colchester",0,2,"A",0,0,"D",2.7,3,2.8,"0-0","0-2",8,1,9,4,2,1,1,0,6,1,16,9,2,7,25,"6-1","Y","N","N",3,1,2,55,450,110,385,14,770
"539","E3",2025-08-16,"Tranmere","Gillingham",1,1,"D",0,0,"D",2.1,3.13,3.7,"0-0","1-1",12,2,6,1,2,2,0,1,3,4,9,13,2,7,22,"3-4","Y","N","N",4,1,2,65,900,130,455,14,910
"540","E3",2025-08-19,"Newport County","Salford",0,1,"A",0,0,"D",3.9,3.7,1.87,"0-0","0-1",11,2,11,3,1,3,0,0,5,3,15,11,1,8,26,"5-3","N","N","N",4,0,1,40,300,40,320,8,320
"541","E3",2025-08-19,"Bristol Rvs","Oldham",0,0,"D",0,0,"D",2.2,3.4,3.2,"0-0","0-0",13,4,10,1,3,2,0,0,4,1,15,15,0,5,30,"4-1","N","N","N",5,0,0,50,600,0,250,0,0
"542","E3",2025-08-19,"Cheltenham","Bromley",1,2,"A",0,1,"A",3.1,3.3,2.3,"0-1","1-2",13,6,18,4,1,3,0,0,12,7,12,21,3,19,33,"12-7","Y","Y","N",4,0,3,40,300,120,760,57,2280
"543","E3",2025-08-19,"Colchester","Cambridge",1,2,"A",1,2,"A",2.63,3.1,2.8,"1-2","1-2",9,3,12,4,2,4,0,0,2,11,11,16,3,13,27,"2-11","Y","Y","N",6,0,3,60,800,180,780,39,2340
"544","E3",2025-08-19,"Crawley Town","Milton Keynes Dons",1,1,"D",1,0,"H",4.1,3.6,1.83,"1-0","1-1",12,6,15,6,4,1,0,0,8,11,22,11,2,19,33,"8-11","Y","N","N",5,0,2,50,400,100,950,38,1900
"545","E3",2025-08-19,"Fleetwood Town","Crewe",1,4,"A",0,2,"A",2.63,3.3,2.63,"0-2","1-4",9,3,17,10,6,4,0,0,2,3,18,11,5,5,29,"2-3","Y","Y","Y",10,0,5,100,2400,500,500,25,2500
"546","E3",2025-08-19,"Gillingham","Chesterfield",4,1,"H",1,0,"H",3.1,3.13,2.38,"1-0","4-1",11,6,7,3,4,1,0,0,0,2,15,13,5,2,28,"0-2","Y","Y","Y",5,0,5,50,400,250,100,10,500
"547","E3",2025-08-19,"Harrogate","Barrow",1,0,"H",1,0,"H",2.9,3,2.55,"1-0","1-0",22,5,17,1,0,0,0,0,4,6,7,8,1,10,15,"4-6","N","N","N",0,0,1,0,0,0,0,10,0
"548","E3",2025-08-19,"Swindon","Barnet",0,2,"A",0,0,"D",2.2,3.6,3,"0-0","0-2",8,4,11,5,2,3,0,0,6,8,13,13,2,14,26,"6-8","Y","N","N",5,0,2,50,600,100,700,28,1400
"549","E3",2025-08-19,"Walsall","Grimsby",0,1,"A",0,0,"D",2.5,3.13,2.88,"0-0","0-1",11,2,15,5,2,2,0,0,4,6,10,10,1,10,20,"4-6","N","N","N",4,0,1,40,400,40,400,10,400
"550","E3",2025-08-20,"Notts County","Shrewsbury",4,1,"H",2,1,"H",1.73,3.6,4.8,"2-1","4-1",11,8,7,2,3,3,0,0,4,4,10,16,5,8,26,"4-4","Y","Y","Y",6,0,5,60,900,300,480,40,2400
"551","E3",2025-08-23,"Newport County","Milton Keynes Dons",1,2,"A",1,1,"D",5.25,3.8,1.65,"1-1","1-2",10,3,17,4,1,2,0,0,3,7,12,13,3,10,25,"3-7","Y","Y","N",3,0,3,30,200,90,300,30,900
"552","E3",2025-08-23,"Walsall","Salford",1,0,"H",1,0,"H",2.2,3.4,3.2,"1-0","1-0",18,6,6,3,2,1,0,0,5,2,12,9,1,7,21,"5-2","N","N","N",3,0,1,30,200,30,210,7,210
"553","E3",2025-08-23,"Accrington","Grimsby",1,1,"D",0,1,"A",3.4,3.25,2.15,"0-1","1-1",11,3,13,4,5,0,0,0,5,0,25,7,2,5,32,"5-0","Y","N","N",5,0,2,50,0,100,250,10,500
"554","E3",2025-08-23,"Bristol Rvs","Cambridge",1,0,"H",1,0,"H",2.4,3.25,2.9,"1-0","1-0",9,3,8,0,2,1,0,1,3,4,11,11,1,7,22,"3-4","N","N","N",3,1,1,55,700,55,385,7,385
"555","E3",2025-08-23,"Cheltenham","Barnet",0,1,"A",0,0,"D",3.6,3.4,2.05,"0-0","0-1",11,1,15,6,1,1,0,1,1,4,14,23,1,5,37,"1-4","N","N","N",2,1,1,45,350,45,225,5,225
"556","E3",2025-08-23,"Colchester","Barrow",0,2,"A",0,1,"A",2.2,3.13,3.5,"0-1","0-2",24,6,9,4,2,3,0,0,14,2,10,14,2,16,24,"14-2","Y","N","N",5,0,2,50,600,100,800,32,1600
"557","E3",2025-08-23,"Crawley Town","Tranmere",0,2,"A",0,0,"D",2.75,3.3,2.5,"0-0","0-2",20,3,10,2,1,4,0,0,8,9,7,20,2,17,27,"8-9","Y","N","N",5,0,2,50,400,100,850,34,1700
"558","E3",2025-08-23,"Fleetwood Town","Oldham",1,1,"D",1,1,"D",2.4,3.3,2.9,"1-1","1-1",12,4,22,3,2,0,0,0,4,8,13,13,2,12,26,"4-8","Y","N","N",2,0,2,20,0,40,240,24,480
"559","E3",2025-08-23,"Gillingham","Crewe",1,0,"H",0,0,"D",2.6,3.13,2.8,"0-0","1-0",17,5,7,2,2,2,0,0,4,3,14,18,1,7,32,"4-3","N","N","N",4,0,1,40,400,40,280,7,280
"560","E3",2025-08-23,"Harrogate","Chesterfield",1,2,"A",0,1,"A",4.5,3.6,1.75,"0-1","1-2",9,3,13,5,0,1,0,0,6,5,8,11,3,11,19,"6-5","Y","Y","N",1,0,3,10,0,30,110,33,330
"561","E3",2025-08-23,"Notts County","Bromley",2,2,"D",2,1,"H",2.1,3.5,3.3,"2-1","2-2",8,3,8,2,1,4,0,0,3,5,12,14,4,8,26,"3-5","Y","Y","Y",5,0,4,50,400,200,400,32,1600
"562","E3",2025-08-23,"Swindon","Shrewsbury",2,1,"H",1,0,"H",1.8,3.5,4.4,"1-0","2-1",15,7,10,3,1,2,0,0,5,2,11,9,3,7,20,"5-2","Y","Y","N",3,0,3,30,200,90,210,21,630
"563","E3",2025-08-29,"Salford","Cheltenham",1,1,"D",0,0,"D",1.67,3.9,4.8,"0-0","1-1",26,7,5,3,2,1,0,0,14,1,14,14,2,15,28,"14-1","Y","N","N",3,0,2,30,200,60,450,30,900
"564","E3",2025-08-30,"Barrow","Fleetwood Town",0,1,"A",0,1,"A",2.1,3.3,3.5,"0-1","0-1",8,1,19,6,2,3,1,0,4,9,12,14,1,13,26,"4-9","N","N","N",5,1,1,75,1350,75,975,13,975
"565","E3",2025-08-30,"Crewe","Swindon",0,3,"A",0,3,"A",2,3.5,3.6,"0-3","0-3",9,3,19,9,1,1,0,0,3,4,14,11,3,7,25,"3-4","Y","Y","N",2,0,3,20,100,60,140,21,420
"566","E3",2025-08-30,"Barnet","Colchester",1,1,"D",0,1,"A",1.95,3.4,3.9,"0-1","1-1",15,6,7,2,2,0,0,0,8,3,16,12,2,11,28,"8-3","Y","N","N",2,0,2,20,0,40,220,22,440
"567","E3",2025-08-30,"Bromley","Harrogate",2,0,"H",0,0,"D",1.75,3.6,4.6,"0-0","2-0",17,6,7,3,2,2,0,0,3,4,10,12,2,7,22,"3-4","Y","N","N",4,0,2,40,400,80,280,14,560
"568","E3",2025-08-30,"Cambridge","Newport County",2,0,"H",1,0,"H",1.5,4.1,6.5,"1-0","2-0",10,3,4,2,0,1,0,0,7,4,10,14,2,11,24,"7-4","Y","N","N",1,0,2,10,0,20,110,22,220
"569","E3",2025-08-30,"Chesterfield","Crawley Town",2,2,"D",0,2,"A",1.55,4.2,5.5,"0-2","2-2",12,3,3,3,4,5,0,0,8,5,20,15,4,13,35,"8-5","Y","Y","Y",9,0,4,90,2000,360,1170,52,4680
"570","E3",2025-08-30,"Grimsby","Bristol Rvs",0,1,"A",0,1,"A",1.95,3.5,3.7,"0-1","0-1",12,2,7,3,1,3,0,0,9,8,9,15,1,17,24,"9-8","N","N","N",4,0,1,40,300,40,680,17,680
"571","E3",2025-08-30,"Milton Keynes Dons","Walsall",0,1,"A",0,0,"D",1.95,3.3,4,"0-0","0-1",18,5,6,2,2,1,0,0,5,3,8,14,1,8,22,"5-3","N","N","N",3,0,1,30,200,30,240,8,240
"572","E3",2025-08-30,"Oldham","Gillingham",0,1,"A",0,0,"D",2.38,3.1,3.13,"0-0","0-1",11,3,8,2,5,3,0,0,7,2,11,16,1,9,27,"7-2","N","N","N",8,0,1,80,1500,80,720,9,720
"573","E3",2025-08-30,"Shrewsbury","Accrington",0,0,"D",0,0,"D",2.3,3.2,3.13,"0-0","0-0",17,5,9,4,3,3,0,0,2,6,8,15,0,8,23,"2-6","N","N","N",6,0,0,60,900,0,480,0,0
"574","E3",2025-08-30,"Tranmere","Notts County",1,2,"A",1,0,"H",2.3,3.25,3.1,"1-0","1-2",15,2,7,4,5,2,0,0,8,3,10,8,3,11,18,"8-3","Y","Y","N",7,0,3,70,1000,210,770,33,2310
"575","E3",2025-09-06,"Newport County","Bristol Rvs",2,3,"A",0,0,"D",3.9,3.6,1.9,"0-0","2-3",11,5,12,4,1,3,0,0,1,3,16,15,5,4,31,"1-3","Y","Y","Y",4,0,5,40,300,200,160,20,800
"576","E3",2025-09-06,"Barnet","Shrewsbury",1,3,"A",1,3,"A",1.73,3.7,4.6,"1-3","1-3",15,6,11,4,1,5,0,0,6,3,11,9,4,9,20,"6-3","Y","Y","Y",6,0,4,60,500,240,540,36,2160
"577","E3",2025-09-06,"Barrow","Swindon",1,3,"A",0,2,"A",2.75,3.25,2.5,"0-2","1-3",14,2,8,3,1,3,0,0,8,2,9,12,4,10,21,"8-2","Y","Y","Y",4,0,4,40,300,160,400,40,1600
"578","E3",2025-09-06,"Cambridge","Oldham",0,1,"A",0,1,"A",1.95,3.3,4,"0-1","0-1",14,3,6,4,3,2,0,0,11,2,7,10,1,13,17,"11-2","N","N","N",5,0,1,50,600,50,650,13,650
"579","E3",2025-09-06,"Cheltenham","Accrington",1,0,"H",1,0,"H",2.45,3.3,2.8,"1-0","1-0",13,3,8,1,1,3,0,0,5,5,13,17,1,10,30,"5-5","N","N","N",4,0,1,40,300,40,400,10,400
"580","E3",2025-09-06,"Colchester","Crewe",1,1,"D",0,1,"A",2.63,3.25,2.63,"0-1","1-1",14,7,5,1,2,4,0,0,3,2,14,17,2,5,31,"3-2","Y","N","N",6,0,2,60,800,120,300,10,600
"581","E3",2025-09-06,"Harrogate","Crawley Town",0,1,"A",0,1,"A",2.63,3.4,2.55,"0-1","0-1",21,6,13,3,1,3,0,1,5,7,18,14,1,12,32,"5-7","N","N","N",4,1,1,65,550,65,780,12,780
"582","E3",2025-09-06,"Milton Keynes Dons","Grimsby",2,3,"A",0,3,"A",2,3.5,3.6,"0-3","2-3",8,2,13,8,2,1,1,0,6,5,11,11,5,11,22,"6-5","Y","Y","Y",3,1,5,55,450,275,605,55,3025
"583","E3",2025-09-06,"Notts County","Fleetwood Town",1,0,"H",0,0,"D",1.95,3.5,3.75,"0-0","1-0",13,4,13,6,3,3,0,0,9,5,16,16,1,14,32,"9-5","N","N","N",6,0,1,60,900,60,840,14,840
"584","E3",2025-09-06,"Salford","Tranmere",3,1,"H",0,0,"D",2.25,3.3,3.13,"0-0","3-1",27,8,11,4,1,0,0,0,10,2,13,13,4,12,26,"10-2","Y","Y","Y",1,0,4,10,0,40,120,48,480
"585","E3",2025-09-06,"Walsall","Chesterfield",1,0,"H",1,0,"H",2.8,3.25,2.5,"1-0","1-0",7,2,9,0,2,4,1,0,7,2,15,9,1,9,24,"7-2","N","N","N",6,1,1,85,1800,85,765,9,765
"586","E3",2025-09-06,"Bromley","Gillingham",2,2,"D",2,0,"H",2.25,3.2,3.3,"2-0","2-2",16,6,15,5,2,2,0,0,5,7,8,11,4,12,19,"5-7","Y","Y","Y",4,0,4,40,400,160,480,48,1920
"587","E3",2025-09-13,"Accrington","Colchester",1,0,"H",1,0,"H",2.8,3.13,2.55,"1-0","1-0",16,8,5,0,2,3,0,1,5,4,15,17,1,9,32,"5-4","N","N","N",5,1,1,75,1100,75,675,9,675
"588","E3",2025-09-13,"Crawley Town","Cheltenham",2,0,"H",0,0,"D",1.83,3.7,4,"0-0","2-0",17,6,11,3,2,1,0,0,7,4,13,15,2,11,28,"7-4","Y","N","N",3,0,2,30,200,60,330,22,660
"589","E3",2025-09-13,"Bristol Rvs","Barrow",2,1,"H",2,0,"H",1.85,3.5,4.2,"2-0","2-1",12,3,15,2,2,3,0,0,6,9,7,13,3,15,20,"6-9","Y","Y","N",5,0,3,50,600,150,750,45,2250
"590","E3",2025-09-13,"Chesterfield","Milton Keynes Dons",1,1,"D",0,1,"A",2.2,3.4,3.2,"0-1","1-1",12,4,4,1,1,4,0,0,7,4,9,16,2,11,25,"7-4","Y","N","N",5,0,2,50,400,100,550,22,1100
"591","E3",2025-09-13,"Crewe","Barnet",1,2,"A",0,0,"D",2.55,3.4,2.63,"0-0","1-2",11,5,12,5,0,4,0,0,5,6,10,16,3,11,26,"5-6","Y","Y","N",4,0,3,40,0,120,440,33,1320
"592","E3",2025-09-13,"Fleetwood Town","Walsall",1,1,"D",1,1,"D",2.75,3.13,2.6,"1-1","1-1",9,2,13,2,1,1,0,0,6,6,10,11,2,12,21,"6-6","Y","N","N",2,0,2,20,100,40,240,24,480
"593","E3",2025-09-13,"Gillingham","Notts County",1,0,"H",0,0,"D",2.38,3.2,3.1,"0-0","1-0",7,3,8,1,4,1,0,0,2,4,10,8,1,6,18,"2-4","N","N","N",5,0,1,50,400,50,300,6,300
"594","E3",2025-09-13,"Grimsby","Cambridge",1,1,"D",0,1,"A",2.2,3.3,3.25,"0-1","1-1",11,5,11,4,3,4,0,0,5,5,15,22,2,10,37,"5-5","Y","N","N",7,0,2,70,1200,140,700,20,1400
"595","E3",2025-09-13,"Oldham","Bromley",1,0,"H",0,0,"D",2.5,3.3,2.8,"0-0","1-0",16,6,14,3,2,1,0,0,8,8,11,11,1,16,22,"8-8","N","N","N",3,0,1,30,200,30,480,16,480
"596","E3",2025-09-13,"Shrewsbury","Salford",1,3,"A",0,1,"A",2.63,3.3,2.6,"0-1","1-3",17,3,11,3,1,2,0,0,7,4,9,7,4,11,16,"7-4","Y","Y","Y",3,0,4,30,200,120,330,44,1320
"597","E3",2025-09-13,"Swindon","Harrogate",3,1,"H",1,1,"D",1.62,3.9,5.25,"1-1","3-1",22,7,7,4,2,2,0,0,6,7,10,8,4,13,18,"6-7","Y","Y","Y",4,0,4,40,400,160,520,52,2080
"598","E3",2025-09-13,"Tranmere","Newport County",1,1,"D",1,0,"H",1.67,3.75,5,"1-0","1-1",14,4,11,4,2,3,0,0,3,2,11,13,2,5,24,"3-2","Y","N","N",5,0,2,50,600,100,250,10,500
"599","E3",2025-09-20,"Cambridge","Fleetwood Town",2,1,"H",0,0,"D",1.87,3.3,4.4,"0-0","2-1",23,5,9,3,1,0,0,0,10,1,11,12,3,11,23,"10-1","Y","Y","N",1,0,3,10,0,30,110,33,330
"600","E3",2025-09-20,"Harrogate","Shrewsbury",2,0,"H",0,0,"D",2.63,3.25,2.63,"0-0","2-0",13,9,16,2,3,3,0,0,4,5,10,12,2,9,22,"4-5","Y","N","N",6,0,2,60,900,120,540,18,1080
"601","E3",2025-09-20,"Barnet","Grimsby",3,0,"H",1,0,"H",2.25,3.5,3,"1-0","3-0",19,5,7,1,2,0,0,0,9,4,9,6,3,13,15,"9-4","Y","Y","N",2,0,3,20,0,60,260,39,780
"602","E3",2025-09-20,"Barrow","Crewe",1,0,"H",0,0,"D",2.75,3.25,2.55,"0-0","1-0",8,3,11,5,2,2,0,0,2,8,10,8,1,10,18,"2-8","N","N","N",4,0,1,40,400,40,400,10,400
"603","E3",2025-09-20,"Bromley","Chesterfield",2,2,"D",1,1,"D",2.88,3.4,2.38,"1-1","2-2",15,6,9,2,2,3,0,0,10,4,12,8,4,14,20,"10-4","Y","Y","Y",5,0,4,50,600,200,700,56,2800
"604","E3",2025-09-20,"Cheltenham","Oldham",0,3,"A",0,1,"A",3,3.25,2.38,"0-1","0-3",9,2,22,9,3,0,0,0,6,7,14,18,3,13,32,"6-7","Y","Y","N",3,0,3,30,0,90,390,39,1170
"605","E3",2025-09-20,"Colchester","Bristol Rvs",1,1,"D",0,1,"A",2.38,3.2,3,"0-1","1-1",10,4,10,1,2,5,0,0,4,2,7,17,2,6,24,"4-2","Y","N","N",7,0,2,70,1000,140,420,12,840
"606","E3",2025-09-20,"Milton Keynes Dons","Accrington",1,2,"A",0,1,"A",1.53,4.1,6,"0-1","1-2",7,3,15,6,3,2,1,0,3,5,14,7,3,8,21,"3-5","Y","Y","N",5,1,3,75,1100,225,600,24,1800
"607","E3",2025-09-20,"Newport County","Gillingham",1,3,"A",1,3,"A",3.6,3.3,2.05,"1-3","1-3",15,7,12,6,2,4,0,0,5,5,8,15,4,10,23,"5-5","Y","Y","Y",6,0,4,60,800,240,600,40,2400
"608","E3",2025-09-20,"Notts County","Crawley Town",4,0,"H",1,0,"H",1.9,3.7,3.75,"1-0","4-0",12,8,7,2,0,2,0,0,6,1,12,18,4,7,30,"6-1","Y","Y","Y",2,0,4,20,0,80,140,28,560
"609","E3",2025-09-20,"Salford","Swindon",3,2,"H",2,0,"H",2.25,3.5,3,"2-0","3-2",11,7,11,6,1,2,0,0,6,10,12,10,5,16,22,"6-10","Y","Y","Y",3,0,5,30,200,150,480,80,2400
"610","E3",2025-09-20,"Walsall","Tranmere",4,2,"H",2,1,"H",1.95,3.25,4,"2-1","4-2",15,7,17,3,0,1,0,0,8,8,9,8,6,16,17,"8-8","Y","Y","Y",1,0,6,10,0,60,160,96,960
"611","E3",2025-09-27,"Crewe","Notts County",2,1,"H",1,1,"D",2.25,3.4,3,"1-1","2-1",9,3,17,6,3,4,0,0,8,5,18,14,3,13,32,"8-5","Y","Y","N",7,0,3,70,1200,210,910,39,2730
"612","E3",2025-09-27,"Oldham","Barnet",1,1,"D",0,1,"A",2.63,3.25,2.63,"0-1","1-1",13,4,13,3,2,3,0,0,4,6,15,15,2,10,30,"4-6","Y","N","N",5,0,2,50,600,100,500,20,1000
"613","E3",2025-09-27,"Accrington","Walsall",1,3,"A",0,0,"D",3.13,3.2,2.3,"0-0","1-3",19,5,8,5,0,1,0,0,8,3,11,14,4,11,25,"8-3","Y","Y","Y",1,0,4,10,0,40,110,44,440
"614","E3",2025-09-27,"Bristol Rvs","Salford",2,1,"H",1,1,"D",2.3,3.5,2.9,"1-1","2-1",7,2,18,6,1,4,0,1,2,5,17,14,3,7,31,"2-5","Y","Y","N",5,1,3,75,650,225,525,21,1575
"615","E3",2025-09-27,"Chesterfield","Newport County",4,1,"H",2,0,"H",1.36,4.8,8,"2-0","4-1",12,4,10,3,3,2,0,0,4,3,12,21,5,7,33,"4-3","Y","Y","Y",5,0,5,50,600,250,350,35,1750
"616","E3",2025-09-27,"Crawley Town","Barrow",1,2,"A",0,2,"A",2.2,3.4,3.2,"0-2","1-2",20,6,18,8,3,3,0,0,12,7,5,6,3,19,11,"12-7","Y","Y","N",6,0,3,60,900,180,1140,57,3420
"617","E3",2025-09-27,"Fleetwood Town","Colchester",4,2,"H",1,2,"A",2.25,3.25,3.2,"1-2","4-2",18,7,12,4,0,0,0,0,4,1,14,13,6,5,27,"4-1","Y","Y","Y",0,0,6,0,0,0,0,30,0
"618","E3",2025-09-27,"Gillingham","Harrogate",0,1,"A",0,1,"A",1.73,3.6,4.8,"0-1","0-1",18,2,7,2,1,1,0,0,12,1,11,4,1,13,15,"12-1","N","N","N",2,0,1,20,100,20,260,13,260
"619","E3",2025-09-27,"Grimsby","Cheltenham",7,1,"H",2,1,"H",1.44,4.33,7,"2-1","7-1",27,13,3,1,0,2,0,2,8,1,11,13,8,9,24,"8-1","Y","Y","Y",2,2,8,70,0,560,630,72,5040
"620","E3",2025-09-27,"Shrewsbury","Milton Keynes Dons",1,2,"A",0,2,"A",3.2,3.3,2.25,"0-2","1-2",11,4,7,4,2,0,0,0,7,1,15,11,3,8,26,"7-1","Y","Y","N",2,0,3,20,0,60,160,24,480
"621","E3",2025-09-27,"Swindon","Bromley",2,0,"H",2,0,"H",2.05,3.5,3.5,"2-0","2-0",11,6,15,2,2,1,0,0,6,4,13,9,2,10,22,"6-4","Y","N","N",3,0,2,30,200,60,300,20,600
"622","E3",2025-09-27,"Tranmere","Cambridge",0,0,"D",0,0,"D",2.7,3.1,2.7,"0-0","0-0",4,1,12,1,1,2,0,0,1,7,11,12,0,8,23,"1-7","N","N","N",3,0,0,30,200,0,240,0,0
"623","E3",2025-10-04,"Milton Keynes Dons","Gillingham",3,2,"H",1,0,"H",2,3.4,3.75,"1-0","3-2",13,4,14,4,2,3,0,0,3,4,20,11,5,7,31,"3-4","Y","Y","Y",5,0,5,50,600,250,350,35,1750
"624","E3",2025-10-04,"Newport County","Swindon",0,1,"A",0,1,"A",4.33,3.9,1.73,"0-1","0-1",9,1,11,3,4,5,0,0,5,6,14,15,1,11,29,"5-6","N","N","N",9,0,1,90,2000,90,990,11,990
"625","E3",2025-10-04,"Barnet","Accrington",2,0,"H",1,0,"H",1.62,3.9,5.25,"1-0","2-0",15,5,15,2,1,3,0,0,4,4,9,10,2,8,19,"4-4","Y","N","N",4,0,2,40,300,80,320,16,640
"626","E3",2025-10-04,"Barrow","Shrewsbury",0,0,"D",0,0,"D",2.15,3.3,3.4,"0-0","0-0",7,2,10,1,2,2,0,0,3,7,11,12,0,10,23,"3-7","N","N","N",4,0,0,40,400,0,400,0,0
"627","E3",2025-10-04,"Bromley","Tranmere",3,3,"D",2,1,"H",1.83,3.6,4.1,"2-1","3-3",17,8,9,4,2,3,1,0,8,2,9,18,6,10,27,"8-2","Y","Y","Y",5,1,6,75,1350,450,750,60,4500
"628","E3",2025-10-04,"Cambridge","Crawley Town",3,1,"H",1,0,"H",1.75,3.7,4.5,"1-0","3-1",7,5,14,3,2,5,0,0,2,10,11,16,4,12,27,"2-10","Y","Y","Y",7,0,4,70,1000,280,840,48,3360
"629","E3",2025-10-04,"Cheltenham","Fleetwood Town",2,0,"H",0,0,"D",3.13,3.3,2.25,"0-0","2-0",11,5,18,6,1,4,0,0,0,6,7,11,2,6,18,"0-6","Y","N","N",5,0,2,50,400,100,300,12,600
"630","E3",2025-10-04,"Colchester","Chesterfield",6,2,"H",4,1,"H",3.1,3.4,2.25,"4-1","6-2",23,13,6,2,1,1,0,0,3,3,7,16,8,6,23,"3-3","Y","Y","Y",2,0,8,20,100,160,120,48,960
"631","E3",2025-10-04,"Notts County","Oldham",3,1,"H",2,0,"H",2.15,3.4,3.3,"2-0","3-1",18,11,10,4,1,1,0,0,2,9,2,12,4,11,14,"2-9","Y","Y","Y",2,0,4,20,100,80,220,44,880
"632","E3",2025-10-04,"Salford","Grimsby",0,2,"A",0,2,"A",2.2,3.6,3,"0-2","0-2",13,4,13,3,3,3,0,0,4,5,18,18,2,9,36,"4-5","Y","N","N",6,0,2,60,900,120,540,18,1080
"633","E3",2025-10-04,"Walsall","Bristol Rvs",2,1,"H",0,1,"A",2.1,3.3,3.5,"0-1","2-1",6,2,6,3,3,3,0,0,3,2,12,15,3,5,27,"3-2","Y","Y","N",6,0,3,60,900,180,300,15,900
"634","E3",2025-10-06,"Harrogate","Crewe",1,2,"A",1,1,"D",3.2,3.3,2.1,"1-1","1-2",10,1,14,3,2,0,0,0,3,6,11,13,3,9,24,"3-6","Y","Y","N",2,0,3,20,0,60,180,27,540
"635","E3",2025-10-11,"Accrington","Newport County",0,1,"A",0,1,"A",1.8,3.6,4.33,"0-1","0-1",12,2,7,2,1,1,0,0,4,3,9,10,1,7,19,"4-3","N","N","N",2,0,1,20,100,20,140,7,140
"636","E3",2025-10-11,"Bristol Rvs","Milton Keynes Dons",0,4,"A",0,1,"A",2.4,3.3,2.88,"0-1","0-4",6,1,13,7,2,2,0,0,7,2,9,13,4,9,22,"7-2","Y","Y","Y",4,0,4,40,400,160,360,36,1440
"637","E3",2025-10-11,"Chesterfield","Salford",2,0,"H",0,0,"D",2.2,3.6,3,"0-0","2-0",10,3,10,1,3,2,0,0,4,7,12,13,2,11,25,"4-7","Y","N","N",5,0,2,50,600,100,550,22,1100
"638","E3",2025-10-11,"Crawley Town","Walsall",1,1,"D",1,0,"H",2.75,3.4,2.45,"1-0","1-1",16,8,9,4,2,2,0,0,4,7,12,14,2,11,26,"4-7","Y","N","N",4,0,2,40,400,80,440,22,880
"639","E3",2025-10-11,"Crewe","Bromley",0,1,"A",0,0,"D",2.2,3.5,3.1,"0-0","0-1",7,1,12,5,1,2,0,0,5,5,13,16,1,10,29,"5-5","N","N","N",3,0,1,30,200,30,300,10,300
"640","E3",2025-10-11,"Fleetwood Town","Harrogate",3,2,"H",1,1,"D",1.8,3.6,4.33,"1-1","3-2",16,5,13,5,0,0,0,0,4,3,13,10,5,7,23,"4-3","Y","Y","Y",0,0,5,0,0,0,0,35,0
"641","E3",2025-10-11,"Gillingham","Cheltenham",1,1,"D",0,0,"D",1.53,3.9,6.5,"0-0","1-1",30,10,11,1,0,2,0,0,11,2,10,13,2,13,23,"11-2","Y","N","N",2,0,2,20,0,40,260,26,520
"642","E3",2025-10-11,"Grimsby","Colchester",1,2,"A",1,1,"D",1.73,3.75,4.5,"1-1","1-2",6,2,15,6,3,4,0,0,6,3,14,12,3,9,26,"6-3","Y","Y","N",7,0,3,70,1200,210,630,27,1890
"643","E3",2025-10-11,"Shrewsbury","Cambridge",2,0,"H",2,0,"H",3.25,3.1,2.3,"2-0","2-0",4,2,6,1,2,1,0,0,3,3,9,8,2,6,17,"3-3","Y","N","N",3,0,2,30,200,60,180,12,360
"644","E3",2025-10-11,"Tranmere","Barnet",0,2,"A",0,2,"A",3.13,3.4,2.2,"0-2","0-2",13,0,14,4,0,4,0,1,2,6,13,14,2,8,27,"2-6","Y","N","N",4,1,2,65,0,130,520,16,1040
"645","E3",2025-10-11,"Oldham","Barrow",0,0,"D",0,0,"D",1.87,3.4,4.2,"0-0","0-0",18,4,6,2,1,1,0,0,7,4,9,15,0,11,24,"7-4","N","N","N",2,0,0,20,100,0,220,0,0
"646","E3",2025-10-18,"Cambridge","Bromley",2,1,"H",2,0,"H",2.2,3.25,3.3,"2-0","2-1",13,4,11,2,2,1,0,0,3,3,12,12,3,6,24,"3-3","Y","Y","N",3,0,3,30,200,90,180,18,540
"647","E3",2025-10-18,"Salford","Oldham",1,0,"H",1,0,"H",2.05,3.5,3.4,"1-0","1-0",29,8,15,5,3,2,0,1,7,7,11,19,1,14,30,"7-7","N","N","N",5,1,1,75,1350,75,1050,14,1050
"648","E3",2025-10-18,"Accrington","Swindon",4,0,"H",1,0,"H",3.8,3.6,1.91,"1-0","4-0",19,6,8,3,0,3,0,1,3,5,9,8,4,8,17,"3-5","Y","Y","Y",3,1,4,55,0,220,440,32,1760
"649","E3",2025-10-18,"Barnet","Notts County",0,1,"A",0,0,"D",2,3.6,3.5,"0-0","0-1",18,5,4,1,3,2,0,0,12,2,14,17,1,14,31,"12-2","N","N","N",5,0,1,50,600,50,700,14,700
"650","E3",2025-10-18,"Bristol Rvs","Tranmere",1,4,"A",0,1,"A",1.87,3.5,4.1,"0-1","1-4",12,2,20,9,2,2,0,0,6,5,13,14,5,11,27,"6-5","Y","Y","Y",4,0,5,40,400,200,440,55,2200
"651","E3",2025-10-18,"Chesterfield","Fleetwood Town",1,1,"D",1,1,"D",1.75,3.8,4.33,"1-1","1-1",14,5,6,2,1,3,0,0,9,9,5,9,2,18,14,"9-9","Y","N","N",4,0,2,40,300,80,720,36,1440
"652","E3",2025-10-18,"Colchester","Harrogate",3,1,"H",3,1,"H",1.7,3.8,4.8,"3-1","3-1",19,8,5,2,1,3,0,0,5,4,12,14,4,9,26,"5-4","Y","Y","Y",4,0,4,40,300,160,360,36,1440
"653","E3",2025-10-18,"Grimsby","Gillingham",1,0,"H",0,0,"D",2,3.4,3.7,"0-0","1-0",24,9,3,2,3,4,0,2,6,2,14,17,1,8,31,"6-2","N","N","N",7,2,1,120,2700,120,960,8,960
"654","E3",2025-10-18,"Milton Keynes Dons","Crewe",3,1,"H",2,0,"H",1.8,3.6,4.33,"2-0","3-1",10,7,10,2,4,0,0,0,4,7,14,11,4,11,25,"4-7","Y","Y","Y",4,0,4,40,0,160,440,44,1760
"655","E3",2025-10-18,"Newport County","Cheltenham",0,2,"A",0,1,"A",2.25,3.3,3.13,"0-1","0-2",9,3,10,4,4,1,0,0,3,3,7,13,2,6,20,"3-3","Y","N","N",5,0,2,50,400,100,300,12,600
"656","E3",2025-10-18,"Shrewsbury","Crawley Town",1,0,"H",0,0,"D",2.25,3.4,3.1,"0-0","1-0",13,4,15,3,3,3,0,1,6,6,14,15,1,12,29,"6-6","N","N","N",6,1,1,85,1650,85,1020,12,1020
"657","E3",2025-10-18,"Walsall","Barrow",1,2,"A",0,1,"A",1.83,3.4,4.4,"0-1","1-2",24,11,5,2,1,2,0,1,14,0,7,11,3,14,18,"14-0","Y","Y","N",3,1,3,55,450,165,770,42,2310
"658","E3",2025-10-21,"Swindon","Notts County",2,2,"D",1,1,"D",2.1,3.5,3.3,"1-1","2-2",11,5,8,5,2,4,0,0,6,1,10,17,4,7,27,"6-1","Y","Y","Y",6,0,4,60,800,240,420,28,1680
"659","E3",2025-10-25,"Cheltenham","Walsall",1,0,"H",0,0,"D",4.33,3.5,1.83,"0-0","1-0",8,1,14,6,2,1,0,0,1,4,6,9,1,5,15,"1-4","N","N","N",3,0,1,30,200,30,150,5,150
"660","E3",2025-10-25,"Fleetwood Town","Accrington",2,1,"H",0,1,"A",2,3.4,3.7,"0-1","2-1",15,7,13,2,1,3,0,0,7,9,9,14,3,16,23,"7-9","Y","Y","N",4,0,3,40,300,120,640,48,1920
"661","E3",2025-10-25,"Barrow","Barnet",2,2,"D",1,0,"H",3.8,3.5,1.95,"1-0","2-2",6,3,18,9,2,1,1,0,4,7,8,2,4,11,10,"4-7","Y","Y","Y",3,1,4,55,450,220,605,44,2420
"662","E3",2025-10-25,"Bromley","Milton Keynes Dons",2,1,"H",0,1,"A",2.55,3.4,2.63,"0-1","2-1",10,4,7,3,1,0,0,0,7,2,8,11,3,9,19,"7-2","Y","Y","N",1,0,3,10,0,30,90,27,270
"663","E3",2025-10-25,"Crawley Town","Bristol Rvs",4,0,"H",1,0,"H",2.38,3.4,2.88,"1-0","4-0",14,6,4,3,2,3,0,1,5,3,13,14,4,8,27,"5-3","Y","Y","Y",5,1,4,75,1100,300,600,32,2400
"664","E3",2025-10-25,"Crewe","Grimsby",3,2,"H",2,2,"D",2.63,3.4,2.55,"2-2","3-2",11,5,12,2,1,1,0,0,3,3,15,15,5,6,30,"3-3","Y","Y","Y",2,0,5,20,100,100,120,30,600
"665","E3",2025-10-25,"Gillingham","Salford",1,2,"A",1,2,"A",2.55,3.3,2.7,"1-2","1-2",14,7,13,2,2,5,0,0,5,5,17,16,3,10,33,"5-5","Y","Y","N",7,0,3,70,1000,210,700,30,2100
"666","E3",2025-10-25,"Harrogate","Newport County",0,3,"A",0,1,"A",2,3.5,3.6,"0-1","0-3",13,3,16,8,2,0,0,0,4,1,8,15,3,5,23,"4-1","Y","Y","N",2,0,3,20,0,60,100,15,300
"667","E3",2025-10-25,"Notts County","Cambridge",2,0,"H",0,0,"D",2.38,3.2,3,"0-0","2-0",4,3,5,1,0,4,0,0,0,5,12,17,2,5,29,"0-5","Y","N","N",4,0,2,40,0,80,200,10,400
"668","E3",2025-10-25,"Oldham","Shrewsbury",2,2,"D",0,0,"D",1.93,3.4,4,"0-0","2-2",12,4,9,3,1,4,0,0,7,2,8,17,4,9,25,"7-2","Y","Y","Y",5,0,4,50,400,200,450,36,1800
"669","E3",2025-10-25,"Swindon","Colchester",0,0,"D",0,0,"D",2.1,3.6,3.2,"0-0","0-0",9,1,9,1,1,0,0,0,1,5,11,8,0,6,19,"1-5","N","N","N",1,0,0,10,0,0,60,0,0
"670","E3",2025-10-25,"Tranmere","Chesterfield",1,1,"D",0,1,"A",2.9,3.5,2.3,"0-1","1-1",13,6,9,4,0,2,0,0,4,7,14,14,2,11,28,"4-7","Y","N","N",2,0,2,20,0,40,220,22,440
"671","E3",2025-10-28,"Accrington","Tranmere",1,1,"D",1,0,"H",2.45,3.3,2.8,"1-0","1-1",15,4,9,3,1,2,0,0,4,2,5,13,2,6,18,"4-2","Y","N","N",3,0,2,30,200,60,180,12,360
"672","E3",2025-11-08,"Colchester","Bromley",0,2,"A",0,0,"D",2.1,3.5,3.25,"0-0","0-2",10,2,7,3,2,3,0,0,9,2,10,13,2,11,23,"9-2","Y","N","N",5,0,2,50,600,100,550,22,1100
"673","E3",2025-11-08,"Crewe","Shrewsbury",3,1,"H",1,1,"D",1.95,3.3,4,"1-1","3-1",21,6,16,2,2,4,0,0,7,4,6,12,4,11,18,"7-4","Y","Y","Y",6,0,4,60,800,240,660,44,2640
"674","E3",2025-11-08,"Barnet","Milton Keynes Dons",2,2,"D",2,1,"H",2.15,3.5,3.2,"2-1","2-2",12,5,7,4,1,4,0,0,6,2,12,20,4,8,32,"6-2","Y","Y","Y",5,0,4,50,400,200,400,32,1600
"675","E3",2025-11-08,"Barrow","Grimsby",2,2,"D",1,2,"A",3.6,3.5,2,"1-2","2-2",11,4,17,6,3,1,0,0,3,2,12,8,4,5,20,"3-2","Y","Y","Y",4,0,4,40,300,160,200,20,800
"676","E3",2025-11-08,"Bristol Rvs","Gillingham",0,1,"A",0,0,"D",2.55,3.25,2.75,"0-0","0-1",17,4,7,2,1,4,0,0,12,3,3,14,1,15,17,"12-3","N","N","N",5,0,1,50,400,50,750,15,750
"677","E3",2025-11-08,"Chesterfield","Accrington",3,3,"D",1,2,"A",1.65,3.75,5.25,"1-2","3-3",17,5,16,8,3,5,0,0,11,3,9,10,6,14,19,"11-3","Y","Y","Y",8,0,6,80,1500,480,1120,84,6720
"678","E3",2025-11-08,"Crawley Town","Fleetwood Town",2,1,"H",1,0,"H",2.2,3.6,3,"1-0","2-1",21,5,7,1,2,2,0,1,11,3,6,13,3,14,19,"11-3","Y","Y","N",4,1,3,65,900,195,910,42,2730
"679","E3",2025-11-08,"Harrogate","Oldham",0,1,"A",0,1,"A",3.4,3.3,2.15,"0-1","0-1",9,2,14,1,2,1,0,1,8,6,8,11,1,14,19,"8-6","N","N","N",3,1,1,55,700,55,770,14,770
"680","E3",2025-11-08,"Newport County","Walsall",2,4,"A",2,3,"A",4.2,3.5,1.85,"2-3","2-4",12,3,17,10,4,2,0,0,4,5,10,14,6,9,24,"4-5","Y","Y","Y",6,0,6,60,800,360,540,54,3240
"681","E3",2025-11-08,"Salford","Cambridge",0,0,"D",0,0,"D",2.2,3.3,3.25,"0-0","0-0",6,0,9,1,4,2,0,0,4,4,13,13,0,8,26,"4-4","N","N","N",6,0,0,60,800,0,480,0,0
"682","E3",2025-11-08,"Swindon","Tranmere",2,1,"H",0,0,"D",1.73,3.9,4.4,"0-0","2-1",18,7,8,2,3,3,0,0,8,3,5,18,3,11,23,"8-3","Y","Y","N",6,0,3,60,900,180,660,33,1980
"683","E3",2025-11-10,"Cheltenham","Notts County",1,2,"A",0,2,"A",3.7,3.4,1.9,"0-2","1-2",7,2,18,4,0,3,0,0,5,7,12,11,3,12,23,"5-7","Y","Y","N",3,0,3,30,0,90,360,36,1080
"684","E3",2025-11-15,"Accrington","Bristol Rvs",3,1,"H",1,0,"H",2.38,3.4,2.88,"1-0","3-1",9,5,10,2,3,3,0,0,3,5,13,12,4,8,25,"3-5","Y","Y","Y",6,0,4,60,900,240,480,32,1920
"685","E3",2025-11-15,"Bromley","Barrow",2,1,"H",1,0,"H",1.73,3.7,4.6,"1-0","2-1",15,6,7,2,1,2,0,0,4,1,8,9,3,5,17,"4-1","Y","Y","N",3,0,3,30,200,90,150,15,450
"686","E3",2025-11-15,"Cambridge","Barnet",0,0,"D",0,0,"D",2.63,3.2,2.7,"0-0","0-0",9,1,11,4,2,0,0,0,3,7,17,7,0,10,24,"3-7","N","N","N",2,0,0,20,0,0,200,0,0
"687","E3",2025-11-15,"Fleetwood Town","Swindon",1,1,"D",1,1,"D",2.4,3.5,2.75,"1-1","1-1",12,2,15,6,0,3,0,0,9,6,11,18,2,15,29,"9-6","Y","N","N",3,0,2,30,0,60,450,30,900
"688","E3",2025-11-15,"Grimsby","Chesterfield",0,1,"A",0,0,"D",2.1,3.6,3.25,"0-0","0-1",12,4,8,1,2,3,0,0,11,5,14,11,1,16,25,"11-5","N","N","N",5,0,1,50,600,50,800,16,800
"689","E3",2025-11-15,"Milton Keynes Dons","Salford",2,0,"H",1,0,"H",2.2,3.5,3.1,"1-0","2-0",6,4,11,4,2,2,0,0,3,4,8,12,2,7,20,"3-4","Y","N","N",4,0,2,40,400,80,280,14,560
"690","E3",2025-11-15,"Notts County","Harrogate",1,1,"D",0,1,"A",1.45,4.4,7,"0-1","1-1",15,3,3,1,0,2,0,0,11,1,4,15,2,12,19,"11-1","Y","N","N",2,0,2,20,0,40,240,24,480
"691","E3",2025-11-15,"Oldham","Crewe",0,0,"D",0,0,"D",2.25,3.3,3.13,"0-0","0-0",16,2,15,2,2,1,0,0,5,6,19,7,0,11,26,"5-6","N","N","N",3,0,0,30,200,0,330,0,0
"692","E3",2025-11-15,"Shrewsbury","Newport County",1,0,"H",0,0,"D",1.87,3.5,4.1,"0-0","1-0",19,6,10,2,4,2,0,0,8,4,14,15,1,12,29,"8-4","N","N","N",6,0,1,60,800,60,720,12,720
"693","E3",2025-11-15,"Tranmere","Cheltenham",3,2,"H",2,1,"H",1.7,3.75,4.8,"2-1","3-2",13,4,14,4,2,1,0,0,2,7,5,7,5,9,12,"2-7","Y","Y","Y",3,0,5,30,200,150,270,45,1350
"694","E3",2025-11-15,"Walsall","Colchester",0,2,"A",0,2,"A",2.2,3.25,3.25,"0-2","0-2",13,3,3,2,2,4,0,0,5,1,9,18,2,6,27,"5-1","Y","N","N",6,0,2,60,800,120,360,12,720
"695","E3",2025-11-15,"Gillingham","Crawley Town",2,2,"D",1,0,"H",1.85,3.6,4.1,"1-0","2-2",17,9,20,8,1,2,0,0,8,7,9,10,4,15,19,"8-7","Y","Y","Y",3,0,4,30,200,120,450,60,1800
"696","E3",2025-11-22,"Gillingham","Barnet",1,1,"D",1,1,"D",3,3.3,2.3,"1-1","1-1",11,4,13,4,4,3,0,0,2,7,18,9,2,9,27,"2-7","Y","N","N",7,0,2,70,1200,140,630,18,1260
"697","E3",2025-11-22,"Harrogate","Walsall",0,2,"A",0,1,"A",4.75,3.5,1.75,"0-1","0-2",7,0,18,6,1,2,0,0,2,7,16,14,2,9,30,"2-7","Y","N","N",3,0,2,30,200,60,270,18,540
"698","E3",2025-11-22,"Barrow","Cambridge",0,2,"A",0,0,"D",3.25,3.1,2.3,"0-0","0-2",9,3,11,7,1,2,0,0,4,3,12,10,2,7,22,"4-3","Y","N","N",3,0,2,30,200,60,210,14,420
"699","E3",2025-11-22,"Bromley","Salford",2,0,"H",2,0,"H",2.2,3.5,3.1,"2-0","2-0",10,3,15,5,0,2,0,0,4,7,11,16,2,11,27,"4-7","Y","N","N",2,0,2,20,0,40,220,22,440
"700","E3",2025-11-22,"Cheltenham","Bristol Rvs",1,0,"H",0,0,"D",3,3.4,2.3,"0-0","1-0",4,1,17,3,4,1,0,0,6,7,13,11,1,13,24,"6-7","N","N","N",5,0,1,50,400,50,650,13,650
"701","E3",2025-11-22,"Crawley Town","Accrington",1,1,"D",0,1,"A",2.05,3.5,3.4,"0-1","1-1",12,4,8,4,3,2,0,0,7,4,10,11,2,11,21,"7-4","Y","N","N",5,0,2,50,600,100,550,22,1100
"702","E3",2025-11-22,"Crewe","Chesterfield",3,3,"D",1,2,"A",2.3,3.4,3,"1-2","3-3",22,9,12,7,2,1,0,0,5,2,16,13,6,7,29,"5-2","Y","Y","Y",3,0,6,30,200,180,210,42,1260
"703","E3",2025-11-22,"Fleetwood Town","Shrewsbury",3,1,"H",1,0,"H",2.15,3.3,3.4,"1-0","3-1",13,6,13,3,0,1,1,0,3,2,8,6,4,5,14,"3-2","Y","Y","Y",1,1,4,35,250,140,175,20,700
"704","E3",2025-11-22,"Notts County","Colchester",1,3,"A",1,1,"D",2.2,3.4,3.13,"1-1","1-3",15,4,8,4,1,3,0,0,4,3,14,14,4,7,28,"4-3","Y","Y","Y",4,0,4,40,300,160,280,28,1120
"705","E3",2025-11-22,"Oldham","Newport County",3,0,"H",0,0,"D",1.62,3.9,5.25,"0-0","3-0",19,7,10,3,2,1,0,0,9,6,11,8,3,15,19,"9-6","Y","Y","N",3,0,3,30,200,90,450,45,1350
"706","E3",2025-11-22,"Swindon","Grimsby",2,2,"D",2,2,"D",2.3,3.5,2.9,"2-2","2-2",14,6,15,6,2,2,0,0,6,8,17,7,4,14,24,"6-8","Y","Y","Y",4,0,4,40,400,160,560,56,2240
"707","E3",2025-11-22,"Tranmere","Milton Keynes Dons",2,2,"D",2,0,"H",2.9,3.3,2.38,"2-0","2-2",10,4,15,3,2,1,0,1,1,8,11,10,4,9,21,"1-8","Y","Y","Y",3,1,4,55,700,220,495,36,1980
"708","EC",2025-08-09,"Altrincham","Aldershot",3,2,"H",2,0,"H",1.87,3.6,3.5,"2-0","3-2",0,0,0,0,5,3,0,0,0,0,0,0,5,0,0,"0-0","Y","Y","Y",8,0,5,80,1500,400,0,0,0
"709","EC",2025-08-09,"Boreham Wood","Rochdale",0,2,"A",0,0,"D",2.9,3.2,2.3,"0-0","0-2",0,0,0,0,0,3,0,0,0,0,0,0,2,0,0,"0-0","Y","N","N",3,0,2,30,0,60,0,0,0
"710","EC",2025-08-09,"Brackley Town","Eastleigh",1,0,"H",1,0,"H",2,3.3,3.4,"1-0","1-0",0,0,0,0,1,2,0,0,0,0,0,0,1,0,0,"0-0","N","N","N",3,0,1,30,200,30,0,0,0
"711","EC",2025-08-09,"Braintree Town","Halifax",3,0,"H",2,0,"H",2.2,3.13,3.1,"2-0","3-0",0,0,0,0,4,3,0,0,0,0,0,0,3,0,0,"0-0","Y","Y","N",7,0,3,70,1200,210,0,0,0
"712","EC",2025-08-09,"Gateshead","Southend",0,3,"A",0,1,"A",3,3.4,2.15,"0-1","0-3",0,0,0,0,1,1,0,0,0,0,0,0,3,0,0,"0-0","Y","Y","N",2,0,3,20,100,60,0,0,0
"713","EC",2025-08-09,"Solihull","Forest Green",2,2,"D",1,0,"H",3.5,3.4,1.95,"1-0","2-2",0,0,0,0,2,0,1,0,0,0,0,0,4,0,0,"0-0","Y","Y","Y",2,1,4,45,0,180,0,0,0
"714","EC",2025-08-09,"Tamworth","Scunthorpe",1,2,"A",1,2,"A",2.1,3.4,3.13,"1-2","1-2",0,0,0,0,2,2,0,0,0,0,0,0,3,0,0,"0-0","Y","Y","N",4,0,3,40,400,120,0,0,0
"715","EC",2025-08-09,"Wealdstone","Truro",2,0,"H",1,0,"H",2.3,3.3,2.8,"1-0","2-0",0,0,0,0,1,0,0,0,0,0,0,0,2,0,0,"0-0","Y","N","N",1,0,2,10,0,20,0,0,0
"716","EC",2025-08-09,"Woking","Carlisle",0,2,"A",0,0,"D",4.4,3.6,1.7,"0-0","0-2",0,0,0,0,3,2,0,0,0,0,0,0,2,0,0,"0-0","Y","N","N",5,0,2,50,600,100,0,0,0
"717","EC",2025-08-09,"Yeovil","Hartlepool",0,0,"D",0,0,"D",2.4,3.2,2.75,"0-0","0-0",0,0,0,0,3,2,0,0,0,0,0,0,0,0,0,"0-0","N","N","N",5,0,0,50,600,0,0,0,0
"718","EC",2025-08-09,"York","Sutton",2,2,"D",1,1,"D",1.5,4.1,5.5,"1-1","2-2",0,0,0,0,1,1,0,0,0,0,0,0,4,0,0,"0-0","Y","Y","Y",2,0,4,20,100,80,0,0,0
"719","EC",2025-08-16,"Rochdale","Altrincham",2,1,"H",1,1,"D",1.87,3.5,3.6,"1-1","2-1",0,0,0,0,1,5,0,0,0,0,0,0,3,0,0,"0-0","Y","Y","N",6,0,3,60,500,180,0,0,0
"720","EC",2025-08-16,"Aldershot","Boston Utd",2,3,"A",0,1,"A",2.15,3.3,3.1,"0-1","2-3",0,0,0,0,3,2,1,0,0,0,0,0,5,0,0,"0-0","Y","Y","Y",5,1,5,75,1100,375,0,0,0
"721","EC",2025-08-16,"Carlisle","Boreham Wood",3,3,"D",0,1,"A",1.62,3.75,4.8,"0-1","3-3",0,0,0,0,1,1,0,0,0,0,0,0,6,0,0,"0-0","Y","Y","Y",2,0,6,20,100,120,0,0,0
"722","EC",2025-08-16,"Eastleigh","Gateshead",0,2,"A",0,2,"A",1.91,3.6,3.4,"0-2","0-2",0,0,0,0,2,1,0,0,0,0,0,0,2,0,0,"0-0","Y","N","N",3,0,2,30,200,60,0,0,0
"723","EC",2025-08-16,"Forest Green","Yeovil",2,0,"H",0,0,"D",1.7,3.5,4.5,"0-0","2-0",0,0,0,0,1,3,0,1,0,0,0,0,2,0,0,"0-0","Y","N","N",4,1,2,65,550,130,0,0,0
"724","EC",2025-08-16,"Hartlepool","Braintree Town",2,0,"H",1,0,"H",2.15,3.4,3,"1-0","2-0",0,0,0,0,1,1,0,1,0,0,0,0,2,0,0,"0-0","Y","N","N",2,1,2,45,350,90,0,0,0
"725","EC",2025-08-16,"Scunthorpe","Woking",3,1,"H",2,0,"H",1.91,3.4,3.6,"2-0","3-1",0,0,0,0,2,2,0,0,0,0,0,0,4,0,0,"0-0","Y","Y","Y",4,0,4,40,400,160,0,0,0
"726","EC",2025-08-16,"Southend","Tamworth",2,0,"H",1,0,"H",1.57,3.9,5,"1-0","2-0",0,0,0,0,2,1,0,0,0,0,0,0,2,0,0,"0-0","Y","N","N",3,0,2,30,200,60,0,0,0
"727","EC",2025-08-16,"Sutton","Solihull",0,0,"D",0,0,"D",1.87,3.4,3.75,"0-0","0-0",0,0,0,0,3,3,0,0,0,0,0,0,0,0,0,"0-0","N","N","N",6,0,0,60,900,0,0,0,0
"728","EC",2025-08-16,"Wealdstone","Halifax",2,1,"H",1,1,"D",2.3,3.25,2.9,"1-1","2-1",0,0,0,0,4,3,0,1,0,0,0,0,3,0,0,"0-0","Y","Y","N",7,1,3,95,2200,285,0,0,0
"729","EC",2025-08-16,"Truro","York",0,2,"A",0,0,"D",4.2,3.7,1.7,"0-0","0-2",0,0,0,0,2,2,0,0,0,0,0,0,2,0,0,"0-0","Y","N","N",4,0,2,40,400,80,0,0,0
"730","EC",2025-08-19,"Altrincham","Hartlepool",0,2,"A",0,2,"A",2.2,3.5,2.88,"0-2","0-2",0,0,0,0,1,1,0,0,0,0,0,0,2,0,0,"0-0","Y","N","N",2,0,2,20,100,40,0,0,0
"731","EC",2025-08-19,"Boston Utd","Halifax",0,1,"A",0,1,"A",2.25,3.13,3,"0-1","0-1",0,0,0,0,2,3,0,0,0,0,0,0,1,0,0,"0-0","N","N","N",5,0,1,50,600,50,0,0,0
"732","EC",2025-08-19,"Carlisle","Solihull",1,1,"D",0,0,"D",1.45,4,6,"0-0","1-1",0,0,0,0,2,0,0,0,0,0,0,0,2,0,0,"0-0","Y","N","N",2,0,2,20,0,40,0,0,0
"733","EC",2025-08-19,"Tamworth","Truro",2,0,"H",2,0,"H",1.8,3.5,3.9,"2-0","2-0",0,0,0,0,2,2,0,0,0,0,0,0,2,0,0,"0-0","Y","N","N",4,0,2,40,400,80,0,0,0
"734","EC",2025-08-19,"Woking","Wealdstone",1,2,"A",0,1,"A",2.2,3.3,3,"0-1","1-2",0,0,0,0,1,5,0,0,0,0,0,0,3,0,0,"0-0","Y","Y","N",6,0,3,60,500,180,0,0,0
"735","EC",2025-08-20,"Aldershot","Eastleigh",2,3,"A",0,1,"A",1.93,3.5,3.5,"0-1","2-3",0,0,0,0,3,3,0,1,0,0,0,0,5,0,0,"0-0","Y","Y","Y",6,1,5,85,1650,425,0,0,0
"736","EC",2025-08-20,"Boreham Wood","Braintree Town",2,1,"H",1,1,"D",2.1,3.25,3.25,"1-1","2-1",0,0,0,0,2,1,0,1,0,0,0,0,3,0,0,"0-0","Y","Y","N",3,1,3,55,700,165,0,0,0
"737","EC",2025-08-20,"Forest Green","Sutton",4,0,"H",2,0,"H",1.87,3.4,3.7,"2-0","4-0",0,0,0,0,1,3,0,0,0,0,0,0,4,0,0,"0-0","Y","Y","Y",4,0,4,40,300,160,0,0,0
"738","EC",2025-08-20,"Rochdale","Gateshead",4,0,"H",2,0,"H",1.57,3.9,4.8,"2-0","4-0",0,0,0,0,1,4,0,0,0,0,0,0,4,0,0,"0-0","Y","Y","Y",5,0,4,50,400,200,0,0,0
"739","EC",2025-08-20,"Southend","York",0,0,"D",0,0,"D",2.25,3.4,2.8,"0-0","0-0",0,0,0,0,2,3,0,0,0,0,0,0,0,0,0,"0-0","N","N","N",5,0,0,50,600,0,0,0,0
"740","EC",2025-08-20,"Yeovil","Brackley Town",2,1,"H",1,0,"H",2.25,3.2,3,"1-0","2-1",0,0,0,0,4,2,0,0,0,0,0,0,3,0,0,"0-0","Y","Y","N",6,0,3,60,800,180,0,0,0
"741","EC",2025-08-23,"Morecambe","Altrincham",2,1,"H",1,1,"D",4.1,3.6,1.75,"1-1","2-1",0,0,0,0,4,3,0,0,0,0,0,0,3,0,0,"0-0","Y","Y","N",7,0,3,70,1200,210,0,0,0
"742","EC",2025-08-23,"Brackley Town","Rochdale",2,1,"H",1,0,"H",3.25,3.2,2.1,"1-0","2-1",0,0,0,0,3,4,0,0,0,0,0,0,3,0,0,"0-0","Y","Y","N",7,0,3,70,1200,210,0,0,0
"743","EC",2025-08-23,"Braintree Town","Yeovil",1,0,"H",0,0,"D",2.15,3.13,3.2,"0-0","1-0",0,0,0,0,2,2,0,0,0,0,0,0,1,0,0,"0-0","N","N","N",4,0,1,40,400,40,0,0,0
"744","EC",2025-08-23,"Eastleigh","Boston Utd",2,0,"H",0,0,"D",2.25,3.2,3,"0-0","2-0",0,0,0,0,1,3,0,0,0,0,0,0,2,0,0,"0-0","Y","N","N",4,0,2,40,300,80,0,0,0
"745","EC",2025-08-23,"Gateshead","Tamworth",2,1,"H",1,0,"H",2.45,3.4,2.55,"1-0","2-1",0,0,0,0,2,2,0,0,0,0,0,0,3,0,0,"0-0","Y","Y","N",4,0,3,40,400,120,0,0,0
"746","EC",2025-08-23,"Halifax","Forest Green",1,2,"A",1,1,"D",2.9,3.13,2.3,"1-1","1-2",0,0,0,0,2,3,0,0,0,0,0,0,3,0,0,"0-0","Y","Y","N",5,0,3,50,600,150,0,0,0
"747","EC",2025-08-23,"Hartlepool","Woking",3,0,"H",2,0,"H",1.7,3.6,4.4,"2-0","3-0",0,0,0,0,0,2,0,0,0,0,0,0,3,0,0,"0-0","Y","Y","N",2,0,3,20,0,60,0,0,0
"748","EC",2025-08-23,"Solihull","Aldershot",1,5,"A",0,2,"A",2.1,3.4,3.1,"0-2","1-5",0,0,0,0,2,2,0,0,0,0,0,0,6,0,0,"0-0","Y","Y","Y",4,0,6,40,400,240,0,0,0
"749","EC",2025-08-23,"Sutton","Scunthorpe",2,3,"A",1,1,"D",2.25,3.3,2.88,"1-1","2-3",0,0,0,0,1,2,1,0,0,0,0,0,5,0,0,"0-0","Y","Y","Y",3,1,5,55,700,275,0,0,0
"750","EC",2025-08-23,"Truro","Southend",0,1,"A",0,0,"D",5.5,3.8,1.53,"0-0","0-1",0,0,0,0,5,0,0,0,0,0,0,0,1,0,0,"0-0","N","N","N",5,0,1,50,0,50,0,0,0
"751","EC",2025-08-23,"Wealdstone","Carlisle",0,1,"A",0,1,"A",3.75,3.5,1.83,"0-1","0-1",0,0,0,0,0,3,0,0,0,0,0,0,1,0,0,"0-0","N","N","N",3,0,1,30,0,30,0,0,0
"752","EC",2025-08-25,"Aldershot","Morecambe",4,0,"H",0,0,"D",NA,NA,NA,"0-0","4-0",0,0,0,0,3,2,0,0,0,0,0,0,4,0,0,"0-0","Y","Y","Y",5,0,4,50,600,200,0,0,0
"753","EC",2025-08-25,"Altrincham","Solihull",2,0,"H",1,0,"H",NA,NA,NA,"1-0","2-0",0,0,0,0,4,1,0,0,0,0,0,0,2,0,0,"0-0","Y","N","N",5,0,2,50,400,100,0,0,0
"754","EC",2025-08-25,"Boreham Wood","Truro",2,1,"H",1,1,"D",NA,NA,NA,"1-1","2-1",0,0,0,0,2,2,0,0,0,0,0,0,3,0,0,"0-0","Y","Y","N",4,0,3,40,400,120,0,0,0
"755","EC",2025-08-25,"Boston Utd","Wealdstone",2,1,"H",0,0,"D",NA,NA,NA,"0-0","2-1",0,0,0,0,0,2,0,0,0,0,0,0,3,0,0,"0-0","Y","Y","N",2,0,3,20,0,60,0,0,0
"756","EC",2025-08-25,"Carlisle","Braintree Town",5,0,"H",2,0,"H",NA,NA,NA,"2-0","5-0",0,0,0,0,0,2,0,0,0,0,0,0,5,0,0,"0-0","Y","Y","Y",2,0,5,20,0,100,0,0,0
"757","EC",2025-08-25,"Forest Green","Eastleigh",1,0,"H",0,0,"D",NA,NA,NA,"0-0","1-0",0,0,0,0,4,2,0,0,0,0,0,0,1,0,0,"0-0","N","N","N",6,0,1,60,800,60,0,0,0
"758","EC",2025-08-25,"Rochdale","Sutton",1,0,"H",0,0,"D",NA,NA,NA,"0-0","1-0",0,0,0,0,1,0,0,0,0,0,0,0,1,0,0,"0-0","N","N","N",1,0,1,10,0,10,0,0,0
"759","EC",2025-08-25,"Scunthorpe","Halifax",1,1,"D",0,0,"D",NA,NA,NA,"0-0","1-1",0,0,0,0,2,2,1,0,0,0,0,0,2,0,0,"0-0","Y","N","N",4,1,2,65,900,130,0,0,0
"760","EC",2025-08-25,"Southend","Hartlepool",1,1,"D",1,0,"H",NA,NA,NA,"1-0","1-1",0,0,0,0,1,3,0,0,0,0,0,0,2,0,0,"0-0","Y","N","N",4,0,2,40,300,80,0,0,0
"761","EC",2025-08-25,"Tamworth","Brackley Town",1,1,"D",1,0,"H",NA,NA,NA,"1-0","1-1",0,0,0,0,2,1,0,0,0,0,0,0,2,0,0,"0-0","Y","N","N",3,0,2,30,200,60,0,0,0
"762","EC",2025-08-25,"Woking","York",1,1,"D",1,0,"H",NA,NA,NA,"1-0","1-1",0,0,0,0,3,4,0,0,0,0,0,0,2,0,0,"0-0","Y","N","N",7,0,2,70,1200,140,0,0,0
"763","EC",2025-08-25,"Yeovil","Gateshead",3,4,"A",3,0,"H",NA,NA,NA,"3-0","3-4",0,0,0,0,1,3,0,0,0,0,0,0,7,0,0,"0-0","Y","Y","Y",4,0,7,40,300,280,0,0,0
"764","EC",2025-08-30,"Solihull","Southend",1,2,"A",0,1,"A",4.75,3.6,1.65,"0-1","1-2",0,0,0,0,2,0,0,0,0,0,0,0,3,0,0,"0-0","Y","Y","N",2,0,3,20,0,60,0,0,0
"765","EC",2025-08-30,"Braintree Town","Forest Green",0,0,"D",0,0,"D",3.9,3.4,1.83,"0-0","0-0",0,0,0,0,4,2,0,0,0,0,0,0,0,0,0,"0-0","N","N","N",6,0,0,60,800,0,0,0,0
"766","EC",2025-08-30,"Eastleigh","Altrincham",2,1,"H",0,1,"A",2.6,3.4,2.4,"0-1","2-1",0,0,0,0,1,3,0,0,0,0,0,0,3,0,0,"0-0","Y","Y","N",4,0,3,40,300,120,0,0,0
"767","EC",2025-08-30,"Gateshead","Aldershot",3,3,"D",1,2,"A",2.15,3.6,2.88,"1-2","3-3",0,0,0,0,4,4,0,0,0,0,0,0,6,0,0,"0-0","Y","Y","Y",8,0,6,80,1600,480,0,0,0
"768","EC",2025-08-30,"Halifax","Yeovil",3,2,"H",1,0,"H",2.38,2.9,3.1,"1-0","3-2",0,0,0,0,4,2,0,0,0,0,0,0,5,0,0,"0-0","Y","Y","Y",6,0,5,60,800,300,0,0,0
"769","EC",2025-08-30,"Hartlepool","Boreham Wood",0,0,"D",0,0,"D",1.75,3.5,4.2,"0-0","0-0",0,0,0,0,2,1,1,0,0,0,0,0,0,0,0,"0-0","N","N","N",3,1,0,55,450,0,0,0,0
"770","EC",2025-08-30,"Morecambe","Woking",0,2,"A",0,0,"D",2.25,3.4,2.8,"0-0","0-2",0,0,0,0,2,2,0,0,0,0,0,0,2,0,0,"0-0","Y","N","N",4,0,2,40,400,80,0,0,0
"771","EC",2025-08-30,"Sutton","Carlisle",2,1,"H",0,0,"D",3.25,3.4,2.05,"0-0","2-1",0,0,0,0,0,1,0,0,0,0,0,0,3,0,0,"0-0","Y","Y","N",1,0,3,10,0,30,0,0,0
"772","EC",2025-08-30,"Truro","Boston Utd",3,0,"H",1,0,"H",2.9,3.25,2.25,"1-0","3-0",0,0,0,0,0,3,0,0,0,0,0,0,3,0,0,"0-0","Y","Y","N",3,0,3,30,0,90,0,0,0
"773","EC",2025-08-30,"Wealdstone","Rochdale",1,3,"A",0,2,"A",3.3,3.4,2,"0-2","1-3",0,0,0,0,1,3,0,0,0,0,0,0,4,0,0,"0-0","Y","Y","Y",4,0,4,40,300,160,0,0,0
"774","EC",2025-08-30,"Brackley Town","Scunthorpe",1,1,"D",0,0,"D",2.05,3.3,3.25,"0-0","1-1",0,0,0,0,4,5,0,1,0,0,0,0,2,0,0,"0-0","Y","N","N",9,1,2,115,3000,230,0,0,0
"775","EC",2025-09-02,"Braintree Town","Tamworth",1,2,"A",0,1,"A",2.8,3.3,2.3,"0-1","1-2",0,0,0,0,2,0,0,0,0,0,0,0,3,0,0,"0-0","Y","Y","N",2,0,3,20,0,60,0,0,0
"776","EC",2025-09-02,"Morecambe","Forest Green",1,3,"A",1,2,"A",6.5,4.5,1.4,"1-2","1-3",0,0,0,0,2,1,0,0,0,0,0,0,4,0,0,"0-0","Y","Y","Y",3,0,4,30,200,120,0,0,0
"777","EC",2025-09-02,"Solihull","Yeovil",0,1,"A",0,1,"A",2.6,3.13,2.55,"0-1","0-1",0,0,0,0,0,2,0,0,0,0,0,0,1,0,0,"0-0","N","N","N",2,0,1,20,0,20,0,0,0
"778","EC",2025-09-02,"Wealdstone","Southend",3,2,"H",1,1,"D",4.2,3.5,1.75,"1-1","3-2",0,0,0,0,4,4,0,0,0,0,0,0,5,0,0,"0-0","Y","Y","Y",8,0,5,80,1600,400,0,0,0
"779","EC",2025-09-03,"Brackley Town","Carlisle",0,1,"A",0,0,"D",2.9,3.3,2.25,"0-0","0-1",0,0,0,0,2,2,0,0,0,0,0,0,1,0,0,"0-0","N","N","N",4,0,1,40,400,40,0,0,0
"780","EC",2025-09-03,"Gateshead","Altrincham",0,2,"A",0,2,"A",2.7,3.6,2.25,"0-2","0-2",0,0,0,0,0,0,1,0,0,0,0,0,2,0,0,"0-0","Y","N","N",0,1,2,25,0,50,0,0,0
"781","EC",2025-09-03,"Halifax","Woking",1,1,"D",0,0,"D",1.83,3.4,3.9,"0-0","1-1",0,0,0,0,3,2,0,0,0,0,0,0,2,0,0,"0-0","Y","N","N",5,0,2,50,600,100,0,0,0
"782","EC",2025-09-03,"Hartlepool","Boston Utd",1,1,"D",1,0,"H",1.62,3.7,4.8,"1-0","1-1",0,0,0,0,2,2,0,0,0,0,0,0,2,0,0,"0-0","Y","N","N",4,0,2,40,400,80,0,0,0
"783","EC",2025-09-03,"Sutton","Boreham Wood",3,4,"A",2,1,"H",2.55,3.3,2.5,"2-1","3-4",0,0,0,0,2,2,0,0,0,0,0,0,7,0,0,"0-0","Y","Y","Y",4,0,7,40,400,280,0,0,0
"784","EC",2025-09-03,"Truro","Aldershot",2,2,"D",0,1,"A",2.6,3.4,2.4,"0-1","2-2",0,0,0,0,1,2,0,2,0,0,0,0,4,0,0,"0-0","Y","Y","Y",3,2,4,80,700,320,0,0,0
"785","EC",2025-09-06,"Altrincham","Sutton",2,1,"H",0,1,"A",1.83,3.7,3.6,"0-1","2-1",0,0,0,0,0,6,0,0,0,0,0,0,3,0,0,"0-0","Y","Y","N",6,0,3,60,0,180,0,0,0
"786","EC",2025-09-06,"Boreham Wood","Morecambe",3,0,"H",2,0,"H",1.5,4.1,5.5,"2-0","3-0",0,0,0,0,3,3,0,1,0,0,0,0,3,0,0,"0-0","Y","Y","N",6,1,3,85,1650,255,0,0,0
"787","EC",2025-09-06,"Boston Utd","Solihull",1,2,"A",1,1,"D",2.15,3.3,3.1,"1-1","1-2",0,0,0,0,1,3,0,0,0,0,0,0,3,0,0,"0-0","Y","Y","N",4,0,3,40,300,120,0,0,0
"788","EC",2025-09-06,"Carlisle","Truro",3,0,"H",2,0,"H",1.45,4.2,5.75,"2-0","3-0",0,0,0,0,3,1,0,0,0,0,0,0,3,0,0,"0-0","Y","Y","N",4,0,3,40,300,120,0,0,0
"789","EC",2025-09-06,"Forest Green","Hartlepool",1,0,"H",1,0,"H",1.67,3.6,4.6,"1-0","1-0",0,0,0,0,2,2,0,0,0,0,0,0,1,0,0,"0-0","N","N","N",4,0,1,40,400,40,0,0,0
"790","EC",2025-09-06,"Rochdale","Braintree Town",2,0,"H",2,0,"H",1.44,4.33,6,"2-0","2-0",0,0,0,0,0,0,0,0,0,0,0,0,2,0,0,"0-0","Y","N","N",0,0,2,0,0,0,0,0,0
"791","EC",2025-09-06,"Scunthorpe","Wealdstone",2,1,"H",2,1,"H",1.87,3.4,3.75,"2-1","2-1",0,0,0,0,1,2,0,0,0,0,0,0,3,0,0,"0-0","Y","Y","N",3,0,3,30,200,90,0,0,0
"792","EC",2025-09-06,"Southend","Halifax",3,0,"H",1,0,"H",1.53,3.7,5.75,"1-0","3-0",0,0,0,0,1,2,0,1,0,0,0,0,3,0,0,"0-0","Y","Y","N",3,1,3,55,450,165,0,0,0
"793","EC",2025-09-06,"Tamworth","Eastleigh",1,0,"H",0,0,"D",2,3.3,3.4,"0-0","1-0",0,0,0,0,1,3,1,1,0,0,0,0,1,0,0,"0-0","N","N","N",4,2,1,90,1925,90,0,0,0
"794","EC",2025-09-06,"Woking","Gateshead",5,0,"H",2,0,"H",2.15,3.4,2.9,"2-0","5-0",0,0,0,0,0,1,0,0,0,0,0,0,5,0,0,"0-0","Y","Y","Y",1,0,5,10,0,50,0,0,0
"795","EC",2025-09-06,"Yeovil","York",1,3,"A",0,2,"A",4.1,3.4,1.8,"0-2","1-3",0,0,0,0,2,1,0,0,0,0,0,0,4,0,0,"0-0","Y","Y","Y",3,0,4,30,200,120,0,0,0
"796","EC",2025-09-06,"Aldershot","Brackley Town",2,2,"D",1,0,"H",2.4,3.4,2.6,"1-0","2-2",0,0,0,0,2,3,1,0,0,0,0,0,4,0,0,"0-0","Y","Y","Y",5,1,4,75,1350,300,0,0,0
"797","EC",2025-09-09,"York","Tamworth",4,0,"H",0,0,"D",1.45,4.2,5.75,"0-0","4-0",0,0,0,0,1,1,0,0,0,0,0,0,4,0,0,"0-0","Y","Y","Y",2,0,4,20,100,80,0,0,0
"798","EC",2025-09-13,"Yeovil","Woking",1,0,"H",0,0,"D",2.05,3.2,3.4,"0-0","1-0",0,0,0,0,4,3,0,0,0,0,0,0,1,0,0,"0-0","N","N","N",7,0,1,70,1200,70,0,0,0
"799","EC",2025-09-13,"Boreham Wood","Altrincham",3,1,"H",3,0,"H",1.91,3.5,3.5,"3-0","3-1",0,0,0,0,2,2,0,1,0,0,0,0,4,0,0,"0-0","Y","Y","Y",4,1,4,65,900,260,0,0,0
"800","EC",2025-09-13,"Braintree Town","York",2,3,"A",1,0,"H",5.25,3.9,1.55,"1-0","2-3",0,0,0,0,4,1,0,0,0,0,0,0,5,0,0,"0-0","Y","Y","Y",5,0,5,50,400,250,0,0,0
"801","EC",2025-09-13,"Carlisle","Aldershot",2,0,"H",0,0,"D",1.5,4.2,5.25,"0-0","2-0",0,0,0,0,1,1,0,0,0,0,0,0,2,0,0,"0-0","Y","N","N",2,0,2,20,100,40,0,0,0
"802","EC",2025-09-13,"Forest Green","Scunthorpe",1,1,"D",0,1,"A",1.53,3.8,5.5,"0-1","1-1",0,0,0,0,2,1,0,0,0,0,0,0,2,0,0,"0-0","Y","N","N",3,0,2,30,200,60,0,0,0
"803","EC",2025-09-13,"Hartlepool","Brackley Town",0,0,"D",0,0,"D",1.91,3.4,3.6,"0-0","0-0",0,0,0,0,1,1,0,0,0,0,0,0,0,0,0,"0-0","N","N","N",2,0,0,20,100,0,0,0,0
"804","EC",2025-09-13,"Solihull","Morecambe",4,4,"D",2,1,"H",1.5,4,5.5,"2-1","4-4",0,0,0,0,1,0,0,0,0,0,0,0,8,0,0,"0-0","Y","Y","Y",1,0,8,10,0,80,0,0,0
"805","EC",2025-09-13,"Southend","Boston Utd",1,1,"D",0,0,"D",1.33,4.5,8,"0-0","1-1",0,0,0,0,0,4,0,0,0,0,0,0,2,0,0,"0-0","Y","N","N",4,0,2,40,0,80,0,0,0
"806","EC",2025-09-13,"Sutton","Tamworth",2,3,"A",2,3,"A",2.5,3.3,2.6,"2-3","2-3",0,0,0,0,2,3,0,0,0,0,0,0,5,0,0,"0-0","Y","Y","Y",5,0,5,50,600,250,0,0,0
"807","EC",2025-09-13,"Truro","Rochdale",0,1,"A",0,1,"A",4.33,3.6,1.7,"0-1","0-1",0,0,0,0,2,2,0,0,0,0,0,0,1,0,0,"0-0","N","N","N",4,0,1,40,400,40,0,0,0
"808","EC",2025-09-13,"Wealdstone","Gateshead",2,2,"D",1,1,"D",1.9,3.6,3.4,"1-1","2-2",0,0,0,0,2,2,0,0,0,0,0,0,4,0,0,"0-0","Y","Y","Y",4,0,4,40,400,160,0,0,0
"809","EC",2025-09-13,"Halifax","Eastleigh",2,2,"D",0,2,"A",2,3.2,3.5,"0-2","2-2",0,0,0,0,3,3,0,0,0,0,0,0,4,0,0,"0-0","Y","Y","Y",6,0,4,60,900,240,0,0,0
"810","EC",2025-09-20,"Brackley Town","Sutton",1,0,"H",0,0,"D",1.83,3.5,3.8,"0-0","1-0",0,0,0,0,3,2,0,0,0,0,0,0,1,0,0,"0-0","N","N","N",5,0,1,50,600,50,0,0,0
"811","EC",2025-09-20,"Aldershot","Hartlepool",1,0,"H",1,0,"H",2.75,3.5,2.25,"1-0","1-0",0,0,0,0,5,2,0,0,0,0,0,0,1,0,0,"0-0","N","N","N",7,0,1,70,1000,70,0,0,0
"812","EC",2025-09-20,"Altrincham","Carlisle",1,2,"A",1,2,"A",3.1,3.5,2.05,"1-2","1-2",0,0,0,0,1,4,1,1,0,0,0,0,3,0,0,"0-0","Y","Y","N",5,2,3,100,2275,300,0,0,0
"813","EC",2025-09-20,"Boston Utd","Boreham Wood",0,2,"A",0,0,"D",3.5,3.4,1.95,"0-0","0-2",0,0,0,0,3,0,0,0,0,0,0,0,2,0,0,"0-0","Y","N","N",3,0,2,30,0,60,0,0,0
"814","EC",2025-09-20,"Eastleigh","Braintree Town",1,3,"A",1,1,"D",1.83,3.4,3.9,"1-1","1-3",0,0,0,0,3,4,0,0,0,0,0,0,4,0,0,"0-0","Y","Y","Y",7,0,4,70,1200,280,0,0,0
"815","EC",2025-09-20,"Gateshead","Halifax",1,2,"A",1,1,"D",2.2,3.4,2.88,"1-1","1-2",0,0,0,0,2,2,0,0,0,0,0,0,3,0,0,"0-0","Y","Y","N",4,0,3,40,400,120,0,0,0
"816","EC",2025-09-20,"Morecambe","Wealdstone",4,3,"H",3,1,"H",3.6,3.6,1.85,"3-1","4-3",0,0,0,0,2,1,0,0,0,0,0,0,7,0,0,"0-0","Y","Y","Y",3,0,7,30,200,210,0,0,0
"817","EC",2025-09-20,"Scunthorpe","Truro",4,0,"H",1,0,"H",1.65,3.7,4.6,"1-0","4-0",0,0,0,0,3,3,0,0,0,0,0,0,4,0,0,"0-0","Y","Y","Y",6,0,4,60,900,240,0,0,0
"818","EC",2025-09-20,"Tamworth","Yeovil",1,0,"H",0,0,"D",2.05,3.25,3.4,"0-0","1-0",0,0,0,0,2,1,0,0,0,0,0,0,1,0,0,"0-0","N","N","N",3,0,1,30,200,30,0,0,0
"819","EC",2025-09-20,"Woking","Forest Green",0,2,"A",0,1,"A",4.33,3.5,1.73,"0-1","0-2",0,0,0,0,0,0,0,0,0,0,0,0,2,0,0,"0-0","Y","N","N",0,0,2,0,0,0,0,0,0
"820","EC",2025-09-20,"York","Solihull",0,1,"A",0,0,"D",1.3,4.8,8.5,"0-0","0-1",0,0,0,0,3,0,0,2,0,0,0,0,1,0,0,"0-0","N","N","N",3,2,1,80,1500,80,0,0,0
"821","EC",2025-09-23,"Altrincham","Forest Green",1,2,"A",1,1,"D",3.4,3.5,1.95,"1-1","1-2",0,0,0,0,1,3,1,0,0,0,0,0,3,0,0,"0-0","Y","Y","N",4,1,3,65,1050,195,0,0,0
"822","EC",2025-09-23,"Brackley Town","Truro",1,0,"H",1,0,"H",1.75,3.4,4.33,"1-0","1-0",0,0,0,0,2,1,0,0,0,0,0,0,1,0,0,"0-0","N","N","N",3,0,1,30,200,30,0,0,0
"823","EC",2025-09-23,"Gateshead","Hartlepool",0,1,"A",0,0,"D",3,3.5,2.1,"0-0","0-1",0,0,0,0,0,0,0,0,0,0,0,0,1,0,0,"0-0","N","N","N",0,0,1,0,0,0,0,0,0
"824","EC",2025-09-23,"Rochdale","Solihull",4,1,"H",3,0,"H",1.5,4.1,5.75,"3-0","4-1",0,0,0,0,3,2,0,0,0,0,0,0,5,0,0,"0-0","Y","Y","Y",5,0,5,50,600,250,0,0,0
"825","EC",2025-09-23,"Woking","Sutton",1,1,"D",1,0,"H",2.15,3.4,3,"1-0","1-1",0,0,0,0,0,3,0,0,0,0,0,0,2,0,0,"0-0","Y","N","N",3,0,2,30,0,60,0,0,0
"826","EC",2025-09-23,"York","Carlisle",5,0,"H",3,0,"H",1.95,3.5,3.4,"3-0","5-0",0,0,0,0,4,5,0,0,0,0,0,0,5,0,0,"0-0","Y","Y","Y",9,0,5,90,2000,450,0,0,0
"827","EC",2025-09-24,"Aldershot","Yeovil",1,4,"A",0,3,"A",1.95,3.5,3.4,"0-3","1-4",0,0,0,0,1,2,0,0,0,0,0,0,5,0,0,"0-0","Y","Y","Y",3,0,5,30,200,150,0,0,0
"828","EC",2025-09-24,"Boston Utd","Braintree Town",2,0,"H",0,0,"D",2.1,3.4,3.1,"0-0","2-0",0,0,0,0,2,3,0,0,0,0,0,0,2,0,0,"0-0","Y","N","N",5,0,2,50,600,100,0,0,0
"829","EC",2025-09-24,"Eastleigh","Southend",2,1,"H",0,0,"D",4.6,3.6,1.67,"0-0","2-1",0,0,0,0,0,1,0,0,0,0,0,0,3,0,0,"0-0","Y","Y","N",1,0,3,10,0,30,0,0,0
"830","EC",2025-09-24,"Morecambe","Halifax",1,2,"A",1,0,"H",2.88,3.3,2.25,"1-0","1-2",0,0,0,0,0,0,0,0,0,0,0,0,3,0,0,"0-0","Y","Y","N",0,0,3,0,0,0,0,0,0
"831","EC",2025-09-24,"Scunthorpe","Boreham Wood",1,1,"D",0,1,"A",2.38,3.25,2.75,"0-1","1-1",0,0,0,0,2,0,0,0,0,0,0,0,2,0,0,"0-0","Y","N","N",2,0,2,20,0,40,0,0,0
"832","EC",2025-09-24,"Tamworth","Wealdstone",1,1,"D",0,0,"D",2.05,3.4,3.25,"0-0","1-1",0,0,0,0,2,3,0,0,0,0,0,0,2,0,0,"0-0","Y","N","N",5,0,2,50,600,100,0,0,0
"833","EC",2025-09-27,"Boreham Wood","Woking",1,0,"H",1,0,"H",1.67,3.7,4.4,"1-0","1-0",0,0,0,0,0,1,0,0,0,0,0,0,1,0,0,"0-0","N","N","N",1,0,1,10,0,10,0,0,0
"834","EC",2025-09-27,"Braintree Town","Gateshead",1,2,"A",0,2,"A",2.15,3.5,2.9,"0-2","1-2",0,0,0,0,0,2,0,0,0,0,0,0,3,0,0,"0-0","Y","Y","N",2,0,3,20,0,60,0,0,0
"835","EC",2025-09-27,"Carlisle","Rochdale",0,2,"A",0,1,"A",2.05,3.4,3.2,"0-1","0-2",0,0,0,0,2,2,0,0,0,0,0,0,2,0,0,"0-0","Y","N","N",4,0,2,40,400,80,0,0,0
"836","EC",2025-09-27,"Halifax","Aldershot",4,2,"H",2,1,"H",2.05,3.6,3,"2-1","4-2",0,0,0,0,3,3,0,0,0,0,0,0,6,0,0,"0-0","Y","Y","Y",6,0,6,60,900,360,0,0,0
"837","EC",2025-09-27,"Hartlepool","Tamworth",1,1,"D",0,0,"D",2,3.4,3.3,"0-0","1-1",0,0,0,0,3,2,0,0,0,0,0,0,2,0,0,"0-0","Y","N","N",5,0,2,50,600,100,0,0,0
"838","EC",2025-09-27,"Solihull","Brackley Town",1,0,"H",0,0,"D",3,3.3,2.15,"0-0","1-0",0,0,0,0,2,1,0,0,0,0,0,0,1,0,0,"0-0","N","N","N",3,0,1,30,200,30,0,0,0
"839","EC",2025-09-27,"Southend","Scunthorpe",0,2,"A",0,0,"D",1.65,3.75,4.5,"0-0","0-2",0,0,0,0,2,2,0,0,0,0,0,0,2,0,0,"0-0","Y","N","N",4,0,2,40,400,80,0,0,0
"840","EC",2025-09-27,"Sutton","Boston Utd",1,1,"D",0,1,"A",1.9,3.5,3.5,"0-1","1-1",0,0,0,0,5,4,0,0,0,0,0,0,2,0,0,"0-0","Y","N","N",9,0,2,90,2000,180,0,0,0
"841","EC",2025-09-27,"Truro","Morecambe",5,0,"H",1,0,"H",2.25,3.5,2.75,"1-0","5-0",0,0,0,0,1,1,0,1,0,0,0,0,5,0,0,"0-0","Y","Y","Y",2,1,5,45,350,225,0,0,0
"842","EC",2025-09-27,"Wealdstone","Eastleigh",0,0,"D",0,0,"D",2.15,3.4,3,"0-0","0-0",0,0,0,0,3,2,0,1,0,0,0,0,0,0,0,"0-0","N","N","N",5,1,0,75,1350,0,0,0,0
"843","EC",2025-09-27,"Yeovil","Altrincham",1,0,"H",1,0,"H",2.63,3.5,2.3,"1-0","1-0",0,0,0,0,2,2,0,0,0,0,0,0,1,0,0,"0-0","N","N","N",4,0,1,40,400,40,0,0,0
"844","EC",2025-09-27,"Forest Green","York",1,1,"D",1,1,"D",2.3,3.3,2.8,"1-1","1-1",0,0,0,0,1,1,0,0,0,0,0,0,2,0,0,"0-0","Y","N","N",2,0,2,20,100,40,0,0,0
"845","EC",2025-09-30,"Aldershot","Braintree Town",1,1,"D",0,0,"D",1.75,3.75,3.8,"0-0","1-1",0,0,0,0,0,1,0,1,0,0,0,0,2,0,0,"0-0","Y","N","N",1,1,2,35,0,70,0,0,0
"846","EC",2025-09-30,"Boreham Wood","Southend",1,1,"D",0,0,"D",2.5,3.3,2.55,"0-0","1-1",0,0,0,0,4,2,0,0,0,0,0,0,2,0,0,"0-0","Y","N","N",6,0,2,60,800,120,0,0,0
"847","EC",2025-09-30,"Morecambe","Gateshead",2,5,"A",1,4,"A",2.4,3.7,2.45,"1-4","2-5",0,0,0,0,1,1,0,0,0,0,0,0,7,0,0,"0-0","Y","Y","Y",2,0,7,20,100,140,0,0,0
"848","EC",2025-09-30,"Solihull","Woking",0,3,"A",0,0,"D",2.25,3.3,2.88,"0-0","0-3",0,0,0,0,2,2,0,0,0,0,0,0,3,0,0,"0-0","Y","Y","N",4,0,3,40,400,120,0,0,0
"849","EC",2025-09-30,"Sutton","Yeovil",1,2,"A",0,0,"D",2.3,3.25,2.8,"0-0","1-2",0,0,0,0,2,2,0,0,0,0,0,0,3,0,0,"0-0","Y","Y","N",4,0,3,40,400,120,0,0,0
"850","EC",2025-09-30,"Truro","Eastleigh",0,2,"A",0,2,"A",2.25,3.13,3,"0-2","0-2",0,0,0,0,2,3,0,0,0,0,0,0,2,0,0,"0-0","Y","N","N",5,0,2,50,600,100,0,0,0
"851","EC",2025-10-01,"Altrincham","Tamworth",1,2,"A",0,0,"D",1.91,3.6,3.4,"0-0","1-2",0,0,0,0,1,3,0,0,0,0,0,0,3,0,0,"0-0","Y","Y","N",4,0,3,40,300,120,0,0,0
"852","EC",2025-10-01,"Boston Utd","Forest Green",0,0,"D",0,0,"D",5,3.7,1.6,"0-0","0-0",0,0,0,0,1,0,0,0,0,0,0,0,0,0,0,"0-0","N","N","N",1,0,0,10,0,0,0,0,0
"853","EC",2025-10-01,"Brackley Town","Wealdstone",0,2,"A",0,1,"A",1.83,3.4,3.9,"0-1","0-2",0,0,0,0,3,1,0,0,0,0,0,0,2,0,0,"0-0","Y","N","N",4,0,2,40,300,80,0,0,0
"854","EC",2025-10-01,"Carlisle","Hartlepool",3,1,"H",1,0,"H",1.73,3.7,4.1,"1-0","3-1",0,0,0,0,0,0,0,0,0,0,0,0,4,0,0,"0-0","Y","Y","Y",0,0,4,0,0,0,0,0,0
"855","EC",2025-10-01,"Rochdale","Halifax",1,2,"A",0,1,"A",1.55,3.9,5.25,"0-1","1-2",0,0,0,0,4,3,0,0,0,0,0,0,3,0,0,"0-0","Y","Y","N",7,0,3,70,1200,210,0,0,0
"856","EC",2025-10-01,"York","Scunthorpe",1,3,"A",0,1,"A",1.53,4,5.25,"0-1","1-3",0,0,0,0,2,2,0,0,0,0,0,0,4,0,0,"0-0","Y","Y","Y",4,0,4,40,400,160,0,0,0
"857","EC",2025-10-04,"Gateshead","Boston Utd",1,3,"A",1,1,"D",2.05,3.5,3.1,"1-1","1-3",0,0,0,0,1,1,0,0,0,0,0,0,4,0,0,"0-0","Y","Y","Y",2,0,4,20,100,80,0,0,0
"858","EC",2025-10-04,"Hartlepool","York",1,2,"A",0,1,"A",3.4,3.5,1.95,"0-1","1-2",0,0,0,0,2,0,0,0,0,0,0,0,3,0,0,"0-0","Y","Y","N",2,0,3,20,0,60,0,0,0
"859","EC",2025-10-04,"Braintree Town","Sutton",0,0,"D",0,0,"D",2.38,3.3,2.7,"0-0","0-0",0,0,0,0,1,3,0,0,0,0,0,0,0,0,0,"0-0","N","N","N",4,0,0,40,300,0,0,0,0
"860","EC",2025-10-04,"Eastleigh","Solihull",1,1,"D",0,0,"D",2.05,3.3,3.3,"0-0","1-1",0,0,0,0,2,2,0,0,0,0,0,0,2,0,0,"0-0","Y","N","N",4,0,2,40,400,80,0,0,0
"861","EC",2025-10-04,"Forest Green","Rochdale",0,1,"A",0,1,"A",2.05,3.3,3.3,"0-1","0-1",0,0,0,0,2,3,0,0,0,0,0,0,1,0,0,"0-0","N","N","N",5,0,1,50,600,50,0,0,0
"862","EC",2025-10-04,"Halifax","Brackley Town",2,0,"H",0,0,"D",2.45,3.1,2.75,"0-0","2-0",0,0,0,0,0,3,0,0,0,0,0,0,2,0,0,"0-0","Y","N","N",3,0,2,30,0,60,0,0,0
"863","EC",2025-10-04,"Southend","Aldershot",3,0,"H",1,0,"H",1.4,4.5,6.5,"1-0","3-0",0,0,0,0,2,0,0,0,0,0,0,0,3,0,0,"0-0","Y","Y","N",2,0,3,20,0,60,0,0,0
"864","EC",2025-10-04,"Tamworth","Morecambe",1,1,"D",0,0,"D",1.5,4.2,5.25,"0-0","1-1",0,0,0,0,1,3,0,0,0,0,0,0,2,0,0,"0-0","Y","N","N",4,0,2,40,300,80,0,0,0
"865","EC",2025-10-04,"Wealdstone","Altrincham",1,1,"D",1,1,"D",2.3,3.5,2.7,"1-1","1-1",0,0,0,0,1,2,0,0,0,0,0,0,2,0,0,"0-0","Y","N","N",3,0,2,30,200,60,0,0,0
"866","EC",2025-10-04,"Woking","Truro",2,2,"D",1,0,"H",2.1,3.3,3.2,"1-0","2-2",0,0,0,0,2,2,0,0,0,0,0,0,4,0,0,"0-0","Y","Y","Y",4,0,4,40,400,160,0,0,0
"867","EC",2025-10-04,"Yeovil","Boreham Wood",0,3,"A",0,2,"A",3,3.25,2.25,"0-2","0-3",0,0,0,0,1,1,0,0,0,0,0,0,3,0,0,"0-0","Y","Y","N",2,0,3,20,100,60,0,0,0
"868","EC",2025-10-04,"Scunthorpe","Carlisle",0,1,"A",0,1,"A",2.6,3.3,2.45,"0-1","0-1",0,0,0,0,4,4,1,0,0,0,0,0,1,0,0,"0-0","N","N","N",8,1,1,105,2600,105,0,0,0
"869","EC",2025-10-07,"Scunthorpe","Morecambe",3,1,"H",2,0,"H",1.3,5,8,"2-0","3-1",0,0,0,0,1,3,0,0,0,0,0,0,4,0,0,"0-0","Y","Y","Y",4,0,4,40,300,160,0,0,0
"870","EC",2025-10-18,"Solihull","Braintree Town",2,0,"H",1,0,"H",2.1,3.4,3.1,"1-0","2-0",0,0,0,0,3,3,0,0,0,0,0,0,2,0,0,"0-0","Y","N","N",6,0,2,60,900,120,0,0,0
"871","EC",2025-10-18,"Aldershot","Tamworth",1,2,"A",1,1,"D",2.55,3.5,2.38,"1-1","1-2",0,0,0,0,2,3,0,0,0,0,0,0,3,0,0,"0-0","Y","Y","N",5,0,3,50,600,150,0,0,0
"872","EC",2025-10-18,"Altrincham","Woking",1,3,"A",1,2,"A",1.93,3.4,3.5,"1-2","1-3",0,0,0,0,2,4,0,0,0,0,0,0,4,0,0,"0-0","Y","Y","Y",6,0,4,60,800,240,0,0,0
"873","EC",2025-10-18,"Boreham Wood","Eastleigh",2,0,"H",0,0,"D",1.62,3.7,4.8,"0-0","2-0",0,0,0,0,3,3,0,0,0,0,0,0,2,0,0,"0-0","Y","N","N",6,0,2,60,900,120,0,0,0
"874","EC",2025-10-18,"Boston Utd","Scunthorpe",1,1,"D",0,0,"D",3.25,3.4,2.05,"0-0","1-1",0,0,0,0,2,1,0,0,0,0,0,0,2,0,0,"0-0","Y","N","N",3,0,2,30,200,60,0,0,0
"875","EC",2025-10-18,"Brackley Town","Gateshead",0,0,"D",0,0,"D",1.73,3.7,4.1,"0-0","0-0",0,0,0,0,2,2,1,0,0,0,0,0,0,0,0,"0-0","N","N","N",4,1,0,65,900,0,0,0,0
"876","EC",2025-10-18,"Morecambe","Southend",0,3,"A",0,2,"A",5,4.1,1.53,"0-2","0-3",0,0,0,0,3,1,0,0,0,0,0,0,3,0,0,"0-0","Y","Y","N",4,0,3,40,300,120,0,0,0
"877","EC",2025-10-18,"Rochdale","Yeovil",3,0,"H",3,0,"H",1.36,4.4,7.5,"3-0","3-0",0,0,0,0,1,4,0,0,0,0,0,0,3,0,0,"0-0","Y","Y","N",5,0,3,50,400,150,0,0,0
"878","EC",2025-10-18,"Truro","Halifax",2,1,"H",0,0,"D",3.1,3.25,2.15,"0-0","2-1",0,0,0,0,1,1,0,0,0,0,0,0,3,0,0,"0-0","Y","Y","N",2,0,3,20,100,60,0,0,0
"879","EC",2025-10-18,"York","Wealdstone",4,0,"H",2,0,"H",1.33,4.8,7.5,"2-0","4-0",0,0,0,0,1,1,0,0,0,0,0,0,4,0,0,"0-0","Y","Y","Y",2,0,4,20,100,80,0,0,0
"880","EC",2025-10-18,"Carlisle","Forest Green",4,2,"H",2,1,"H",2.45,3.25,2.63,"2-1","4-2",0,0,0,0,4,3,0,1,0,0,0,0,6,0,0,"0-0","Y","Y","Y",7,1,6,95,2200,570,0,0,0
"881","EC",2025-10-18,"Sutton","Hartlepool",3,3,"D",1,0,"H",2.6,3.4,2.4,"1-0","3-3",0,0,0,0,3,2,0,0,0,0,0,0,6,0,0,"0-0","Y","Y","Y",5,0,6,50,600,300,0,0,0
"882","EC",2025-10-21,"Boston Utd","Morecambe",0,4,"A",0,2,"A",1.87,3.6,3.5,"0-2","0-4",0,0,0,0,3,1,0,0,0,0,0,0,4,0,0,"0-0","Y","Y","Y",4,0,4,40,300,160,0,0,0
"883","EC",2025-10-21,"Eastleigh","Scunthorpe",1,1,"D",0,0,"D",3.2,3.3,2.1,"0-0","1-1",0,0,0,0,3,3,0,0,0,0,0,0,2,0,0,"0-0","Y","N","N",6,0,2,60,900,120,0,0,0
"884","EC",2025-10-21,"York","Boreham Wood",2,2,"D",1,1,"D",1.75,3.75,3.8,"1-1","2-2",0,0,0,0,1,2,0,0,0,0,0,0,4,0,0,"0-0","Y","Y","Y",3,0,4,30,200,120,0,0,0
"885","EC",2025-10-25,"Halifax","York",1,1,"D",1,0,"H",4.1,3.75,1.73,"1-0","1-1",0,0,0,0,1,2,0,0,0,0,0,0,2,0,0,"0-0","Y","N","N",3,0,2,30,200,60,0,0,0
"886","EC",2025-10-25,"Braintree Town","Altrincham",0,0,"D",0,0,"D",2.75,3.4,2.25,"0-0","0-0",0,0,0,0,0,3,0,0,0,0,0,0,0,0,0,"0-0","N","N","N",3,0,0,30,0,0,0,0,0
"887","EC",2025-10-25,"Eastleigh","Morecambe",2,1,"H",0,0,"D",1.87,3.6,3.5,"0-0","2-1",0,0,0,0,2,4,0,0,0,0,0,0,3,0,0,"0-0","Y","Y","N",6,0,3,60,800,180,0,0,0
"888","EC",2025-10-25,"Forest Green","Boreham Wood",2,1,"H",1,0,"H",2.05,3.3,3.3,"1-0","2-1",0,0,0,0,0,1,0,0,0,0,0,0,3,0,0,"0-0","Y","Y","N",1,0,3,10,0,30,0,0,0
"889","EC",2025-10-25,"Gateshead","Truro",2,2,"D",0,2,"A",2.2,3.4,2.9,"0-2","2-2",0,0,0,0,3,1,0,0,0,0,0,0,4,0,0,"0-0","Y","Y","Y",4,0,4,40,300,160,0,0,0
"890","EC",2025-10-25,"Hartlepool","Solihull",2,0,"H",1,0,"H",1.65,3.8,4.4,"1-0","2-0",0,0,0,0,3,2,0,0,0,0,0,0,2,0,0,"0-0","Y","N","N",5,0,2,50,600,100,0,0,0
"891","EC",2025-10-25,"Scunthorpe","Aldershot",2,1,"H",2,1,"H",1.65,4,4.33,"2-1","2-1",0,0,0,0,2,3,0,0,0,0,0,0,3,0,0,"0-0","Y","Y","N",5,0,3,50,600,150,0,0,0
"892","EC",2025-10-25,"Southend","Brackley Town",2,0,"H",0,0,"D",1.65,3.6,4.8,"0-0","2-0",0,0,0,0,0,1,0,0,0,0,0,0,2,0,0,"0-0","Y","N","N",1,0,2,10,0,20,0,0,0
"893","EC",2025-10-25,"Wealdstone","Sutton",4,2,"H",1,2,"A",2.05,3.5,3.1,"1-2","4-2",0,0,0,0,3,0,0,0,0,0,0,0,6,0,0,"0-0","Y","Y","Y",3,0,6,30,0,180,0,0,0
"894","EC",2025-10-25,"Woking","Rochdale",0,0,"D",0,0,"D",3.9,3.5,1.8,"0-0","0-0",0,0,0,0,2,1,0,0,0,0,0,0,0,0,0,"0-0","N","N","N",3,0,0,30,200,0,0,0,0
"895","EC",2025-10-25,"Yeovil","Carlisle",1,1,"D",1,0,"H",3.6,3.4,1.91,"1-0","1-1",0,0,0,0,2,1,0,0,0,0,0,0,2,0,0,"0-0","Y","N","N",3,0,2,30,200,60,0,0,0
"896","EC",2025-10-25,"Tamworth","Boston Utd",1,3,"A",0,1,"A",1.75,3.5,4.2,"0-1","1-3",0,0,0,0,4,3,0,0,0,0,0,0,4,0,0,"0-0","Y","Y","Y",7,0,4,70,1200,280,0,0,0
"897","EC",2025-11-04,"Boreham Wood","Aldershot",1,0,"H",1,0,"H",1.5,4.33,5.25,"1-0","1-0",0,0,0,0,0,1,0,0,0,0,0,0,1,0,0,"0-0","N","N","N",1,0,1,10,0,10,0,0,0
"898","EC",2025-11-04,"Carlisle","Halifax",2,0,"H",1,0,"H",1.57,3.9,5,"1-0","2-0",0,0,0,0,1,1,0,0,0,0,0,0,2,0,0,"0-0","Y","N","N",2,0,2,20,100,40,0,0,0
"899","EC",2025-11-04,"Hartlepool","Morecambe",1,1,"D",1,0,"H",1.73,3.9,3.8,"1-0","1-1",0,0,0,0,1,1,0,0,0,0,0,0,2,0,0,"0-0","Y","N","N",2,0,2,20,100,40,0,0,0
"900","EC",2025-11-04,"Yeovil","Wealdstone",0,2,"A",0,0,"D",2.88,3.4,2.2,"0-0","0-2",0,0,0,0,2,1,0,0,0,0,0,0,2,0,0,"0-0","Y","N","N",3,0,2,30,200,60,0,0,0
"901","EC",2025-11-05,"Altrincham","Boston Utd",1,0,"H",1,0,"H",1.87,3.4,3.75,"1-0","1-0",0,0,0,0,2,2,0,0,0,0,0,0,1,0,0,"0-0","N","N","N",4,0,1,40,400,40,0,0,0
"902","EC",2025-11-05,"Braintree Town","Brackley Town",0,1,"A",0,0,"D",2.5,3.2,2.63,"0-0","0-1",0,0,0,0,6,2,0,0,0,0,0,0,1,0,0,"0-0","N","N","N",8,0,1,80,1200,80,0,0,0
"903","EC",2025-11-05,"Solihull","Truro",4,0,"H",2,0,"H",2.55,3.3,2.5,"2-0","4-0",0,0,0,0,2,1,0,1,0,0,0,0,4,0,0,"0-0","Y","Y","Y",3,1,4,55,700,220,0,0,0
"904","EC",2025-11-05,"Sutton","Eastleigh",2,1,"H",2,0,"H",2.2,3.3,3,"2-0","2-1",0,0,0,0,4,2,0,0,0,0,0,0,3,0,0,"0-0","Y","Y","N",6,0,3,60,800,180,0,0,0
"905","EC",2025-11-05,"Woking","Southend",1,1,"D",0,0,"D",3.9,3.5,1.8,"0-0","1-1",0,0,0,0,3,2,0,0,0,0,0,0,2,0,0,"0-0","Y","N","N",5,0,2,50,600,100,0,0,0
"906","EC",2025-11-05,"York","Gateshead",4,0,"H",3,0,"H",1.25,5.75,8.5,"3-0","4-0",0,0,0,0,1,1,0,0,0,0,0,0,4,0,0,"0-0","Y","Y","Y",2,0,4,20,100,80,0,0,0
"907","EC",2025-11-08,"Aldershot","Forest Green",2,3,"A",0,2,"A",4,3.75,1.73,"0-2","2-3",0,0,0,0,1,1,0,0,0,0,0,0,5,0,0,"0-0","Y","Y","Y",2,0,5,20,100,100,0,0,0
"908","EC",2025-11-08,"Boston Utd","Rochdale",1,3,"A",0,1,"A",4.1,3.6,1.75,"0-1","1-3",0,0,0,0,2,0,0,0,0,0,0,0,4,0,0,"0-0","Y","Y","Y",2,0,4,20,0,80,0,0,0
"909","EC",2025-11-08,"Brackley Town","Boreham Wood",1,3,"A",0,1,"A",3.7,3.3,1.93,"0-1","1-3",0,0,0,0,0,0,0,0,0,0,0,0,4,0,0,"0-0","Y","Y","Y",0,0,4,0,0,0,0,0,0
"910","EC",2025-11-08,"Eastleigh","York",2,4,"A",2,1,"H",4.6,3.8,1.62,"2-1","2-4",0,0,0,0,1,3,0,0,0,0,0,0,6,0,0,"0-0","Y","Y","Y",4,0,6,40,300,240,0,0,0
"911","EC",2025-11-08,"Gateshead","Solihull",0,2,"A",0,0,"D",2.4,3.4,2.6,"0-0","0-2",0,0,0,0,3,0,0,0,0,0,0,0,2,0,0,"0-0","Y","N","N",3,0,2,30,0,60,0,0,0
"912","EC",2025-11-08,"Halifax","Hartlepool",0,1,"A",0,0,"D",2.25,3.3,2.88,"0-0","0-1",0,0,0,0,1,4,0,0,0,0,0,0,1,0,0,"0-0","N","N","N",5,0,1,50,400,50,0,0,0
"913","EC",2025-11-08,"Morecambe","Sutton",2,2,"D",1,0,"H",2.25,3.6,2.7,"1-0","2-2",0,0,0,0,1,1,0,0,0,0,0,0,4,0,0,"0-0","Y","Y","Y",2,0,4,20,100,80,0,0,0
"914","EC",2025-11-08,"Scunthorpe","Yeovil",1,0,"H",1,0,"H",1.65,3.6,4.75,"1-0","1-0",0,0,0,0,1,2,0,0,0,0,0,0,1,0,0,"0-0","N","N","N",3,0,1,30,200,30,0,0,0
"915","EC",2025-11-08,"Tamworth","Woking",0,1,"A",0,1,"A",1.91,3.4,3.6,"0-1","0-1",0,0,0,0,2,2,0,0,0,0,0,0,1,0,0,"0-0","N","N","N",4,0,1,40,400,40,0,0,0
"916","EC",2025-11-08,"Truro","Altrincham",0,1,"A",0,0,"D",2.38,3.4,2.63,"0-0","0-1",0,0,0,0,2,1,0,0,0,0,0,0,1,0,0,"0-0","N","N","N",3,0,1,30,200,30,0,0,0
"917","EC",2025-11-08,"Wealdstone","Braintree Town",1,0,"H",0,0,"D",1.73,3.9,3.9,"0-0","1-0",0,0,0,0,2,2,1,0,0,0,0,0,1,0,0,"0-0","N","N","N",4,1,1,65,900,65,0,0,0
"918","EC",2025-11-08,"Southend","Carlisle",1,2,"A",1,2,"A",2.1,3.4,3.1,"1-2","1-2",0,0,0,0,1,3,0,0,0,0,0,0,3,0,0,"0-0","Y","Y","N",4,0,3,40,300,120,0,0,0
"919","EC",2025-11-11,"Forest Green","Tamworth",4,2,"H",2,1,"H",1.4,4.33,6.5,"2-1","4-2",0,0,0,0,2,2,0,1,0,0,0,0,6,0,0,"0-0","Y","Y","Y",4,1,6,65,900,390,0,0,0
"920","EC",2025-11-11,"York","Rochdale",4,1,"H",1,1,"D",1.95,3.6,3.3,"1-1","4-1",0,0,0,0,0,2,0,0,0,0,0,0,5,0,0,"0-0","Y","Y","Y",2,0,5,20,0,100,0,0,0
"921","EC",2025-11-15,"Altrincham","Brackley Town",2,1,"H",1,0,"H",2.3,3.3,2.8,"1-0","2-1",0,0,0,0,2,4,0,0,0,0,0,0,3,0,0,"0-0","Y","Y","N",6,0,3,60,800,180,0,0,0
"922","EC",2025-11-15,"Boreham Wood","Tamworth",1,2,"A",1,1,"D",1.45,4.1,6,"1-1","1-2",0,0,0,0,2,0,0,0,0,0,0,0,3,0,0,"0-0","Y","Y","N",2,0,3,20,0,60,0,0,0
"923","EC",2025-11-15,"Braintree Town","Truro",2,0,"H",0,0,"D",2.25,3.3,2.88,"0-0","2-0",0,0,0,0,2,0,0,0,0,0,0,0,2,0,0,"0-0","Y","N","N",2,0,2,20,0,40,0,0,0
"924","EC",2025-11-15,"Carlisle","Eastleigh",1,1,"D",0,0,"D",1.45,4.2,6,"0-0","1-1",0,0,0,0,1,2,0,0,0,0,0,0,2,0,0,"0-0","Y","N","N",3,0,2,30,200,60,0,0,0
"925","EC",2025-11-15,"Forest Green","Gateshead",3,1,"H",3,0,"H",1.33,5,7,"3-0","3-1",0,0,0,0,3,3,0,0,0,0,0,0,4,0,0,"0-0","Y","Y","Y",6,0,4,60,900,240,0,0,0
"926","EC",2025-11-15,"Hartlepool","Wealdstone",1,1,"D",1,1,"D",1.95,3.6,3.25,"1-1","1-1",0,0,0,0,1,0,0,0,0,0,0,0,2,0,0,"0-0","Y","N","N",1,0,2,10,0,20,0,0,0
"927","EC",2025-11-15,"Rochdale","Aldershot",1,0,"H",0,0,"D",1.3,5,8,"0-0","1-0",0,0,0,0,1,3,0,0,0,0,0,0,1,0,0,"0-0","N","N","N",4,0,1,40,300,40,0,0,0
"928","EC",2025-11-15,"Solihull","Scunthorpe",3,0,"H",2,0,"H",3,3.4,2.15,"2-0","3-0",0,0,0,0,0,1,1,0,0,0,0,0,3,0,0,"0-0","Y","Y","N",1,1,3,35,250,105,0,0,0
"929","EC",2025-11-15,"Sutton","Halifax",2,0,"H",2,0,"H",2.55,3.3,2.5,"2-0","2-0",0,0,0,0,4,2,0,0,0,0,0,0,2,0,0,"0-0","Y","N","N",6,0,2,60,800,120,0,0,0
"930","EC",2025-11-15,"Woking","Boston Utd",1,1,"D",1,0,"H",1.95,3.3,3.5,"1-0","1-1",0,0,0,0,4,2,0,0,0,0,0,0,2,0,0,"0-0","Y","N","N",6,0,2,60,800,120,0,0,0
"931","EC",2025-11-15,"Yeovil","Southend",0,1,"A",0,0,"D",4.8,3.75,1.62,"0-0","0-1",0,0,0,0,5,3,0,0,0,0,0,0,1,0,0,"0-0","N","N","N",8,0,1,80,1500,80,0,0,0
"932","EC",2025-11-15,"York","Morecambe",4,2,"H",1,1,"D",1.17,7,11,"1-1","4-2",0,0,0,0,4,1,0,1,0,0,0,0,6,0,0,"0-0","Y","Y","Y",5,1,6,75,1400,450,0,0,0
"933","EC",2025-11-18,"Morecambe","Brackley Town",2,0,"H",1,0,"H",2.05,3.5,3.1,"1-0","2-0",0,0,0,0,2,0,0,0,0,0,0,0,2,0,0,"0-0","Y","N","N",2,0,2,20,0,40,0,0,0
"934","EC",2025-11-22,"Aldershot","Woking",1,2,"A",1,1,"D",2.45,3.4,2.55,"1-1","1-2",0,0,0,0,5,4,0,0,0,0,0,0,3,0,0,"0-0","Y","Y","N",9,0,3,90,2000,270,0,0,0
"935","EC",2025-11-22,"Tamworth","Rochdale",1,2,"A",0,1,"A",4.2,3.6,1.73,"0-1","1-2",0,0,0,0,2,3,0,0,0,0,0,0,3,0,0,"0-0","Y","Y","N",5,0,3,50,600,150,0,0,0
"936","EC",2025-11-22,"Brackley Town","York",2,3,"A",2,2,"D",6.5,4.5,1.4,"2-2","2-3",0,0,0,0,1,1,0,0,0,0,0,0,5,0,0,"0-0","Y","Y","Y",2,0,5,20,100,100,0,0,0
"937","EC",2025-11-22,"Eastleigh","Hartlepool",0,2,"A",0,0,"D",2.55,3.3,2.5,"0-0","0-2",0,0,0,0,1,1,0,0,0,0,0,0,2,0,0,"0-0","Y","N","N",2,0,2,20,100,40,0,0,0
"938","EC",2025-11-22,"Gateshead","Boreham Wood",0,3,"A",0,1,"A",5,4.33,1.5,"0-1","0-3",0,0,0,0,2,2,0,1,0,0,0,0,3,0,0,"0-0","Y","Y","N",4,1,3,65,900,195,0,0,0
"939","EC",2025-11-22,"Halifax","Solihull",3,0,"H",1,0,"H",2.3,3.3,2.8,"1-0","3-0",0,0,0,0,1,3,1,1,0,0,0,0,3,0,0,"0-0","Y","Y","N",4,2,3,90,1925,270,0,0,0
"940","EC",2025-11-22,"Morecambe","Yeovil",0,0,"D",0,0,"D",2.1,3.5,3,"0-0","0-0",0,0,0,0,2,3,0,0,0,0,0,0,0,0,0,"0-0","N","N","N",5,0,0,50,600,0,0,0,0
"941","EC",2025-11-22,"Scunthorpe","Braintree Town",1,1,"D",1,0,"H",1.55,4,5,"1-0","1-1",0,0,0,0,2,1,0,0,0,0,0,0,2,0,0,"0-0","Y","N","N",3,0,2,30,200,60,0,0,0
"942","EC",2025-11-22,"Southend","Altrincham",3,0,"H",2,0,"H",1.5,4.1,5.5,"2-0","3-0",0,0,0,0,3,1,0,1,0,0,0,0,3,0,0,"0-0","Y","Y","N",4,1,3,65,1050,195,0,0,0
"943","EC",2025-11-22,"Truro","Sutton",2,3,"A",0,1,"A",2.25,3.3,2.88,"0-1","2-3",0,0,0,0,2,0,0,0,0,0,0,0,5,0,0,"0-0","Y","Y","Y",2,0,5,20,0,100,0,0,0
"944","EC",2025-11-22,"Wealdstone","Forest Green",1,1,"D",0,1,"A",3.5,3.7,1.85,"0-1","1-1",0,0,0,0,2,2,0,0,0,0,0,0,2,0,0,"0-0","Y","N","N",4,0,2,40,400,80,0,0,0
"945","EC",2025-11-22,"Boston Utd","Carlisle",1,2,"A",0,0,"D",4.5,3.7,1.67,"0-0","1-2",0,0,0,0,3,2,0,0,0,0,0,0,3,0,0,"0-0","Y","Y","N",5,0,3,50,600,150,0,0,0
"1573","F2",2025-08-09,"Guingamp","Le Mans",3,3,"D",0,2,"A",1.67,3.6,4.75,"0-2","3-3",14,7,10,3,3,3,0,1,10,5,16,22,6,15,38,"10-5","Y","Y","Y",6,1,6,85,1650,510,1275,90,7650
"1574","F2",2025-08-09,"Dunkerque","Clermont",2,2,"D",1,2,"A",2.15,3.2,3.2,"1-2","2-2",15,4,6,4,2,1,0,0,9,2,17,9,4,11,26,"9-2","Y","Y","Y",3,0,4,30,200,120,330,44,1320
"1575","F2",2025-08-09,"Laval","St Etienne",3,3,"D",2,2,"D",3,3.3,2.25,"2-2","3-3",10,4,10,6,3,0,1,0,4,7,11,16,6,11,27,"4-7","Y","Y","Y",3,1,6,55,0,330,605,66,3630
"1576","F2",2025-08-09,"Montpellier","Red Star",1,1,"D",1,1,"D",1.85,3.5,3.9,"1-1","1-1",6,2,7,3,0,2,0,0,1,2,16,10,2,3,26,"1-2","Y","N","N",2,0,2,20,0,40,60,6,120
"1577","F2",2025-08-09,"Pau FC","Annecy",2,0,"H",1,0,"H",2.38,3.2,2.88,"1-0","2-0",9,3,4,1,2,2,0,1,5,5,20,18,2,10,38,"5-5","Y","N","N",4,1,2,65,900,130,650,20,1300
"1578","F2",2025-08-09,"Rodez","Nancy",0,0,"D",0,0,"D",2.05,3.3,3.4,"0-0","0-0",11,5,12,2,1,2,0,0,4,9,14,11,0,13,25,"4-9","N","N","N",3,0,0,30,200,0,390,0,0
"1579","F2",2025-08-09,"Troyes","Grenoble",2,1,"H",1,1,"D",1.75,3.5,4.4,"1-1","2-1",21,9,5,5,1,1,0,1,3,1,12,14,3,4,26,"3-1","Y","Y","N",2,1,3,45,350,135,180,12,540
"1580","F2",2025-08-11,"Amiens","Reims",2,2,"D",1,1,"D",4.5,3.5,1.73,"1-1","2-2",10,2,10,4,1,1,0,0,8,7,7,16,4,15,23,"8-7","Y","Y","Y",2,0,4,20,100,80,300,60,1200
"1581","F2",2025-08-15,"Bastia","Pau FC",1,1,"D",1,0,"H",1.75,3.6,4.4,"1-0","1-1",13,5,9,3,2,3,1,1,6,11,13,6,2,17,19,"6-11","Y","N","N",5,2,2,100,2475,200,1700,34,3400
"1582","F2",2025-08-15,"Clermont","Troyes",0,0,"D",0,0,"D",2.63,3.2,2.63,"0-0","0-0",4,1,11,2,2,3,0,0,3,3,12,12,0,6,24,"3-3","N","N","N",5,0,0,50,600,0,300,0,0
"1583","F2",2025-08-15,"Grenoble","Laval",1,1,"D",0,0,"D",2.5,3.2,2.8,"0-0","1-1",14,2,7,3,0,0,0,0,7,4,16,9,2,11,25,"7-4","Y","N","N",0,0,2,0,0,0,0,22,0
"1584","F2",2025-08-15,"Nancy","Boulogne",1,0,"H",1,0,"H",1.83,3.4,4.4,"1-0","1-0",8,3,10,3,4,2,0,0,4,2,23,16,1,6,39,"4-2","N","N","N",6,0,1,60,800,60,360,6,360
"1585","F2",2025-08-15,"Red Star","Amiens",1,3,"A",0,1,"A",1.87,3.4,4.1,"0-1","1-3",26,7,10,5,2,3,0,0,13,2,10,11,4,15,21,"13-2","Y","Y","Y",5,0,4,50,600,200,750,60,3000
"1586","F2",2025-08-16,"Annecy","Dunkerque",2,2,"D",2,1,"H",3,3.13,2.3,"2-1","2-2",8,3,5,2,4,1,0,0,3,5,21,9,4,8,30,"3-5","Y","Y","Y",5,0,4,50,400,200,400,32,1600
"1587","F2",2025-08-16,"Reims","Guingamp",1,0,"H",1,0,"H",2,3.25,3.6,"1-0","1-0",16,6,8,3,2,1,0,0,4,3,9,12,1,7,21,"4-3","N","N","N",3,0,1,30,200,30,210,7,210
"1588","F2",2025-08-16,"St Etienne","Rodez",4,0,"H",1,0,"H",1.73,3.6,4.33,"1-0","4-0",19,7,5,1,2,2,0,0,5,5,13,14,4,10,27,"5-5","Y","Y","Y",4,0,4,40,400,160,400,40,1600
"1589","F2",2025-08-18,"Le Mans","Montpellier",1,2,"A",0,0,"D",2.5,3.25,2.63,"0-0","1-2",11,3,12,3,3,2,0,0,5,9,10,14,3,14,24,"5-9","Y","Y","N",5,0,3,50,600,150,700,42,2100
"1590","F2",2025-08-22,"Amiens","Annecy",0,1,"A",0,1,"A",2.55,3.1,2.8,"0-1","0-1",10,3,9,2,3,4,0,0,5,3,13,14,1,8,27,"5-3","N","N","N",7,0,1,70,1200,70,560,8,560
"1591","F2",2025-08-22,"Clermont","Grenoble",2,1,"H",0,0,"D",2.2,3.3,3.25,"0-0","2-1",14,6,13,2,1,0,0,0,5,3,7,9,3,8,16,"5-3","Y","Y","N",1,0,3,10,0,30,80,24,240
"1592","F2",2025-08-22,"Dunkerque","Nancy",1,3,"A",1,2,"A",2.15,3.2,3.4,"1-2","1-3",12,7,18,4,2,2,0,0,6,6,9,21,4,12,30,"6-6","Y","Y","Y",4,0,4,40,400,160,480,48,1920
"1593","F2",2025-08-22,"Le Mans","Bastia",1,0,"H",0,0,"D",2.7,3.13,2.63,"0-0","1-0",13,3,13,3,4,2,0,0,9,5,17,11,1,14,28,"9-5","N","N","N",6,0,1,60,800,60,840,14,840
"1594","F2",2025-08-22,"Rodez","Laval",1,1,"D",1,0,"H",2.3,3.4,3,"1-0","1-1",21,6,8,4,2,1,0,0,5,9,13,14,2,14,27,"5-9","Y","N","N",3,0,2,30,200,60,420,28,840
"1595","F2",2025-08-23,"Guingamp","Red Star",0,4,"A",0,1,"A",1.8,3.5,4.1,"0-1","0-4",12,6,13,8,1,3,0,0,8,2,16,19,4,10,35,"8-2","Y","Y","Y",4,0,4,40,300,160,400,40,1600
"1596","F2",2025-08-23,"Troyes","Montpellier",1,0,"H",1,0,"H",2.25,3.2,3,"1-0","1-0",14,4,7,0,3,1,0,1,6,4,14,11,1,10,25,"6-4","N","N","N",4,1,1,65,1050,65,650,10,650
"1597","F2",2025-08-23,"Boulogne","St Etienne",0,1,"A",0,0,"D",NA,NA,NA,"0-0","0-1",4,0,11,3,5,3,0,0,3,5,14,12,1,8,26,"3-5","N","N","N",8,0,1,80,1500,80,640,8,640
"1598","F2",2025-08-25,"Pau FC","Reims",2,0,"H",2,0,"H",3,3.25,2.25,"2-0","2-0",7,5,7,1,3,2,0,0,5,4,7,16,2,9,23,"5-4","Y","N","N",5,0,2,50,600,100,450,18,900
"1599","F2",2025-08-29,"Dunkerque","Troyes",2,0,"H",0,0,"D",3,3.25,2.3,"0-0","2-0",6,4,11,3,1,1,0,0,2,11,14,12,2,13,26,"2-11","Y","N","N",2,0,2,20,100,40,260,26,520
"1600","F2",2025-08-29,"Laval","Clermont",0,0,"D",0,0,"D",2.05,3.4,3.5,"0-0","0-0",10,6,11,0,2,0,0,0,13,5,15,6,0,18,21,"13-5","N","N","N",2,0,0,20,0,0,360,0,0
"1601","F2",2025-08-29,"Montpellier","Amiens",1,1,"D",0,1,"A",1.5,4.1,6.5,"0-1","1-1",20,4,6,2,3,3,0,0,3,1,18,16,2,4,34,"3-1","Y","N","N",6,0,2,60,900,120,240,8,480
"1602","F2",2025-08-29,"Nancy","Pau FC",2,2,"D",2,1,"H",2,3.5,3.5,"2-1","2-2",15,6,15,4,1,1,0,0,11,3,17,8,4,14,25,"11-3","Y","Y","Y",2,0,4,20,100,80,280,56,1120
"1603","F2",2025-08-29,"Red Star","Annecy",1,0,"H",1,0,"H",1.83,3.4,4.33,"1-0","1-0",5,1,5,0,0,1,0,0,2,4,14,16,1,6,30,"2-4","N","N","N",1,0,1,10,0,10,60,6,60
"1604","F2",2025-08-29,"Rodez","Boulogne",1,0,"H",1,0,"H",1.83,3.6,4.1,"1-0","1-0",12,4,21,7,2,1,0,1,4,4,15,8,1,8,23,"4-4","N","N","N",3,1,1,55,700,55,440,8,440
"1605","F2",2025-08-30,"Bastia","Guingamp",1,3,"A",0,2,"A",2.1,3.25,3.3,"0-2","1-3",10,2,12,6,4,2,0,0,6,3,27,12,4,9,39,"6-3","Y","Y","Y",6,0,4,60,800,240,540,36,2160
"1606","F2",2025-08-30,"Reims","Le Mans",1,0,"H",0,0,"D",1.8,3.4,4.2,"0-0","1-0",12,3,5,0,0,2,0,0,5,4,10,15,1,9,25,"5-4","N","N","N",2,0,1,20,0,20,180,9,180
"1607","F2",2025-08-30,"St Etienne","Grenoble",1,1,"D",1,0,"H",1.5,4.1,6,"1-0","1-1",20,6,7,2,2,4,0,1,9,1,12,20,2,10,32,"9-1","Y","N","N",6,1,2,85,1300,170,850,20,1700
"1608","F2",2025-09-12,"Amiens","Bastia",0,0,"D",0,0,"D",3.6,3.25,2.05,"0-0","0-0",4,1,7,1,0,1,0,0,5,3,14,14,0,8,28,"5-3","N","N","N",1,0,0,10,0,0,80,0,0
"1609","F2",2025-09-12,"Boulogne","Laval",1,2,"A",0,2,"A",3.3,3.2,2.2,"0-2","1-2",11,3,7,4,1,0,0,0,3,2,10,15,3,5,25,"3-2","Y","Y","N",1,0,3,10,0,30,50,15,150
"1610","F2",2025-09-12,"Le Mans","Rodez",0,1,"A",0,0,"D",2.05,3.4,3.4,"0-0","0-1",20,3,12,5,2,2,0,0,5,3,10,14,1,8,24,"5-3","N","N","N",4,0,1,40,400,40,320,8,320
"1611","F2",2025-09-12,"Pau FC","Red Star",0,3,"A",0,2,"A",2.8,3.2,2.5,"0-2","0-3",13,3,16,6,1,2,2,0,2,2,6,12,3,4,18,"2-2","Y","Y","N",3,2,3,80,1200,240,320,12,960
"1612","F2",2025-09-12,"Troyes","Nancy",3,0,"H",1,0,"H",2.15,3.2,3.4,"1-0","3-0",22,11,7,3,1,0,0,0,7,3,11,16,3,10,27,"7-3","Y","Y","N",1,0,3,10,0,30,100,30,300
"1613","F2",2025-09-13,"Annecy","Reims",1,1,"D",1,0,"H",3.2,3.13,2.2,"1-0","1-1",6,2,15,7,3,5,0,0,5,7,19,17,2,12,36,"5-7","Y","N","N",8,0,2,80,1500,160,960,24,1920
"1614","F2",2025-09-13,"Grenoble","Dunkerque",1,0,"H",1,0,"H",2.75,3.2,2.45,"1-0","1-0",12,2,13,5,2,1,0,0,6,7,20,14,1,13,34,"6-7","N","N","N",3,0,1,30,200,30,390,13,390
"1615","F2",2025-09-13,"Clermont","St Etienne",1,2,"A",1,0,"H",3.7,3.4,1.93,"1-0","1-2",12,2,16,6,1,1,0,0,2,5,10,13,3,7,23,"2-5","Y","Y","N",2,0,3,20,100,60,140,21,420
"1616","F2",2025-09-15,"Guingamp","Montpellier",1,0,"H",1,0,"H",2.38,3.25,2.8,"1-0","1-0",11,4,14,1,1,3,0,0,5,6,8,17,1,11,25,"5-6","N","N","N",4,0,1,40,300,40,440,11,440
"1617","F2",2025-09-16,"Boulogne","Bastia",1,0,"H",0,0,"D",3.9,3.1,2.05,"0-0","1-0",6,2,11,6,3,4,0,0,2,4,14,13,1,6,27,"2-4","N","N","N",7,0,1,70,1200,70,420,6,420
"1618","F2",2025-09-19,"Boulogne","Pau FC",0,3,"A",0,3,"A",2.7,3.25,2.55,"0-3","0-3",5,2,10,3,3,2,0,0,6,0,25,11,3,6,36,"6-0","Y","Y","N",5,0,3,50,600,150,300,18,900
"1619","F2",2025-09-19,"Dunkerque","Le Mans",2,2,"D",1,1,"D",2.1,3.25,3.5,"1-1","2-2",14,5,8,5,1,3,1,1,7,3,12,11,4,10,23,"7-3","Y","Y","Y",4,2,4,90,1925,360,900,40,3600
"1620","F2",2025-09-19,"Grenoble","Annecy",1,3,"A",0,0,"D",2.2,3.2,3.3,"0-0","1-3",5,3,12,7,0,1,0,0,4,10,8,18,4,14,26,"4-10","Y","Y","Y",1,0,4,10,0,40,140,56,560
"1621","F2",2025-09-19,"Laval","Amiens",0,3,"A",0,1,"A",1.75,3.6,4.6,"0-1","0-3",17,3,14,6,2,2,0,0,8,6,10,12,3,14,22,"8-6","Y","Y","N",4,0,3,40,400,120,560,42,1680
"1622","F2",2025-09-19,"Nancy","Red Star",0,1,"A",0,0,"D",2.5,3.13,2.88,"0-0","0-1",4,0,15,6,2,3,1,0,3,4,15,11,1,7,26,"3-4","N","N","N",5,1,1,75,1350,75,525,7,525
"1623","F2",2025-09-19,"Rodez","Clermont",0,1,"A",0,0,"D",2.1,3.4,3.3,"0-0","0-1",20,3,7,3,2,1,0,1,7,2,16,13,1,9,29,"7-2","N","N","N",3,1,1,55,700,55,495,9,495
"1624","F2",2025-09-20,"Montpellier","Bastia",2,0,"H",2,0,"H",2.25,3.13,3.13,"2-0","2-0",8,4,13,4,3,3,0,0,2,9,15,20,2,11,35,"2-9","Y","N","N",6,0,2,60,900,120,660,22,1320
"1625","F2",2025-09-20,"Troyes","Guingamp",5,2,"H",3,1,"H",1.83,3.5,3.9,"3-1","5-2",18,11,8,4,0,0,0,0,1,3,13,10,7,4,23,"1-3","Y","Y","Y",0,0,7,0,0,0,0,28,0
"1626","F2",2025-09-20,"St Etienne","Reims",3,2,"H",2,1,"H",1.87,3.5,3.8,"2-1","3-2",16,10,17,7,0,4,0,0,1,6,6,26,5,7,32,"1-6","Y","Y","Y",4,0,5,40,0,200,280,35,1400
"1627","F2",2025-09-23,"Amiens","St Etienne",0,1,"A",0,0,"D",5.25,3.9,1.6,"0-0","0-1",10,2,23,4,2,2,0,0,3,9,11,12,1,12,23,"3-9","N","N","N",4,0,1,40,400,40,480,12,480
"1628","F2",2025-09-23,"Annecy","Nancy",1,2,"A",1,1,"D",2.55,3.1,2.8,"1-1","1-2",11,2,12,6,4,3,0,0,4,3,15,14,3,7,29,"4-3","Y","Y","N",7,0,3,70,1200,210,490,21,1470
"1629","F2",2025-09-23,"Bastia","Rodez",2,3,"A",1,0,"H",1.87,3.6,3.9,"1-0","2-3",20,9,10,3,1,1,0,0,7,6,15,16,5,13,31,"7-6","Y","Y","Y",2,0,5,20,100,100,260,65,1300
"1630","F2",2025-09-23,"Guingamp","Dunkerque",2,1,"H",2,1,"H",2.5,3.3,2.7,"2-1","2-1",10,3,13,4,2,3,0,0,4,4,13,15,3,8,28,"4-4","Y","Y","N",5,0,3,50,600,150,400,24,1200
"1631","F2",2025-09-23,"Le Mans","Grenoble",1,0,"H",1,0,"H",2,3.4,3.7,"1-0","1-0",7,2,11,1,4,2,1,0,5,5,16,10,1,10,26,"5-5","N","N","N",6,1,1,85,1300,85,850,10,850
"1632","F2",2025-09-23,"Montpellier","Boulogne",1,3,"A",0,1,"A",1.55,3.7,6.5,"0-1","1-3",6,2,24,10,0,3,1,0,4,5,14,16,4,9,30,"4-5","Y","Y","Y",3,1,4,55,750,220,495,36,1980
"1633","F2",2025-09-23,"Pau FC","Laval",1,0,"H",0,0,"D",2.2,3.4,3.1,"0-0","1-0",17,4,5,2,3,1,0,0,4,4,10,18,1,8,28,"4-4","N","N","N",4,0,1,40,300,40,320,8,320
"1634","F2",2025-09-23,"Red Star","Troyes",1,3,"A",1,2,"A",2.45,3.3,2.8,"1-2","1-3",12,4,15,8,0,3,0,0,2,4,17,17,4,6,34,"2-4","Y","Y","Y",3,0,4,30,0,120,180,24,720
"1635","F2",2025-09-23,"Reims","Clermont",4,1,"H",2,0,"H",1.4,4.6,7,"2-0","4-1",18,5,7,3,3,0,0,1,3,1,18,8,5,4,26,"3-1","Y","Y","Y",3,1,5,55,750,275,220,20,1100
"1636","F2",2025-09-26,"Clermont","Le Mans",1,1,"D",1,0,"H",2.8,3.25,2.45,"1-0","1-1",8,2,24,7,2,2,0,0,2,13,7,12,2,15,19,"2-13","Y","N","N",4,0,2,40,400,80,600,30,1200
"1637","F2",2025-09-26,"Grenoble","Bastia",0,0,"D",0,0,"D",2.9,3.13,2.45,"0-0","0-0",10,3,5,1,3,2,0,1,5,2,15,9,0,7,24,"5-2","N","N","N",5,1,0,75,1350,0,525,0,0
"1638","F2",2025-09-26,"Nancy","Reims",0,1,"A",0,0,"D",3.25,3.4,2.15,"0-0","0-1",19,2,8,2,4,1,0,0,8,1,10,13,1,9,23,"8-1","N","N","N",5,0,1,50,400,50,450,9,450
"1639","F2",2025-09-26,"Rodez","Pau FC",1,2,"A",1,1,"D",2.38,3.3,2.88,"1-1","1-2",10,2,22,6,1,3,0,0,3,10,11,8,3,13,19,"3-10","Y","Y","N",4,0,3,40,300,120,520,39,1560
"1640","F2",2025-09-26,"Troyes","Annecy",3,1,"H",1,0,"H",1.5,3.9,7,"1-0","3-1",9,3,12,6,2,1,0,0,2,2,12,22,4,4,34,"2-2","Y","Y","Y",3,0,4,30,200,120,120,16,480
"1641","F2",2025-09-27,"Dunkerque","Amiens",6,2,"H",4,0,"H",1.67,3.7,4.5,"4-0","6-2",18,12,6,2,3,1,0,0,5,2,17,13,8,7,30,"5-2","Y","Y","Y",4,0,8,40,300,320,280,56,2240
"1642","F2",2025-09-27,"Laval","Montpellier",0,1,"A",0,1,"A",2.75,3.1,2.5,"0-1","0-1",18,7,11,4,0,5,0,0,11,5,13,17,1,16,30,"11-5","N","N","N",5,0,1,50,0,50,800,16,800
"1643","F2",2025-09-27,"St Etienne","Guingamp",2,3,"A",1,1,"D",1.6,4,4.75,"1-1","2-3",13,2,12,7,3,2,1,0,5,4,12,12,5,9,24,"5-4","Y","Y","Y",5,1,5,75,1100,375,675,45,3375
"1644","F2",2025-09-29,"Boulogne","Red Star",1,2,"A",1,1,"D",NA,NA,NA,"1-1","1-2",16,6,8,5,1,0,0,0,7,3,10,10,3,10,20,"7-3","Y","Y","N",1,0,3,10,0,30,100,30,300
"1645","F2",2025-10-03,"Amiens","Boulogne",0,1,"A",0,0,"D",2.7,3.13,2.63,"0-0","0-1",4,1,19,6,2,1,1,0,5,4,14,14,1,9,28,"5-4","N","N","N",3,1,1,55,450,55,495,9,495
"1646","F2",2025-10-03,"Annecy","Laval",0,0,"D",0,0,"D",2.7,3,2.75,"0-0","0-0",8,2,3,1,3,2,0,1,5,0,31,19,0,5,50,"5-0","N","N","N",5,1,0,75,1350,0,375,0,0
"1647","F2",2025-10-03,"Bastia","Dunkerque",0,0,"D",0,0,"D",2.3,3.2,3.1,"0-0","0-0",15,2,6,1,1,3,0,1,6,3,17,11,0,9,28,"6-3","N","N","N",4,1,0,65,550,0,585,0,0
"1648","F2",2025-10-03,"Guingamp","Nancy",2,2,"D",0,0,"D",2.45,3.4,2.75,"0-0","2-2",15,5,7,3,2,4,0,2,5,2,8,17,4,7,25,"5-2","Y","Y","Y",6,2,4,110,1800,440,770,28,3080
"1649","F2",2025-10-03,"Le Mans","Troyes",2,2,"D",0,0,"D",3.1,3.3,2.25,"0-0","2-2",13,6,8,3,1,3,0,0,1,6,17,12,4,7,29,"1-6","Y","Y","Y",4,0,4,40,300,160,280,28,1120
"1650","F2",2025-10-03,"Pau FC","Clermont",3,1,"H",3,0,"H",1.65,3.9,4.8,"3-0","3-1",7,4,10,2,0,0,0,0,5,6,11,11,4,11,22,"5-6","Y","Y","Y",0,0,4,0,0,0,0,44,0
"1651","F2",2025-10-04,"Red Star","Rodez",1,1,"D",0,0,"D",1.9,3.5,3.7,"0-0","1-1",16,4,7,3,2,4,0,0,5,2,14,19,2,7,33,"5-2","Y","N","N",6,0,2,60,800,120,420,14,840
"1652","F2",2025-10-04,"Reims","Grenoble",2,4,"A",1,2,"A",1.5,4,6,"1-2","2-4",21,8,6,4,1,0,0,0,7,0,7,9,6,7,16,"7-0","Y","Y","Y",1,0,6,10,0,60,70,42,420
"1653","F2",2025-10-04,"Montpellier","St Etienne",0,2,"A",0,2,"A",2.9,3.4,2.25,"0-2","0-2",18,4,8,4,4,4,0,0,8,3,18,16,2,11,34,"8-3","Y","N","N",8,0,2,80,1600,160,880,22,1760
"1654","F2",2025-10-17,"Boulogne","Guingamp",2,2,"D",0,1,"A",2.6,3.13,2.75,"0-1","2-2",8,3,8,3,5,1,0,0,2,2,14,12,4,4,26,"2-2","Y","Y","Y",6,0,4,60,500,240,240,16,960
"1655","F2",2025-10-17,"Clermont","Annecy",0,1,"A",0,1,"A",2.7,3.1,2.63,"0-1","0-1",10,2,9,4,2,1,0,0,6,3,10,18,1,9,28,"6-3","N","N","N",3,0,1,30,200,30,270,9,270
"1656","F2",2025-10-17,"Grenoble","Pau FC",1,1,"D",0,0,"D",2.88,3.13,2.5,"0-0","1-1",12,5,24,6,1,2,0,0,3,5,13,10,2,8,23,"3-5","Y","N","N",3,0,2,30,200,60,240,16,480
"1657","F2",2025-10-17,"Rodez","Reims",2,2,"D",1,1,"D",3.2,3.5,2.15,"1-1","2-2",13,3,13,5,2,4,0,0,2,10,5,14,4,12,19,"2-10","Y","Y","Y",6,0,4,60,800,240,720,48,2880
"1658","F2",2025-10-17,"Troyes","Bastia",1,0,"H",1,0,"H",1.8,3.4,4.5,"1-0","1-0",10,4,17,3,4,3,1,0,2,5,11,12,1,7,23,"2-5","N","N","N",7,1,1,95,1950,95,665,7,665
"1659","F2",2025-10-18,"Dunkerque","Montpellier",0,1,"A",0,0,"D",2.1,3.3,3.25,"0-0","0-1",10,3,8,3,2,2,0,0,6,4,13,15,1,10,28,"6-4","N","N","N",4,0,1,40,400,40,400,10,400
"1660","F2",2025-10-18,"Laval","Red Star",0,1,"A",0,0,"D",2.5,3.1,2.75,"0-0","0-1",9,1,10,3,1,2,0,0,6,5,22,12,1,11,34,"6-5","N","N","N",3,0,1,30,200,30,330,11,330
"1661","F2",2025-10-18,"St Etienne","Le Mans",2,3,"A",1,1,"D",1.53,4.1,5.25,"1-1","2-3",12,4,14,7,2,3,0,0,4,3,14,24,5,7,38,"4-3","Y","Y","Y",5,0,5,50,600,250,350,35,1750
"1662","F2",2025-10-20,"Nancy","Amiens",0,1,"A",0,1,"A",1.7,3.5,4.75,"0-1","0-1",23,3,5,3,1,3,0,0,7,4,14,16,1,11,30,"7-4","N","N","N",4,0,1,40,300,40,440,11,440
"1663","F2",2025-10-24,"Guingamp","Clermont",0,1,"A",0,0,"D",1.7,3.7,4.8,"0-0","0-1",21,3,4,1,2,3,0,0,6,1,10,11,1,7,21,"6-1","N","N","N",5,0,1,50,600,50,350,7,350
"1664","F2",2025-10-24,"Le Mans","Boulogne",1,0,"H",0,0,"D",1.95,3.25,4,"0-0","1-0",15,6,4,1,2,2,0,0,10,3,11,20,1,13,31,"10-3","N","N","N",4,0,1,40,400,40,520,13,520
"1665","F2",2025-10-24,"Pau FC","Dunkerque",0,3,"A",0,2,"A",2.15,3.4,3.25,"0-2","0-3",15,0,11,4,2,0,1,0,8,1,13,15,3,9,28,"8-1","Y","Y","N",2,1,3,45,0,135,405,27,1215
"1666","F2",2025-10-24,"Red Star","Grenoble",1,0,"H",0,0,"D",1.73,3.6,4.75,"0-0","1-0",15,5,11,5,1,1,0,0,9,4,10,16,1,13,26,"9-4","N","N","N",2,0,1,20,100,20,260,13,260
"1667","F2",2025-10-24,"Reims","Troyes",0,0,"D",0,0,"D",2.1,3.3,3.4,"0-0","0-0",12,4,14,5,1,2,0,0,7,1,12,8,0,8,20,"7-1","N","N","N",3,0,0,30,200,0,240,0,0
"1668","F2",2025-10-25,"Amiens","Rodez",2,1,"H",0,1,"A",2.8,3.5,2.25,"0-1","2-1",7,4,14,7,1,2,0,0,1,4,11,12,3,5,23,"1-4","Y","Y","N",3,0,3,30,200,90,150,15,450
"1669","F2",2025-10-25,"Montpellier","Nancy",4,1,"H",1,1,"D",2,3.25,3.6,"1-1","4-1",19,9,7,3,1,2,0,1,9,1,14,15,5,10,29,"9-1","Y","Y","Y",3,1,5,55,450,275,550,50,2750
"1670","F2",2025-10-25,"Annecy","St Etienne",4,0,"H",1,0,"H",3.4,3.3,2.05,"1-0","4-0",13,8,6,2,2,0,0,1,4,4,19,5,4,8,24,"4-4","Y","Y","Y",2,1,4,45,500,180,360,32,1440
"1671","F2",2025-10-28,"Boulogne","Reims",2,6,"A",2,4,"A",3.8,3.3,2,"2-4","2-6",10,2,15,7,2,1,0,0,1,3,16,8,8,4,24,"1-3","Y","Y","Y",3,0,8,30,200,240,120,32,960
"1672","F2",2025-10-28,"Clermont","Montpellier",1,1,"D",1,1,"D",3.25,3.25,2.2,"1-1","1-1",13,6,16,4,0,3,0,0,4,10,11,15,2,14,26,"4-10","Y","N","N",3,0,2,30,0,60,420,28,840
"1673","F2",2025-10-28,"Dunkerque","Red Star",3,0,"H",1,0,"H",2.45,3.25,2.8,"1-0","3-0",9,4,7,2,1,4,0,0,3,3,12,11,3,6,23,"3-3","Y","Y","N",5,0,3,50,400,150,300,18,900
"1674","F2",2025-10-28,"Grenoble","Guingamp",0,0,"D",0,0,"D",2.88,3.3,2.4,"0-0","0-0",4,1,6,1,1,2,0,0,3,2,16,15,0,5,31,"3-2","N","N","N",3,0,0,30,200,0,150,0,0
"1675","F2",2025-10-28,"Laval","Le Mans",1,1,"D",0,1,"A",2.7,3,2.75,"0-1","1-1",9,7,6,3,3,3,0,0,6,6,16,18,2,12,34,"6-6","Y","N","N",6,0,2,60,900,120,720,24,1440
"1676","F2",2025-10-28,"Nancy","Bastia",2,0,"H",1,0,"H",2.45,3,3.1,"1-0","2-0",9,5,6,2,1,2,0,0,2,4,19,19,2,6,38,"2-4","Y","N","N",3,0,2,30,200,60,180,12,360
"1677","F2",2025-10-28,"Rodez","Annecy",2,1,"H",0,0,"D",2.2,3.25,3.3,"0-0","2-1",5,4,8,3,2,3,0,0,4,4,12,16,3,8,28,"4-4","Y","Y","N",5,0,3,50,600,150,400,24,1200
"1678","F2",2025-10-28,"St Etienne","Pau FC",6,0,"H",4,0,"H",1.67,4,4.5,"4-0","6-0",16,8,11,4,2,1,0,1,4,4,16,12,6,8,28,"4-4","Y","Y","Y",3,1,6,55,700,330,440,48,2640
"1679","F2",2025-10-28,"Troyes","Amiens",3,1,"H",0,1,"A",1.4,4.5,7.5,"0-1","3-1",17,4,4,2,3,2,0,0,4,1,16,15,4,5,31,"4-1","Y","Y","Y",5,0,4,50,600,200,250,20,1000
"1680","F2",2025-10-31,"Annecy","Boulogne",1,1,"D",1,0,"H",2.15,3,3.7,"1-0","1-1",8,2,11,5,2,3,0,1,6,1,17,15,2,7,32,"6-1","Y","N","N",5,1,2,75,1100,150,525,14,1050
"1681","F2",2025-10-31,"Bastia","Clermont",1,0,"H",0,0,"D",1.8,3.4,4.5,"0-0","1-0",13,4,9,1,4,3,0,0,2,6,17,11,1,8,28,"2-6","N","N","N",7,0,1,70,1200,70,560,8,560
"1682","F2",2025-10-31,"Guingamp","Laval",2,0,"H",2,0,"H",1.85,3.4,4.2,"2-0","2-0",11,4,13,2,2,1,0,0,5,4,11,21,2,9,32,"5-4","Y","N","N",3,0,2,30,200,60,270,18,540
"1683","F2",2025-10-31,"Le Mans","Nancy",1,0,"H",0,0,"D",2.1,3.2,3.6,"0-0","1-0",9,2,7,1,5,2,0,0,7,3,12,11,1,10,23,"7-3","N","N","N",7,0,1,70,1000,70,700,10,700
"1684","F2",2025-10-31,"Montpellier","Rodez",2,0,"H",0,0,"D",1.83,3.6,4,"0-0","2-0",26,5,9,3,2,2,0,1,8,2,14,13,2,10,27,"8-2","Y","N","N",4,1,2,65,900,130,650,20,1300
"1685","F2",2025-11-01,"Amiens","Grenoble",2,3,"A",0,2,"A",2.7,3.13,2.5,"0-2","2-3",15,8,18,9,2,4,0,0,6,5,16,27,5,11,43,"6-5","Y","Y","Y",6,0,5,60,800,300,660,55,3300
"1686","F2",2025-11-01,"Reims","Dunkerque",1,2,"A",1,1,"D",2.05,3.3,3.3,"1-1","1-2",10,4,5,4,4,2,0,0,3,0,20,11,3,3,31,"3-0","Y","Y","N",6,0,3,60,800,180,180,9,540
"1687","F2",2025-11-01,"Red Star","St Etienne",2,1,"H",2,0,"H",2.75,3.3,2.38,"2-0","2-1",11,3,15,6,1,1,0,0,0,5,15,16,3,5,31,"0-5","Y","Y","N",2,0,3,20,100,60,100,15,300
"1688","F2",2025-11-03,"Pau FC","Troyes",1,1,"D",1,0,"H",2.88,3.3,2.3,"1-0","1-1",18,6,9,4,2,1,0,1,9,1,14,5,2,10,19,"9-1","Y","N","N",3,1,2,55,700,110,550,20,1100
"1689","F2",2025-11-07,"Bastia","Reims",1,3,"A",1,2,"A",3.3,2.9,2.38,"1-2","1-3",17,2,9,5,4,4,0,0,2,4,13,15,4,6,28,"2-4","Y","Y","Y",8,0,4,80,1600,320,480,24,1920
"1690","F2",2025-11-07,"Clermont","Amiens",2,1,"H",0,0,"D",1.87,3.4,4.1,"0-0","2-1",17,5,9,4,2,5,0,0,11,4,12,16,3,15,28,"11-4","Y","Y","N",7,0,3,70,1000,210,1050,45,3150
"1691","F2",2025-11-07,"Dunkerque","Boulogne",1,1,"D",0,0,"D",1.6,3.8,5.5,"0-0","1-1",12,4,11,4,4,1,0,0,3,7,15,23,2,10,38,"3-7","Y","N","N",5,0,2,50,400,100,500,20,1000
"1692","F2",2025-11-07,"Grenoble","Rodez",2,1,"H",2,0,"H",2.25,3.3,3.1,"2-0","2-1",14,6,14,4,5,2,0,0,5,8,11,10,3,13,21,"5-8","Y","Y","N",7,0,3,70,1000,210,910,39,2730
"1693","F2",2025-11-07,"Montpellier","Annecy",1,0,"H",0,0,"D",1.7,3.5,5,"0-0","1-0",14,5,8,4,3,2,0,0,11,3,13,22,1,14,35,"11-3","N","N","N",5,0,1,50,600,50,700,14,700
"1694","F2",2025-11-07,"Nancy","Laval",0,2,"A",0,2,"A",2.1,3.2,3.6,"0-2","0-2",14,3,9,3,1,3,0,0,10,3,20,15,2,13,35,"10-3","Y","N","N",4,0,2,40,300,80,520,26,1040
"1695","F2",2025-11-08,"Guingamp","Pau FC",2,2,"D",2,1,"H",2.05,3.3,3.3,"2-1","2-2",9,4,9,5,2,5,0,0,6,2,7,18,4,8,25,"6-2","Y","Y","Y",7,0,4,70,1000,280,560,32,2240
"1696","F2",2025-11-08,"Le Mans","Red Star",0,0,"D",0,0,"D",2.25,3.13,3.13,"0-0","0-0",9,3,8,2,0,0,0,0,5,6,17,4,0,11,21,"5-6","N","N","N",0,0,0,0,0,0,0,0,0
"1697","F2",2025-11-08,"Troyes","St Etienne",2,3,"A",0,3,"A",2.2,3.4,3,"0-3","2-3",21,8,7,5,4,1,0,0,6,0,8,14,5,6,22,"6-0","Y","Y","Y",5,0,5,50,400,250,300,30,1500
"1698","F2",2025-11-21,"Annecy","Bastia",1,0,"H",1,0,"H",2.3,2.9,3.4,"1-0","1-0",18,3,3,3,2,2,0,1,9,2,20,13,1,11,33,"9-2","N","N","N",4,1,1,65,900,65,715,11,715
"1699","F2",2025-11-21,"Boulogne","Grenoble",3,1,"H",0,1,"A",2.6,3.1,2.75,"0-1","3-1",20,8,13,7,4,3,1,0,6,6,13,14,4,12,27,"6-6","Y","Y","Y",7,1,4,95,1950,380,1140,48,4560
"1700","F2",2025-11-21,"Laval","Troyes",0,1,"A",0,0,"D",3.5,3,2.2,"0-0","0-1",12,3,15,5,4,3,0,0,3,7,13,13,1,10,26,"3-7","N","N","N",7,0,1,70,1200,70,700,10,700
"1701","F2",2025-11-21,"Pau FC","Le Mans",1,2,"A",1,2,"A",2.55,3.2,2.75,"1-2","1-2",12,2,4,2,3,3,0,0,7,2,8,17,3,9,25,"7-2","Y","Y","N",6,0,3,60,900,180,540,27,1620
"1702","F2",2025-11-21,"Rodez","Dunkerque",1,1,"D",0,1,"A",2.6,3.3,2.63,"0-1","1-1",11,3,6,3,2,0,0,0,6,5,12,11,2,11,23,"6-5","Y","N","N",2,0,2,20,0,40,220,22,440
"1703","F2",2025-11-22,"Amiens","Guingamp",1,2,"A",1,2,"A",4,3.4,1.85,"1-2","1-2",14,4,17,3,4,2,0,0,8,9,13,14,3,17,27,"8-9","Y","Y","N",6,0,3,60,800,180,1020,51,3060
"1704","F2",2025-11-22,"Red Star","Clermont",2,2,"D",1,2,"A",1.67,3.6,4.8,"1-2","2-2",14,3,7,3,3,2,0,0,2,3,18,11,4,5,29,"2-3","Y","Y","Y",5,0,4,50,600,200,250,20,1000
"1705","F2",2025-11-22,"St Etienne","Nancy",2,1,"H",1,0,"H",1.62,3.9,4.75,"1-0","2-1",9,2,11,3,2,3,0,0,4,2,11,20,3,6,31,"4-2","Y","Y","N",5,0,3,50,600,150,300,18,900
"1706","F2",2025-11-24,"Reims","Montpellier",2,0,"H",1,0,"H",2,3.3,3.5,"1-0","2-0",15,5,12,4,2,3,0,0,5,4,20,8,2,9,28,"5-4","Y","N","N",5,0,2,50,600,100,450,18,900
"2409","G1",2025-08-23,"Aris","Volos NFC",2,0,"H",0,0,"D",NA,NA,NA,"0-0","2-0",12,4,10,5,2,4,0,0,5,4,16,13,2,9,29,"5-4","Y","N","N",6,0,2,60,800,120,540,18,1080
"2410","G1",2025-08-23,"Olympiakos","Asteras Tripolis",2,0,"H",0,0,"D",1.2,5.5,13,"0-0","2-0",22,3,3,1,0,3,0,0,12,3,10,10,2,15,20,"12-3","Y","N","N",3,0,2,30,0,60,450,30,900
"2411","G1",2025-08-23,"Panetolikos","Atromitos",0,2,"A",0,1,"A",2.88,2.9,2.45,"0-1","0-2",11,0,14,3,1,2,0,0,1,4,12,15,2,5,27,"1-4","Y","N","N",3,0,2,30,200,60,150,10,300
"2412","G1",2025-08-24,"AEK","Panserraikos",2,0,"H",2,0,"H",1.2,5.75,11.5,"2-0","2-0",25,8,6,1,1,1,0,0,9,1,10,14,2,10,24,"9-1","Y","N","N",2,0,2,20,100,40,200,20,400
"2413","G1",2025-08-24,"PAOK","Larisa",1,0,"H",0,0,"D",1.22,5.25,11.5,"0-0","1-0",19,7,7,2,1,2,0,0,9,2,8,12,1,11,20,"9-2","N","N","N",3,0,1,30,200,30,330,11,330
"2414","G1",2025-08-25,"Levadeiakos","Kifisia",3,2,"H",2,2,"D",NA,NA,NA,"2-2","3-2",13,5,9,5,2,3,1,0,7,3,14,23,5,10,37,"7-3","Y","Y","Y",5,1,5,75,1350,375,750,50,3750
"2415","G1",2025-08-30,"Volos NFC","Olympiakos",0,2,"A",0,0,"D",13,5,1.22,"0-0","0-2",9,4,14,7,2,0,0,0,4,8,14,14,2,12,28,"4-8","Y","N","N",2,0,2,20,0,40,240,24,480
"2416","G1",2025-08-30,"Panserraikos","OFI Crete",0,1,"A",0,0,"D",2.9,3.25,2.25,"0-0","0-1",13,1,14,6,2,2,0,0,3,6,12,13,1,9,25,"3-6","N","N","N",4,0,1,40,400,40,360,9,360
"2417","G1",2025-08-30,"Aris","Panetolikos",0,2,"A",0,0,"D",NA,NA,NA,"0-0","0-2",18,8,12,4,0,6,0,0,7,2,11,16,2,9,27,"7-2","Y","N","N",6,0,2,60,0,120,540,18,1080
"2418","G1",2025-08-30,"Larisa","Kifisia",1,1,"D",0,0,"D",2.15,3.1,3.25,"0-0","1-1",15,4,15,5,4,5,0,0,2,5,13,14,2,7,27,"2-5","Y","N","N",9,0,2,90,2000,180,630,14,1260
"2419","G1",2025-08-31,"AEK","Asteras Tripolis",1,0,"H",1,0,"H",1.22,5.25,11,"1-0","1-0",15,4,4,2,3,2,0,0,5,3,17,7,1,8,24,"5-3","N","N","N",5,0,1,50,600,50,400,8,400
"2420","G1",2025-08-31,"PAOK","Atromitos",1,0,"H",0,0,"D",1.33,4.5,8,"0-0","1-0",26,5,1,1,1,6,0,1,6,1,11,18,1,7,29,"6-1","N","N","N",7,1,1,95,850,95,665,7,665
"2421","G1",2025-08-31,"Panathinaikos","Levadeiakos",1,1,"D",1,0,"H",1.29,4.8,9,"1-0","1-1",20,1,7,1,1,1,0,0,7,3,11,14,2,10,25,"7-3","Y","N","N",2,0,2,20,100,40,200,20,400
"2422","G1",2025-09-13,"Olympiakos","Panserraikos",5,0,"H",0,0,"D",1.08,8,21,"0-0","5-0",29,12,2,1,0,3,0,1,11,0,8,14,5,11,22,"11-0","Y","Y","Y",3,1,5,55,0,275,605,55,3025
"2423","G1",2025-09-13,"Atromitos","Aris",1,2,"A",1,1,"D",NA,NA,NA,"1-1","1-2",7,2,11,5,1,2,0,0,4,7,12,17,3,11,29,"4-7","Y","Y","N",3,0,3,30,200,90,330,33,990
"2424","G1",2025-09-13,"Panetolikos","Volos NFC",1,2,"A",1,2,"A",2.55,3,2.7,"1-2","1-2",7,1,10,2,5,6,0,0,7,3,14,16,3,10,30,"7-3","Y","Y","N",11,0,3,110,3000,330,1100,30,3300
"2425","G1",2025-09-14,"Asteras Tripolis","Larisa",2,2,"D",2,0,"H",1.87,3.1,4.2,"2-0","2-2",10,2,16,5,4,4,0,0,4,2,12,15,4,6,27,"4-2","Y","Y","Y",8,0,4,80,1600,320,480,24,1920
"2426","G1",2025-09-14,"Kifisia","Panathinaikos",3,2,"H",1,1,"D",NA,NA,NA,"1-1","3-2",10,4,12,4,5,4,0,0,3,6,22,20,5,9,42,"3-6","Y","Y","Y",9,0,5,90,2000,450,810,45,4050
"2427","G1",2025-09-14,"Levadeiakos","AEK",0,1,"A",0,0,"D",7,3.9,1.44,"0-0","0-1",13,4,19,6,2,2,0,0,2,8,9,20,1,10,29,"2-8","N","N","N",4,0,1,40,400,40,400,10,400
"2428","G1",2025-09-14,"OFI Crete","PAOK",1,2,"A",0,2,"A",NA,NA,NA,"0-2","1-2",7,2,14,4,2,1,0,0,5,2,10,16,3,7,26,"5-2","Y","Y","N",3,0,3,30,200,90,210,21,630
"2429","G1",2025-09-20,"Kifisia","Aris",0,1,"A",0,0,"D",NA,NA,NA,"0-0","0-1",7,1,15,4,1,3,1,0,2,4,14,20,1,6,34,"2-4","N","N","N",4,1,1,65,1050,65,390,6,390
"2430","G1",2025-09-20,"Panserraikos","Atromitos",1,1,"D",0,1,"A",3.4,2.9,2.2,"0-1","1-1",15,2,11,2,5,3,0,0,3,7,19,21,2,10,40,"3-7","Y","N","N",8,0,2,80,1500,160,800,20,1600
"2431","G1",2025-09-20,"Volos NFC","Asteras Tripolis",2,1,"H",1,0,"H",2.45,3.1,2.8,"1-0","2-1",16,5,11,4,3,4,0,0,7,3,16,21,3,10,37,"7-3","Y","Y","N",7,0,3,70,1200,210,700,30,2100
"2432","G1",2025-09-20,"PAOK","Panetolikos",0,0,"D",0,0,"D",1.15,6,15,"0-0","0-0",24,8,3,2,1,5,0,1,12,1,10,19,0,13,29,"12-1","N","N","N",6,1,0,85,750,0,1105,0,0
"2433","G1",2025-09-21,"Larisa","AEK",1,1,"D",0,0,"D",8,4.2,1.36,"0-0","1-1",14,3,24,4,4,0,0,0,4,6,13,15,2,10,28,"4-6","Y","N","N",4,0,2,40,0,80,400,20,800
"2434","G1",2025-09-21,"Levadeiakos","OFI Crete",4,0,"H",1,0,"H",2.05,3.3,3.3,"1-0","4-0",17,6,5,2,1,3,0,2,7,3,16,19,4,10,35,"7-3","Y","Y","Y",4,2,4,90,800,360,900,40,3600
"2435","G1",2025-09-21,"Panathinaikos","Olympiakos",1,1,"D",0,0,"D",3.25,3.1,2.15,"0-0","1-1",6,2,9,3,4,4,0,0,1,4,16,18,2,5,34,"1-4","Y","N","N",8,0,2,80,1600,160,400,10,800
"2436","G1",2025-09-27,"Olympiakos","Levadeiakos",3,2,"H",1,0,"H",1.17,6,15,"1-0","3-2",19,5,6,4,2,5,0,0,10,3,13,17,5,13,30,"10-3","Y","Y","Y",7,0,5,70,1000,350,910,65,4550
"2437","G1",2025-09-27,"Aris","Panserraikos",1,1,"D",1,0,"H",NA,NA,NA,"1-0","1-1",25,4,8,2,2,4,0,0,10,1,11,12,2,11,23,"10-1","Y","N","N",6,0,2,60,800,120,660,22,1320
"2438","G1",2025-09-28,"AEK","Volos NFC",1,0,"H",0,0,"D",1.2,5.5,12,"0-0","1-0",14,2,3,1,3,2,0,0,2,1,16,19,1,3,35,"2-1","N","N","N",5,0,1,50,600,50,150,3,150
"2439","G1",2025-09-28,"OFI Crete","Kifisia",1,3,"A",0,1,"A",1.91,3.25,3.8,"0-1","1-3",6,3,22,9,2,6,1,0,3,6,18,20,4,9,38,"3-6","Y","Y","Y",8,1,4,105,2700,420,945,36,3780
"2440","G1",2025-09-28,"Asteras Tripolis","PAOK",3,3,"D",2,3,"A",6,3.8,1.5,"2-3","3-3",9,8,14,4,7,4,1,0,4,4,9,12,6,8,21,"4-4","Y","Y","Y",11,1,6,135,3800,810,1080,48,6480
"2441","G1",2025-09-28,"Panetolikos","Panathinaikos",1,2,"A",1,0,"H",8,3.9,1.4,"1-0","1-2",8,1,12,5,2,3,0,0,2,5,12,16,3,7,28,"2-5","Y","Y","N",5,0,3,50,600,150,350,21,1050
"2442","G1",2025-09-29,"Atromitos","Larisa",1,1,"D",1,0,"H",NA,NA,NA,"1-0","1-1",14,3,6,2,1,6,0,1,2,3,17,18,2,5,35,"2-3","Y","N","N",7,1,2,95,850,190,475,10,950
"2443","G1",2025-10-04,"OFI Crete","Aris",3,0,"H",1,0,"H",4,3.4,1.83,"1-0","3-0",9,6,12,6,4,0,0,0,2,5,17,19,3,7,36,"2-5","Y","Y","N",4,0,3,40,0,120,280,21,840
"2444","G1",2025-10-04,"Panserraikos","Asteras Tripolis",2,1,"H",1,0,"H",2.88,3.1,2.38,"1-0","2-1",10,2,10,5,5,4,0,0,2,4,25,18,3,6,43,"2-4","Y","Y","N",9,0,3,90,2000,270,540,18,1620
"2445","G1",2025-10-04,"Larisa","Volos NFC",2,5,"A",1,2,"A",2.38,3.1,2.88,"1-2","2-5",15,5,20,12,4,3,0,0,10,2,16,21,7,12,37,"10-2","Y","Y","Y",7,0,7,70,1200,490,840,84,5880
"2446","G1",2025-10-05,"Kifisia","AEK",2,3,"A",2,1,"H",11,5,1.25,"2-1","2-3",16,7,9,3,3,6,0,1,6,3,20,18,5,9,38,"6-3","Y","Y","Y",9,1,5,115,2550,575,1035,45,5175
"2447","G1",2025-10-05,"Levadeiakos","Panetolikos",6,0,"H",4,0,"H",1.67,3.3,5.25,"4-0","6-0",17,10,8,1,0,3,0,2,6,2,11,9,6,8,20,"6-2","Y","Y","Y",3,2,6,80,0,480,640,48,3840
"2448","G1",2025-10-05,"PAOK","Olympiakos",2,1,"H",0,1,"A",2.5,3.1,2.7,"0-1","2-1",10,5,9,2,4,3,0,0,1,3,13,14,3,4,27,"1-3","Y","Y","N",7,0,3,70,1200,210,280,12,840
"2449","G1",2025-10-05,"Panathinaikos","Atromitos",1,0,"H",0,0,"D",1.4,4.2,7,"0-0","1-0",19,8,3,0,0,2,0,0,6,2,18,17,1,8,35,"6-2","N","N","N",2,0,1,20,0,20,160,8,160
"2450","G1",2025-10-18,"Larisa","Olympiakos",0,2,"A",0,2,"A",13,5.5,1.2,"0-2","0-2",4,2,14,5,3,1,0,0,1,6,14,21,2,7,35,"1-6","Y","N","N",4,0,2,40,300,80,280,14,560
"2451","G1",2025-10-18,"Atromitos","Levadeiakos",2,2,"D",2,1,"H",2.45,3.13,2.7,"2-1","2-2",7,4,9,3,6,0,0,0,1,5,19,11,4,6,30,"1-5","Y","Y","Y",6,0,4,60,0,240,360,24,1440
"2452","G1",2025-10-18,"Panetolikos","OFI Crete",4,2,"H",0,0,"D",2.7,3.1,2.5,"0-0","4-2",10,5,14,5,4,4,1,1,4,7,14,7,6,11,21,"4-7","Y","Y","Y",8,2,6,130,4225,780,1430,66,8580
"2453","G1",2025-10-19,"Asteras Tripolis","Kifisia",2,2,"D",0,1,"A",2,3.13,3.7,"0-1","2-2",9,4,9,6,6,5,0,0,3,5,14,24,4,8,38,"3-5","Y","Y","Y",11,0,4,110,3000,440,880,32,3520
"2454","G1",2025-10-19,"Volos NFC","Panserraikos",2,1,"H",1,0,"H",1.67,3.6,4.6,"1-0","2-1",13,6,7,3,0,3,0,0,11,2,8,19,3,13,27,"11-2","Y","Y","N",3,0,3,30,0,90,390,39,1170
"2455","G1",2025-10-19,"Aris","Panathinaikos",1,1,"D",0,1,"A",3.1,3.13,2.2,"0-1","1-1",14,3,14,4,1,2,0,0,2,2,13,16,2,4,29,"2-2","Y","N","N",3,0,2,30,200,60,120,8,240
"2456","G1",2025-10-19,"AEK","PAOK",0,2,"A",0,1,"A",2.3,3.2,2.9,"0-1","0-2",13,5,11,5,2,1,1,0,5,3,20,14,2,8,34,"5-3","Y","N","N",3,1,2,55,450,110,440,16,880
"2457","G1",2025-10-25,"Kifisia","Panetolikos",1,1,"D",1,1,"D",1.8,3.3,4.2,"1-1","1-1",11,4,12,3,6,1,1,0,4,4,16,14,2,8,30,"4-4","Y","N","N",7,1,2,95,850,190,760,16,1520
"2458","G1",2025-10-25,"Panserraikos","Larisa",0,2,"A",0,2,"A",2.3,3.2,2.88,"0-2","0-2",9,1,20,7,2,3,1,0,1,6,17,18,2,7,35,"1-6","Y","N","N",5,1,2,75,1350,150,525,14,1050
"2459","G1",2025-10-25,"OFI Crete","Atromitos",1,3,"A",1,1,"D",2.05,3.25,3.3,"1-1","1-3",18,2,11,4,2,2,0,0,4,8,16,18,4,12,34,"4-8","Y","Y","Y",4,0,4,40,400,160,480,48,1920
"2460","G1",2025-10-26,"Levadeiakos","Aris",1,1,"D",0,1,"A",2.6,3.13,2.55,"0-1","1-1",15,4,8,2,1,3,0,0,5,7,15,19,2,12,34,"5-7","Y","N","N",4,0,2,40,300,80,480,24,960
"2461","G1",2025-10-26,"Panathinaikos","Asteras Tripolis",2,0,"H",1,0,"H",1.22,5.5,10.5,"1-0","2-0",17,6,3,0,3,3,0,0,6,2,17,11,2,8,28,"6-2","Y","N","N",6,0,2,60,900,120,480,16,960
"2462","G1",2025-10-26,"PAOK","Volos NFC",3,0,"H",0,0,"D",1.25,5.25,9.5,"0-0","3-0",8,3,2,1,2,2,0,0,6,0,11,12,3,6,23,"6-0","Y","Y","N",4,0,3,40,400,120,240,18,720
"2463","G1",2025-10-26,"Olympiakos","AEK",2,0,"H",1,0,"H",1.75,3.5,4.33,"1-0","2-0",11,5,6,1,3,2,0,0,4,4,9,17,2,8,26,"4-4","Y","N","N",5,0,2,50,600,100,400,16,800
"2464","G1",2025-11-01,"Volos NFC","Panathinaikos",1,0,"H",1,0,"H",5.25,3.75,1.57,"1-0","1-0",5,2,15,4,5,1,0,0,0,5,16,16,1,5,32,"0-5","N","N","N",6,0,1,60,500,60,300,5,300
"2465","G1",2025-11-01,"Atromitos","Kifisia",1,2,"A",0,0,"D",2.2,3.13,3.13,"0-0","1-2",20,3,23,8,1,4,0,0,3,9,5,18,3,12,23,"3-9","Y","Y","N",5,0,3,50,400,150,600,36,1800
"2466","G1",2025-11-01,"Olympiakos","Aris",2,1,"H",0,0,"D",1.29,4.75,9.5,"0-0","2-1",12,5,12,4,2,1,1,0,5,7,12,11,3,12,23,"5-7","Y","Y","N",3,1,3,55,450,165,660,36,1980
"2467","G1",2025-11-02,"Larisa","Levadeiakos",0,2,"A",0,1,"A",NA,NA,NA,"0-1","0-2",15,5,12,6,3,4,0,0,3,11,14,12,2,14,26,"3-11","Y","N","N",7,0,2,70,1200,140,980,28,1960
"2468","G1",2025-11-02,"Panserraikos","PAOK",0,5,"A",0,2,"A",NA,NA,NA,"0-2","0-5",7,1,16,7,0,0,0,0,2,4,10,7,5,6,17,"2-4","Y","Y","Y",0,0,5,0,0,0,0,30,0
"2469","G1",2025-11-02,"AEK","Panetolikos",1,0,"H",0,0,"D",NA,NA,NA,"0-0","1-0",18,3,5,1,4,2,0,0,8,2,16,12,1,10,28,"8-2","N","N","N",6,0,1,60,800,60,600,10,600
"2470","G1",2025-11-03,"Asteras Tripolis","OFI Crete",3,0,"H",1,0,"H",NA,NA,NA,"1-0","3-0",21,7,7,3,2,4,0,1,10,1,13,11,3,11,24,"10-1","Y","Y","N",6,1,3,85,1300,255,935,33,2805
"2471","G1",2025-11-08,"Panetolikos","Larisa",3,0,"H",1,0,"H",2.15,3.1,3.2,"1-0","3-0",9,5,16,3,1,1,0,0,4,2,7,9,3,6,16,"4-2","Y","Y","N",2,0,3,20,100,60,120,18,360
"2472","G1",2025-11-09,"Aris","Asteras Tripolis",0,0,"D",0,0,"D",1.67,3.5,4.75,"0-0","0-0",6,2,12,4,2,6,1,0,4,6,19,23,0,10,42,"4-6","N","N","N",8,1,0,105,2700,0,1050,0,0
"2473","G1",2025-11-09,"Kifisia","Olympiakos",1,3,"A",0,1,"A",10.5,5,1.25,"0-1","1-3",9,3,18,8,5,1,1,0,1,10,14,14,4,11,28,"1-10","Y","Y","Y",6,1,4,85,750,340,935,44,3740
"2474","G1",2025-11-09,"Levadeiakos","Panserraikos",5,2,"H",2,1,"H",1.36,4.4,7.5,"2-1","5-2",17,9,8,2,1,4,0,0,6,4,6,11,7,10,17,"6-4","Y","Y","Y",5,0,7,50,400,350,500,70,3500
"2475","G1",2025-11-09,"OFI Crete","AEK",0,1,"A",0,0,"D",6.5,4.2,1.44,"0-0","0-1",4,0,23,7,2,2,0,0,0,6,17,16,1,6,33,"0-6","N","N","N",4,0,1,40,400,40,240,6,240
"2476","G1",2025-11-09,"Atromitos","Volos NFC",0,1,"A",0,1,"A",2.4,3.13,2.8,"0-1","0-1",23,4,5,4,2,4,0,0,7,0,16,16,1,7,32,"7-0","N","N","N",6,0,1,60,800,60,420,7,420
"2477","G1",2025-11-09,"Panathinaikos","PAOK",2,1,"H",2,0,"H",2.3,3.2,2.88,"2-0","2-1",6,3,6,1,5,3,0,0,3,5,16,16,3,8,32,"3-5","Y","Y","N",8,0,3,80,1500,240,640,24,1920
"2478","G1",2025-11-22,"Asteras Tripolis","Panetolikos",1,1,"D",1,0,"H",2,3.2,3.5,"1-0","1-1",6,3,8,4,2,1,0,0,3,3,9,16,2,6,25,"3-3","Y","N","N",3,0,2,30,200,60,180,12,360
"2479","G1",2025-11-22,"Olympiakos","Atromitos",3,0,"H",1,0,"H",1.12,7,17,"1-0","3-0",27,7,6,2,0,2,0,0,7,1,5,13,3,8,18,"7-1","Y","Y","N",2,0,3,20,0,60,160,24,480
"2480","G1",2025-11-23,"Panserraikos","Panathinaikos",0,3,"A",0,1,"A",8,4.5,1.33,"0-1","0-3",10,2,18,6,2,1,0,0,3,8,13,7,3,11,20,"3-8","Y","Y","N",3,0,3,30,200,90,330,33,990
"2481","G1",2025-11-23,"PAOK","Kifisia",3,0,"H",1,0,"H",1.18,6,12,"1-0","3-0",19,6,6,2,1,7,0,1,8,4,9,17,3,12,26,"8-4","Y","Y","N",8,1,3,105,950,315,1260,36,3780
"2482","G1",2025-11-23,"AEK","Aris",1,0,"H",0,0,"D",1.44,3.9,7,"0-0","1-0",27,7,6,3,3,2,0,0,10,1,13,11,1,11,24,"10-1","N","N","N",5,0,1,50,600,50,550,11,550
"2483","G1",2025-11-24,"Volos NFC","Levadeiakos",1,2,"A",1,1,"D",NA,NA,NA,"1-1","1-2",20,5,12,5,3,2,0,0,2,2,17,15,3,4,32,"2-2","Y","Y","N",5,0,3,50,600,150,200,12,600
"2484","G1",2025-11-24,"Larisa","OFI Crete",1,2,"A",1,2,"A",NA,NA,NA,"1-2","1-2",18,6,8,4,4,3,0,0,6,3,23,13,3,9,36,"6-3","Y","Y","N",7,0,3,70,1200,210,630,27,1890
"1827","I2",2025-08-22,"Pescara","Cesena",1,3,"A",1,1,"D",3.5,3.2,2,"1-1","1-3",12,4,19,9,1,1,0,0,3,5,16,7,4,8,23,"3-5","Y","Y","Y",2,0,4,20,100,80,160,32,640
"1828","I2",2025-08-23,"Empoli","Padova",3,1,"H",2,1,"H",1.87,3.3,3.9,"2-1","3-1",15,5,9,4,2,4,0,0,6,4,19,19,4,10,38,"6-4","Y","Y","Y",6,0,4,60,800,240,600,40,2400
"1829","I2",2025-08-23,"Virtus Entella","Juve Stabia",1,1,"D",0,0,"D",2.3,3.1,3,"0-0","1-1",10,2,10,2,2,2,0,0,5,7,14,14,2,12,28,"5-7","Y","N","N",4,0,2,40,400,80,480,24,960
"1830","I2",2025-08-23,"Monza","Mantova",1,0,"H",0,0,"D",1.8,3.4,4.2,"0-0","1-0",16,2,8,2,3,3,0,0,9,1,21,19,1,10,40,"9-1","N","N","N",6,0,1,60,900,60,600,10,600
"1831","I2",2025-08-23,"Palermo","Reggiana",2,1,"H",1,0,"H",1.73,3.4,4.5,"1-0","2-1",25,14,10,3,1,1,0,0,9,6,11,16,3,15,27,"9-6","Y","Y","N",2,0,3,20,100,60,300,45,900
"1832","I2",2025-08-24,"Spezia","Carrarese",0,2,"A",0,1,"A",1.67,3.5,4.8,"0-1","0-2",7,2,10,6,5,2,1,0,7,3,12,19,2,10,31,"7-3","Y","N","N",7,1,2,95,1500,190,950,20,1900
"1833","I2",2025-08-24,"Venezia","Bari",2,1,"H",2,1,"H",1.95,3.2,3.7,"2-1","2-1",20,8,11,3,1,1,0,0,6,3,13,14,3,9,27,"6-3","Y","Y","N",2,0,3,20,100,60,180,27,540
"1834","I2",2025-08-24,"Catanzaro","Sudtirol",1,1,"D",0,1,"A",2.25,3,3.13,"0-1","1-1",7,2,12,4,0,2,0,0,1,5,8,20,2,6,28,"1-5","Y","N","N",2,0,2,20,0,40,120,12,240
"1835","I2",2025-08-24,"Frosinone","Avellino",2,0,"H",2,0,"H",2.25,3,3.1,"2-0","2-0",15,4,14,3,3,2,1,0,6,1,19,16,2,7,35,"6-1","Y","N","N",5,1,2,75,1100,150,525,14,1050
"1836","I2",2025-08-25,"Sampdoria","Modena",0,2,"A",0,0,"D",2.15,3,3.4,"0-0","0-2",11,3,10,4,1,4,0,0,4,0,17,15,2,4,32,"4-0","Y","N","N",5,0,2,50,400,100,200,8,400
"1837","I2",2025-08-29,"Reggiana","Empoli",3,1,"H",1,1,"D",3.13,2.9,2.3,"1-1","3-1",16,6,3,2,0,1,0,2,8,2,14,18,4,10,32,"8-2","Y","Y","Y",1,2,4,60,0,240,600,40,2400
"1838","I2",2025-08-30,"Juve Stabia","Venezia",0,0,"D",0,0,"D",2.8,3,2.45,"0-0","0-0",17,4,3,1,3,1,0,1,6,1,13,12,0,7,25,"6-1","N","N","N",4,1,0,65,1050,0,455,0,0
"1839","I2",2025-08-30,"Mantova","Pescara",2,1,"H",1,0,"H",2.2,3.25,3,"1-0","2-1",15,7,10,1,4,2,0,0,4,5,15,24,3,9,39,"4-5","Y","Y","N",6,0,3,60,800,180,540,27,1620
"1840","I2",2025-08-30,"Cesena","Virtus Entella",1,1,"D",0,0,"D",2,3.1,3.7,"0-0","1-1",12,2,9,1,2,3,0,0,8,2,15,9,2,10,24,"8-2","Y","N","N",5,0,2,50,600,100,500,20,1000
"1841","I2",2025-08-30,"Palermo","Frosinone",0,0,"D",0,0,"D",1.75,3.4,4.33,"0-0","0-0",13,2,10,4,1,3,0,0,6,3,18,13,0,9,31,"6-3","N","N","N",4,0,0,40,300,0,360,0,0
"1842","I2",2025-08-30,"Spezia","Catanzaro",0,0,"D",0,0,"D",1.95,3.2,3.7,"0-0","0-0",7,1,5,1,3,3,0,0,1,5,23,14,0,6,37,"1-5","N","N","N",6,0,0,60,900,0,360,0,0
"1843","I2",2025-08-31,"Carrarese","Padova",0,0,"D",0,0,"D",2.15,3.1,3.25,"0-0","0-0",16,2,11,1,3,3,0,1,4,2,17,15,0,6,32,"4-2","N","N","N",6,1,0,85,1650,0,510,0,0
"1844","I2",2025-08-31,"Sudtirol","Sampdoria",3,1,"H",3,0,"H",2.5,3.1,2.7,"3-0","3-1",11,3,18,5,1,2,0,0,2,5,17,18,4,7,35,"2-5","Y","Y","Y",3,0,4,30,200,120,210,28,840
"1845","I2",2025-08-31,"Bari","Monza",1,1,"D",1,1,"D",2.9,3,2.4,"1-1","1-1",20,4,13,2,2,4,0,0,3,6,11,19,2,9,30,"3-6","Y","N","N",6,0,2,60,800,120,540,18,1080
"1846","I2",2025-08-31,"Modena","Avellino",1,1,"D",0,0,"D",2.1,3.2,3.25,"0-0","1-1",22,5,3,1,2,5,0,1,7,2,14,15,2,9,29,"7-2","Y","N","N",7,1,2,95,1500,190,855,18,1710
"1847","I2",2025-09-12,"Avellino","Monza",2,1,"H",1,0,"H",3.5,3.13,2.05,"1-0","2-1",11,1,9,2,2,0,0,0,2,3,22,16,3,5,38,"2-3","Y","Y","N",2,0,3,20,0,60,100,15,300
"1848","I2",2025-09-13,"Juve Stabia","Reggiana",0,0,"D",0,0,"D",2.1,3,3.5,"0-0","0-0",17,6,4,1,4,0,0,0,8,1,22,12,0,9,34,"8-1","N","N","N",4,0,0,40,0,0,360,0,0
"1849","I2",2025-09-13,"Modena","Bari",3,0,"H",1,0,"H",2.3,3,3.1,"1-0","3-0",16,9,6,2,1,2,0,0,2,2,22,12,3,4,34,"2-2","Y","Y","N",3,0,3,30,200,90,120,12,360
"1850","I2",2025-09-13,"Padova","Frosinone",0,1,"A",0,1,"A",2.38,3,2.9,"0-1","0-1",10,5,14,4,1,2,0,0,6,4,11,16,1,10,27,"6-4","N","N","N",3,0,1,30,200,30,300,10,300
"1851","I2",2025-09-13,"Pescara","Venezia",2,2,"D",0,1,"A",4.2,3.4,1.8,"0-1","2-2",16,5,12,5,1,1,0,0,7,5,18,20,4,12,38,"7-5","Y","Y","Y",2,0,4,20,100,80,240,48,960
"1852","I2",2025-09-13,"Catanzaro","Carrarese",1,1,"D",0,0,"D",2.3,2.88,3.2,"0-0","1-1",18,3,11,2,4,3,0,0,6,8,17,16,2,14,33,"6-8","Y","N","N",7,0,2,70,1200,140,980,28,1960
"1853","I2",2025-09-13,"Sampdoria","Cesena",1,2,"A",0,1,"A",2.45,2.9,2.9,"0-1","1-2",11,1,8,3,4,2,0,0,1,2,19,17,3,3,36,"1-2","Y","Y","N",6,0,3,60,800,180,180,9,540
"1854","I2",2025-09-14,"Virtus Entella","Mantova",1,0,"H",1,0,"H",2.05,3.2,3.4,"1-0","1-0",15,9,15,4,3,0,0,0,7,4,21,5,1,11,26,"7-4","N","N","N",3,0,1,30,0,30,330,11,330
"1855","I2",2025-09-14,"Sudtirol","Palermo",0,2,"A",0,1,"A",3.4,3.2,2.05,"0-1","0-2",16,2,12,4,2,3,0,0,7,3,18,19,2,10,37,"7-3","Y","N","N",5,0,2,50,600,100,500,20,1000
"1856","I2",2025-09-14,"Empoli","Spezia",1,1,"D",0,1,"A",2.25,3,3.1,"0-1","1-1",12,4,13,6,3,2,0,0,2,7,21,20,2,9,41,"2-7","Y","N","N",5,0,2,50,600,100,450,18,900
"1857","I2",2025-09-19,"Frosinone","Sudtirol",2,2,"D",2,0,"H",2.1,3.1,3.4,"2-0","2-2",21,5,14,5,2,2,0,0,5,4,18,18,4,9,36,"5-4","Y","Y","Y",4,0,4,40,400,160,360,36,1440
"1858","I2",2025-09-19,"Palermo","Bari",2,0,"H",0,0,"D",1.62,3.6,5,"0-0","2-0",24,9,8,0,0,3,0,0,6,1,7,15,2,7,22,"6-1","Y","N","N",3,0,2,30,0,60,210,14,420
"1859","I2",2025-09-20,"Reggiana","Catanzaro",2,2,"D",1,1,"D",2.3,3.1,3,"1-1","2-2",12,4,18,4,1,2,0,0,3,3,14,9,4,6,23,"3-3","Y","Y","Y",3,0,4,30,200,120,180,24,720
"1860","I2",2025-09-20,"Spezia","Juve Stabia",1,3,"A",0,2,"A",1.9,3.1,4.1,"0-2","1-3",8,4,11,5,0,3,0,0,6,3,13,25,4,9,38,"6-3","Y","Y","Y",3,0,4,30,0,120,270,36,1080
"1861","I2",2025-09-20,"Venezia","Cesena",1,2,"A",0,0,"D",1.91,3.25,3.8,"0-0","1-2",17,3,13,6,3,2,1,0,2,3,17,11,3,5,28,"2-3","Y","Y","N",5,1,3,75,1100,225,375,15,1125
"1862","I2",2025-09-20,"Monza","Sampdoria",1,0,"H",0,0,"D",1.8,3.3,4.2,"0-0","1-0",7,2,11,3,1,2,1,1,2,1,14,14,1,3,28,"2-1","N","N","N",3,2,1,80,1575,80,240,3,240
"1863","I2",2025-09-20,"Mantova","Modena",1,3,"A",1,2,"A",2.75,3.2,2.4,"1-2","1-3",12,5,22,5,3,3,0,0,4,10,11,16,4,14,27,"4-10","Y","Y","Y",6,0,4,60,900,240,840,56,3360
"1864","I2",2025-09-21,"Carrarese","Avellino",3,4,"A",2,2,"D",2.1,3.1,3.4,"2-2","3-4",20,6,5,3,1,5,0,1,9,2,19,14,7,11,33,"9-2","Y","Y","Y",6,1,7,85,750,595,935,77,6545
"1865","I2",2025-09-21,"Pescara","Empoli",4,0,"H",0,0,"D",3.2,3.1,2.15,"0-0","4-0",18,10,8,4,1,2,0,0,6,5,14,20,4,11,34,"6-5","Y","Y","Y",3,0,4,30,200,120,330,44,1320
"1866","I2",2025-09-21,"Padova","Virtus Entella",2,1,"H",0,1,"A",2.38,3,2.9,"0-1","2-1",10,5,11,3,0,5,0,1,5,8,16,19,3,13,35,"5-8","Y","Y","N",5,1,3,75,0,225,975,39,2925
"1867","I2",2025-09-26,"Catanzaro","Juve Stabia",2,2,"D",0,2,"A",2.7,3,2.55,"0-2","2-2",19,4,4,2,2,6,0,2,7,0,12,17,4,7,29,"7-0","Y","Y","Y",8,2,4,130,2200,520,910,28,3640
"1868","I2",2025-09-27,"Avellino","Virtus Entella",2,0,"H",1,0,"H",2.55,3,2.7,"1-0","2-0",12,5,10,2,1,2,0,0,3,8,8,18,2,11,26,"3-8","Y","N","N",3,0,2,30,200,60,330,22,660
"1869","I2",2025-09-27,"Cesena","Palermo",1,1,"D",1,0,"H",2.63,3.1,2.55,"1-0","1-1",13,2,10,2,2,1,0,0,2,1,14,14,2,3,28,"2-1","Y","N","N",3,0,2,30,200,60,90,6,180
"1870","I2",2025-09-27,"Mantova","Frosinone",1,5,"A",0,4,"A",2.45,3.25,2.63,"0-4","1-5",28,9,22,9,2,4,0,0,6,4,16,22,6,10,38,"6-4","Y","Y","Y",6,0,6,60,800,360,600,60,3600
"1871","I2",2025-09-27,"Sudtirol","Reggiana",3,1,"H",2,0,"H",2.1,3.13,3.3,"2-0","3-1",29,9,12,2,1,0,0,0,10,4,14,10,4,14,24,"10-4","Y","Y","Y",1,0,4,10,0,40,140,56,560
"1872","I2",2025-09-27,"Venezia","Spezia",2,0,"H",1,0,"H",2.1,3.2,3.25,"1-0","2-0",11,3,5,2,1,2,0,1,7,2,19,20,2,9,39,"7-2","Y","N","N",3,1,2,55,450,110,495,18,990
"1873","I2",2025-09-27,"Monza","Padova",0,1,"A",0,0,"D",1.7,3.4,4.8,"0-0","0-1",13,4,13,4,1,2,0,0,7,3,10,12,1,10,22,"7-3","N","N","N",3,0,1,30,200,30,300,10,300
"1874","I2",2025-09-27,"Bari","Sampdoria",1,1,"D",1,1,"D",2.2,3.1,3.13,"1-1","1-1",13,3,14,3,3,4,0,0,3,2,18,15,2,5,33,"3-2","Y","N","N",7,0,2,70,1200,140,350,10,700
"1875","I2",2025-09-28,"Modena","Pescara",2,1,"H",0,1,"A",1.57,3.7,5.25,"0-1","2-1",15,3,6,2,3,3,0,0,4,0,15,15,3,4,30,"4-0","Y","Y","N",6,0,3,60,900,180,240,12,720
"1876","I2",2025-09-28,"Empoli","Carrarese",2,2,"D",1,1,"D",2.1,3.1,3.4,"1-1","2-2",13,4,9,5,2,3,0,0,2,3,20,15,4,5,35,"2-3","Y","Y","Y",5,0,4,50,600,200,250,20,1000
"1877","I2",2025-09-30,"Frosinone","Cesena",3,1,"H",0,0,"D",2.5,3.13,2.7,"0-0","3-1",17,7,11,2,1,1,1,0,7,3,13,20,4,10,33,"7-3","Y","Y","Y",2,1,4,45,350,180,450,40,1800
"1878","I2",2025-09-30,"Juve Stabia","Mantova",2,1,"H",2,0,"H",1.6,3.6,5.25,"2-0","2-1",10,4,15,6,2,3,0,0,4,4,20,16,3,8,36,"4-4","Y","Y","N",5,0,3,50,600,150,400,24,1200
"1879","I2",2025-09-30,"Padova","Avellino",2,2,"D",2,2,"D",2.15,3,3.4,"2-2","2-2",11,3,12,5,2,1,0,0,4,1,14,13,4,5,27,"4-1","Y","Y","Y",3,0,4,30,200,120,150,20,600
"1880","I2",2025-09-30,"Palermo","Venezia",0,0,"D",0,0,"D",2.05,3.3,3.3,"0-0","0-0",3,1,11,3,5,2,1,0,4,3,20,14,0,7,34,"4-3","N","N","N",7,1,0,95,1500,0,665,0,0
"1881","I2",2025-09-30,"Reggiana","Spezia",1,1,"D",0,1,"A",4,3.13,1.91,"0-1","1-1",14,4,3,2,5,1,0,1,2,5,16,9,2,7,25,"2-5","Y","N","N",6,1,2,85,1750,170,595,14,1190
"1882","I2",2025-09-30,"Virtus Entella","Bari",2,2,"D",0,1,"A",2.2,3,3.3,"0-1","2-2",18,4,9,4,6,1,0,0,4,2,22,11,4,6,33,"4-2","Y","Y","Y",7,0,4,70,600,280,420,24,1680
"1883","I2",2025-10-01,"Carrarese","Modena",0,0,"D",0,0,"D",2.8,3,2.5,"0-0","0-0",14,3,10,0,3,4,0,0,4,6,14,21,0,10,35,"4-6","N","N","N",7,0,0,70,1200,0,700,0,0
"1884","I2",2025-10-01,"Empoli","Monza",1,1,"D",0,0,"D",2.75,3,2.5,"0-0","1-1",12,5,16,3,2,2,0,0,4,4,12,15,2,8,27,"4-4","Y","N","N",4,0,2,40,400,80,320,16,640
"1885","I2",2025-10-01,"Pescara","Sudtirol",1,1,"D",0,0,"D",2.75,3.1,2.45,"0-0","1-1",9,2,13,6,2,3,0,0,5,2,10,20,2,7,30,"5-2","Y","N","N",5,0,2,50,600,100,350,14,700
"1886","I2",2025-10-01,"Sampdoria","Catanzaro",0,0,"D",0,0,"D",2.15,3.1,3.3,"0-0","0-0",11,3,16,7,0,1,0,0,3,5,16,12,0,8,28,"3-5","N","N","N",1,0,0,10,0,0,80,0,0
"1887","I2",2025-10-04,"Avellino","Mantova",0,0,"D",0,0,"D",1.95,3.3,3.6,"0-0","0-0",12,6,19,11,2,3,0,0,8,7,13,13,0,15,26,"8-7","N","N","N",5,0,0,50,600,0,750,0,0
"1888","I2",2025-10-04,"Bari","Padova",2,1,"H",0,0,"D",2.15,3.1,3.3,"0-0","2-1",15,5,17,7,2,0,0,1,7,7,11,16,3,14,27,"7-7","Y","Y","N",2,1,3,45,500,135,630,42,1890
"1889","I2",2025-10-04,"Monza","Catanzaro",2,1,"H",1,1,"D",1.8,3.25,4.33,"1-1","2-1",13,3,10,4,2,1,0,0,5,3,17,9,3,8,26,"5-3","Y","Y","N",3,0,3,30,200,90,240,24,720
"1890","I2",2025-10-04,"Venezia","Frosinone",3,0,"H",2,0,"H",1.7,3.5,4.5,"2-0","3-0",17,8,17,5,3,4,0,0,3,7,18,29,3,10,47,"3-7","Y","Y","N",7,0,3,70,1200,210,700,30,2100
"1891","I2",2025-10-04,"Spezia","Palermo",1,2,"A",0,1,"A",2.75,2.9,2.6,"0-1","1-2",12,6,10,3,1,3,0,0,5,5,13,17,3,10,30,"5-5","Y","Y","N",4,0,3,40,300,120,400,30,1200
"1892","I2",2025-10-04,"Cesena","Reggiana",1,2,"A",1,2,"A",1.67,3.5,4.8,"1-2","1-2",16,3,6,2,2,3,1,0,4,0,17,12,3,4,29,"4-0","Y","Y","N",5,1,3,75,1350,225,300,12,900
"1893","I2",2025-10-05,"Carrarese","Juve Stabia",3,0,"H",1,0,"H",2.5,3,2.75,"1-0","3-0",10,6,15,2,2,4,0,0,5,3,13,19,3,8,32,"5-3","Y","Y","N",6,0,3,60,800,180,480,24,1440
"1894","I2",2025-10-05,"Sudtirol","Empoli",1,2,"A",1,0,"H",2.3,3.1,3,"1-0","1-2",13,5,21,6,2,2,1,0,2,7,19,14,3,9,33,"2-7","Y","Y","N",4,1,3,65,900,195,585,27,1755
"1895","I2",2025-10-05,"Sampdoria","Pescara",4,1,"H",0,1,"A",1.8,3.2,4.33,"0-1","4-1",28,12,6,1,2,1,0,1,8,1,19,11,5,9,30,"8-1","Y","Y","Y",3,1,5,55,700,275,495,45,2475
"1896","I2",2025-10-05,"Modena","Virtus Entella",2,0,"H",0,0,"D",1.75,3.25,4.6,"0-0","2-0",18,7,15,3,1,0,0,0,5,3,11,17,2,8,28,"5-3","Y","N","N",1,0,2,10,0,20,80,16,160
"1897","I2",2025-10-17,"Virtus Entella","Sampdoria",3,1,"H",2,0,"H",2.55,2.8,2.88,"2-0","3-1",17,6,14,4,3,1,0,0,12,5,16,15,4,17,31,"12-5","Y","Y","Y",4,0,4,40,300,160,680,68,2720
"1898","I2",2025-10-18,"Frosinone","Monza",0,1,"A",0,1,"A",2.55,3.13,2.63,"0-1","0-1",15,2,20,9,1,3,0,0,5,2,11,22,1,7,33,"5-2","N","N","N",4,0,1,40,300,40,280,7,280
"1899","I2",2025-10-18,"Mantova","Sudtirol",1,1,"D",0,1,"A",2.55,3.2,2.55,"0-1","1-1",25,8,7,1,1,3,0,0,5,2,12,19,2,7,31,"5-2","Y","N","N",4,0,2,40,300,80,280,14,560
"1900","I2",2025-10-18,"Pescara","Carrarese",2,2,"D",0,1,"A",3,3.13,2.25,"0-1","2-2",16,8,11,3,2,2,0,0,10,4,11,14,4,14,25,"10-4","Y","Y","Y",4,0,4,40,400,160,560,56,2240
"1901","I2",2025-10-18,"Reggiana","Bari",3,1,"H",1,1,"D",2.63,3.1,2.55,"1-1","3-1",14,8,11,2,3,1,0,1,3,1,13,15,4,4,28,"3-1","Y","Y","Y",4,1,4,65,1050,260,260,16,1040
"1902","I2",2025-10-18,"Juve Stabia","Avellino",2,0,"H",2,0,"H",2,3.1,3.7,"2-0","2-0",11,3,11,2,2,1,0,1,6,3,23,11,2,9,34,"6-3","Y","N","N",3,1,2,55,700,110,495,18,990
"1903","I2",2025-10-18,"Spezia","Cesena",1,2,"A",1,2,"A",2.1,3.1,3.4,"1-2","1-2",13,4,12,5,1,4,0,0,6,4,19,20,3,10,39,"6-4","Y","Y","N",5,0,3,50,400,150,500,30,1500
"1904","I2",2025-10-19,"Palermo","Modena",1,1,"D",1,0,"H",2.05,3.2,3.4,"1-0","1-1",10,2,17,5,1,1,0,0,3,5,17,11,2,8,28,"3-5","Y","N","N",2,0,2,20,100,40,160,16,320
"1905","I2",2025-10-19,"Empoli","Venezia",1,1,"D",1,1,"D",2.7,3.1,2.5,"1-1","1-1",9,7,16,4,3,1,0,0,5,6,16,9,2,11,25,"5-6","Y","N","N",4,0,2,40,300,80,440,22,880
"1906","I2",2025-10-19,"Catanzaro","Padova",0,1,"A",0,1,"A",2.2,3,3.3,"0-1","0-1",19,3,10,5,3,4,0,0,8,4,15,18,1,12,33,"8-4","N","N","N",7,0,1,70,1200,70,840,12,840
"1907","I2",2025-10-24,"Modena","Empoli",2,1,"H",1,1,"D",1.7,3.4,4.75,"1-1","2-1",11,4,6,1,3,3,0,0,6,5,18,16,3,11,34,"6-5","Y","Y","N",6,0,3,60,900,180,660,33,1980
"1908","I2",2025-10-25,"Avellino","Spezia",0,4,"A",0,0,"D",2.7,2.9,2.6,"0-0","0-4",7,3,23,7,2,1,1,0,7,6,12,18,4,13,30,"7-6","Y","Y","Y",3,1,4,55,450,220,715,52,2860
"1909","I2",2025-10-25,"Monza","Reggiana",3,1,"H",3,1,"H",1.5,3.8,6,"3-1","3-1",18,9,3,2,2,3,0,0,7,2,15,13,4,9,28,"7-2","Y","Y","Y",5,0,4,50,600,200,450,36,1800
"1910","I2",2025-10-25,"Sampdoria","Frosinone",1,1,"D",0,1,"A",2.2,3.1,3.1,"0-1","1-1",13,3,16,5,0,3,0,0,5,8,11,19,2,13,30,"5-8","Y","N","N",3,0,2,30,0,60,390,26,780
"1911","I2",2025-10-25,"Sudtirol","Cesena",0,1,"A",0,1,"A",2.7,3.1,2.45,"0-1","0-1",14,2,5,1,2,2,0,0,8,4,16,18,1,12,34,"8-4","N","N","N",4,0,1,40,400,40,480,12,480
"1912","I2",2025-10-25,"Virtus Entella","Pescara",1,1,"D",0,0,"D",1.8,3.3,4.2,"0-0","1-1",21,3,11,3,2,1,0,0,11,5,12,8,2,16,20,"11-5","Y","N","N",3,0,2,30,200,60,480,32,960
"1913","I2",2025-10-25,"Carrarese","Venezia",3,2,"H",1,1,"D",2.88,3.13,2.38,"1-1","3-2",14,5,25,8,5,4,0,0,6,4,14,14,5,10,28,"6-4","Y","Y","Y",9,0,5,90,2000,450,900,50,4500
"1914","I2",2025-10-25,"Catanzaro","Palermo",1,0,"H",1,0,"H",3.25,3.13,2.15,"1-0","1-0",10,3,14,5,3,3,0,0,2,8,8,25,1,10,33,"2-8","N","N","N",6,0,1,60,900,60,600,10,600
"1915","I2",2025-10-26,"Padova","Juve Stabia",2,2,"D",1,1,"D",2.55,2.9,2.8,"1-1","2-2",10,3,17,6,2,2,0,0,2,3,9,18,4,5,27,"2-3","Y","Y","Y",4,0,4,40,400,160,200,20,800
"1916","I2",2025-10-26,"Bari","Mantova",1,0,"H",0,0,"D",2,3.4,3.4,"0-0","1-0",6,4,14,3,2,5,0,0,3,2,24,16,1,5,40,"3-2","N","N","N",7,0,1,70,1000,70,350,5,350
"1917","I2",2025-10-28,"Cesena","Carrarese",2,1,"H",1,0,"H",1.95,3.25,3.6,"1-0","2-1",12,3,9,3,1,1,0,0,5,4,13,8,3,9,21,"5-4","Y","Y","N",2,0,3,20,100,60,180,27,540
"1918","I2",2025-10-28,"Empoli","Sampdoria",1,1,"D",0,0,"D",2.3,3,3.1,"0-0","1-1",7,1,14,2,3,1,1,1,4,5,10,11,2,9,21,"4-5","Y","N","N",4,2,2,90,1925,180,810,18,1620
"1919","I2",2025-10-28,"Frosinone","Virtus Entella",4,0,"H",1,0,"H",2.15,3.1,3.2,"1-0","4-0",21,9,11,1,1,0,0,0,10,3,13,15,4,13,28,"10-3","Y","Y","Y",1,0,4,10,0,40,130,52,520
"1920","I2",2025-10-28,"Palermo","Monza",0,3,"A",0,1,"A",2.25,3,3.2,"0-1","0-3",17,2,12,5,1,4,0,0,6,6,5,19,3,12,24,"6-6","Y","Y","N",5,0,3,50,400,150,600,36,1800
"1921","I2",2025-10-28,"Pescara","Avellino",1,1,"D",1,1,"D",2.88,3.1,2.38,"1-1","1-1",28,7,20,5,1,3,0,0,5,8,15,13,2,13,28,"5-8","Y","N","N",4,0,2,40,300,80,520,26,1040
"1922","I2",2025-10-28,"Reggiana","Modena",1,0,"H",1,0,"H",4.1,3.2,1.85,"1-0","1-0",8,2,22,1,2,3,0,0,1,9,16,19,1,10,35,"1-9","N","N","N",5,0,1,50,600,50,500,10,500
"1923","I2",2025-10-29,"Mantova","Catanzaro",1,3,"A",1,0,"H",2.5,3.2,2.63,"1-0","1-3",16,5,19,7,1,2,0,0,9,5,14,18,4,14,32,"9-5","Y","Y","Y",3,0,4,30,200,120,420,56,1680
"1924","I2",2025-10-29,"Spezia","Padova",1,1,"D",1,0,"H",1.83,3.2,4.2,"1-0","1-1",9,5,4,2,1,6,0,0,3,3,17,16,2,6,33,"3-3","Y","N","N",7,0,2,70,600,140,420,12,840
"1925","I2",2025-10-29,"Venezia","Sudtirol",3,0,"H",2,0,"H",1.7,3.6,4.4,"2-0","3-0",17,4,4,2,1,2,0,0,1,4,9,18,3,5,27,"1-4","Y","Y","N",3,0,3,30,200,90,150,15,450
"1926","I2",2025-11-01,"Avellino","Reggiana",4,3,"H",1,1,"D",1.85,3.25,4.1,"1-1","4-3",13,5,15,4,4,3,0,0,4,4,15,21,7,8,36,"4-4","Y","Y","Y",7,0,7,70,1200,490,560,56,3920
"1927","I2",2025-11-01,"Carrarese","Frosinone",0,2,"A",0,1,"A",2.4,3.25,2.7,"0-1","0-2",16,4,15,4,5,3,0,1,5,2,16,17,2,7,33,"5-2","Y","N","N",8,1,2,105,2750,210,735,14,1470
"1928","I2",2025-11-01,"Padova","Sudtirol",1,1,"D",0,1,"A",2.3,3.1,3,"0-1","1-1",11,2,14,5,4,3,0,0,1,8,12,18,2,9,30,"1-8","Y","N","N",7,0,2,70,1200,140,630,18,1260
"1929","I2",2025-11-01,"Virtus Entella","Empoli",1,0,"H",0,0,"D",2.3,3,3,"0-0","1-0",22,7,5,2,2,2,0,0,11,2,11,14,1,13,25,"11-2","N","N","N",4,0,1,40,400,40,520,13,520
"1930","I2",2025-11-01,"Palermo","Pescara",5,0,"H",1,0,"H",1.4,4.33,6.5,"1-0","5-0",17,10,10,3,3,2,0,0,6,5,12,9,5,11,21,"6-5","Y","Y","Y",5,0,5,50,600,250,550,55,2750
"1931","I2",2025-11-02,"Bari","Cesena",1,0,"H",0,0,"D",NA,NA,NA,"0-0","1-0",9,3,9,3,1,1,0,0,3,4,8,15,1,7,23,"3-4","N","N","N",2,0,1,20,100,20,140,7,140
"1932","I2",2025-11-02,"Catanzaro","Venezia",2,1,"H",0,0,"D",NA,NA,NA,"0-0","2-1",7,5,21,2,1,4,0,0,2,5,13,17,3,7,30,"2-5","Y","Y","N",5,0,3,50,400,150,350,21,1050
"1933","I2",2025-11-02,"Modena","Juve Stabia",3,0,"H",1,0,"H",NA,NA,NA,"1-0","3-0",9,6,7,4,1,3,0,0,3,7,11,20,3,10,31,"3-7","Y","Y","N",4,0,3,40,300,120,400,30,1200
"1934","I2",2025-11-02,"Monza","Spezia",1,0,"H",0,0,"D",NA,NA,NA,"0-0","1-0",16,4,4,0,3,2,1,0,8,1,18,18,1,9,36,"8-1","N","N","N",5,1,1,75,1100,75,675,9,675
"1935","I2",2025-11-02,"Sampdoria","Mantova",0,1,"A",0,0,"D",NA,NA,NA,"0-0","0-1",14,2,8,2,2,0,0,0,11,6,18,12,1,17,30,"11-6","N","N","N",2,0,1,20,0,20,340,17,340
"1936","I2",2025-11-07,"Spezia","Bari",1,1,"D",1,1,"D",1.9,3.1,4.1,"1-1","1-1",10,5,19,1,4,2,1,0,4,12,15,11,2,16,26,"4-12","Y","N","N",6,1,2,85,1300,170,1360,32,2720
"1937","I2",2025-11-08,"Empoli","Catanzaro",1,0,"H",0,0,"D",2.2,3.1,3.1,"0-0","1-0",11,3,6,1,5,4,1,0,2,4,21,11,1,6,32,"2-4","N","N","N",9,1,1,115,3000,115,690,6,690
"1938","I2",2025-11-08,"Frosinone","Modena",2,2,"D",1,0,"H",2.7,3.1,2.5,"1-0","2-2",8,4,21,6,3,1,0,0,5,8,13,14,4,13,27,"5-8","Y","Y","Y",4,0,4,40,300,160,520,52,2080
"1939","I2",2025-11-08,"Mantova","Padova",1,0,"H",0,0,"D",2.15,3.2,3.1,"0-0","1-0",16,4,7,1,2,3,0,0,6,2,8,17,1,8,25,"6-2","N","N","N",5,0,1,50,600,50,400,8,400
"1940","I2",2025-11-08,"Reggiana","Virtus Entella",0,0,"D",0,0,"D",2.55,3,2.7,"0-0","0-0",7,2,17,3,2,1,0,0,4,13,15,15,0,17,30,"4-13","N","N","N",3,0,0,30,200,0,510,0,0
"1941","I2",2025-11-08,"Sudtirol","Carrarese",1,1,"D",0,0,"D",2.25,3.13,3,"0-0","1-1",7,2,24,7,0,2,1,0,1,10,5,13,2,11,18,"1-10","Y","N","N",2,1,2,45,500,90,495,22,990
"1942","I2",2025-11-08,"Juve Stabia","Palermo",1,0,"H",1,0,"H",3,3.1,2.3,"1-0","1-0",14,4,9,1,1,7,0,1,6,4,18,27,1,10,45,"6-4","N","N","N",8,1,1,105,950,105,1050,10,1050
"1943","I2",2025-11-08,"Venezia","Sampdoria",3,1,"H",2,0,"H",1.67,3.5,4.8,"2-0","3-1",18,7,8,4,1,5,0,0,3,6,12,17,4,9,29,"3-6","Y","Y","Y",6,0,4,60,500,240,540,36,2160
"1944","I2",2025-11-09,"Cesena","Avellino",3,0,"H",2,0,"H",1.75,3.3,4.5,"2-0","3-0",11,3,13,3,4,4,0,0,5,4,16,10,3,9,26,"5-4","Y","Y","N",8,0,3,80,1600,240,720,27,2160
"1945","I2",2025-11-09,"Pescara","Monza",0,2,"A",0,1,"A",4.8,3.4,1.7,"0-1","0-2",7,1,19,5,1,1,0,0,2,7,14,10,2,9,24,"2-7","Y","N","N",2,0,2,20,100,40,180,18,360
"1946","I2",2025-11-21,"Catanzaro","Pescara",3,3,"D",1,2,"A",1.67,3.5,4.8,"1-2","3-3",19,8,8,4,5,3,0,0,7,4,13,22,6,11,35,"7-4","Y","Y","Y",8,0,6,80,1500,480,880,66,5280
"1947","I2",2025-11-22,"Avellino","Empoli",0,3,"A",0,2,"A",2.2,3.1,3.13,"0-2","0-3",9,3,13,4,2,3,0,0,6,4,8,19,3,10,27,"6-4","Y","Y","N",5,0,3,50,600,150,500,30,1500
"1948","I2",2025-11-22,"Carrarese","Reggiana",0,0,"D",0,0,"D",1.83,3.3,4,"0-0","0-0",11,1,16,5,1,5,0,0,5,5,11,21,0,10,32,"5-5","N","N","N",6,0,0,60,500,0,600,0,0
"1949","I2",2025-11-22,"Virtus Entella","Palermo",1,1,"D",1,0,"H",2.75,3.1,2.45,"1-0","1-1",18,2,17,2,1,1,0,0,7,7,15,9,2,14,24,"7-7","Y","N","N",2,0,2,20,100,40,280,28,560
"1950","I2",2025-11-22,"Padova","Venezia",0,2,"A",0,1,"A",4.2,3.3,1.8,"0-1","0-2",12,7,16,7,4,3,0,0,8,6,15,16,2,14,31,"8-6","Y","N","N",7,0,2,70,1200,140,980,28,1960
"1951","I2",2025-11-22,"Bari","Frosinone",2,3,"A",2,3,"A",2.63,3.2,2.5,"2-3","2-3",10,4,28,8,2,3,0,0,4,9,13,19,5,13,32,"4-9","Y","Y","Y",5,0,5,50,600,250,650,65,3250
"1952","I2",2025-11-23,"Mantova","Spezia",4,1,"H",1,1,"D",2.63,3.1,2.55,"1-1","4-1",23,11,9,5,2,5,0,1,8,2,13,16,5,10,29,"8-2","Y","Y","Y",7,1,5,95,1500,475,950,50,4750
"1953","I2",2025-11-23,"Modena","Sudtirol",0,0,"D",0,0,"D",1.65,3.5,5,"0-0","0-0",23,5,7,3,0,0,0,0,5,3,13,24,0,8,37,"5-3","N","N","N",0,0,0,0,0,0,0,0,0
"1954","I2",2025-11-23,"Monza","Cesena",1,0,"H",1,0,"H",1.75,3.3,4.6,"1-0","1-0",14,1,15,4,1,0,0,0,6,7,3,9,1,13,12,"6-7","N","N","N",1,0,1,10,0,10,130,13,130
"1955","I2",2025-11-24,"Sampdoria","Juve Stabia",1,0,"H",0,0,"D",2.55,2.9,2.75,"0-0","1-0",16,2,10,3,1,5,0,1,4,4,14,18,1,8,32,"4-4","N","N","N",6,1,1,85,750,85,680,8,680
"2485","SC0",2025-08-02,"Kilmarnock","Livingston",2,2,"D",2,0,"H",1.95,3.4,3.5,"2-0","2-2",8,2,15,6,2,2,1,0,3,5,11,14,4,8,25,"3-5","Y","Y","Y",4,1,4,65,900,260,520,32,2080
"2486","SC0",2025-08-02,"Motherwell","Rangers",1,1,"D",0,1,"A",7,4.8,1.36,"0-1","1-1",17,5,15,5,1,4,0,0,1,12,11,13,2,13,24,"1-12","Y","N","N",5,0,2,50,400,100,650,26,1300
"2487","SC0",2025-08-03,"Falkirk","Dundee United",2,2,"D",0,1,"A",1.85,3.5,3.8,"0-1","2-2",14,4,11,5,1,5,0,0,2,4,9,13,4,6,22,"2-4","Y","Y","Y",6,0,4,60,500,240,360,24,1440
"2488","SC0",2025-08-03,"Dundee","Hibernian",1,2,"A",1,2,"A",3.8,3.7,1.8,"1-2","1-2",2,1,15,5,3,1,0,0,3,11,6,8,3,14,14,"3-11","Y","Y","N",4,0,3,40,300,120,560,42,1680
"2489","SC0",2025-08-03,"Celtic","St Mirren",1,0,"H",0,0,"D",1.13,7,15,"0-0","1-0",14,6,4,2,2,1,0,0,12,1,10,6,1,13,16,"12-1","N","N","N",3,0,1,30,200,30,390,13,390
"2490","SC0",2025-08-04,"Hearts","Aberdeen",2,0,"H",1,0,"H",2.05,3.5,3.2,"1-0","2-0",13,3,11,1,3,2,0,0,3,3,19,18,2,6,37,"3-3","Y","N","N",5,0,2,50,600,100,300,12,600
"2491","SC0",2025-08-09,"Livingston","Falkirk",3,1,"H",2,0,"H",2.6,3.2,2.55,"2-0","3-1",8,5,8,3,4,2,0,0,4,5,23,15,4,9,38,"4-5","Y","Y","Y",6,0,4,60,800,240,540,36,2160
"2492","SC0",2025-08-09,"St Mirren","Motherwell",0,0,"D",0,0,"D",1.95,3.3,3.6,"0-0","0-0",9,4,7,3,5,1,0,0,7,4,16,4,0,11,20,"7-4","N","N","N",6,0,0,60,500,0,660,0,0
"2493","SC0",2025-08-09,"Rangers","Dundee",1,1,"D",0,0,"D",1.12,7.5,17,"0-0","1-1",20,5,7,2,2,1,1,0,7,4,13,4,2,11,17,"7-4","Y","N","N",3,1,2,55,450,110,605,22,1210
"2494","SC0",2025-08-10,"Aberdeen","Celtic",0,2,"A",0,1,"A",6.5,4.8,1.36,"0-1","0-2",6,2,13,4,2,3,0,0,1,6,15,11,2,7,26,"1-6","Y","N","N",5,0,2,50,600,100,350,14,700
"2495","SC0",2025-08-10,"Dundee United","Hearts",2,3,"A",2,1,"H",3.6,3.5,1.9,"2-1","2-3",13,5,16,8,3,4,0,0,2,9,14,11,5,11,25,"2-9","Y","Y","Y",7,0,5,70,1200,350,770,55,3850
"2496","SC0",2025-08-10,"Hibernian","Kilmarnock",2,2,"D",2,1,"H",1.65,3.75,4.6,"2-1","2-2",12,6,10,2,1,2,0,0,4,7,10,15,4,11,25,"4-7","Y","Y","Y",3,0,4,30,200,120,330,44,1320
"2497","SC0",2025-08-23,"Celtic","Livingston",3,0,"H",0,0,"D",1.11,8,15,"0-0","3-0",19,9,6,2,0,1,0,0,10,4,12,8,3,14,20,"10-4","Y","Y","N",1,0,3,10,0,30,140,42,420
"2498","SC0",2025-08-23,"Hearts","Motherwell",3,3,"D",0,1,"A",1.57,3.8,5.25,"0-1","3-3",19,9,9,3,3,2,0,0,9,3,14,19,6,12,33,"9-3","Y","Y","Y",5,0,6,50,600,300,600,72,3600
"2499","SC0",2025-08-23,"Kilmarnock","Dundee",0,0,"D",0,0,"D",1.85,3.4,3.9,"0-0","0-0",12,5,6,1,3,3,0,0,7,3,17,13,0,10,30,"7-3","N","N","N",6,0,0,60,900,0,600,0,0
"2500","SC0",2025-08-24,"St Mirren","Rangers",1,1,"D",1,0,"H",4.1,3.8,1.7,"1-0","1-1",13,4,13,6,3,3,0,0,6,6,17,8,2,12,25,"6-6","Y","N","N",6,0,2,60,900,120,720,24,1440
"2501","SC0",2025-08-30,"Livingston","Hearts",1,2,"A",1,0,"H",3.25,3.4,2.05,"1-0","1-2",6,2,14,3,7,2,0,0,5,9,16,16,3,14,32,"5-9","Y","Y","N",9,0,3,90,1400,270,1260,42,3780
"2502","SC0",2025-08-30,"Motherwell","Kilmarnock",2,2,"D",1,1,"D",2.05,3.3,3.3,"1-1","2-2",15,4,7,5,2,5,0,0,9,0,17,18,4,9,35,"9-0","Y","Y","Y",7,0,4,70,1000,280,630,36,2520
"2503","SC0",2025-08-31,"Rangers","Celtic",0,0,"D",0,0,"D",3.3,3.8,1.9,"0-0","0-0",4,0,5,2,3,0,0,0,8,1,17,17,0,9,34,"8-1","N","N","N",3,0,0,30,0,0,270,0,0
"2504","SC0",2025-08-31,"Dundee","Dundee United",0,2,"A",0,1,"A",2.55,3.25,2.55,"0-1","0-2",5,1,10,5,0,1,0,0,3,2,8,10,2,5,18,"3-2","Y","N","N",1,0,2,10,0,20,50,10,100
"2505","SC0",2025-08-31,"Aberdeen","Falkirk",0,1,"A",0,0,"D",1.95,3.5,3.4,"0-0","0-1",12,4,19,9,3,5,1,0,5,6,16,13,1,11,29,"5-6","N","N","N",8,1,1,105,2750,105,1155,11,1155
"2506","SC0",2025-08-31,"Hibernian","St Mirren",1,1,"D",0,0,"D",1.9,3.4,3.7,"0-0","1-1",17,5,10,4,1,1,0,0,10,7,7,7,2,17,14,"10-7","Y","N","N",2,0,2,20,100,40,340,34,680
"2507","SC0",2025-09-13,"Aberdeen","Livingston",0,0,"D",0,0,"D",1.95,3.4,3.5,"0-0","0-0",16,2,6,2,4,3,0,0,6,6,14,17,0,12,31,"6-6","N","N","N",7,0,0,70,1200,0,840,0,0
"2508","SC0",2025-09-13,"Dundee","Motherwell",1,1,"D",0,1,"A",3.7,3.3,1.93,"0-1","1-1",7,4,16,4,1,1,1,0,2,6,7,12,2,8,19,"2-6","Y","N","N",2,1,2,45,350,90,360,16,720
"2509","SC0",2025-09-13,"Falkirk","St Mirren",1,2,"A",0,0,"D",2.15,3.3,3.13,"0-0","1-2",10,2,13,5,1,2,0,0,4,2,6,13,3,6,19,"4-2","Y","Y","N",3,0,3,30,200,90,180,18,540
"2510","SC0",2025-09-13,"Rangers","Hearts",0,2,"A",0,1,"A",1.7,3.9,4.1,"0-1","0-2",14,5,12,5,2,1,0,0,9,2,13,9,2,11,22,"9-2","Y","N","N",3,0,2,30,200,60,330,22,660
"2511","SC0",2025-09-13,"Hibernian","Dundee United",3,3,"D",1,2,"A",1.62,3.75,4.75,"1-2","3-3",27,12,13,9,2,4,0,1,6,4,11,20,6,10,31,"6-4","Y","Y","Y",6,1,6,85,1300,510,850,60,5100
"2512","SC0",2025-09-14,"Kilmarnock","Celtic",1,2,"A",0,0,"D",10,5.75,1.22,"0-0","1-2",12,2,21,6,2,3,0,0,6,7,10,10,3,13,20,"6-7","Y","Y","N",5,0,3,50,600,150,650,39,1950
"2513","SC0",2025-09-20,"Dundee","Livingston",3,2,"H",1,0,"H",2.7,3.2,2.45,"1-0","3-2",11,4,10,6,1,3,0,0,8,3,10,12,5,11,22,"8-3","Y","Y","Y",4,0,5,40,300,200,440,55,2200
"2514","SC0",2025-09-23,"Dundee United","Aberdeen",2,0,"H",1,0,"H",2.8,3.3,2.45,"1-0","2-0",15,5,16,2,2,1,0,0,11,3,11,11,2,14,22,"11-3","Y","N","N",3,0,2,30,200,60,420,28,840
"2515","SC0",2025-09-23,"Falkirk","Hibernian",2,2,"D",1,2,"A",2.8,3.5,2.38,"1-2","2-2",7,6,16,8,2,0,0,0,5,5,11,13,4,10,24,"5-5","Y","Y","Y",2,0,4,20,0,80,200,40,800
"2516","SC0",2025-09-27,"Celtic","Hibernian",0,0,"D",0,0,"D",1.25,5.5,9.5,"0-0","0-0",26,6,4,1,2,1,0,0,7,2,16,1,0,9,17,"7-2","N","N","N",3,0,0,30,200,0,270,0,0
"2517","SC0",2025-09-27,"Dundee United","Kilmarnock",0,2,"A",0,1,"A",2.1,3.25,3.25,"0-1","0-2",18,7,17,7,4,2,0,0,9,6,8,12,2,15,20,"9-6","Y","N","N",6,0,2,60,800,120,900,30,1800
"2518","SC0",2025-09-27,"Hearts","Falkirk",3,0,"H",2,0,"H",1.55,3.9,5.25,"2-0","3-0",20,10,10,3,0,1,0,0,9,5,7,11,3,14,18,"9-5","Y","Y","N",1,0,3,10,0,30,140,42,420
"2519","SC0",2025-09-27,"St Mirren","Dundee",1,0,"H",1,0,"H",1.55,3.8,5.5,"1-0","1-0",10,4,11,4,3,2,0,0,5,5,12,7,1,10,19,"5-5","N","N","N",5,0,1,50,600,50,500,10,500
"2520","SC0",2025-09-27,"Motherwell","Aberdeen",2,0,"H",0,0,"D",2.1,3.3,3.2,"0-0","2-0",10,3,10,4,0,3,0,0,3,4,10,18,2,7,28,"3-4","Y","N","N",3,0,2,30,0,60,210,14,420
"2521","SC0",2025-09-28,"Livingston","Rangers",1,2,"A",0,1,"A",4.5,3.8,1.65,"0-1","1-2",9,3,15,7,4,1,0,0,4,8,18,11,3,12,29,"4-8","Y","Y","N",5,0,3,50,400,150,600,36,1800
"2522","SC0",2025-10-04,"Dundee United","Livingston",1,1,"D",0,1,"A",1.91,3.5,3.6,"0-1","1-1",19,6,7,4,1,1,0,0,4,5,16,11,2,9,27,"4-5","Y","N","N",2,0,2,20,100,40,180,18,360
"2523","SC0",2025-10-04,"Kilmarnock","St Mirren",2,0,"H",2,0,"H",2.7,3.2,2.45,"2-0","2-0",9,5,7,0,1,2,0,0,4,9,8,21,2,13,29,"4-9","Y","N","N",3,0,2,30,200,60,390,26,780
"2524","SC0",2025-10-04,"Hearts","Hibernian",1,0,"H",0,0,"D",1.8,3.6,3.9,"0-0","1-0",11,3,5,1,2,1,0,0,4,2,10,10,1,6,20,"4-2","N","N","N",3,0,1,30,200,30,180,6,180
"2525","SC0",2025-10-05,"Aberdeen","Dundee",4,0,"H",3,0,"H",1.7,3.6,4.5,"3-0","4-0",20,9,8,2,1,0,0,0,11,2,16,7,4,13,23,"11-2","Y","Y","Y",1,0,4,10,0,40,130,52,520
"2526","SC0",2025-10-05,"Celtic","Motherwell",3,2,"H",1,1,"D",1.17,6.5,13,"1-1","3-2",16,9,5,3,2,0,0,0,10,0,17,11,5,10,28,"10-0","Y","Y","Y",2,0,5,20,0,100,200,50,1000
"2527","SC0",2025-10-05,"Falkirk","Rangers",1,1,"D",0,1,"A",4.2,3.8,1.7,"0-1","1-1",16,4,11,2,1,4,0,0,7,6,15,16,2,13,31,"7-6","Y","N","N",5,0,2,50,400,100,650,26,1300
"2528","SC0",2025-10-18,"Hibernian","Livingston",4,0,"H",1,0,"H",1.5,4,5.75,"1-0","4-0",23,12,8,2,1,2,0,0,7,10,11,14,4,17,25,"7-10","Y","Y","Y",3,0,4,30,200,120,510,68,2040
"2529","SC0",2025-10-18,"Motherwell","Falkirk",1,2,"A",1,0,"H",1.87,3.6,3.6,"1-0","1-2",15,5,9,5,1,5,0,0,6,4,14,19,3,10,33,"6-4","Y","Y","N",6,0,3,60,500,180,600,30,1800
"2530","SC0",2025-10-18,"Rangers","Dundee United",2,2,"D",1,0,"H",1.36,4.75,7,"1-0","2-2",29,8,10,4,0,4,0,0,7,2,12,14,4,9,26,"7-2","Y","Y","Y",4,0,4,40,0,160,360,36,1440
"2531","SC0",2025-10-18,"St Mirren","Aberdeen",0,1,"A",0,0,"D",2.38,3.2,2.8,"0-0","0-1",9,1,17,4,2,4,0,0,5,2,11,13,1,7,24,"5-2","N","N","N",6,0,1,60,800,60,420,7,420
"2532","SC0",2025-10-18,"Kilmarnock","Hearts",0,3,"A",0,1,"A",4,3.5,1.8,"0-1","0-3",7,2,19,5,2,2,0,0,4,5,16,12,3,9,28,"4-5","Y","Y","N",4,0,3,40,400,120,360,27,1080
"2533","SC0",2025-10-19,"Dundee","Celtic",2,0,"H",2,0,"H",11,6,1.2,"2-0","2-0",10,2,23,3,2,2,0,0,2,12,6,12,2,14,18,"2-12","Y","N","N",4,0,2,40,400,80,560,28,1120
"2534","SC0",2025-10-25,"Dundee United","St Mirren",3,1,"H",1,1,"D",2.25,3.3,2.9,"1-1","3-1",13,5,23,3,1,1,0,1,4,12,7,10,4,16,17,"4-12","Y","Y","Y",2,1,4,45,350,180,720,64,2880
"2535","SC0",2025-10-25,"Falkirk","Dundee",2,1,"H",0,1,"A",1.65,3.75,4.6,"0-1","2-1",12,5,13,3,2,2,0,0,5,3,11,12,3,8,23,"5-3","Y","Y","N",4,0,3,40,400,120,320,24,960
"2536","SC0",2025-10-25,"Livingston","Motherwell",1,2,"A",1,0,"H",3.25,3.4,2.05,"1-0","1-2",11,4,15,2,2,2,0,0,0,3,18,11,3,3,29,"0-3","Y","Y","N",4,0,3,40,400,120,120,9,360
"2537","SC0",2025-10-26,"Hearts","Celtic",3,1,"H",1,1,"D",3.13,3.5,2.05,"1-1","3-1",12,7,8,2,4,1,0,0,5,9,11,10,4,14,21,"5-9","Y","Y","Y",5,0,4,50,400,200,700,56,2800
"2538","SC0",2025-10-26,"Aberdeen","Hibernian",1,2,"A",0,1,"A",2.55,3.3,2.55,"0-1","1-2",16,5,19,6,0,2,0,0,6,3,13,11,3,9,24,"6-3","Y","Y","N",2,0,3,20,0,60,180,27,540
"2539","SC0",2025-10-26,"Rangers","Kilmarnock",3,1,"H",1,1,"D",1.3,5,8.5,"1-1","3-1",13,6,7,3,1,2,0,0,9,2,9,13,4,11,22,"9-2","Y","Y","Y",3,0,4,30,200,120,330,44,1320
"2540","SC0",2025-10-29,"Celtic","Falkirk",4,0,"H",2,0,"H",1.13,7.5,15,"2-0","4-0",26,11,8,4,1,2,0,0,6,3,14,12,4,9,26,"6-3","Y","Y","Y",3,0,4,30,200,120,270,36,1080
"2541","SC0",2025-10-29,"Hibernian","Rangers",0,1,"A",0,1,"A",2.75,3.4,2.3,"0-1","0-1",7,4,7,3,2,3,0,0,5,4,14,16,1,9,30,"5-4","N","N","N",5,0,1,50,600,50,450,9,450
"2542","SC0",2025-10-29,"Kilmarnock","Aberdeen",0,1,"A",0,1,"A",2.63,3.25,2.5,"0-1","0-1",14,4,6,3,4,6,0,0,7,2,12,17,1,9,29,"7-2","N","N","N",10,0,1,100,2400,100,900,9,900
"2543","SC0",2025-10-29,"Motherwell","Dundee United",2,0,"H",1,0,"H",1.95,3.5,3.4,"1-0","2-0",10,5,9,1,1,2,0,0,4,2,9,21,2,6,30,"4-2","Y","N","N",3,0,2,30,200,60,180,12,360
"2544","SC0",2025-10-29,"St Mirren","Hearts",2,2,"D",1,1,"D",4.1,3.4,1.8,"1-1","2-2",12,6,20,8,2,2,0,0,6,7,9,11,4,13,20,"6-7","Y","Y","Y",4,0,4,40,400,160,520,52,2080
"2545","SC0",2025-11-01,"Falkirk","Kilmarnock",3,1,"H",3,0,"H",2,3.5,3.2,"3-0","3-1",12,7,9,5,0,1,0,0,2,6,15,14,4,8,29,"2-6","Y","Y","Y",1,0,4,10,0,40,80,32,320
"2546","SC0",2025-11-01,"Hearts","Dundee",4,0,"H",2,0,"H",1.25,5.25,10,"2-0","4-0",17,10,5,0,0,2,0,0,6,2,8,17,4,8,25,"6-2","Y","Y","Y",2,0,4,20,0,80,160,32,640
"2547","SC0",2025-11-01,"Livingston","Hibernian",2,2,"D",1,1,"D",3.7,3.5,1.87,"1-1","2-2",10,5,7,5,2,1,0,0,6,1,16,13,4,7,29,"6-1","Y","Y","Y",3,0,4,30,200,120,210,28,840
"2548","SC0",2025-11-08,"Falkirk","Livingston",1,1,"D",1,0,"H",1.83,3.6,3.75,"1-0","1-1",12,2,11,5,3,2,0,0,6,1,19,14,2,7,33,"6-1","Y","N","N",5,0,2,50,600,100,350,14,700
"2549","SC0",2025-11-08,"St Mirren","Hibernian",0,3,"A",0,1,"A",2.63,3.3,2.5,"0-1","0-3",9,4,15,5,4,1,0,0,5,6,13,12,3,11,25,"5-6","Y","Y","N",5,0,3,50,400,150,550,33,1650
"2550","SC0",2025-11-09,"Aberdeen","Motherwell",1,1,"D",0,0,"D",2.25,3.4,2.88,"0-0","1-1",6,2,10,3,3,1,0,0,4,6,15,12,2,10,27,"4-6","Y","N","N",4,0,2,40,300,80,400,20,800
"2551","SC0",2025-11-09,"Dundee","Rangers",0,3,"A",0,2,"A",6.5,4.4,1.4,"0-2","0-3",10,5,15,10,0,1,0,0,4,6,11,11,3,10,22,"4-6","Y","Y","N",1,0,3,10,0,30,100,30,300
"2552","SC0",2025-11-09,"Hearts","Dundee United",1,1,"D",1,1,"D",1.36,4.5,7,"1-1","1-1",11,2,7,3,2,4,0,0,4,3,18,15,2,7,33,"4-3","Y","N","N",6,0,2,60,800,120,420,14,840
"2553","SC0",2025-11-09,"Celtic","Kilmarnock",4,0,"H",1,0,"H",1.13,7,15,"1-0","4-0",21,7,3,1,2,2,0,0,8,7,14,4,4,15,18,"8-7","Y","Y","Y",4,0,4,40,400,160,600,60,2400
"2554","SC0",2025-11-22,"Dundee United","Falkirk",0,3,"A",0,2,"A",2.05,3.5,3.2,"0-2","0-3",13,5,16,4,3,3,0,0,5,5,23,9,3,10,32,"5-5","Y","Y","N",6,0,3,60,900,180,600,30,1800
"2555","SC0",2025-11-22,"Hibernian","Dundee",2,0,"H",1,0,"H",1.3,4.8,9,"1-0","2-0",17,5,7,4,2,1,0,0,8,3,9,11,2,11,20,"8-3","Y","N","N",3,0,2,30,200,60,330,22,660
"2556","SC0",2025-11-22,"Kilmarnock","Motherwell",1,3,"A",0,2,"A",2.88,3.3,2.3,"0-2","1-3",18,6,12,5,1,5,0,0,3,3,15,12,4,6,27,"3-3","Y","Y","Y",6,0,4,60,500,240,360,24,1440
"2557","SC0",2025-11-22,"Rangers","Livingston",2,1,"H",1,1,"D",1.22,5.5,11,"1-1","2-1",9,2,9,2,2,4,0,0,2,1,12,16,3,3,28,"2-1","Y","Y","N",6,0,3,60,800,180,180,9,540
"2558","SC0",2025-11-22,"St Mirren","Celtic",0,1,"A",0,0,"D",6.5,4.5,1.4,"0-0","0-1",13,2,16,2,2,1,0,0,2,4,10,8,1,6,18,"2-4","N","N","N",3,0,1,30,200,30,180,6,180
"2559","SC0",2025-11-23,"Aberdeen","Hearts",1,0,"H",1,0,"H",3.9,3.5,1.83,"1-0","1-0",6,2,16,4,3,4,0,0,6,3,20,15,1,9,35,"6-3","N","N","N",7,0,1,70,1200,70,630,9,630
"2560","SC1",2025-08-01,"Arbroath","Ayr",1,1,"D",0,1,"A",4.33,3.6,1.7,"0-1","1-1",11,4,3,1,2,5,0,0,6,2,10,15,2,8,25,"6-2","Y","N","N",7,0,2,70,1000,140,560,16,1120
"2561","SC1",2025-08-02,"Airdrie Utd","Ross County",2,2,"D",0,1,"A",3.3,3.4,2,"0-1","2-2",7,3,11,4,3,2,0,0,4,10,14,11,4,14,25,"4-10","Y","Y","Y",5,0,4,50,600,200,700,56,2800
"2562","SC1",2025-08-02,"Morton","Dunfermline",0,0,"D",0,0,"D",2.75,2.88,2.6,"0-0","0-0",7,1,12,9,3,1,0,0,1,8,19,10,0,9,29,"1-8","N","N","N",4,0,0,40,300,0,360,0,0
"2563","SC1",2025-08-02,"Raith Rvs","Queens Park",1,1,"D",0,1,"A",1.33,4.5,8,"0-1","1-1",12,2,3,3,1,3,0,0,10,2,11,7,2,12,18,"10-2","Y","N","N",4,0,2,40,300,80,480,24,960
"2564","SC1",2025-08-02,"St Johnstone","Partick",5,1,"H",3,1,"H",1.87,3.3,3.9,"3-1","5-1",20,11,3,1,2,2,0,0,7,1,15,14,6,8,29,"7-1","Y","Y","Y",4,0,6,40,400,240,320,48,1920
"2565","SC1",2025-08-08,"Ross County","St Johnstone",0,1,"A",0,0,"D",2.38,3.13,2.8,"0-0","0-1",7,2,18,3,4,3,0,0,2,5,16,19,1,7,35,"2-5","N","N","N",7,0,1,70,1200,70,490,7,490
"2566","SC1",2025-08-09,"Ayr","Raith Rvs",0,1,"A",0,1,"A",2.15,3.13,3.2,"0-1","0-1",8,5,9,5,3,0,0,0,6,5,15,8,1,11,23,"6-5","N","N","N",3,0,1,30,0,30,330,11,330
"2567","SC1",2025-08-09,"Dunfermline","Airdrie Utd",2,0,"H",2,0,"H",1.9,3.25,3.8,"2-0","2-0",8,6,6,2,2,3,0,0,3,4,14,11,2,7,25,"3-4","Y","N","N",5,0,2,50,600,100,350,14,700
"2568","SC1",2025-08-09,"Partick","Morton",1,1,"D",0,1,"A",2,3.13,3.6,"0-1","1-1",8,1,8,4,3,2,0,0,2,6,17,11,2,8,28,"2-6","Y","N","N",5,0,2,50,600,100,400,16,800
"2569","SC1",2025-08-09,"Queens Park","Arbroath",1,3,"A",0,0,"D",2.88,3.3,2.25,"0-0","1-3",15,6,6,4,2,1,0,0,7,3,12,11,4,10,23,"7-3","Y","Y","Y",3,0,4,30,200,120,300,40,1200
"2570","SC1",2025-08-22,"Raith Rvs","Dunfermline",2,0,"H",1,0,"H",1.93,3.2,3.8,"1-0","2-0",9,5,11,3,3,2,0,0,2,3,15,9,2,5,24,"2-3","Y","N","N",5,0,2,50,600,100,250,10,500
"2571","SC1",2025-08-23,"Airdrie Utd","Queens Park",1,1,"D",0,0,"D",1.85,3.5,3.7,"0-0","1-1",5,3,6,3,3,4,0,0,3,7,15,13,2,10,28,"3-7","Y","N","N",7,0,2,70,1200,140,700,20,1400
"2572","SC1",2025-08-23,"Morton","Ayr",2,2,"D",1,0,"H",3.2,3.13,2.15,"1-0","2-2",10,5,15,5,3,1,0,0,1,7,15,13,4,8,28,"1-7","Y","Y","Y",4,0,4,40,300,160,320,32,1280
"2573","SC1",2025-08-23,"Ross County","Partick",1,3,"A",0,1,"A",1.87,3.4,3.75,"0-1","1-3",16,6,19,10,1,2,0,0,10,9,9,5,4,19,14,"10-9","Y","Y","Y",3,0,4,30,200,120,570,76,2280
"2574","SC1",2025-08-23,"St Johnstone","Arbroath",3,0,"H",1,0,"H",1.36,4.4,7.5,"1-0","3-0",19,5,3,1,2,2,0,0,9,3,12,12,3,12,24,"9-3","Y","Y","N",4,0,3,40,400,120,480,36,1440
"2575","SC1",2025-08-30,"Arbroath","Airdrie Utd",1,0,"H",0,0,"D",2.1,3.4,3.1,"0-0","1-0",10,2,3,1,3,2,0,0,4,0,9,19,1,4,28,"4-0","N","N","N",5,0,1,50,600,50,200,4,200
"2576","SC1",2025-08-30,"Ayr","Queens Park",1,1,"D",0,1,"A",1.67,3.7,4.5,"0-1","1-1",14,8,4,3,1,2,0,0,6,2,14,9,2,8,23,"6-2","Y","N","N",3,0,2,30,200,60,240,16,480
"2577","SC1",2025-08-30,"Dunfermline","Ross County",2,2,"D",1,1,"D",2.6,3,2.63,"1-1","2-2",8,4,9,2,3,2,0,0,2,2,14,8,4,4,22,"2-2","Y","Y","Y",5,0,4,50,600,200,200,16,800
"2578","SC1",2025-08-30,"Partick","Raith Rvs",3,2,"H",2,2,"D",2.6,3.1,2.6,"2-2","3-2",10,6,8,2,3,4,0,0,7,2,12,14,5,9,26,"7-2","Y","Y","Y",7,0,5,70,1200,350,630,45,3150
"2579","SC1",2025-08-30,"St Johnstone","Morton",1,1,"D",0,1,"A",1.45,4,6.5,"0-1","1-1",22,4,3,2,1,3,0,0,13,2,9,9,2,15,18,"13-2","Y","N","N",4,0,2,40,300,80,600,30,1200
"2580","SC1",2025-09-06,"Morton","Raith Rvs",0,1,"A",0,0,"D",3.7,3.2,1.95,"0-0","0-1",7,2,9,3,3,5,0,1,4,5,9,11,1,9,20,"4-5","N","N","N",8,1,1,105,2250,105,945,9,945
"2581","SC1",2025-09-06,"Ross County","Arbroath",1,2,"A",0,1,"A",1.6,3.7,5,"0-1","1-2",13,5,10,5,2,4,0,0,15,3,16,10,3,18,26,"15-3","Y","Y","N",6,0,3,60,800,180,1080,54,3240
"2582","SC1",2025-09-12,"Partick","Airdrie Utd",2,1,"H",0,1,"A",1.6,3.8,5,"0-1","2-1",9,4,7,2,2,3,0,0,12,4,4,11,3,16,15,"12-4","Y","Y","N",5,0,3,50,600,150,800,48,2400
"2583","SC1",2025-09-13,"Arbroath","Dunfermline",0,5,"A",0,2,"A",3.2,3.13,2.15,"0-2","0-5",9,1,12,8,4,2,0,0,9,5,8,8,5,14,16,"9-5","Y","Y","Y",6,0,5,60,800,300,840,70,4200
"2584","SC1",2025-09-13,"Ayr","Ross County",1,1,"D",1,0,"H",2.38,3.3,2.7,"1-0","1-1",11,3,8,3,0,3,0,0,8,5,7,8,2,13,15,"8-5","Y","N","N",3,0,2,30,0,60,390,26,780
"2585","SC1",2025-09-13,"Queens Park","Morton",0,0,"D",0,0,"D",2.5,3.2,2.6,"0-0","0-0",7,2,11,3,2,4,0,0,2,8,11,9,0,10,20,"2-8","N","N","N",6,0,0,60,800,0,600,0,0
"2586","SC1",2025-09-13,"Raith Rvs","St Johnstone",0,2,"A",0,1,"A",2.9,3.2,2.3,"0-1","0-2",7,3,11,5,1,0,0,0,6,5,11,12,2,11,23,"6-5","Y","N","N",1,0,2,10,0,20,110,22,220
"2587","SC1",2025-09-19,"St Johnstone","Dunfermline",2,1,"H",0,1,"A",1.62,3.5,5.25,"0-1","2-1",11,7,10,4,1,2,0,0,13,4,13,10,3,17,23,"13-4","Y","Y","N",3,0,3,30,200,90,510,51,1530
"2588","SC1",2025-09-20,"Airdrie Utd","Raith Rvs",0,0,"D",0,0,"D",3.6,3.3,1.95,"0-0","0-0",9,2,9,5,2,1,0,0,5,11,7,10,0,16,17,"5-11","N","N","N",3,0,0,30,200,0,480,0,0
"2589","SC1",2025-09-20,"Arbroath","Morton",1,1,"D",0,0,"D",2.3,3.3,2.8,"0-0","1-1",7,1,8,4,1,0,0,0,6,7,15,16,2,13,31,"6-7","Y","N","N",1,0,2,10,0,20,130,26,260
"2590","SC1",2025-09-20,"Ross County","Queens Park",1,2,"A",1,1,"D",1.5,4.1,5.5,"1-1","1-2",13,2,9,3,2,3,1,0,3,2,8,13,3,5,21,"3-2","Y","Y","N",5,1,3,75,1350,225,375,15,1125
"2591","SC1",2025-09-23,"Airdrie Utd","St Johnstone",1,2,"A",0,2,"A",5.25,3.9,1.55,"0-2","1-2",6,2,17,8,5,1,1,1,5,10,9,9,3,15,18,"5-10","Y","Y","N",6,2,3,110,2625,330,1650,45,4950
"2592","SC1",2025-09-23,"Dunfermline","Ayr",0,1,"A",0,1,"A",2.38,3.1,2.9,"0-1","0-1",7,3,8,3,2,2,1,1,6,3,12,12,1,9,24,"6-3","N","N","N",4,2,1,90,2025,90,810,9,810
"2593","SC1",2025-09-27,"Ayr","Airdrie Utd",4,2,"H",4,1,"H",1.55,3.9,5.25,"4-1","4-2",13,8,4,4,1,1,0,0,4,4,11,12,6,8,23,"4-4","Y","Y","Y",2,0,6,20,100,120,160,48,960
"2594","SC1",2025-09-27,"Dunfermline","Partick",0,2,"A",0,2,"A",2.4,3.13,2.8,"0-2","0-2",4,3,11,7,2,2,1,0,5,6,8,7,2,11,15,"5-6","Y","N","N",4,1,2,65,900,130,715,22,1430
"2595","SC1",2025-09-27,"Morton","Ross County",1,1,"D",0,1,"A",3.2,3.25,2.1,"0-1","1-1",16,7,9,1,3,4,0,0,8,5,11,17,2,13,28,"8-5","Y","N","N",7,0,2,70,1200,140,910,26,1820
"2596","SC1",2025-09-27,"Queens Park","St Johnstone",1,2,"A",1,1,"D",6,4.2,1.45,"1-1","1-2",6,2,6,4,2,3,0,0,1,4,6,6,3,5,12,"1-4","Y","Y","N",5,0,3,50,600,150,250,15,750
"2597","SC1",2025-09-27,"Raith Rvs","Arbroath",3,0,"H",0,0,"D",1.62,3.6,5,"0-0","3-0",10,4,4,0,3,0,0,0,7,5,11,7,3,12,18,"7-5","Y","Y","N",3,0,3,30,0,90,360,36,1080
"2598","SC1",2025-09-30,"Queens Park","Partick",0,1,"A",0,1,"A",3.9,3.5,1.8,"0-1","0-1",6,0,7,4,4,3,0,0,5,5,17,16,1,10,33,"5-5","N","N","N",7,0,1,70,1200,70,700,10,700
"2599","SC1",2025-10-04,"Airdrie Utd","Morton",1,2,"A",0,0,"D",2.63,3.2,2.5,"0-0","1-2",5,3,4,3,1,2,0,0,4,4,13,10,3,8,23,"4-4","Y","Y","N",3,0,3,30,200,90,240,24,720
"2600","SC1",2025-10-04,"Dunfermline","Queens Park",0,0,"D",0,0,"D",1.8,3.4,4.1,"0-0","0-0",11,4,7,3,2,2,0,0,2,3,15,13,0,5,28,"2-3","N","N","N",4,0,0,40,400,0,200,0,0
"2601","SC1",2025-10-04,"Partick","Arbroath",1,1,"D",1,0,"H",1.53,4,5.25,"1-0","1-1",16,10,9,4,2,1,0,0,6,5,12,6,2,11,18,"6-5","Y","N","N",3,0,2,30,200,60,330,22,660
"2602","SC1",2025-10-04,"Ross County","Raith Rvs",2,0,"H",0,0,"D",2.55,3.13,2.6,"0-0","2-0",11,3,16,7,0,2,0,0,3,6,9,10,2,9,19,"3-6","Y","N","N",2,0,2,20,0,40,180,18,360
"2603","SC1",2025-10-04,"St Johnstone","Ayr",0,0,"D",0,0,"D",1.65,3.6,4.75,"0-0","0-0",5,1,4,2,4,2,0,0,10,2,10,14,0,12,24,"10-2","N","N","N",6,0,0,60,800,0,720,0,0
"2604","SC1",2025-10-11,"Arbroath","Queens Park",4,1,"H",3,0,"H",2.1,3.25,3.2,"3-0","4-1",10,6,4,1,0,4,0,0,7,1,11,16,5,8,27,"7-1","Y","Y","Y",4,0,5,40,0,200,320,40,1600
"2605","SC1",2025-10-11,"Morton","Partick",1,1,"D",1,0,"H",3.3,3.3,2.05,"1-0","1-1",6,2,26,10,3,0,0,0,3,11,14,4,2,14,18,"3-11","Y","N","N",3,0,2,30,0,60,420,28,840
"2606","SC1",2025-10-11,"Raith Rvs","Ayr",0,2,"A",0,2,"A",2.1,3.1,3.4,"0-2","0-2",8,2,10,3,2,3,0,0,6,3,6,8,2,9,14,"6-3","Y","N","N",5,0,2,50,600,100,450,18,900
"2607","SC1",2025-10-11,"St Johnstone","Ross County",0,0,"D",0,0,"D",1.62,3.75,4.8,"0-0","0-0",12,6,4,3,0,0,0,0,17,0,8,14,0,17,22,"17-0","N","N","N",0,0,0,0,0,0,0,0,0
"2608","SC1",2025-10-17,"Dunfermline","Raith Rvs",2,0,"H",1,0,"H",2.9,2.88,2.5,"1-0","2-0",11,7,6,2,4,3,0,0,2,4,13,12,2,6,25,"2-4","Y","N","N",7,0,2,70,1200,140,420,12,840
"2609","SC1",2025-10-18,"Arbroath","St Johnstone",3,1,"H",0,1,"A",5.25,3.9,1.55,"0-1","3-1",6,3,13,6,3,2,0,0,4,2,15,12,4,6,27,"4-2","Y","Y","Y",5,0,4,50,600,200,300,24,1200
"2610","SC1",2025-10-18,"Ayr","Morton",2,1,"H",1,0,"H",1.75,3.4,4.4,"1-0","2-1",15,6,7,1,3,3,0,0,7,2,16,16,3,9,32,"7-2","Y","Y","N",6,0,3,60,900,180,540,27,1620
"2611","SC1",2025-10-18,"Partick","Ross County",1,0,"H",0,0,"D",1.73,3.6,4.2,"0-0","1-0",7,4,9,3,4,3,0,0,5,3,7,13,1,8,20,"5-3","N","N","N",7,0,1,70,1200,70,560,8,560
"2612","SC1",2025-10-18,"Queens Park","Airdrie Utd",0,0,"D",0,0,"D",2.15,3.25,3.1,"0-0","0-0",5,3,13,3,3,1,0,0,4,7,7,8,0,11,15,"4-7","N","N","N",4,0,0,40,300,0,440,0,0
"2613","SC1",2025-10-21,"Airdrie Utd","Dunfermline",0,4,"A",0,2,"A",3.13,3.13,2.2,"0-2","0-4",2,0,8,4,2,1,1,0,5,8,5,9,4,13,14,"5-8","Y","Y","Y",3,1,4,55,450,220,715,52,2860
"2614","SC1",2025-10-21,"Partick","Ayr",2,1,"H",0,1,"A",2.05,3.2,3.4,"0-1","2-1",7,3,3,3,2,3,0,1,8,4,9,12,3,12,21,"8-4","Y","Y","N",5,1,3,75,1100,225,900,36,2700
"2615","SC1",2025-10-25,"Airdrie Utd","Arbroath",1,0,"H",1,0,"H",2.9,3.25,2.25,"1-0","1-0",6,3,10,1,1,3,0,0,0,6,17,17,1,6,34,"0-6","N","N","N",4,0,1,40,300,40,240,6,240
"2616","SC1",2025-10-25,"Morton","St Johnstone",0,4,"A",0,4,"A",4.75,3.6,1.65,"0-4","0-4",5,1,15,9,2,0,0,0,4,6,16,19,4,10,35,"4-6","Y","Y","Y",2,0,4,20,0,80,200,40,800
"2617","SC1",2025-10-25,"Queens Park","Ayr",0,0,"D",0,0,"D",3.8,3.25,1.91,"0-0","0-0",1,1,23,7,2,3,1,0,1,17,13,10,0,18,23,"1-17","N","N","N",5,1,0,75,1350,0,1350,0,0
"2618","SC1",2025-10-25,"Raith Rvs","Partick",2,0,"H",0,0,"D",2.4,3.13,2.8,"0-0","2-0",7,4,10,2,1,0,0,0,9,2,11,8,2,11,19,"9-2","Y","N","N",1,0,2,10,0,20,110,22,220
"2619","SC1",2025-10-25,"Ross County","Dunfermline",3,2,"H",2,1,"H",2.15,3.25,3.13,"2-1","3-2",9,6,4,1,5,2,0,0,5,4,19,11,5,9,30,"5-4","Y","Y","Y",7,0,5,70,1000,350,630,45,3150
"2620","SC1",2025-10-31,"Ayr","Dunfermline",0,1,"A",0,1,"A",1.83,3.2,4.2,"0-1","0-1",11,4,7,2,3,2,0,0,6,4,12,13,1,10,25,"6-4","N","N","N",5,0,1,50,600,50,500,10,500
"2621","SC1",2025-11-01,"Arbroath","Ross County",3,0,"H",1,0,"H",3.2,3.4,2.05,"1-0","3-0",15,6,21,4,3,2,0,0,2,4,10,16,3,6,26,"2-4","Y","Y","N",5,0,3,50,600,150,300,18,900
"2622","SC1",2025-11-01,"Partick","Queens Park",5,0,"H",2,0,"H",1.44,4,6.5,"2-0","5-0",25,9,5,3,2,2,0,0,6,3,7,8,5,9,15,"6-3","Y","Y","Y",4,0,5,40,400,200,360,45,1800
"2623","SC1",2025-11-01,"Raith Rvs","Morton",1,1,"D",1,0,"H",1.83,3.25,4.1,"1-0","1-1",5,5,10,2,2,1,0,0,4,7,13,9,2,11,22,"4-7","Y","N","N",3,0,2,30,200,60,330,22,660
"2624","SC1",2025-11-01,"St Johnstone","Airdrie Utd",3,0,"H",1,0,"H",1.25,5,10.5,"1-0","3-0",17,7,3,2,2,4,0,0,5,3,9,13,3,8,22,"5-3","Y","Y","N",6,0,3,60,800,180,480,24,1440
"2625","SC1",2025-11-07,"Airdrie Utd","Partick",1,1,"D",0,0,"D",5.5,3.8,1.53,"0-0","1-1",10,4,7,3,5,0,0,0,3,7,13,8,2,10,21,"3-7","Y","N","N",5,0,2,50,0,100,500,20,1000
"2626","SC1",2025-11-08,"Dunfermline","St Johnstone",2,2,"D",1,1,"D",3.5,3.25,2,"1-1","2-2",4,3,12,3,2,3,0,0,7,8,8,14,4,15,22,"7-8","Y","Y","Y",5,0,4,50,600,200,750,60,3000
"2627","SC1",2025-11-08,"Morton","Arbroath",1,0,"H",1,0,"H",2.15,3.13,3.2,"1-0","1-0",9,5,12,6,4,2,0,0,3,5,15,12,1,8,27,"3-5","N","N","N",6,0,1,60,800,60,480,8,480
"2628","SC1",2025-11-08,"Queens Park","Raith Rvs",2,1,"H",1,1,"D",3.9,3.2,1.9,"1-1","2-1",6,2,12,5,3,2,0,0,2,11,9,7,3,13,16,"2-11","Y","Y","N",5,0,3,50,600,150,650,39,1950
"2629","SC1",2025-11-08,"Ross County","Ayr",3,3,"D",2,1,"H",2.3,3.2,2.88,"2-1","3-3",11,7,12,8,3,2,0,0,1,8,15,12,6,9,27,"1-8","Y","Y","Y",5,0,6,50,600,300,450,54,2700
"2630","SC1",2025-11-15,"Ayr","Arbroath",1,1,"D",0,1,"A",1.67,3.6,4.6,"0-1","1-1",9,4,7,4,4,2,0,0,3,3,19,13,2,6,32,"3-3","Y","N","N",6,0,2,60,800,120,360,12,720
"2631","SC1",2025-11-15,"Raith Rvs","Airdrie Utd",0,3,"A",0,1,"A",1.5,3.8,6,"0-1","0-3",8,2,11,8,2,0,0,0,13,3,8,8,3,16,16,"13-3","Y","Y","N",2,0,3,20,0,60,320,48,960
"2632","SC1",2025-11-15,"Ross County","Morton",0,3,"A",0,1,"A",1.8,3.5,4,"0-1","0-3",9,2,4,4,0,4,0,0,5,4,7,15,3,9,22,"5-4","Y","Y","N",4,0,3,40,0,120,360,27,1080
"2633","SC1",2025-11-15,"St Johnstone","Queens Park",4,3,"H",3,0,"H",1.2,5.75,11.5,"3-0","4-3",12,9,5,4,2,3,0,0,3,1,13,10,7,4,23,"3-1","Y","Y","Y",5,0,7,50,600,350,200,28,1400
"2634","SC1",2025-11-22,"Airdrie Utd","Ayr",0,1,"A",0,1,"A",4.33,3.5,1.73,"0-1","0-1",10,2,5,1,2,1,0,1,3,2,11,9,1,5,20,"3-2","N","N","N",3,1,1,55,700,55,275,5,275
"2635","SC1",2025-11-22,"Arbroath","Raith Rvs",0,0,"D",0,0,"D",2.75,3.1,2.45,"0-0","0-0",6,4,6,0,1,1,0,0,4,4,12,10,0,8,22,"4-4","N","N","N",2,0,0,20,100,0,160,0,0
"2636","SC1",2025-11-22,"Dunfermline","Morton",1,0,"H",1,0,"H",1.91,3.13,4,"1-0","1-0",8,3,6,3,1,1,0,0,8,7,7,13,1,15,20,"8-7","N","N","N",2,0,1,20,100,20,300,15,300
"2637","SC1",2025-11-22,"Partick","St Johnstone",2,1,"H",2,0,"H",3,3.13,2.25,"2-0","2-1",9,4,14,3,1,0,0,0,6,7,11,7,3,13,18,"6-7","Y","Y","N",1,0,3,10,0,30,130,39,390
"2638","SC2",2025-08-02,"Cove Rangers","Queen of Sth",0,2,"A",0,1,"A",2.25,3.3,2.88,"0-1","0-2",7,3,14,8,5,2,0,0,5,3,18,15,2,8,33,"5-3","Y","N","N",7,0,2,70,1000,140,560,16,1120
"2639","SC2",2025-08-02,"Hamilton","Montrose",2,0,"H",1,0,"H",1.95,3.5,3.4,"1-0","2-0",10,5,12,2,1,0,0,0,2,2,6,10,2,4,16,"2-2","Y","N","N",1,0,2,10,0,20,40,8,80
"2640","SC2",2025-08-02,"Kelty Hearts","Inverness C",0,3,"A",0,2,"A",4.5,3.6,1.67,"0-2","0-3",5,2,14,8,1,2,0,0,1,6,10,12,3,7,22,"1-6","Y","Y","N",3,0,3,30,200,90,210,21,630
"2641","SC2",2025-08-02,"Peterhead","East Fife",4,1,"H",3,1,"H",2.2,3.4,2.9,"3-1","4-1",7,4,9,1,3,3,0,0,8,2,13,12,5,10,25,"8-2","Y","Y","Y",6,0,5,60,900,300,600,50,3000
"2642","SC2",2025-08-02,"Stenhousemuir","Alloa",1,2,"A",1,1,"D",2.5,3.3,2.55,"1-1","1-2",9,6,11,6,2,1,0,0,3,6,9,8,3,9,17,"3-6","Y","Y","N",3,0,3,30,200,90,270,27,810
"2643","SC2",2025-08-09,"East Fife","Alloa",0,1,"A",0,0,"D",3,3.3,2.2,"0-0","0-1",11,4,3,2,2,6,0,0,12,2,17,15,1,14,32,"12-2","N","N","N",8,0,1,80,1200,80,1120,14,1120
"2644","SC2",2025-08-09,"Inverness C","Peterhead",2,0,"H",1,0,"H",1.65,3.6,4.75,"1-0","2-0",13,8,5,0,3,1,0,0,6,2,20,7,2,8,27,"6-2","Y","N","N",4,0,2,40,300,80,320,16,640
"2645","SC2",2025-08-09,"Montrose","Kelty Hearts",1,2,"A",1,1,"D",1.95,3.3,3.6,"1-1","1-2",14,3,4,3,3,3,0,1,4,2,10,11,3,6,21,"4-2","Y","Y","N",6,1,3,85,1650,255,510,18,1530
"2646","SC2",2025-08-09,"Queen of Sth","Hamilton",1,4,"A",0,2,"A",2.15,3.3,3.1,"0-2","1-4",5,4,20,12,1,2,0,0,3,4,9,16,5,7,25,"3-4","Y","Y","Y",3,0,5,30,200,150,210,35,1050
"2647","SC2",2025-08-09,"Stenhousemuir","Cove Rangers",1,0,"H",1,0,"H",3,3.4,2.15,"1-0","1-0",6,4,6,2,1,4,0,0,4,4,18,21,1,8,39,"4-4","N","N","N",5,0,1,50,400,50,400,8,400
"2648","SC2",2025-08-16,"Cove Rangers","Montrose",3,3,"D",2,1,"H",1.93,3.3,3.7,"2-1","3-3",15,6,5,5,4,1,0,1,6,2,16,13,6,8,29,"6-2","Y","Y","Y",5,1,6,75,1400,450,600,48,3600
"2649","SC2",2025-08-16,"Hamilton","East Fife",1,2,"A",1,0,"H",1.55,3.9,5.25,"1-0","1-2",13,6,10,7,1,2,0,0,7,7,10,15,3,14,25,"7-7","Y","Y","N",3,0,3,30,200,90,420,42,1260
"2650","SC2",2025-08-16,"Inverness C","Stenhousemuir",1,2,"A",1,1,"D",1.65,3.5,5,"1-1","1-2",19,8,4,3,2,3,0,0,9,1,12,12,3,10,24,"9-1","Y","Y","N",5,0,3,50,600,150,500,30,1500
"2651","SC2",2025-08-16,"Queen of Sth","Peterhead",4,0,"H",1,0,"H",2.05,3.3,3.3,"1-0","4-0",24,10,8,2,3,3,0,0,9,9,8,6,4,18,14,"9-9","Y","Y","Y",6,0,4,60,900,240,1080,72,4320
"2652","SC2",2025-08-23,"Alloa","Hamilton",1,0,"H",0,0,"D",2.7,3.1,2.5,"0-0","1-0",7,5,8,2,0,1,0,0,3,3,5,5,1,6,10,"3-3","N","N","N",1,0,1,10,0,10,60,6,60
"2653","SC2",2025-08-23,"East Fife","Kelty Hearts",2,1,"H",1,1,"D",1.8,3.4,4.1,"1-1","2-1",18,6,7,1,3,1,1,0,8,5,15,11,3,13,26,"8-5","Y","Y","N",4,1,3,65,550,195,845,39,2535
"2654","SC2",2025-08-23,"Montrose","Inverness C",0,2,"A",0,2,"A",3.75,3.4,1.87,"0-2","0-2",4,1,13,7,1,0,0,0,3,3,10,10,2,6,20,"3-3","Y","N","N",1,0,2,10,0,20,60,12,120
"2655","SC2",2025-08-23,"Peterhead","Cove Rangers",3,1,"H",2,0,"H",2.63,3.2,2.5,"2-0","3-1",10,8,6,4,2,3,0,1,3,5,11,13,4,8,24,"3-5","Y","Y","Y",5,1,4,75,1100,300,600,32,2400
"2656","SC2",2025-08-23,"Stenhousemuir","Queen of Sth",0,0,"D",0,0,"D",2.88,3.3,2.25,"0-0","0-0",12,4,9,1,4,2,0,0,5,1,13,16,0,6,29,"5-1","N","N","N",6,0,0,60,800,0,360,0,0
"2657","SC2",2025-08-30,"Inverness C","Alloa",1,0,"H",0,0,"D",1.57,4,4.8,"0-0","1-0",14,6,7,2,2,1,0,0,9,5,10,11,1,14,21,"9-5","N","N","N",3,0,1,30,200,30,420,14,420
"2658","SC2",2025-08-30,"Montrose","Peterhead",2,1,"H",2,1,"H",2.38,3.3,2.7,"2-1","2-1",6,3,11,3,4,0,0,0,6,6,16,11,3,12,27,"6-6","Y","Y","N",4,0,3,40,0,120,480,36,1440
"2659","SC2",2025-08-30,"Queen of Sth","Kelty Hearts",2,1,"H",1,0,"H",1.53,4,5.25,"1-0","2-1",17,9,7,2,2,2,0,0,3,3,12,13,3,6,25,"3-3","Y","Y","N",4,0,3,40,400,120,240,18,720
"2660","SC2",2025-08-30,"Stenhousemuir","East Fife",1,1,"D",0,0,"D",2.5,3.3,2.55,"0-0","1-1",8,4,8,6,4,3,0,1,4,4,11,20,2,8,31,"4-4","Y","N","N",7,1,2,95,2200,190,760,16,1520
"2661","SC2",2025-08-30,"Hamilton","Cove Rangers",0,0,"D",0,0,"D",1.87,3.5,3.7,"0-0","0-0",7,2,7,3,0,1,0,0,7,1,9,13,0,8,22,"7-1","N","N","N",1,0,0,10,0,0,80,0,0
"2662","SC2",2025-09-13,"Alloa","Montrose",0,1,"A",0,0,"D",2.3,3.2,2.88,"0-0","0-1",10,4,8,3,0,4,0,0,7,6,6,17,1,13,23,"7-6","N","N","N",4,0,1,40,0,40,520,13,520
"2663","SC2",2025-09-13,"East Fife","Queen of Sth",2,1,"H",1,1,"D",2.4,3.4,2.63,"1-1","2-1",10,3,3,2,4,4,0,0,4,1,14,15,3,5,29,"4-1","Y","Y","N",8,0,3,80,1600,240,400,15,1200
"2664","SC2",2025-09-13,"Kelty Hearts","Stenhousemuir",0,1,"A",0,1,"A",3.6,3.3,1.95,"0-1","0-1",3,2,16,11,2,3,0,0,4,10,12,18,1,14,30,"4-10","N","N","N",5,0,1,50,600,50,700,14,700
"2665","SC2",2025-09-13,"Peterhead","Hamilton",2,2,"D",1,1,"D",2.63,3.25,2.45,"1-1","2-2",13,5,10,4,3,4,0,0,7,8,12,13,4,15,25,"7-8","Y","Y","Y",7,0,4,70,1200,280,1050,60,4200
"2666","SC2",2025-09-13,"Cove Rangers","Inverness C",0,1,"A",0,0,"D",6.5,3.6,1.5,"0-0","0-1",9,2,9,3,4,2,0,0,4,6,14,10,1,10,24,"4-6","N","N","N",6,0,1,60,800,60,600,10,600
"2667","SC2",2025-09-20,"Alloa","Cove Rangers",2,1,"H",2,0,"H",2.15,3.25,3.13,"2-0","2-1",10,5,6,2,1,2,0,0,3,4,11,12,3,7,23,"3-4","Y","Y","N",3,0,3,30,200,90,210,21,630
"2668","SC2",2025-09-20,"East Fife","Montrose",1,1,"D",1,1,"D",1.87,3.4,3.7,"1-1","1-1",17,4,7,4,2,2,0,0,5,2,15,14,2,7,29,"5-2","Y","N","N",4,0,2,40,400,80,280,14,560
"2669","SC2",2025-09-20,"Kelty Hearts","Hamilton",0,4,"A",0,3,"A",4.6,3.9,1.62,"0-3","0-4",7,3,13,5,2,1,1,0,0,10,9,10,4,10,19,"0-10","Y","Y","Y",3,1,4,55,450,220,550,40,2200
"2670","SC2",2025-09-20,"Queen of Sth","Inverness C",0,2,"A",0,1,"A",3.9,3.3,1.87,"0-1","0-2",8,1,23,16,2,5,0,0,1,7,10,15,2,8,25,"1-7","Y","N","N",7,0,2,70,1000,140,560,16,1120
"2671","SC2",2025-09-20,"Stenhousemuir","Peterhead",3,1,"H",1,1,"D",2.3,3.3,2.8,"1-1","3-1",6,3,7,6,4,3,0,0,3,4,20,19,4,7,39,"3-4","Y","Y","Y",7,0,4,70,1200,280,490,28,1960
"2672","SC2",2025-09-27,"Cove Rangers","Kelty Hearts",0,2,"A",0,1,"A",1.67,3.7,4.5,"0-1","0-2",18,5,4,2,3,4,0,0,8,1,10,8,2,9,18,"8-1","Y","N","N",7,0,2,70,1200,140,630,18,1260
"2673","SC2",2025-09-27,"Hamilton","Stenhousemuir",2,0,"H",1,0,"H",1.7,3.6,4.4,"1-0","2-0",8,4,8,2,1,3,0,0,2,4,6,8,2,6,14,"2-4","Y","N","N",4,0,2,40,300,80,240,12,480
"2674","SC2",2025-09-27,"Inverness C","East Fife",4,1,"H",1,1,"D",1.45,4.2,6,"1-1","4-1",20,7,6,4,0,0,0,0,4,3,12,11,5,7,23,"4-3","Y","Y","Y",0,0,5,0,0,0,0,35,0
"2675","SC2",2025-09-27,"Montrose","Queen of Sth",2,1,"H",0,0,"D",2.38,3.4,2.63,"0-0","2-1",12,4,8,2,4,2,0,0,4,4,14,14,3,8,28,"4-4","Y","Y","N",6,0,3,60,800,180,480,24,1440
"2676","SC2",2025-09-27,"Peterhead","Alloa",2,1,"H",2,1,"H",2.15,3.5,2.9,"2-1","2-1",10,6,8,5,3,2,0,0,3,7,14,10,3,10,24,"3-7","Y","Y","N",5,0,3,50,600,150,500,30,1500
"2677","SC2",2025-10-04,"East Fife","Cove Rangers",2,0,"H",1,0,"H",1.9,3.5,3.5,"1-0","2-0",14,8,10,5,1,1,0,0,6,7,6,12,2,13,18,"6-7","Y","N","N",2,0,2,20,100,40,260,26,520
"2678","SC2",2025-10-04,"Hamilton","Inverness C",3,1,"H",1,0,"H",3.6,3.4,1.93,"1-0","3-1",12,8,6,2,2,1,0,0,2,4,12,9,4,6,21,"2-4","Y","Y","Y",3,0,4,30,200,120,180,24,720
"2679","SC2",2025-10-04,"Kelty Hearts","Peterhead",1,2,"A",1,1,"D",3.6,3.4,1.91,"1-1","1-2",4,3,4,2,3,0,0,0,2,4,16,16,3,6,32,"2-4","Y","Y","N",3,0,3,30,0,90,180,18,540
"2680","SC2",2025-10-04,"Stenhousemuir","Montrose",3,1,"H",2,0,"H",2.15,3.25,3.1,"2-0","3-1",12,6,13,6,1,3,0,0,2,3,14,11,4,5,25,"2-3","Y","Y","Y",4,0,4,40,300,160,200,20,800
"2681","SC2",2025-10-04,"Queen of Sth","Alloa",1,0,"H",0,0,"D",2.05,3.5,3.13,"0-0","1-0",11,3,9,3,6,5,0,0,2,2,20,15,1,4,35,"2-2","N","N","N",11,0,1,110,3000,110,440,4,440
"2682","SC2",2025-10-07,"Kelty Hearts","Alloa",0,2,"A",0,1,"A",3.8,3.5,1.83,"0-1","0-2",8,5,14,9,2,1,1,0,4,5,10,13,2,9,23,"4-5","Y","N","N",3,1,2,55,450,110,495,18,990
"2683","SC2",2025-10-18,"Alloa","East Fife",1,1,"D",0,0,"D",2.2,3.25,3,"0-0","1-1",4,2,8,4,2,3,0,0,3,5,11,14,2,8,25,"3-5","Y","N","N",5,0,2,50,600,100,400,16,800
"2684","SC2",2025-10-18,"Cove Rangers","Stenhousemuir",0,1,"A",0,0,"D",3.13,3.25,2.15,"0-0","0-1",8,2,2,1,3,3,0,0,3,1,16,11,1,4,27,"3-1","N","N","N",6,0,1,60,900,60,240,4,240
"2685","SC2",2025-10-18,"Inverness C","Kelty Hearts",2,2,"D",1,2,"A",1.14,6.5,15,"1-2","2-2",19,7,7,3,0,3,0,0,11,2,10,8,4,13,18,"11-2","Y","Y","Y",3,0,4,30,0,120,390,52,1560
"2686","SC2",2025-10-18,"Montrose","Hamilton",0,4,"A",0,1,"A",2.63,3.25,2.45,"0-1","0-4",6,1,7,6,2,4,1,0,4,2,10,10,4,6,20,"4-2","Y","Y","Y",6,1,4,85,1800,340,510,24,2040
"2687","SC2",2025-10-18,"Peterhead","Queen of Sth",3,0,"H",2,0,"H",2.2,3.4,2.88,"2-0","3-0",10,3,6,2,2,4,0,0,5,2,18,13,3,7,31,"5-2","Y","Y","N",6,0,3,60,800,180,420,21,1260
"2688","SC2",2025-10-24,"Hamilton","Queen of Sth",1,2,"A",0,1,"A",1.5,4.1,5.5,"0-1","1-2",9,5,12,5,1,3,0,0,6,5,9,12,3,11,21,"6-5","Y","Y","N",4,0,3,40,300,120,440,33,1320
"2689","SC2",2025-10-25,"Alloa","Stenhousemuir",0,0,"D",0,0,"D",2.63,3.25,2.45,"0-0","0-0",6,6,7,2,2,3,1,0,5,5,15,19,0,10,34,"5-5","N","N","N",5,1,0,75,1350,0,750,0,0
"2690","SC2",2025-10-25,"Kelty Hearts","East Fife",0,3,"A",0,1,"A",3.9,3.5,1.8,"0-1","0-3",8,3,15,8,1,2,0,0,7,6,6,8,3,13,14,"7-6","Y","Y","N",3,0,3,30,200,90,390,39,1170
"2691","SC2",2025-10-25,"Montrose","Cove Rangers",0,3,"A",0,1,"A",2.1,3.25,3.2,"0-1","0-3",11,2,13,6,0,2,0,0,3,3,11,19,3,6,30,"3-3","Y","Y","N",2,0,3,20,0,60,120,18,360
"2692","SC2",2025-10-25,"Peterhead","Inverness C",0,1,"A",0,0,"D",4.75,3.9,1.6,"0-0","0-1",10,2,6,1,4,4,0,0,5,4,14,16,1,9,30,"5-4","N","N","N",8,0,1,80,1600,80,720,9,720
"2693","SC2",2025-11-01,"Alloa","Kelty Hearts",3,0,"H",2,0,"H",1.45,4.2,6,"2-0","3-0",10,10,5,2,5,7,0,0,3,3,16,11,3,6,27,"3-3","Y","Y","N",12,0,3,120,3500,360,720,18,2160
"2694","SC2",2025-11-01,"Cove Rangers","Peterhead",1,2,"A",1,1,"D",2.8,3.3,2.3,"1-1","1-2",13,4,8,5,2,3,0,0,6,5,18,14,3,11,32,"6-5","Y","Y","N",5,0,3,50,600,150,550,33,1650
"2695","SC2",2025-11-01,"East Fife","Hamilton",1,1,"D",0,0,"D",2.6,3.4,2.4,"0-0","1-1",5,3,7,4,1,2,0,0,1,1,11,11,2,2,22,"1-1","Y","N","N",3,0,2,30,200,60,60,4,120
"2696","SC2",2025-11-01,"Inverness C","Montrose",1,0,"H",0,0,"D",1.36,4.4,7.5,"0-0","1-0",19,10,5,3,2,2,0,0,12,1,14,10,1,13,24,"12-1","N","N","N",4,0,1,40,400,40,520,13,520
"2697","SC2",2025-11-01,"Queen of Sth","Stenhousemuir",1,1,"D",1,0,"H",2.7,3.13,2.45,"1-0","1-1",14,3,10,4,4,3,0,0,5,10,16,14,2,15,30,"5-10","Y","N","N",7,0,2,70,1200,140,1050,30,2100
"2698","SC2",2025-11-08,"Hamilton","Peterhead",3,0,"H",2,0,"H",1.73,3.7,4.1,"2-0","3-0",14,9,7,1,1,2,0,0,3,2,8,12,3,5,20,"3-2","Y","Y","N",3,0,3,30,200,90,150,15,450
"2699","SC2",2025-11-08,"Inverness C","Cove Rangers",1,0,"H",1,0,"H",1.33,4.5,8,"1-0","1-0",22,4,4,1,0,1,0,0,15,2,10,6,1,17,16,"15-2","N","N","N",1,0,1,10,0,10,170,17,170
"2700","SC2",2025-11-08,"Montrose","Alloa",0,4,"A",0,1,"A",2.75,3.2,2.38,"0-1","0-4",9,1,13,6,0,1,0,0,4,4,12,12,4,8,24,"4-4","Y","Y","Y",1,0,4,10,0,40,80,32,320
"2701","SC2",2025-11-08,"Queen of Sth","East Fife",3,0,"H",2,0,"H",2.2,3.4,2.88,"2-0","3-0",12,7,10,3,0,4,0,0,1,4,5,11,3,5,16,"1-4","Y","Y","N",4,0,3,40,0,120,200,15,600
"2702","SC2",2025-11-08,"Stenhousemuir","Kelty Hearts",2,2,"D",0,1,"A",1.4,4.2,7,"0-1","2-2",9,4,10,6,3,3,0,0,5,5,10,15,4,10,25,"5-5","Y","Y","Y",6,0,4,60,900,240,600,40,2400
"2703","SC2",2025-11-15,"Cove Rangers","Hamilton",2,1,"H",2,1,"H",4.1,3.6,1.75,"2-1","2-1",9,6,14,8,1,0,0,0,2,7,9,8,3,9,17,"2-7","Y","Y","N",1,0,3,10,0,30,90,27,270
"2704","SC2",2025-11-15,"Kelty Hearts","Queen of Sth",1,1,"D",0,0,"D",4.2,3.5,1.75,"0-0","1-1",9,2,11,4,3,3,0,0,7,9,16,13,2,16,29,"7-9","Y","N","N",6,0,2,60,900,120,960,32,1920
"2705","SC2",2025-11-15,"Peterhead","Montrose",1,1,"D",0,0,"D",1.7,3.6,4.4,"0-0","1-1",13,5,8,3,1,4,0,0,5,4,13,17,2,9,30,"5-4","Y","N","N",5,0,2,50,400,100,450,18,900
"2706","SC2",2025-11-15,"East Fife","Stenhousemuir",1,0,"H",0,0,"D",2.15,3.25,3.13,"0-0","1-0",7,2,5,2,4,3,0,0,7,7,15,11,1,14,26,"7-7","N","N","N",7,0,1,70,1200,70,980,14,980
"2707","SC2",2025-11-22,"Cove Rangers","Alloa",0,0,"D",0,0,"D",2.8,3.3,2.3,"0-0","0-0",10,7,13,5,4,1,0,0,8,8,13,7,0,16,20,"8-8","N","N","N",5,0,0,50,400,0,800,0,0
"2708","SC2",2025-11-22,"Hamilton","Kelty Hearts",3,1,"H",1,1,"D",1.29,5,8.5,"1-1","3-1",7,3,10,6,3,2,0,0,1,7,13,10,4,8,23,"1-7","Y","Y","Y",5,0,4,50,600,200,400,32,1600
"2709","SC2",2025-11-22,"Montrose","East Fife",2,1,"H",2,1,"H",3.6,3.4,1.93,"2-1","2-1",9,5,8,5,0,2,0,0,5,6,10,16,3,11,26,"5-6","Y","Y","N",2,0,3,20,0,60,220,33,660
"2710","SC2",2025-11-22,"Peterhead","Stenhousemuir",1,4,"A",0,1,"A",2.3,3.2,2.9,"0-1","1-4",12,3,11,7,3,3,0,0,6,1,17,22,5,7,39,"6-1","Y","Y","Y",6,0,5,60,900,300,420,35,2100
"2711","SC2",2025-11-22,"Inverness C","Queen of Sth",4,0,"H",2,0,"H",1.4,4.4,6.5,"2-0","4-0",14,8,1,1,1,2,0,0,6,1,11,14,4,7,25,"6-1","Y","Y","Y",3,0,4,30,200,120,210,28,840
"2712","SC3",2025-08-02,"Annan Athletic","Elgin",3,2,"H",0,1,"A",2.63,3.25,2.45,"0-1","3-2",9,6,8,4,2,3,0,0,7,4,11,11,5,11,22,"7-4","Y","Y","Y",5,0,5,50,600,250,550,55,2750
"2713","SC3",2025-08-02,"Dumbarton","Clyde",2,1,"H",2,1,"H",2.38,3.4,2.63,"2-1","2-1",6,2,11,3,2,3,0,0,11,3,10,13,3,14,23,"11-3","Y","Y","N",5,0,3,50,600,150,700,42,2100
"2714","SC3",2025-08-02,"East Kilbride","Spartans",1,3,"A",1,3,"A",1.67,3.8,4.2,"1-3","1-3",7,2,10,5,3,1,0,1,5,6,14,12,4,11,26,"5-6","Y","Y","Y",4,1,4,65,1050,260,715,44,2860
"2715","SC3",2025-08-02,"Edinburgh City","Stirling",1,2,"A",0,2,"A",2.1,3.3,3.1,"0-2","1-2",11,5,9,6,3,4,0,0,2,7,6,15,3,9,21,"2-7","Y","Y","N",7,0,3,70,1200,210,630,27,1890
"2716","SC3",2025-08-02,"Forfar","Stranraer",1,0,"H",1,0,"H",1.57,3.6,5.5,"1-0","1-0",18,5,2,0,4,1,0,1,4,4,15,16,1,8,31,"4-4","N","N","N",5,1,1,75,1400,75,600,8,600
"2717","SC3",2025-08-09,"Clyde","Forfar",0,0,"D",0,0,"D",2.38,3.1,2.8,"0-0","0-0",11,6,2,0,1,3,0,0,8,5,12,10,0,13,22,"8-5","N","N","N",4,0,0,40,300,0,520,0,0
"2718","SC3",2025-08-09,"Elgin","East Kilbride",0,1,"A",0,0,"D",3.3,3.6,1.93,"0-0","0-1",9,3,7,1,7,3,0,0,6,10,21,15,1,16,36,"6-10","N","N","N",10,0,1,100,2100,100,1600,16,1600
"2719","SC3",2025-08-09,"Spartans","Dumbarton",1,2,"A",0,2,"A",1.93,3.3,3.6,"0-2","1-2",8,4,7,3,1,3,0,1,1,9,8,14,3,10,22,"1-9","Y","Y","N",4,1,3,65,550,195,650,30,1950
"2720","SC3",2025-08-09,"Stirling","Annan Athletic",0,0,"D",0,0,"D",2.15,3.25,3.1,"0-0","0-0",10,2,8,4,2,3,0,0,4,5,17,13,0,9,30,"4-5","N","N","N",5,0,0,50,600,0,450,0,0
"2721","SC3",2025-08-09,"Stranraer","Edinburgh City",1,2,"A",0,0,"D",2.75,3.2,2.38,"0-0","1-2",1,1,9,3,3,4,0,0,2,4,14,15,3,6,29,"2-4","Y","Y","N",7,0,3,70,1200,210,420,18,1260
"2722","SC3",2025-08-16,"Clyde","Spartans",1,3,"A",1,2,"A",2.25,3.3,2.8,"1-2","1-3",15,5,10,6,2,0,0,0,9,6,9,4,4,15,13,"9-6","Y","Y","Y",2,0,4,20,0,80,300,60,1200
"2723","SC3",2025-08-16,"Dumbarton","Elgin",1,1,"D",0,1,"A",1.8,3.3,4.1,"0-1","1-1",2,2,13,6,3,4,0,0,7,11,17,17,2,18,34,"7-11","Y","N","N",7,0,2,70,1200,140,1260,36,2520
"2724","SC3",2025-08-16,"East Kilbride","Stranraer",3,1,"H",1,0,"H",1.3,4.75,8.5,"1-0","3-1",15,7,6,2,2,0,1,0,8,1,17,6,4,9,23,"8-1","Y","Y","Y",2,1,4,45,0,180,405,36,1620
"2725","SC3",2025-08-16,"Edinburgh City","Annan Athletic",2,2,"D",0,2,"A",2.4,3.3,2.63,"0-2","2-2",16,6,8,3,2,4,0,0,8,1,15,14,4,9,29,"8-1","Y","Y","Y",6,0,4,60,800,240,540,36,2160
"2726","SC3",2025-08-16,"Forfar","Stirling",4,2,"H",2,1,"H",1.75,3.3,4.33,"2-1","4-2",19,7,11,6,3,2,0,0,5,3,11,19,6,8,30,"5-3","Y","Y","Y",5,0,6,50,600,300,400,48,2400
"2727","SC3",2025-08-23,"Annan Athletic","Dumbarton",3,4,"A",0,2,"A",2.38,3.3,2.63,"0-2","3-4",19,8,8,6,2,1,0,0,9,4,5,15,7,13,20,"9-4","Y","Y","Y",3,0,7,30,200,210,390,91,2730
"2728","SC3",2025-08-23,"Elgin","Edinburgh City",2,4,"A",0,2,"A",2.05,3.6,3,"0-2","2-4",5,2,9,7,3,3,0,0,7,3,14,9,6,10,23,"7-3","Y","Y","Y",6,0,6,60,900,360,600,60,3600
"2729","SC3",2025-08-23,"Spartans","Forfar",1,0,"H",0,0,"D",2.05,3.13,3.4,"0-0","1-0",11,3,8,4,2,5,0,0,2,1,12,16,1,3,28,"2-1","N","N","N",7,0,1,70,1000,70,210,3,210
"2730","SC3",2025-08-23,"Stirling","East Kilbride",2,3,"A",1,3,"A",5.25,4.1,1.5,"1-3","2-3",14,7,12,4,2,3,0,1,9,3,8,13,5,12,21,"9-3","Y","Y","Y",5,1,5,75,1100,375,900,60,4500
"2731","SC3",2025-08-23,"Stranraer","Clyde",1,1,"D",1,1,"D",3.8,3.3,1.87,"1-1","1-1",8,3,12,3,2,2,0,0,0,8,13,19,2,8,32,"0-8","Y","N","N",4,0,2,40,400,80,320,16,640
"2732","SC3",2025-08-30,"Clyde","Elgin",0,0,"D",0,0,"D",2.38,3.3,2.63,"0-0","0-0",7,5,6,1,3,2,0,0,7,9,21,13,0,16,34,"7-9","N","N","N",5,0,0,50,600,0,800,0,0
"2733","SC3",2025-08-30,"Dumbarton","Edinburgh City",1,2,"A",0,2,"A",1.8,3.6,3.8,"0-2","1-2",3,2,12,6,2,4,0,0,1,2,16,9,3,3,25,"1-2","Y","Y","N",6,0,3,60,800,180,180,9,540
"2734","SC3",2025-08-30,"East Kilbride","Forfar",5,0,"H",3,0,"H",1.55,3.8,5.25,"3-0","5-0",12,8,9,6,2,3,0,0,6,4,17,10,5,10,27,"6-4","Y","Y","Y",5,0,5,50,600,250,500,50,2500
"2735","SC3",2025-08-30,"Spartans","Annan Athletic",1,0,"H",0,0,"D",1.8,3.5,4,"0-0","1-0",2,2,6,3,2,2,0,0,6,3,11,6,1,9,17,"6-3","N","N","N",4,0,1,40,400,40,360,9,360
"2736","SC3",2025-08-30,"Stirling","Stranraer",1,0,"H",0,0,"D",1.8,3.4,4,"0-0","1-0",8,4,14,7,3,3,0,0,8,10,13,9,1,18,22,"8-10","N","N","N",6,0,1,60,900,60,1080,18,1080
"2737","SC3",2025-09-13,"Annan Athletic","Clyde",0,6,"A",0,4,"A",3.1,3.6,2,"0-4","0-6",5,0,14,9,0,1,0,0,6,3,6,13,6,9,19,"6-3","Y","Y","Y",1,0,6,10,0,60,90,54,540
"2738","SC3",2025-09-13,"Edinburgh City","East Kilbride",2,2,"D",1,2,"A",3.13,3.75,1.95,"1-2","2-2",11,6,8,2,4,6,0,0,3,6,20,13,4,9,33,"3-6","Y","Y","Y",10,0,4,100,2400,400,900,36,3600
"2739","SC3",2025-09-13,"Elgin","Stirling",3,0,"H",1,0,"H",1.83,3.6,3.6,"1-0","3-0",15,9,3,1,4,3,0,1,9,7,11,13,3,16,24,"9-7","Y","Y","N",7,1,3,95,2200,285,1520,48,4560
"2740","SC3",2025-09-13,"Forfar","Dumbarton",2,3,"A",2,1,"H",1.91,3.4,3.6,"2-1","2-3",5,2,9,3,1,2,0,0,2,6,7,14,5,8,21,"2-6","Y","Y","Y",3,0,5,30,200,150,240,40,1200
"2741","SC3",2025-09-13,"Stranraer","Spartans",0,2,"A",0,0,"D",3.8,3.6,1.8,"0-0","0-2",6,0,18,5,2,2,1,0,5,6,7,7,2,11,14,"5-6","Y","N","N",4,1,2,65,900,130,715,22,1430
"2742","SC3",2025-09-20,"Clyde","Edinburgh City",2,1,"H",1,1,"D",2.1,3.5,3,"1-1","2-1",8,4,10,4,4,3,0,0,3,5,8,4,3,8,12,"3-5","Y","Y","N",7,0,3,70,1200,210,560,24,1680
"2743","SC3",2025-09-20,"East Kilbride","Dumbarton",1,1,"D",1,0,"H",1.62,4,4.33,"1-0","1-1",14,4,9,5,2,1,0,0,9,5,10,12,2,14,22,"9-5","Y","N","N",3,0,2,30,200,60,420,28,840
"2744","SC3",2025-09-20,"Forfar","Annan Athletic",1,0,"H",1,0,"H",1.83,3.5,3.7,"1-0","1-0",11,6,4,1,2,3,0,0,5,6,12,13,1,11,25,"5-6","N","N","N",5,0,1,50,600,50,550,11,550
"2745","SC3",2025-09-20,"Spartans","Stirling",1,3,"A",0,2,"A",1.6,3.75,4.8,"0-2","1-3",15,6,7,6,1,3,0,0,7,2,6,14,4,9,20,"7-2","Y","Y","Y",4,0,4,40,300,160,360,36,1440
"2746","SC3",2025-09-20,"Stranraer","Elgin",1,1,"D",0,0,"D",3.13,3.3,2.1,"0-0","1-1",6,2,16,7,1,2,0,0,5,7,10,14,2,12,24,"5-7","Y","N","N",3,0,2,30,200,60,360,24,720
"2747","SC3",2025-09-27,"Annan Athletic","East Kilbride",3,1,"H",2,1,"H",3.5,3.8,1.83,"2-1","3-1",9,6,6,1,4,3,0,1,2,10,14,15,4,12,29,"2-10","Y","Y","Y",7,1,4,95,2200,380,1140,48,4560
"2748","SC3",2025-09-27,"Dumbarton","Stranraer",1,2,"A",0,1,"A",1.75,3.6,4,"0-1","1-2",10,3,10,5,1,3,0,0,9,3,9,14,3,12,23,"9-3","Y","Y","N",4,0,3,40,300,120,480,36,1440
"2749","SC3",2025-09-27,"Edinburgh City","Forfar",1,1,"D",0,1,"A",1.91,3.7,3.3,"0-1","1-1",19,5,3,1,3,4,0,1,6,1,15,13,2,7,28,"6-1","Y","N","N",7,1,2,95,1950,190,665,14,1330
"2750","SC3",2025-09-27,"Elgin","Spartans",2,3,"A",1,1,"D",2.7,3.25,2.38,"1-1","2-3",6,3,9,6,1,4,0,0,3,4,10,8,5,7,18,"3-4","Y","Y","Y",5,0,5,50,400,250,350,35,1750
"2751","SC3",2025-09-27,"Stirling","Clyde",2,4,"A",0,2,"A",2.88,3.3,2.25,"0-2","2-4",12,3,16,11,1,1,0,0,2,3,5,9,6,5,14,"2-3","Y","Y","Y",2,0,6,20,100,120,100,30,600
"2752","SC3",2025-10-04,"Clyde","East Kilbride",2,2,"D",0,1,"A",2.3,3.7,2.55,"0-1","2-2",11,5,14,6,1,1,0,0,2,7,21,11,4,9,32,"2-7","Y","Y","Y",2,0,4,20,100,80,180,36,720
"2753","SC3",2025-10-04,"Elgin","Forfar",2,1,"H",0,1,"A",2.05,3.3,3.25,"0-1","2-1",10,5,8,3,1,3,0,0,7,4,13,15,3,11,28,"7-4","Y","Y","N",4,0,3,40,300,120,440,33,1320
"2754","SC3",2025-10-04,"Spartans","Edinburgh City",0,1,"A",0,0,"D",1.93,3.5,3.4,"0-0","0-1",10,5,5,4,3,6,0,0,9,3,7,11,1,12,18,"9-3","N","N","N",9,0,1,90,1800,90,1080,12,1080
"2755","SC3",2025-10-04,"Stirling","Dumbarton",2,2,"D",1,1,"D",2.5,3.4,2.45,"1-1","2-2",13,5,6,3,1,2,0,0,6,9,7,6,4,15,13,"6-9","Y","Y","Y",3,0,4,30,200,120,450,60,1800
"2756","SC3",2025-10-04,"Stranraer","Annan Athletic",0,1,"A",0,0,"D",2.45,3.3,2.55,"0-0","0-1",10,3,9,3,1,3,0,0,11,4,7,10,1,15,17,"11-4","N","N","N",4,0,1,40,300,40,600,15,600
"2757","SC3",2025-10-18,"Annan Athletic","Stirling",1,1,"D",1,0,"H",2.1,3.6,2.9,"1-0","1-1",9,3,8,3,0,2,0,0,7,2,7,14,2,9,21,"7-2","Y","N","N",2,0,2,20,0,40,180,18,360
"2758","SC3",2025-10-18,"Dumbarton","Spartans",1,2,"A",1,2,"A",2.5,3.3,2.5,"1-2","1-2",8,3,14,6,2,2,0,0,9,4,13,7,3,13,20,"9-4","Y","Y","N",4,0,3,40,400,120,520,39,1560
"2759","SC3",2025-10-18,"East Kilbride","Elgin",3,0,"H",3,0,"H",1.7,3.8,4,"3-0","3-0",14,7,9,5,2,4,0,0,5,3,13,13,3,8,26,"5-3","Y","Y","N",6,0,3,60,800,180,480,24,1440
"2760","SC3",2025-10-18,"Edinburgh City","Stranraer",1,3,"A",1,2,"A",1.67,3.75,4.33,"1-2","1-3",15,8,12,6,4,3,0,0,9,5,15,10,4,14,25,"9-5","Y","Y","Y",7,0,4,70,1200,280,980,56,3920
"2761","SC3",2025-10-18,"Forfar","Clyde",0,0,"D",0,0,"D",2.5,3.3,2.5,"0-0","0-0",11,3,8,2,2,3,0,0,1,6,9,13,0,7,22,"1-6","N","N","N",5,0,0,50,600,0,350,0,0
"2762","SC3",2025-11-01,"Clyde","Dumbarton",3,1,"H",1,1,"D",2.05,3.6,3,"1-1","3-1",12,6,10,6,1,1,0,0,3,4,8,9,4,7,17,"3-4","Y","Y","Y",2,0,4,20,100,80,140,28,560
"2763","SC3",2025-11-01,"Elgin","Annan Athletic",2,0,"H",1,0,"H",2.1,3.4,3,"1-0","2-0",16,5,5,2,1,4,0,0,7,5,14,10,2,12,24,"7-5","Y","N","N",5,0,2,50,400,100,600,24,1200
"2764","SC3",2025-11-01,"Spartans","East Kilbride",2,1,"H",2,0,"H",2.55,3.5,2.38,"2-0","2-1",10,5,7,3,1,1,0,0,1,4,12,14,3,5,26,"1-4","Y","Y","N",2,0,3,20,100,60,100,15,300
"2765","SC3",2025-11-01,"Stirling","Edinburgh City",0,1,"A",0,1,"A",2.88,3.5,2.15,"0-1","0-1",4,2,17,9,2,2,0,0,6,5,8,11,1,11,19,"6-5","N","N","N",4,0,1,40,400,40,440,11,440
"2766","SC3",2025-11-01,"Stranraer","Forfar",3,1,"H",1,0,"H",2.6,3.2,2.45,"1-0","3-1",19,7,13,1,2,2,0,0,8,4,15,15,4,12,30,"8-4","Y","Y","Y",4,0,4,40,400,160,480,48,1920
"2767","SC3",2025-11-08,"Clyde","Stranraer",0,0,"D",0,0,"D",1.83,3.5,3.8,"0-0","0-0",8,5,6,3,3,4,0,0,5,5,18,15,0,10,33,"5-5","N","N","N",7,0,0,70,1200,0,700,0,0
"2768","SC3",2025-11-08,"Dumbarton","Annan Athletic",2,1,"H",1,0,"H",1.93,3.5,3.4,"1-0","2-1",10,5,4,1,3,4,0,0,5,1,13,14,3,6,27,"5-1","Y","Y","N",7,0,3,70,1200,210,420,18,1260
"2769","SC3",2025-11-08,"East Kilbride","Stirling",2,0,"H",1,0,"H",1.36,4.75,6.5,"1-0","2-0",13,7,11,6,2,3,0,1,8,10,12,20,2,18,32,"8-10","Y","N","N",5,1,2,75,1100,150,1350,36,2700
"2770","SC3",2025-11-08,"Edinburgh City","Elgin",1,3,"A",1,0,"H",2.15,3.3,3.1,"1-0","1-3",5,3,13,8,1,2,0,0,5,6,13,6,4,11,19,"5-6","Y","Y","Y",3,0,4,30,200,120,330,44,1320
"2771","SC3",2025-11-08,"Forfar","Spartans",1,1,"D",1,0,"H",3.4,3.25,2,"1-0","1-1",2,1,9,5,3,3,0,0,1,10,8,6,2,11,14,"1-10","Y","N","N",6,0,2,60,900,120,660,22,1320
"2772","SC3",2025-11-15,"Annan Athletic","Edinburgh City",1,1,"D",0,0,"D",2.38,3.5,2.55,"0-0","1-1",13,2,12,2,2,2,0,0,6,2,15,13,2,8,28,"6-2","Y","N","N",4,0,2,40,400,80,320,16,640
"2773","SC3",2025-11-15,"Elgin","Dumbarton",2,0,"H",0,0,"D",2.1,3.4,3,"0-0","2-0",16,5,8,2,0,0,0,0,2,1,8,16,2,3,24,"2-1","Y","N","N",0,0,2,0,0,0,0,6,0
"2774","SC3",2025-11-15,"Spartans","Clyde",1,1,"D",1,0,"H",1.75,3.6,3.9,"1-0","1-1",6,1,14,5,2,4,0,0,3,4,8,5,2,7,13,"3-4","Y","N","N",6,0,2,60,800,120,420,14,840
"2775","SC3",2025-11-15,"Stirling","Forfar",0,4,"A",0,2,"A",2.6,3.2,2.5,"0-2","0-4",7,1,10,4,2,1,0,0,3,5,16,8,4,8,24,"3-5","Y","Y","Y",3,0,4,30,200,120,240,32,960
"2776","SC3",2025-11-15,"Stranraer","East Kilbride",1,3,"A",0,0,"D",3.7,3.6,1.8,"0-0","1-3",8,4,14,6,2,4,0,0,4,6,10,21,4,10,31,"4-6","Y","Y","Y",6,0,4,60,800,240,600,40,2400
"2777","SC3",2025-11-22,"Clyde","Annan Athletic",1,0,"H",1,0,"H",2.05,3.4,3.2,"1-0","1-0",9,4,19,3,5,0,0,0,5,10,17,6,1,15,23,"5-10","N","N","N",5,0,1,50,0,50,750,15,750
"2778","SC3",2025-11-22,"Dumbarton","Forfar",1,4,"A",1,3,"A",2.25,3.3,2.88,"1-3","1-4",4,1,10,7,2,1,0,0,4,3,15,5,5,7,20,"4-3","Y","Y","Y",3,0,5,30,200,150,210,35,1050
"2779","SC3",2025-11-22,"East Kilbride","Edinburgh City",1,1,"D",1,1,"D",1.7,3.8,4,"1-1","1-1",10,4,7,3,3,1,0,0,8,6,15,13,2,14,28,"8-6","Y","N","N",4,0,2,40,300,80,560,28,1120
"2780","SC3",2025-11-22,"Spartans","Stranraer",0,4,"A",0,4,"A",1.57,3.7,5.25,"0-4","0-4",12,6,10,6,1,2,0,0,6,7,13,8,4,13,21,"6-7","Y","Y","Y",3,0,4,30,200,120,390,52,1560
"2781","SC3",2025-11-22,"Stirling","Elgin",1,1,"D",0,0,"D",3.3,3.5,1.95,"0-0","1-1",15,4,25,6,1,0,0,0,2,14,8,5,2,16,13,"2-14","Y","N","N",1,0,2,10,0,20,160,32,320
"1076","SP2",2025-08-15,"Burgos","Cultural Leonesa",5,1,"H",3,0,"H",1.8,3.25,4.33,"3-0","5-1",15,7,8,1,1,1,0,1,3,3,13,10,6,6,23,"3-3","Y","Y","Y",2,1,6,45,350,270,270,36,1620
"1077","SP2",2025-08-15,"Valladolid","Ceuta",3,0,"H",2,0,"H",1.87,3.4,3.7,"2-0","3-0",16,9,5,0,3,2,0,0,6,4,18,11,3,10,29,"6-4","Y","Y","N",5,0,3,50,600,150,500,30,1500
"1078","SP2",2025-08-16,"Santander","Castellon",3,1,"H",2,1,"H",2.2,3.4,2.88,"2-1","3-1",10,5,17,8,3,0,0,1,3,12,16,14,4,15,30,"3-12","Y","Y","Y",3,1,4,55,750,220,825,60,3300
"1079","SP2",2025-08-16,"Malaga","Eibar",1,1,"D",0,0,"D",2.3,2.9,3.2,"0-0","1-1",11,4,7,3,2,2,0,0,8,4,10,7,2,12,17,"8-4","Y","N","N",4,0,2,40,400,80,480,24,960
"1080","SP2",2025-08-16,"Granada","La Coruna",1,3,"A",0,1,"A",2.1,3.25,3.2,"0-1","1-3",14,2,15,7,3,2,1,0,7,1,9,11,4,8,20,"7-1","Y","Y","Y",5,1,4,75,1100,300,600,32,2400
"1081","SP2",2025-08-17,"Sociedad B","Zaragoza",1,0,"H",1,0,"H",2.88,3,2.4,"1-0","1-0",3,2,18,5,4,2,0,0,2,9,24,12,1,11,36,"2-9","N","N","N",6,0,1,60,800,60,660,11,660
"1082","SP2",2025-08-17,"Cadiz","Mirandes",1,0,"H",1,0,"H",1.65,3.6,4.8,"1-0","1-0",24,3,1,0,3,2,0,1,8,0,14,9,1,8,23,"8-0","N","N","N",5,1,1,75,1350,75,600,8,600
"1083","SP2",2025-08-17,"Huesca","Leganes",1,1,"D",0,0,"D",2.8,3,2.45,"0-0","1-1",14,3,7,3,2,2,0,0,5,3,11,12,2,8,23,"5-3","Y","N","N",4,0,2,40,400,80,320,16,640
"1084","SP2",2025-08-17,"Las Palmas","Andorra",1,1,"D",1,0,"H",1.57,3.75,5.25,"1-0","1-1",10,2,7,2,2,3,1,0,1,2,16,17,2,3,33,"1-2","Y","N","N",5,1,2,75,1350,150,225,6,450
"1085","SP2",2025-08-18,"Sp Gijon","Cordoba",2,1,"H",1,1,"D",2.3,3.2,2.88,"1-1","2-1",9,4,15,5,2,2,0,0,2,4,13,7,3,6,20,"2-4","Y","Y","N",4,0,3,40,400,120,240,18,720
"1086","SP2",2025-08-18,"Almeria","Albacete",4,4,"D",1,1,"D",1.6,3.8,4.8,"1-1","4-4",31,11,17,5,3,2,0,0,17,5,9,9,8,22,18,"17-5","Y","Y","Y",5,0,8,50,600,400,1100,176,8800
"1087","SP2",2025-08-22,"Eibar","Granada",3,0,"H",1,0,"H",1.9,3.1,4.1,"1-0","3-0",16,6,3,0,2,4,0,1,6,3,23,16,3,9,39,"6-3","Y","Y","N",6,1,3,85,1300,255,765,27,2295
"1088","SP2",2025-08-22,"Castellon","Valladolid",0,1,"A",0,1,"A",1.87,3.6,3.5,"0-1","0-1",11,4,10,4,3,3,0,0,8,9,14,19,1,17,33,"8-9","N","N","N",6,0,1,60,900,60,1020,17,1020
"1089","SP2",2025-08-22,"Leganes","Cadiz",1,1,"D",1,0,"H",2.2,3,3.25,"1-0","1-1",9,4,10,3,2,1,0,0,7,5,13,17,2,12,30,"7-5","Y","N","N",3,0,2,30,200,60,360,24,720
"1090","SP2",2025-08-23,"Mirandes","Huesca",0,1,"A",0,1,"A",3.13,2.8,2.4,"0-1","0-1",5,2,6,2,5,2,0,0,1,4,16,13,1,5,29,"1-4","N","N","N",7,0,1,70,1000,70,350,5,350
"1091","SP2",2025-08-23,"Ceuta","Sp Gijon",0,1,"A",0,1,"A",2.6,3,2.63,"0-1","0-1",12,7,7,4,1,2,0,0,3,3,11,15,1,6,26,"3-3","N","N","N",3,0,1,30,200,30,180,6,180
"1092","SP2",2025-08-23,"Zaragoza","Andorra",1,3,"A",0,1,"A",1.8,3.3,4.1,"0-1","1-3",13,6,17,10,1,2,1,0,6,5,14,17,4,11,31,"6-5","Y","Y","Y",3,1,4,55,700,220,605,44,2420
"1093","SP2",2025-08-24,"La Coruna","Burgos",0,0,"D",0,0,"D",1.8,3.3,4.2,"0-0","0-0",10,2,11,1,2,1,0,0,2,6,13,14,0,8,27,"2-6","N","N","N",3,0,0,30,200,0,240,0,0
"1094","SP2",2025-08-24,"Cultural Leonesa","Almeria",0,1,"A",0,0,"D",3,3.4,2.15,"0-0","0-1",10,6,13,3,1,2,0,0,3,5,10,15,1,8,25,"3-5","N","N","N",3,0,1,30,200,30,240,8,240
"1095","SP2",2025-08-24,"Malaga","Sociedad B",1,0,"H",0,0,"D",1.83,3.3,4.1,"0-0","1-0",21,5,10,4,2,2,0,0,6,2,12,15,1,8,27,"6-2","N","N","N",4,0,1,40,400,40,320,8,320
"1096","SP2",2025-08-25,"Albacete","Santander",2,3,"A",0,0,"D",2.55,3.3,2.5,"0-0","2-3",8,2,13,6,1,3,0,0,2,10,13,7,5,12,20,"2-10","Y","Y","Y",4,0,5,40,300,200,480,60,2400
"1097","SP2",2025-08-25,"Cordoba","Las Palmas",1,3,"A",0,1,"A",2.4,3.2,2.75,"0-1","1-3",13,5,13,5,4,1,0,0,3,2,20,16,4,5,36,"3-2","Y","Y","Y",5,0,4,50,400,200,250,20,1000
"1098","SP2",2025-08-29,"Sociedad B","Almeria",2,2,"D",1,1,"D",4.1,3.5,1.75,"1-1","2-2",9,3,16,5,3,4,0,0,2,8,19,14,4,10,33,"2-8","Y","Y","Y",7,0,4,70,1200,280,700,40,2800
"1099","SP2",2025-08-29,"Sp Gijon","Cultural Leonesa",1,0,"H",0,0,"D",1.62,3.5,5.25,"0-0","1-0",17,6,9,2,4,1,0,0,10,3,12,12,1,13,24,"10-3","N","N","N",5,0,1,50,400,50,650,13,650
"1100","SP2",2025-08-30,"Santander","Ceuta",4,1,"H",2,1,"H",1.53,3.9,5.5,"2-1","4-1",17,9,11,1,0,1,0,1,5,1,19,7,5,6,26,"5-1","Y","Y","Y",1,1,5,35,0,175,210,30,1050
"1101","SP2",2025-08-30,"Valladolid","Cordoba",0,0,"D",0,0,"D",1.83,3.4,3.9,"0-0","0-0",12,6,5,1,2,2,0,0,7,0,17,16,0,7,33,"7-0","N","N","N",4,0,0,40,400,0,280,0,0
"1102","SP2",2025-08-30,"Castellon","Zaragoza",1,1,"D",0,0,"D",1.75,3.6,4,"0-0","1-1",14,5,12,2,2,3,0,0,7,3,14,16,2,10,30,"7-3","Y","N","N",5,0,2,50,600,100,500,20,1000
"1103","SP2",2025-08-31,"Andorra","Burgos",2,1,"H",1,0,"H",2.3,2.9,3.13,"1-0","2-1",14,5,12,4,1,2,0,0,5,4,11,11,3,9,22,"5-4","Y","Y","N",3,0,3,30,200,90,270,27,810
"1104","SP2",2025-08-31,"Cadiz","Albacete",2,1,"H",1,0,"H",1.73,3.5,4.5,"1-0","2-1",6,2,12,4,4,3,0,1,7,4,15,13,3,11,28,"7-4","Y","Y","N",7,1,3,95,2200,285,1045,33,3135
"1105","SP2",2025-08-31,"Las Palmas","Malaga",0,1,"A",0,1,"A",1.75,3.3,4.5,"0-1","0-1",14,6,9,1,2,4,0,0,7,3,8,17,1,10,25,"7-3","N","N","N",6,0,1,60,800,60,600,10,600
"1106","SP2",2025-08-31,"Granada","Mirandes",1,2,"A",0,0,"D",1.7,3.4,4.8,"0-0","1-2",15,4,11,4,2,2,1,0,6,1,15,20,3,7,35,"6-1","Y","Y","N",4,1,3,65,900,195,455,21,1365
"1107","SP2",2025-09-01,"Huesca","Eibar",2,1,"H",1,1,"D",2.55,2.88,2.8,"1-1","2-1",11,4,13,3,2,1,0,1,5,6,14,15,3,11,29,"5-6","Y","Y","N",3,1,3,55,700,165,605,33,1815
"1108","SP2",2025-09-01,"Leganes","La Coruna",2,2,"D",2,0,"H",2.05,3.13,3.5,"2-0","2-2",18,7,13,6,4,3,0,0,4,3,8,21,4,7,29,"4-3","Y","Y","Y",7,0,4,70,1200,280,490,28,1960
"1109","SP2",2025-09-05,"Albacete","Mirandes",1,4,"A",0,1,"A",1.87,3.25,4,"0-1","1-4",18,5,13,6,2,1,1,0,5,2,10,7,5,7,17,"5-2","Y","Y","Y",3,1,5,55,450,275,385,35,1925
"1110","SP2",2025-09-05,"Cordoba","Castellon",2,1,"H",0,1,"A",2.15,3.5,2.9,"0-1","2-1",10,5,6,2,2,0,0,0,4,4,15,17,3,8,32,"4-4","Y","Y","N",2,0,3,20,0,60,160,24,480
"1111","SP2",2025-09-06,"La Coruna","Sp Gijon",1,0,"H",0,0,"D",2.1,2.9,3.7,"0-0","1-0",14,6,7,3,3,1,0,0,6,3,9,14,1,9,23,"6-3","N","N","N",4,0,1,40,300,40,360,9,360
"1112","SP2",2025-09-06,"Zaragoza","Valladolid",1,1,"D",0,0,"D",2.5,3.1,2.7,"0-0","1-1",8,2,10,4,5,4,0,0,1,7,16,21,2,8,37,"1-7","Y","N","N",9,0,2,90,2000,180,720,16,1440
"1113","SP2",2025-09-06,"Malaga","Granada",2,2,"D",2,1,"H",1.87,3.2,4,"2-1","2-2",8,3,18,7,2,1,0,0,2,1,16,13,4,3,29,"2-1","Y","Y","Y",3,0,4,30,200,120,90,12,360
"1114","SP2",2025-09-07,"Ceuta","Huesca",2,1,"H",1,0,"H",2.7,2.9,2.63,"1-0","2-1",14,4,6,1,1,2,0,1,8,0,13,11,3,8,24,"8-0","Y","Y","N",3,1,3,55,450,165,440,24,1320
"1115","SP2",2025-09-07,"Burgos","Las Palmas",0,0,"D",0,0,"D",2.25,3,3.13,"0-0","0-0",6,2,15,7,2,2,0,0,2,6,16,13,0,8,29,"2-6","N","N","N",4,0,0,40,400,0,320,0,0
"1116","SP2",2025-09-07,"Sociedad B","Cadiz",3,3,"D",1,1,"D",3.4,3.1,2.1,"1-1","3-3",17,5,9,2,4,3,0,0,1,5,20,13,6,6,33,"1-5","Y","Y","Y",7,0,6,70,1200,420,420,36,2520
"1117","SP2",2025-09-07,"Almeria","Santander",2,3,"A",2,0,"H",1.73,3.8,4,"2-0","2-3",15,5,11,7,3,3,1,0,5,3,15,18,5,8,33,"5-3","Y","Y","Y",6,1,5,85,1650,425,680,40,3400
"1118","SP2",2025-09-07,"Cultural Leonesa","Leganes",0,0,"D",0,0,"D",3.1,3,2.3,"0-0","0-0",8,1,11,5,0,2,0,0,9,3,17,9,0,12,26,"9-3","N","N","N",2,0,0,20,0,0,240,0,0
"1119","SP2",2025-09-08,"Eibar","Andorra",2,0,"H",0,0,"D",NA,NA,NA,"0-0","2-0",16,6,11,5,3,4,0,0,10,5,20,11,2,15,31,"10-5","Y","N","N",7,0,2,70,1200,140,1050,30,2100
"1120","SP2",2025-09-12,"Las Palmas","Sociedad B",2,1,"H",1,0,"H",1.55,3.7,5.5,"1-0","2-1",16,5,3,1,1,6,0,0,4,2,14,20,3,6,34,"4-2","Y","Y","N",7,0,3,70,600,210,420,18,1260
"1121","SP2",2025-09-13,"Cadiz","Eibar",1,0,"H",0,0,"D",2.1,3,3.5,"0-0","1-0",12,4,17,4,2,2,0,0,5,4,15,12,1,9,27,"5-4","N","N","N",4,0,1,40,400,40,360,9,360
"1122","SP2",2025-09-13,"Mirandes","La Coruna",1,5,"A",0,2,"A",3.1,3,2.3,"0-2","1-5",9,6,20,9,2,3,0,0,1,6,13,10,6,7,23,"1-6","Y","Y","Y",5,0,6,50,600,300,350,42,2100
"1123","SP2",2025-09-13,"Huesca","Malaga",1,0,"H",0,0,"D",2.15,2.9,3.5,"0-0","1-0",12,3,7,3,4,2,0,0,4,3,17,11,1,7,28,"4-3","N","N","N",6,0,1,60,800,60,420,7,420
"1124","SP2",2025-09-13,"Valladolid","Almeria",3,1,"H",1,0,"H",2.45,3.3,2.63,"1-0","3-1",11,8,14,3,5,5,0,0,8,3,28,13,4,11,41,"8-3","Y","Y","Y",10,0,4,100,2500,400,1100,44,4400
"1125","SP2",2025-09-14,"Andorra","Cordoba",3,1,"H",2,1,"H",NA,NA,NA,"2-1","3-1",14,8,19,5,2,4,0,0,3,7,16,23,4,10,39,"3-7","Y","Y","Y",6,0,4,60,800,240,600,40,2400
"1126","SP2",2025-09-14,"Santander","Cultural Leonesa",2,4,"A",0,3,"A",1.45,4.1,6,"0-3","2-4",20,8,11,5,0,2,0,0,11,1,8,15,6,12,23,"11-1","Y","Y","Y",2,0,6,20,0,120,240,72,1440
"1127","SP2",2025-09-14,"Castellon","Ceuta",3,3,"D",2,1,"H",1.6,3.9,4.75,"2-1","3-3",15,7,10,5,3,5,0,1,10,6,11,12,6,16,23,"10-6","Y","Y","Y",8,1,6,105,2250,630,1680,96,10080
"1128","SP2",2025-09-14,"Sp Gijon","Burgos",2,3,"A",0,2,"A",1.95,3.1,3.8,"0-2","2-3",29,9,10,5,1,2,0,0,8,4,8,10,5,12,18,"8-4","Y","Y","Y",3,0,5,30,200,150,360,60,1800
"1129","SP2",2025-09-14,"Granada","Leganes",0,2,"A",0,1,"A",2.38,3,2.9,"0-1","0-2",13,4,5,3,2,3,0,0,5,1,12,18,2,6,30,"5-1","Y","N","N",5,0,2,50,600,100,300,12,600
"1130","SP2",2025-09-15,"Zaragoza","Albacete",0,0,"D",0,0,"D",2.05,3.3,3.3,"0-0","0-0",11,1,6,1,1,3,0,0,3,6,8,16,0,9,24,"3-6","N","N","N",4,0,0,40,300,0,360,0,0
"1131","SP2",2025-09-19,"La Coruna","Huesca",4,0,"H",3,0,"H",1.65,3.5,5,"3-0","4-0",16,6,6,0,1,2,0,0,6,3,14,9,4,9,23,"6-3","Y","Y","Y",3,0,4,30,200,120,270,36,1080
"1132","SP2",2025-09-20,"Cultural Leonesa","Castellon",1,3,"A",0,2,"A",2.75,3.5,2.25,"0-2","1-3",10,2,13,8,2,6,1,0,1,4,15,11,4,5,26,"1-4","Y","Y","Y",8,1,4,105,2700,420,525,20,2100
"1133","SP2",2025-09-20,"Andorra","Mirandes",1,1,"D",1,1,"D",NA,NA,NA,"1-1","1-1",18,6,7,2,2,5,0,0,8,4,15,22,2,12,37,"8-4","Y","N","N",7,0,2,70,1000,140,840,24,1680
"1134","SP2",2025-09-20,"Leganes","Las Palmas",0,1,"A",0,0,"D",2.3,3,3,"0-0","0-1",8,3,3,1,7,5,1,0,2,4,23,16,1,6,39,"2-4","N","N","N",12,1,1,145,4750,145,870,6,870
"1135","SP2",2025-09-20,"Almeria","Sp Gijon",2,1,"H",0,1,"A",1.7,3.6,4.33,"0-1","2-1",24,9,9,5,4,8,0,2,6,1,15,7,3,7,22,"6-1","Y","Y","N",12,2,3,170,5200,510,1190,21,3570
"1136","SP2",2025-09-21,"Ceuta","Zaragoza",1,0,"H",0,0,"D",2.45,3.13,2.75,"0-0","1-0",7,3,12,3,5,2,0,0,6,5,18,10,1,11,28,"6-5","N","N","N",7,0,1,70,1000,70,770,11,770
"1137","SP2",2025-09-21,"Albacete","Valladolid",2,0,"H",0,0,"D",2.88,3.3,2.25,"0-0","2-0",19,8,15,5,3,3,0,0,2,6,8,12,2,8,20,"2-6","Y","N","N",6,0,2,60,900,120,480,16,960
"1138","SP2",2025-09-21,"Eibar","Sociedad B",2,1,"H",1,0,"H",1.57,3.5,5.75,"1-0","2-1",12,5,16,4,2,2,0,0,2,3,14,18,3,5,32,"2-3","Y","Y","N",4,0,3,40,400,120,200,15,600
"1139","SP2",2025-09-21,"Malaga","Cadiz",0,1,"A",0,1,"A",2.5,2.9,2.8,"0-1","0-1",17,5,7,3,1,2,0,0,5,2,10,11,1,7,21,"5-2","N","N","N",3,0,1,30,200,30,210,7,210
"1140","SP2",2025-09-21,"Cordoba","Santander",2,2,"D",0,0,"D",2.25,3.5,2.75,"0-0","2-2",24,5,9,6,2,3,1,0,12,1,8,15,4,13,23,"12-1","Y","Y","Y",5,1,4,75,1350,300,975,52,3900
"1141","SP2",2025-09-22,"Burgos","Granada",1,1,"D",0,0,"D",2.15,3.1,3.3,"0-0","1-1",16,3,7,2,1,3,0,0,6,1,9,13,2,7,22,"6-1","Y","N","N",4,0,2,40,300,80,280,14,560
"1142","SP2",2025-09-26,"Mirandes","Zaragoza",0,1,"A",0,1,"A",2.63,3,2.63,"0-1","0-1",14,2,10,2,3,4,0,0,4,2,19,18,1,6,37,"4-2","N","N","N",7,0,1,70,1200,70,420,6,420
"1143","SP2",2025-09-27,"Eibar","La Coruna",1,1,"D",0,1,"A",2.5,3,2.75,"0-1","1-1",23,10,9,3,4,5,0,0,6,2,13,13,2,8,26,"6-2","Y","N","N",9,0,2,90,2000,180,720,16,1440
"1144","SP2",2025-09-27,"Santander","Andorra",1,2,"A",0,0,"D",NA,NA,NA,"0-0","1-2",18,6,14,4,3,3,0,0,15,3,11,17,3,18,28,"15-3","Y","Y","N",6,0,3,60,900,180,1080,54,3240
"1145","SP2",2025-09-27,"Las Palmas","Almeria",0,1,"A",0,1,"A",2.15,3.25,3.1,"0-1","0-1",9,3,13,2,2,4,1,1,5,1,12,17,1,6,29,"5-1","N","N","N",6,2,1,110,2925,110,660,6,660
"1146","SP2",2025-09-28,"Sociedad B","Cordoba",1,1,"D",1,0,"H",3.13,3.3,2.1,"1-0","1-1",10,5,13,3,4,5,0,0,8,5,23,19,2,13,42,"8-5","Y","N","N",9,0,2,90,2000,180,1170,26,2340
"1147","SP2",2025-09-28,"Burgos","Malaga",2,1,"H",1,1,"D",2.1,3,3.6,"1-1","2-1",7,3,6,2,5,4,0,1,0,3,13,17,3,3,30,"0-3","Y","Y","N",9,1,3,115,3250,345,345,9,1035
"1148","SP2",2025-09-28,"Cadiz","Ceuta",0,0,"D",0,0,"D",1.67,3.4,5,"0-0","0-0",9,3,11,3,2,2,0,0,1,1,10,16,0,2,26,"1-1","N","N","N",4,0,0,40,400,0,80,0,0
"1149","SP2",2025-09-28,"Sp Gijon","Albacete",3,4,"A",3,1,"H",1.95,3.4,3.5,"3-1","3-4",11,6,11,7,1,2,0,0,2,8,12,9,7,10,21,"2-8","Y","Y","Y",3,0,7,30,200,210,300,70,2100
"1150","SP2",2025-09-28,"Valladolid","Cultural Leonesa",0,1,"A",0,1,"A",1.44,4,6.5,"0-1","0-1",18,1,9,4,3,3,0,0,2,2,14,21,1,4,35,"2-2","N","N","N",6,0,1,60,900,60,240,4,240
"1151","SP2",2025-09-28,"Huesca","Granada",0,1,"A",0,1,"A",2.15,3,3.4,"0-1","0-1",15,2,9,3,1,1,0,0,13,2,12,12,1,15,24,"13-2","N","N","N",2,0,1,20,100,20,300,15,300
"1152","SP2",2025-09-29,"Leganes","Castellon",0,1,"A",0,1,"A",2.15,3.3,3.1,"0-1","0-1",7,0,10,1,4,2,0,0,6,2,18,20,1,8,38,"6-2","N","N","N",6,0,1,60,800,60,480,8,480
"1153","SP2",2025-10-03,"Ceuta","Eibar",1,0,"H",1,0,"H",2.75,3,2.5,"1-0","1-0",12,3,5,1,4,1,0,1,7,3,13,10,1,10,23,"7-3","N","N","N",5,1,1,75,1400,75,750,10,750
"1154","SP2",2025-10-04,"La Coruna","Almeria",1,1,"D",0,1,"A",2,3.5,3.25,"0-1","1-1",15,4,10,3,4,3,0,0,4,2,11,13,2,6,24,"4-2","Y","N","N",7,0,2,70,1200,140,420,12,840
"1155","SP2",2025-10-04,"Andorra","Leganes",1,2,"A",0,0,"D",2.25,3.13,3,"0-0","1-2",8,4,11,5,2,3,1,0,7,1,9,9,3,8,18,"7-1","Y","Y","N",5,1,3,75,1350,225,600,24,1800
"1156","SP2",2025-10-04,"Huesca","Burgos",2,1,"H",1,0,"H",2.4,2.7,3.25,"1-0","2-1",9,4,4,2,2,3,0,0,1,1,14,13,3,2,27,"1-1","Y","Y","N",5,0,3,50,600,150,100,6,300
"1157","SP2",2025-10-04,"Granada","Sociedad B",5,2,"H",5,1,"H",1.67,3.5,4.75,"5-1","5-2",13,5,14,8,2,4,0,0,2,5,18,18,7,7,36,"2-5","Y","Y","Y",6,0,7,60,800,420,420,49,2940
"1158","SP2",2025-10-05,"Zaragoza","Cordoba",0,1,"A",0,0,"D",2.3,3.2,2.9,"0-0","0-1",10,4,11,2,6,5,1,0,7,4,12,18,1,11,30,"7-4","N","N","N",11,1,1,135,4250,135,1485,11,1485
"1159","SP2",2025-10-05,"Castellon","Sp Gijon",3,1,"H",2,1,"H",1.83,3.6,3.7,"2-1","3-1",12,5,5,4,3,6,0,0,3,1,13,18,4,4,31,"3-1","Y","Y","Y",9,0,4,90,1800,360,360,16,1440
"1160","SP2",2025-10-05,"Santander","Malaga",3,0,"H",0,0,"D",1.83,3.5,3.8,"0-0","3-0",16,8,10,5,2,0,0,1,11,3,16,15,3,14,31,"11-3","Y","Y","N",2,1,3,45,500,135,630,42,1890
"1161","SP2",2025-10-05,"Valladolid","Mirandes",1,1,"D",0,1,"A",1.53,3.6,6,"0-1","1-1",22,5,10,2,0,1,0,0,14,2,9,11,2,16,20,"14-2","Y","N","N",1,0,2,10,0,20,160,32,320
"1162","SP2",2025-10-05,"Las Palmas","Cadiz",1,0,"H",0,0,"D",1.75,3.3,4.5,"0-0","1-0",14,1,8,3,1,4,0,0,6,5,11,18,1,11,29,"6-5","N","N","N",5,0,1,50,400,50,550,11,550
"1163","SP2",2025-10-06,"Cultural Leonesa","Albacete",0,0,"D",0,0,"D",2.55,3.2,2.55,"0-0","0-0",6,1,9,3,1,1,0,1,6,1,19,11,0,7,30,"6-1","N","N","N",2,1,0,45,350,0,315,0,0
"1164","SP2",2025-10-10,"Granada","Las Palmas",0,0,"D",0,0,"D",2.75,3,2.5,"0-0","0-0",11,1,9,1,1,1,0,0,7,7,18,10,0,14,28,"7-7","N","N","N",2,0,0,20,100,0,280,0,0
"1165","SP2",2025-10-11,"Mirandes","Leganes",0,0,"D",0,0,"D",3.13,2.9,2.3,"0-0","0-0",13,4,17,7,6,1,0,0,3,10,16,7,0,13,23,"3-10","N","N","N",7,0,0,70,600,0,910,0,0
"1166","SP2",2025-10-11,"Almeria","Zaragoza",4,2,"H",0,0,"D",1.6,3.7,5,"0-0","4-2",22,14,14,5,2,2,0,0,7,5,18,12,6,12,30,"7-5","Y","Y","Y",4,0,6,40,400,240,480,72,2880
"1167","SP2",2025-10-11,"Sociedad B","Andorra",3,0,"H",1,0,"H",2.88,3.2,2.3,"1-0","3-0",9,5,10,3,4,2,0,1,2,4,18,13,3,6,31,"2-4","Y","Y","N",6,1,3,85,1800,255,510,18,1530
"1168","SP2",2025-10-12,"Albacete","Ceuta",0,0,"D",0,0,"D",1.8,3.5,3.9,"0-0","0-0",13,4,3,1,1,3,0,0,6,3,8,17,0,9,25,"6-3","N","N","N",4,0,0,40,300,0,360,0,0
"1169","SP2",2025-10-12,"Eibar","Castellon",0,0,"D",0,0,"D",2.2,3.4,2.9,"0-0","0-0",7,0,16,5,1,4,0,0,1,7,13,6,0,8,19,"1-7","N","N","N",5,0,0,50,400,0,400,0,0
"1170","SP2",2025-10-12,"Sp Gijon","Santander",2,1,"H",1,0,"H",2,3.5,3.25,"1-0","2-1",9,4,13,3,1,5,1,1,4,6,16,13,3,10,29,"4-6","Y","Y","N",6,2,3,110,2625,330,1100,30,3300
"1171","SP2",2025-10-12,"Burgos","Valladolid",0,1,"A",0,0,"D",2.55,2.88,2.8,"0-0","0-1",7,1,11,3,6,7,0,0,2,2,16,28,1,4,44,"2-2","N","N","N",13,0,1,130,4200,130,520,4,520
"1172","SP2",2025-10-12,"Cadiz","Huesca",1,0,"H",0,0,"D",1.95,3,4,"0-0","1-0",11,2,9,1,2,3,0,0,13,2,12,12,1,15,24,"13-2","N","N","N",5,0,1,50,600,50,750,15,750
"1173","SP2",2025-10-12,"Malaga","La Coruna",3,0,"H",2,0,"H",3.1,3.1,2.2,"2-0","3-0",15,6,10,5,1,3,0,0,1,9,15,11,3,10,26,"1-9","Y","Y","N",4,0,3,40,300,120,400,30,1200
"1174","SP2",2025-10-13,"Cordoba","Cultural Leonesa",1,0,"H",1,0,"H",1.62,3.7,4.8,"1-0","1-0",19,5,15,5,4,2,0,0,4,6,19,13,1,10,32,"4-6","N","N","N",6,0,1,60,800,60,600,10,600
"1175","SP2",2025-10-17,"Andorra","Granada",0,0,"D",0,0,"D",2.1,3.2,3.25,"0-0","0-0",13,3,13,4,4,2,0,0,5,3,16,15,0,8,31,"5-3","N","N","N",6,0,0,60,800,0,480,0,0
"1176","SP2",2025-10-18,"Ceuta","Mirandes",2,0,"H",2,0,"H",1.9,3.2,3.9,"2-0","2-0",12,5,7,1,2,1,0,0,5,5,15,17,2,10,32,"5-5","Y","N","N",3,0,2,30,200,60,300,20,600
"1177","SP2",2025-10-18,"Zaragoza","Cultural Leonesa",0,5,"A",0,2,"A",1.65,3.4,5.25,"0-2","0-5",9,2,20,13,5,2,2,0,3,5,10,10,5,8,20,"3-5","Y","Y","Y",7,2,5,120,2000,600,960,40,4800
"1178","SP2",2025-10-19,"Leganes","Malaga",2,0,"H",1,0,"H",1.87,3.13,4.1,"1-0","2-0",15,8,14,5,1,0,0,0,7,5,9,7,2,12,16,"7-5","Y","N","N",1,0,2,10,0,20,120,24,240
"1179","SP2",2025-10-19,"Castellon","Albacete",0,1,"A",0,1,"A",1.67,3.8,4.33,"0-1","0-1",22,5,11,8,5,3,2,1,9,3,14,18,1,12,32,"9-3","N","N","N",8,3,1,155,5500,155,1860,12,1860
"1180","SP2",2025-10-19,"Valladolid","Sp Gijon",2,3,"A",1,1,"D",1.91,3.25,3.8,"1-1","2-3",17,5,7,5,0,3,0,0,5,1,12,9,5,6,21,"5-1","Y","Y","Y",3,0,5,30,0,150,180,30,900
"1181","SP2",2025-10-19,"Cordoba","Almeria",1,1,"D",1,1,"D",2.6,3.4,2.4,"1-1","1-1",14,5,13,4,2,2,0,0,3,2,17,11,2,5,28,"3-2","Y","N","N",4,0,2,40,400,80,200,10,400
"1182","SP2",2025-10-19,"Santander","La Coruna",2,1,"H",1,1,"D",2.38,3.5,2.6,"1-1","2-1",21,6,11,5,3,1,0,0,6,6,9,11,3,12,20,"6-6","Y","Y","N",4,0,3,40,300,120,480,36,1440
"1183","SP2",2025-10-19,"Las Palmas","Eibar",3,1,"H",1,0,"H",1.95,3,4,"1-0","3-1",11,9,9,2,2,1,0,0,1,5,16,17,4,6,33,"1-5","Y","Y","Y",3,0,4,30,200,120,180,24,720
"1184","SP2",2025-10-20,"Cadiz","Burgos",1,3,"A",1,2,"A",2.1,2.9,3.6,"1-2","1-3",9,3,13,4,3,4,0,0,1,4,14,19,4,5,33,"1-4","Y","Y","Y",7,0,4,70,1200,280,350,20,1400
"1185","SP2",2025-10-24,"Huesca","Las Palmas",1,1,"D",1,0,"H",2.75,2.7,2.75,"1-0","1-1",13,3,12,1,3,1,0,0,5,4,19,7,2,9,26,"5-4","Y","N","N",4,0,2,40,300,80,360,18,720
"1186","SP2",2025-10-25,"Cultural Leonesa","Ceuta",0,1,"A",0,1,"A",2.3,3.1,3,"0-1","0-1",15,2,5,1,3,1,0,0,8,2,15,11,1,10,26,"8-2","N","N","N",4,0,1,40,300,40,400,10,400
"1187","SP2",2025-10-25,"Albacete","Cordoba",1,3,"A",0,2,"A",2.2,3.4,2.88,"0-2","1-3",21,4,13,9,0,0,0,0,9,4,8,10,4,13,18,"9-4","Y","Y","Y",0,0,4,0,0,0,0,52,0
"1188","SP2",2025-10-25,"Eibar","Leganes",0,0,"D",0,0,"D",2.25,3,3.25,"0-0","0-0",12,3,9,3,2,5,0,0,7,2,13,10,0,9,23,"7-2","N","N","N",7,0,0,70,1000,0,630,0,0
"1189","SP2",2025-10-25,"Burgos","Sociedad B",1,0,"H",0,0,"D",1.7,3.25,5,"0-0","1-0",14,3,5,1,4,3,0,0,6,3,13,13,1,9,26,"6-3","N","N","N",7,0,1,70,1200,70,630,9,630
"1190","SP2",2025-10-25,"Granada","Cadiz",0,0,"D",0,0,"D",2.25,3,3.13,"0-0","0-0",18,1,11,1,1,2,0,0,8,4,7,17,0,12,24,"8-4","N","N","N",3,0,0,30,200,0,360,0,0
"1191","SP2",2025-10-25,"Mirandes","Santander",1,3,"A",1,1,"D",3.1,3.5,2.05,"1-1","1-3",14,3,16,7,5,2,0,0,5,4,28,15,4,9,43,"5-4","Y","Y","Y",7,0,4,70,1000,280,630,36,2520
"1192","SP2",2025-10-26,"Malaga","Andorra",4,1,"H",1,0,"H",2.15,3.2,3.1,"1-0","4-1",16,7,23,5,2,3,1,0,2,7,12,13,5,9,25,"2-7","Y","Y","Y",5,1,5,75,1350,375,675,45,3375
"1193","SP2",2025-10-26,"Almeria","Castellon",1,0,"H",0,0,"D",1.91,3.6,3.4,"0-0","1-0",15,4,9,4,1,2,0,0,6,3,11,11,1,9,22,"6-3","N","N","N",3,0,1,30,200,30,270,9,270
"1194","SP2",2025-10-26,"Sp Gijon","Zaragoza",1,0,"H",1,0,"H",1.75,3.4,4.33,"1-0","1-0",4,3,22,3,1,1,1,0,2,16,12,18,1,18,30,"2-16","N","N","N",2,1,1,45,350,45,810,18,810
"1195","SP2",2025-10-26,"La Coruna","Valladolid",1,1,"D",0,1,"A",1.95,3.3,3.6,"0-1","1-1",10,4,15,5,3,3,0,1,4,5,18,17,2,9,35,"4-5","Y","N","N",6,1,2,85,1650,170,765,18,1530
"1196","SP2",2025-10-31,"Santander","Sociedad B",1,0,"H",1,0,"H",1.5,4.1,5.5,"1-0","1-0",13,1,12,4,5,1,0,0,5,8,14,19,1,13,33,"5-8","N","N","N",6,0,1,60,500,60,780,13,780
"1197","SP2",2025-11-01,"Cultural Leonesa","Mirandes",3,2,"H",1,1,"D",2,3.13,3.6,"1-1","3-2",18,7,11,6,0,3,0,0,6,2,11,13,5,8,24,"6-2","Y","Y","Y",3,0,5,30,0,150,240,40,1200
"1198","SP2",2025-11-01,"Albacete","Huesca",2,1,"H",0,1,"A",2,3.13,3.6,"0-1","2-1",14,6,20,4,3,0,0,0,7,7,13,6,3,14,19,"7-7","Y","Y","N",3,0,3,30,0,90,420,42,1260
"1199","SP2",2025-11-01,"Leganes","Burgos",1,2,"A",1,2,"A",2.05,2.9,3.75,"1-2","1-2",13,3,6,2,3,3,0,0,9,4,17,17,3,13,34,"9-4","Y","Y","N",6,0,3,60,900,180,780,39,2340
"1200","SP2",2025-11-01,"Almeria","Eibar",3,1,"H",3,0,"H",1.7,3.5,4.5,"3-0","3-1",11,5,12,5,2,3,0,0,3,7,15,7,4,10,22,"3-7","Y","Y","Y",5,0,4,50,600,200,500,40,2000
"1201","SP2",2025-11-02,"Andorra","Cadiz",0,0,"D",0,0,"D",NA,NA,NA,"0-0","0-0",15,4,5,1,3,2,0,0,9,3,19,14,0,12,33,"9-3","N","N","N",5,0,0,50,600,0,600,0,0
"1202","SP2",2025-11-02,"Cordoba","Ceuta",2,0,"H",2,0,"H",NA,NA,NA,"2-0","2-0",12,4,12,2,2,4,0,0,4,5,18,17,2,9,35,"4-5","Y","N","N",6,0,2,60,800,120,540,18,1080
"1203","SP2",2025-11-02,"Sp Gijon","Las Palmas",0,0,"D",0,0,"D",NA,NA,NA,"0-0","0-0",5,1,8,2,2,2,0,0,2,3,21,12,0,5,33,"2-3","N","N","N",4,0,0,40,400,0,200,0,0
"1204","SP2",2025-11-02,"Castellon","Malaga",2,1,"H",0,0,"D",NA,NA,NA,"0-0","2-1",19,6,9,1,6,3,1,0,7,4,16,14,3,11,30,"7-4","Y","Y","N",9,1,3,115,2550,345,1265,33,3795
"1205","SP2",2025-11-02,"Zaragoza","La Coruna",0,2,"A",0,0,"D",NA,NA,NA,"0-0","0-2",13,3,14,6,1,1,0,0,2,8,21,10,2,10,31,"2-8","Y","N","N",2,0,2,20,100,40,200,20,400
"1206","SP2",2025-11-03,"Valladolid","Granada",2,1,"H",0,1,"A",1.83,3.25,4.1,"0-1","2-1",17,6,8,3,3,4,0,1,3,2,21,13,3,5,34,"3-2","Y","Y","N",7,1,3,95,1950,285,475,15,1425
"1207","SP2",2025-11-05,"Sociedad B","Huesca",2,0,"H",1,0,"H",2.9,2.88,2.5,"1-0","2-0",13,5,10,1,2,3,0,0,3,6,19,16,2,9,35,"3-6","Y","N","N",5,0,2,50,600,100,450,18,900
"1208","SP2",2025-11-07,"Mirandes","Sp Gijon",2,1,"H",0,1,"A",2.8,3,2.45,"0-1","2-1",20,9,7,2,4,2,0,0,4,4,11,10,3,8,21,"4-4","Y","Y","N",6,0,3,60,800,180,480,24,1440
"1209","SP2",2025-11-08,"Sociedad B","Leganes",2,1,"H",1,1,"D",3.4,3.1,2.1,"1-1","2-1",12,2,9,3,4,6,0,1,2,6,18,13,3,8,31,"2-6","Y","Y","N",10,1,3,125,3400,375,1000,24,3000
"1210","SP2",2025-11-08,"Eibar","Albacete",3,2,"H",0,1,"A",1.87,3.3,3.9,"0-1","3-2",22,8,17,9,1,3,0,0,4,3,15,11,5,7,26,"4-3","Y","Y","Y",4,0,5,40,300,200,280,35,1400
"1211","SP2",2025-11-08,"Huesca","Andorra",2,2,"D",0,2,"A",2.25,3.1,3,"0-2","2-2",10,5,20,3,1,5,0,0,1,3,23,21,4,4,44,"1-3","Y","Y","Y",6,0,4,60,500,240,240,16,960
"1212","SP2",2025-11-08,"La Coruna","Cultural Leonesa",3,0,"H",2,0,"H",1.5,4,5.5,"2-0","3-0",9,3,11,5,1,0,0,0,1,1,12,11,3,2,23,"1-1","Y","Y","N",1,0,3,10,0,30,20,6,60
"1213","SP2",2025-11-08,"Malaga","Cordoba",2,2,"D",0,0,"D",2.2,3.2,3.1,"0-0","2-2",11,7,15,6,3,3,0,1,2,2,17,22,4,4,39,"2-2","Y","Y","Y",6,1,4,85,1650,340,340,16,1360
"1214","SP2",2025-11-09,"Las Palmas","Santander",3,1,"H",3,1,"H",1.91,3.4,3.6,"3-1","3-1",16,7,9,2,5,1,1,0,5,5,18,14,4,10,32,"5-5","Y","Y","Y",6,1,4,85,750,340,850,40,3400
"1215","SP2",2025-11-09,"Granada","Zaragoza",3,1,"H",1,1,"D",1.93,3.2,3.8,"1-1","3-1",16,7,11,3,0,4,0,0,6,5,10,16,4,11,26,"6-5","Y","Y","Y",4,0,4,40,0,160,440,44,1760
"1216","SP2",2025-11-09,"Cadiz","Valladolid",0,0,"D",0,0,"D",2.7,3,2.55,"0-0","0-0",7,2,11,1,6,1,0,0,2,4,16,17,0,6,33,"2-4","N","N","N",7,0,0,70,600,0,420,0,0
"1217","SP2",2025-11-10,"Burgos","Castellon",0,0,"D",0,0,"D",2.45,3.13,2.7,"0-0","0-0",9,3,11,2,2,2,0,0,5,6,14,11,0,11,25,"5-6","N","N","N",4,0,0,40,400,0,440,0,0
"1218","SP2",2025-11-14,"Valladolid","Las Palmas",0,1,"A",0,1,"A",2.38,2.9,3,"0-1","0-1",22,4,11,4,3,2,0,0,10,1,23,12,1,11,35,"10-1","N","N","N",5,0,1,50,600,50,550,11,550
"1219","SP2",2025-11-15,"Albacete","Andorra",1,0,"H",0,0,"D",1.95,3.5,3.3,"0-0","1-0",17,6,17,6,1,1,0,0,4,2,9,8,1,6,17,"4-2","N","N","N",2,0,1,20,100,20,120,6,120
"1220","SP2",2025-11-15,"Castellon","Sociedad B",5,4,"H",1,1,"D",1.4,4.4,6.5,"1-1","5-4",23,8,19,9,3,1,0,0,14,1,9,13,9,15,22,"14-1","Y","Y","Y",4,0,9,40,300,360,600,135,5400
"1221","SP2",2025-11-15,"Santander","Granada",2,2,"D",2,0,"H",1.8,3.6,3.8,"2-0","2-2",13,5,13,5,5,5,0,0,7,4,8,17,4,11,25,"7-4","Y","Y","Y",10,0,4,100,2500,400,1100,44,4400
"1222","SP2",2025-11-16,"Ceuta","Leganes",1,2,"A",0,1,"A",2.38,3,2.9,"0-1","1-2",14,1,12,5,2,2,0,0,6,3,15,17,3,9,32,"6-3","Y","Y","N",4,0,3,40,400,120,360,27,1080
"1223","SP2",2025-11-16,"Almeria","Cadiz",3,0,"H",1,0,"H",1.6,3.75,5,"1-0","3-0",16,9,7,3,3,0,0,0,13,5,13,11,3,18,24,"13-5","Y","Y","N",3,0,3,30,0,90,540,54,1620
"1224","SP2",2025-11-16,"Sp Gijon","Eibar",1,1,"D",0,1,"A",2.15,3.1,3.25,"0-1","1-1",13,6,6,3,3,5,0,0,10,3,13,12,2,13,25,"10-3","Y","N","N",8,0,2,80,1500,160,1040,26,2080
"1225","SP2",2025-11-16,"Cordoba","La Coruna",1,3,"A",0,0,"D",2.3,3.3,2.8,"0-0","1-3",22,6,9,3,5,5,1,0,6,5,13,10,4,11,23,"6-5","Y","Y","Y",10,1,4,125,3750,500,1375,44,5500
"1226","SP2",2025-11-16,"Mirandes","Burgos",0,2,"A",0,0,"D",3.13,2.8,2.38,"0-0","0-2",12,2,6,4,4,1,0,0,7,4,21,12,2,11,33,"7-4","Y","N","N",5,0,2,50,400,100,550,22,1100
"1227","SP2",2025-11-16,"Zaragoza","Huesca",1,0,"H",1,0,"H",2.25,2.9,3.25,"1-0","1-0",6,2,8,2,4,1,1,0,5,3,9,9,1,8,18,"5-3","N","N","N",5,1,1,75,650,75,600,8,600
"1228","SP2",2025-11-17,"Cultural Leonesa","Malaga",1,0,"H",1,0,"H",2.25,3.13,3,"1-0","1-0",6,1,16,3,0,2,0,1,1,9,6,14,1,10,20,"1-9","N","N","N",2,1,1,45,0,45,450,10,450
"1229","SP2",2025-11-21,"Las Palmas","Albacete",2,1,"H",2,0,"H",1.7,3.4,4.75,"2-0","2-1",10,3,10,3,1,5,0,0,5,3,16,16,3,8,32,"5-3","Y","Y","N",6,0,3,60,500,180,480,24,1440
"1230","SP2",2025-11-22,"Andorra","Castellon",1,3,"A",0,1,"A",2.5,3.5,2.45,"0-1","1-3",10,4,16,6,2,2,0,0,2,4,14,13,4,6,27,"2-4","Y","Y","Y",4,0,4,40,400,160,240,24,960
"1231","SP2",2025-11-22,"Eibar","Zaragoza",1,2,"A",1,1,"D",1.73,3.3,4.6,"1-1","1-2",23,8,3,2,6,4,0,1,7,0,18,10,3,7,28,"7-0","Y","Y","N",10,1,3,125,3900,375,875,21,2625
"1232","SP2",2025-11-22,"Leganes","Almeria",0,3,"A",0,1,"A",2.8,3.13,2.38,"0-1","0-3",22,10,7,4,1,4,0,0,5,0,8,17,3,5,25,"5-0","Y","Y","N",5,0,3,50,400,150,250,15,750
"1233","SP2",2025-11-22,"Granada","Cordoba",1,1,"D",0,0,"D",2.1,3.25,3.2,"0-0","1-1",18,7,11,5,3,5,0,0,7,8,11,20,2,15,31,"7-8","Y","N","N",8,0,2,80,1500,160,1200,30,2400
"1234","SP2",2025-11-23,"La Coruna","Ceuta",2,1,"H",1,0,"H",1.62,3.6,5,"1-0","2-1",16,7,13,4,3,0,0,0,4,4,13,10,3,8,23,"4-4","Y","Y","N",3,0,3,30,0,90,240,24,720
"1235","SP2",2025-11-23,"Cadiz","Cultural Leonesa",1,2,"A",1,2,"A",1.91,3.13,4,"1-2","1-2",16,7,14,7,1,1,0,0,11,6,11,12,3,17,23,"11-6","Y","Y","N",2,0,3,20,100,60,340,51,1020
"1236","SP2",2025-11-23,"Huesca","Sp Gijon",2,0,"H",1,0,"H",2.75,2.88,2.6,"1-0","2-0",13,5,12,2,0,1,0,0,7,5,8,14,2,12,22,"7-5","Y","N","N",1,0,2,10,0,20,120,24,240
"1237","SP2",2025-11-23,"Burgos","Santander",0,2,"A",0,1,"A",2.4,3.13,2.8,"0-1","0-2",9,1,15,4,4,5,0,0,6,3,17,16,2,9,33,"6-3","Y","N","N",9,0,2,90,2000,180,810,18,1620
"1238","SP2",2025-11-23,"Malaga","Mirandes",3,2,"H",2,0,"H",1.75,3.3,4.5,"2-0","3-2",18,11,14,6,1,3,0,0,2,1,19,17,5,3,36,"2-1","Y","Y","Y",4,0,5,40,300,200,120,15,600
"1239","SP2",2025-11-24,"Sociedad B","Valladolid",1,0,"H",1,0,"H",3.5,3.2,2,"1-0","1-0",13,4,20,3,3,3,0,0,4,9,13,11,1,13,24,"4-9","N","N","N",6,0,1,60,900,60,780,13,780
"2292","T1",2025-08-08,"Gaziantep","Galatasaray",0,3,"A",0,3,"A",8,5,1.3,"0-3","0-3",5,2,15,5,2,4,1,0,1,4,14,15,3,5,29,"1-4","Y","Y","N",6,1,3,85,1800,255,425,15,1275
"2293","T1",2025-08-09,"Samsunspor","Genclerbirligi",2,1,"H",1,0,"H",1.7,3.6,4.4,"1-0","2-1",9,3,8,1,1,0,0,0,2,3,12,12,3,5,24,"2-3","Y","Y","N",1,0,3,10,0,30,50,15,150
"2294","T1",2025-08-09,"Antalyaspor","Kasimpasa",2,1,"H",2,1,"H",2.63,3.4,2.38,"2-1","2-1",16,6,10,2,3,4,0,0,3,3,12,21,3,6,33,"3-3","Y","Y","N",7,0,3,70,1200,210,420,18,1260
"2295","T1",2025-08-10,"Rizespor","Goztep",0,3,"A",0,0,"D",2.1,3.4,3.1,"0-0","0-3",13,1,17,4,2,1,0,0,3,5,9,14,3,8,23,"3-5","Y","Y","N",3,0,3,30,200,90,240,24,720
"2296","T1",2025-08-10,"Eyupspor","Konyaspor",1,4,"A",0,3,"A",2.3,3.25,2.88,"0-3","1-4",16,3,16,5,2,1,0,0,8,7,9,12,5,15,21,"8-7","Y","Y","Y",3,0,5,30,200,150,450,75,2250
"2297","T1",2025-08-11,"Trabzonspor","Kocaelispor",1,0,"H",0,0,"D",1.55,3.9,5.25,"0-0","1-0",11,1,12,2,2,0,0,0,3,5,9,16,1,8,25,"3-5","N","N","N",2,0,1,20,0,20,160,8,160
"2298","T1",2025-08-15,"Galatasaray","Karagumruk",3,0,"H",1,0,"H",1.13,7,15,"1-0","3-0",28,8,6,2,0,1,0,1,10,3,11,12,3,13,23,"10-3","Y","Y","N",1,1,3,35,0,105,455,39,1365
"2299","T1",2025-08-16,"Kocaelispor","Samsunspor",0,1,"A",0,0,"D",2.75,3.2,2.4,"0-0","0-1",13,5,13,5,2,2,1,0,4,7,10,16,1,11,26,"4-7","N","N","N",4,1,1,65,900,65,715,11,715
"2300","T1",2025-08-16,"Alanyaspor","Rizespor",0,0,"D",0,0,"D",2.15,3.4,3,"0-0","0-0",9,1,7,3,1,2,0,0,3,1,22,14,0,4,36,"3-1","N","N","N",3,0,0,30,200,0,120,0,0
"2301","T1",2025-08-16,"Goztep","Fenerbahce",0,0,"D",0,0,"D",4.1,3.75,1.7,"0-0","0-0",12,2,12,1,6,4,1,1,3,6,24,13,0,9,37,"3-6","N","N","N",10,2,0,150,5525,0,1350,0,0
"2302","T1",2025-08-17,"Genclerbirligi","Antalyaspor",0,1,"A",0,0,"D",2.5,3.2,2.6,"0-0","0-1",14,2,8,4,0,2,0,0,8,3,3,9,1,11,12,"8-3","N","N","N",2,0,1,20,0,20,220,11,220
"2303","T1",2025-08-17,"Konyaspor","Gaziantep",3,0,"H",1,0,"H",1.8,3.5,3.9,"1-0","3-0",15,7,17,1,3,3,0,0,2,6,17,11,3,8,28,"2-6","Y","Y","N",6,0,3,60,900,180,480,24,1440
"2304","T1",2025-08-17,"Besiktas","Eyupspor",2,1,"H",1,1,"D",1.4,4.5,6.5,"1-1","2-1",18,9,11,4,2,2,0,0,10,3,14,10,3,13,24,"10-3","Y","Y","N",4,0,3,40,400,120,520,39,1560
"2305","T1",2025-08-17,"Buyuksehyr","Kayserispor",1,1,"D",1,0,"H",1.55,4,5,"1-0","1-1",13,4,9,3,1,1,0,0,5,7,12,13,2,12,25,"5-7","Y","N","N",2,0,2,20,100,40,240,24,480
"2306","T1",2025-08-18,"Kasimpasa","Trabzonspor",0,1,"A",0,0,"D",2.6,3.5,2.38,"0-0","0-1",8,0,11,1,2,2,0,0,6,4,24,13,1,10,37,"6-4","N","N","N",4,0,1,40,400,40,400,10,400
"2307","T1",2025-08-22,"Karagumruk","Goztep",0,2,"A",0,1,"A",3.4,3.2,2.05,"0-1","0-2",11,2,16,7,2,2,0,0,4,6,13,19,2,10,32,"4-6","Y","N","N",4,0,2,40,400,80,400,20,800
"2308","T1",2025-08-23,"Fenerbahce","Kocaelispor",3,1,"H",1,1,"D",1.25,5.25,9.5,"1-1","3-1",21,7,7,1,1,3,0,0,6,0,12,15,4,6,27,"6-0","Y","Y","Y",4,0,4,40,300,160,240,24,960
"2309","T1",2025-08-23,"Gaziantep","Genclerbirligi",2,1,"H",1,1,"D",1.7,3.5,4.6,"1-1","2-1",25,4,7,3,3,6,0,1,10,4,12,18,3,14,30,"10-4","Y","Y","N",9,1,3,115,2550,345,1610,42,4830
"2310","T1",2025-08-24,"Trabzonspor","Antalyaspor",1,0,"H",1,0,"H",1.6,3.7,5,"1-0","1-0",17,6,7,4,1,2,0,0,5,5,12,13,1,10,25,"5-5","N","N","N",3,0,1,30,200,30,300,10,300
"2311","T1",2025-08-24,"Kayserispor","Galatasaray",0,4,"A",0,1,"A",8,5.25,1.29,"0-1","0-4",8,2,20,9,2,2,0,0,6,3,5,8,4,9,13,"6-3","Y","Y","Y",4,0,4,40,400,160,360,36,1440
"2312","T1",2025-08-25,"Eyupspor","Alanyaspor",2,1,"H",1,0,"H",2.4,3.25,2.7,"1-0","2-1",5,3,12,2,3,3,0,0,0,5,19,18,3,5,37,"0-5","Y","Y","N",6,0,3,60,900,180,300,15,900
"2313","T1",2025-08-29,"Goztep","Konyaspor",1,1,"D",0,0,"D",1.8,3.4,4.1,"0-0","1-1",18,8,10,2,2,2,0,0,5,6,17,4,2,11,21,"5-6","Y","N","N",4,0,2,40,400,80,440,22,880
"2314","T1",2025-08-30,"Kasimpasa","Gaziantep",2,3,"A",0,2,"A",1.83,3.75,3.6,"0-2","2-3",20,6,9,7,4,4,0,0,3,4,15,18,5,7,33,"3-4","Y","Y","Y",8,0,5,80,1600,400,560,35,2800
"2315","T1",2025-08-30,"Kocaelispor","Kayserispor",1,1,"D",0,0,"D",2.1,3.25,3.2,"0-0","1-1",10,4,12,2,3,2,0,0,4,7,12,13,2,11,25,"4-7","Y","N","N",5,0,2,50,600,100,550,22,1100
"2316","T1",2025-08-30,"Antalyaspor","Karagumruk",1,2,"A",1,1,"D",1.9,3.3,3.75,"1-1","1-2",9,6,17,6,0,2,0,0,7,4,15,14,3,11,29,"7-4","Y","Y","N",2,0,3,20,0,60,220,33,660
"2317","T1",2025-08-30,"Galatasaray","Rizespor",3,1,"H",1,0,"H",1.17,6.5,11.5,"1-0","3-1",16,7,9,4,1,4,0,0,5,2,11,9,4,7,20,"5-2","Y","Y","Y",5,0,4,50,400,200,350,28,1400
"2318","T1",2025-08-31,"Buyuksehyr","Eyupspor",0,0,"D",0,0,"D",2,3.4,3.3,"0-0","0-0",10,4,12,1,4,5,0,0,5,4,21,11,0,9,32,"5-4","N","N","N",9,0,0,90,2000,0,810,0,0
"2319","T1",2025-08-31,"Genclerbirligi","Fenerbahce",1,3,"A",0,3,"A",8,4.75,1.33,"0-3","1-3",9,3,13,3,1,0,0,0,3,3,9,15,4,6,24,"3-3","Y","Y","Y",1,0,4,10,0,40,60,24,240
"2320","T1",2025-08-31,"Alanyaspor","Besiktas",2,0,"H",1,0,"H",3.13,3.5,2.05,"1-0","2-0",9,3,15,4,1,3,0,0,2,6,7,18,2,8,25,"2-6","Y","N","N",4,0,2,40,300,80,320,16,640
"2321","T1",2025-08-31,"Trabzonspor","Samsunspor",1,1,"D",1,0,"H",1.73,3.5,4.33,"1-0","1-1",9,3,13,4,1,4,0,0,2,10,7,13,2,12,20,"2-10","Y","N","N",5,0,2,50,400,100,600,24,1200
"2322","T1",2025-09-13,"Eyupspor","Galatasaray",0,2,"A",0,0,"D",7.5,5,1.3,"0-0","0-2",9,2,21,9,2,1,0,0,6,6,9,12,2,12,21,"6-6","Y","N","N",3,0,2,30,200,60,360,24,720
"2323","T1",2025-09-13,"Karagumruk","Kasimpasa",0,1,"A",0,1,"A",2.8,3.3,2.3,"0-1","0-1",14,3,8,1,0,4,0,1,6,4,8,17,1,10,25,"6-4","N","N","N",4,1,1,65,0,65,650,10,650
"2324","T1",2025-09-13,"Samsunspor","Antalyaspor",1,2,"A",0,1,"A",1.75,3.4,4.4,"0-1","1-2",16,3,6,4,4,2,0,0,6,2,13,10,3,8,23,"6-2","Y","Y","N",6,0,3,60,800,180,480,24,1440
"2325","T1",2025-09-13,"Besiktas","Buyuksehyr",2,1,"H",0,0,"D",1.67,3.75,4.4,"0-0","2-1",21,6,11,4,3,4,1,1,10,5,12,7,3,15,19,"10-5","Y","Y","N",7,2,3,120,3575,360,1800,45,5400
"2326","T1",2025-09-13,"Konyaspor","Alanyaspor",1,2,"A",0,1,"A",2.1,3.2,3.25,"0-1","1-2",13,5,7,4,5,3,0,0,6,1,17,11,3,7,28,"6-1","Y","Y","N",8,0,3,80,1500,240,560,21,1680
"2327","T1",2025-09-14,"Kayserispor","Goztep",1,1,"D",0,0,"D",3.2,3.25,2.1,"0-0","1-1",8,6,13,7,4,1,0,0,3,7,12,17,2,10,29,"3-7","Y","N","N",5,0,2,50,400,100,500,20,1000
"2328","T1",2025-09-14,"Fenerbahce","Trabzonspor",1,0,"H",1,0,"H",1.4,4.4,6.5,"1-0","1-0",29,9,1,1,4,3,0,1,9,0,12,18,1,9,30,"9-0","N","N","N",7,1,1,95,2200,95,855,9,855
"2329","T1",2025-09-14,"Gaziantep","Kocaelispor",2,0,"H",0,0,"D",NA,NA,NA,"0-0","2-0",14,5,3,2,5,3,0,1,3,6,20,20,2,9,40,"3-6","Y","N","N",8,1,2,105,2750,210,945,18,1890
"2330","T1",2025-09-15,"Rizespor","Genclerbirligi",1,0,"H",0,0,"D",1.62,3.6,5,"0-0","1-0",15,5,15,4,4,2,0,0,4,7,22,14,1,11,36,"4-7","N","N","N",6,0,1,60,800,60,660,11,660
"2331","T1",2025-09-17,"Fenerbahce","Alanyaspor",2,2,"D",0,1,"A",1.25,5.25,9,"0-1","2-2",19,7,5,2,1,2,0,0,8,0,10,11,4,8,21,"8-0","Y","Y","Y",3,0,4,30,200,120,240,32,960
"2332","T1",2025-09-17,"Karagumruk","Buyuksehyr",0,2,"A",0,0,"D",3.7,3.4,1.9,"0-0","0-2",6,2,4,1,2,2,0,0,3,4,14,16,2,7,30,"3-4","Y","N","N",4,0,2,40,400,80,280,14,560
"2333","T1",2025-09-17,"Samsunspor","Kasimpasa",0,0,"D",0,0,"D",1.73,3.6,4.2,"0-0","0-0",10,3,17,4,4,3,0,0,5,4,15,15,0,9,30,"5-4","N","N","N",7,0,0,70,1200,0,630,0,0
"2334","T1",2025-09-19,"Goztep","Besiktas",3,0,"H",2,0,"H",2.2,3.25,3,"2-0","3-0",13,5,13,2,2,1,0,0,6,5,16,12,3,11,28,"6-5","Y","Y","N",3,0,3,30,200,90,330,33,990
"2335","T1",2025-09-20,"Genclerbirligi","Eyupspor",1,0,"H",1,0,"H",2.6,3.13,2.55,"1-0","1-0",11,4,20,2,3,2,0,0,2,4,18,14,1,6,32,"2-4","N","N","N",5,0,1,50,600,50,300,6,300
"2336","T1",2025-09-20,"Antalyaspor","Kayserispor",1,1,"D",0,0,"D",2.05,3.3,3.3,"0-0","1-1",13,6,14,4,3,3,0,0,10,4,12,18,2,14,30,"10-4","Y","N","N",6,0,2,60,900,120,840,28,1680
"2337","T1",2025-09-20,"Trabzonspor","Gaziantep",1,1,"D",0,1,"A",1.62,3.8,4.6,"0-1","1-1",27,6,4,1,2,4,0,0,4,5,12,17,2,9,29,"4-5","Y","N","N",6,0,2,60,800,120,540,18,1080
"2338","T1",2025-09-21,"Buyuksehyr","Alanyaspor",1,1,"D",1,0,"H",1.8,3.5,3.9,"1-0","1-1",13,5,13,6,3,3,0,0,7,4,21,14,2,11,35,"7-4","Y","N","N",6,0,2,60,900,120,660,22,1320
"2339","T1",2025-09-21,"Kocaelispor","Rizespor",1,1,"D",1,1,"D",2.45,3.3,2.6,"1-1","1-1",16,6,8,1,4,4,0,0,8,3,11,19,2,11,30,"8-3","Y","N","N",8,0,2,80,1600,160,880,22,1760
"2340","T1",2025-09-21,"Kasimpasa","Fenerbahce",1,1,"D",0,1,"A",6,4.2,1.44,"0-1","1-1",17,2,9,2,3,1,1,0,5,8,11,15,2,13,26,"5-8","Y","N","N",4,1,2,65,550,130,845,26,1690
"2341","T1",2025-09-21,"Samsunspor","Karagumruk",3,2,"H",0,1,"A",1.5,3.9,5.75,"0-1","3-2",14,5,11,3,2,2,0,0,6,5,16,9,5,11,25,"6-5","Y","Y","Y",4,0,5,40,400,200,440,55,2200
"2342","T1",2025-09-22,"Galatasaray","Konyaspor",3,1,"H",2,0,"H",1.2,6,10.5,"2-0","3-1",13,7,14,5,1,0,0,0,4,6,19,7,4,10,26,"4-6","Y","Y","Y",1,0,4,10,0,40,100,40,400
"2343","T1",2025-09-24,"Kayserispor","Besiktas",0,4,"A",0,3,"A",3.4,3.6,1.91,"0-3","0-4",6,2,13,9,4,2,0,0,4,5,17,14,4,9,31,"4-5","Y","Y","Y",6,0,4,60,800,240,540,36,2160
"2344","T1",2025-09-26,"Alanyaspor","Galatasaray",0,1,"A",0,1,"A",6,4.6,1.44,"0-1","0-1",22,8,7,2,2,1,0,0,6,0,14,16,1,6,30,"6-0","N","N","N",3,0,1,30,200,30,180,6,180
"2345","T1",2025-09-27,"Eyupspor","Goztep",0,0,"D",0,0,"D",4.1,3.5,1.75,"0-0","0-0",6,2,17,2,2,1,0,0,6,3,6,18,0,9,24,"6-3","N","N","N",3,0,0,30,200,0,270,0,0
"2346","T1",2025-09-27,"Gaziantep","Samsunspor",2,2,"D",1,2,"A",2.4,3.25,2.7,"1-2","2-2",30,7,9,3,3,6,0,1,13,7,4,22,4,20,26,"13-7","Y","Y","Y",9,1,4,115,2550,460,2300,80,9200
"2347","T1",2025-09-27,"Karagumruk","Trabzonspor",3,4,"A",1,3,"A",3.7,3.3,1.93,"1-3","3-4",13,3,22,11,4,1,0,0,1,7,18,13,7,8,31,"1-7","Y","Y","Y",5,0,7,50,400,350,400,56,2800
"2348","T1",2025-09-28,"Konyaspor","Buyuksehyr",2,1,"H",2,0,"H",2.15,3.25,3.1,"2-0","2-1",13,5,17,4,4,0,1,0,2,11,15,7,3,13,22,"2-11","Y","Y","N",4,1,3,65,0,195,845,39,2535
"2349","T1",2025-09-28,"Rizespor","Kasimpasa",1,2,"A",0,1,"A",1.91,3.5,3.5,"0-1","1-2",13,2,8,2,1,2,0,0,1,4,8,17,3,5,25,"1-4","Y","Y","N",3,0,3,30,200,90,150,15,450
"2350","T1",2025-09-28,"Fenerbahce","Antalyaspor",2,0,"H",0,0,"D",1.17,6,13,"0-0","2-0",19,11,4,2,4,6,0,0,5,3,19,14,2,8,33,"5-3","Y","N","N",10,0,2,100,2400,200,800,16,1600
"2351","T1",2025-09-28,"Kayserispor","Genclerbirligi",1,1,"D",0,1,"A",2,3.4,3.3,"0-1","1-1",23,6,2,1,4,3,0,2,10,0,16,16,2,10,32,"10-0","Y","N","N",7,2,2,120,3200,240,1200,20,2400
"2352","T1",2025-09-29,"Besiktas","Kocaelispor",3,1,"H",2,0,"H",1.36,4.4,7,"2-0","3-1",13,6,6,1,1,4,0,0,3,6,18,14,4,9,32,"3-6","Y","Y","Y",5,0,4,50,400,200,450,36,1800
"2353","T1",2025-10-03,"Antalyaspor","Rizespor",2,5,"A",1,2,"A",2.8,3.25,2.45,"1-2","2-5",15,7,14,7,3,4,1,0,6,2,10,16,7,8,26,"6-2","Y","Y","Y",7,1,7,95,2200,665,760,56,5320
"2354","T1",2025-10-03,"Trabzonspor","Kayserispor",4,0,"H",1,0,"H",1.4,4.6,7,"1-0","4-0",25,12,17,7,0,2,0,0,6,2,15,14,4,8,29,"6-2","Y","Y","Y",2,0,4,20,0,80,160,32,640
"2355","T1",2025-10-04,"Genclerbirligi","Alanyaspor",2,2,"D",0,1,"A",2.9,3.2,2.3,"0-1","2-2",12,7,12,6,2,3,0,0,7,5,15,17,4,12,32,"7-5","Y","Y","Y",5,0,4,50,600,200,600,48,2400
"2356","T1",2025-10-04,"Kocaelispor","Eyupspor",1,0,"H",0,0,"D",2.1,3.25,3.2,"0-0","1-0",9,4,13,7,3,3,0,0,3,3,18,17,1,6,35,"3-3","N","N","N",6,0,1,60,900,60,360,6,360
"2357","T1",2025-10-04,"Galatasaray","Besiktas",1,1,"D",0,1,"A",1.55,4.2,4.75,"0-1","1-1",14,2,11,5,1,6,1,0,4,8,7,16,2,12,23,"4-8","Y","N","N",7,1,2,95,2100,190,1140,24,2280
"2358","T1",2025-10-05,"Kasimpasa","Konyaspor",1,1,"D",0,1,"A",2.45,3.3,2.6,"0-1","1-1",10,2,7,6,2,3,0,0,5,3,14,11,2,8,25,"5-3","Y","N","N",5,0,2,50,600,100,400,16,800
"2359","T1",2025-10-05,"Karagumruk","Gaziantep",0,2,"A",0,0,"D",NA,NA,NA,"0-0","0-2",13,4,17,8,1,4,0,0,5,2,22,15,2,7,37,"5-2","Y","N","N",5,0,2,50,400,100,350,14,700
"2360","T1",2025-10-05,"Goztep","Buyuksehyr",1,0,"H",1,0,"H",1.8,3.4,4.1,"1-0","1-0",9,2,11,3,2,3,0,0,6,5,22,11,1,11,33,"6-5","N","N","N",5,0,1,50,600,50,550,11,550
"2361","T1",2025-10-05,"Samsunspor","Fenerbahce",0,0,"D",0,0,"D",4.75,3.7,1.62,"0-0","0-0",12,4,6,1,0,3,0,0,6,5,13,15,0,11,28,"6-5","N","N","N",3,0,0,30,0,0,330,0,0
"2362","T1",2025-10-18,"Konyaspor","Kocaelispor",2,3,"A",0,1,"A",1.87,3.4,3.75,"0-1","2-3",12,3,7,3,4,5,0,0,3,4,15,20,5,7,35,"3-4","Y","Y","Y",9,0,5,90,2000,450,630,35,3150
"2363","T1",2025-10-18,"Besiktas","Genclerbirligi",1,2,"A",0,0,"D",1.22,5.75,9.5,"0-0","1-2",11,4,6,2,2,4,0,0,5,4,21,14,3,9,35,"5-4","Y","Y","N",6,0,3,60,800,180,540,27,1620
"2364","T1",2025-10-18,"Rizespor","Trabzonspor",1,2,"A",1,2,"A",2.63,3.4,2.38,"1-2","1-2",22,3,8,5,3,0,0,0,7,0,18,8,3,7,26,"7-0","Y","Y","N",3,0,3,30,0,90,210,21,630
"2365","T1",2025-10-18,"Buyuksehyr","Galatasaray",1,2,"A",0,1,"A",4.8,4,1.55,"0-1","1-2",5,2,16,5,2,5,0,0,2,4,16,10,3,6,26,"2-4","Y","Y","N",7,0,3,70,1000,210,420,18,1260
"2366","T1",2025-10-19,"Kayserispor","Samsunspor",1,3,"A",0,1,"A",2.88,3.3,2.25,"0-1","1-3",14,3,13,5,2,3,0,0,7,5,13,11,4,12,24,"7-5","Y","Y","Y",5,0,4,50,600,200,600,48,2400
"2367","T1",2025-10-19,"Alanyaspor","Goztep",1,0,"H",0,0,"D",2.8,3.1,2.4,"0-0","1-0",15,5,11,6,3,5,0,0,8,4,5,13,1,12,18,"8-4","N","N","N",8,0,1,80,1500,80,960,12,960
"2368","T1",2025-10-19,"Gaziantep","Antalyaspor",3,2,"H",3,0,"H",NA,NA,NA,"3-0","3-2",22,8,7,4,5,6,0,0,6,5,11,15,5,11,26,"6-5","Y","Y","Y",11,0,5,110,3000,550,1210,55,6050
"2369","T1",2025-10-19,"Fenerbahce","Karagumruk",2,1,"H",2,0,"H",1.15,6.5,13,"2-0","2-1",21,8,16,6,2,5,0,1,6,6,10,19,3,12,29,"6-6","Y","Y","N",7,1,3,95,1500,285,1140,36,3420
"2370","T1",2025-10-20,"Eyupspor","Kasimpasa",2,0,"H",1,0,"H",2.25,3.2,3,"1-0","2-0",17,10,9,3,1,1,0,0,8,10,6,9,2,18,15,"8-10","Y","N","N",2,0,2,20,100,40,360,36,720
"2371","T1",2025-10-22,"Konyaspor","Besiktas",0,2,"A",0,1,"A",3,3.4,2.15,"0-1","0-2",22,3,9,4,1,3,0,0,17,3,7,16,2,20,23,"17-3","Y","N","N",4,0,2,40,300,80,800,40,1600
"2372","T1",2025-10-22,"Rizespor","Buyuksehyr",0,0,"D",0,0,"D",2.25,3.3,2.88,"0-0","0-0",14,4,15,4,3,2,0,0,5,5,16,11,0,10,27,"5-5","N","N","N",5,0,0,50,600,0,500,0,0
"2373","T1",2025-10-24,"Karagumruk","Kayserispor",2,2,"D",1,0,"H",2.1,3.5,3.1,"1-0","2-2",10,3,14,10,2,4,0,1,1,7,16,21,4,8,37,"1-7","Y","Y","Y",6,1,4,85,1300,340,680,32,2720
"2374","T1",2025-10-25,"Kocaelispor","Alanyaspor",2,0,"H",0,0,"D",2.3,3.2,2.88,"0-0","2-0",14,5,9,1,0,0,0,0,4,2,16,8,2,6,24,"4-2","Y","N","N",0,0,2,0,0,0,0,12,0
"2375","T1",2025-10-25,"Trabzonspor","Eyupspor",2,0,"H",1,0,"H",1.53,3.8,5.5,"1-0","2-0",13,6,10,4,4,1,0,0,8,3,18,12,2,11,30,"8-3","Y","N","N",5,0,2,50,400,100,550,22,1100
"2376","T1",2025-10-26,"Antalyaspor","Buyuksehyr",0,4,"A",0,2,"A",2.9,3.25,2.25,"0-2","0-4",10,4,19,9,3,2,1,0,3,8,10,15,4,11,25,"3-8","Y","Y","Y",5,1,4,75,1100,300,825,44,3300
"2377","T1",2025-10-26,"Galatasaray","Goztep",3,1,"H",1,1,"D",1.4,4.4,6.5,"1-1","3-1",27,13,5,3,1,2,0,1,8,2,8,12,4,10,20,"8-2","Y","Y","Y",3,1,4,55,450,220,550,40,2200
"2378","T1",2025-10-26,"Genclerbirligi","Konyaspor",1,2,"A",1,1,"D",3.13,3.3,2.1,"1-1","1-2",15,2,16,6,4,3,1,0,6,5,11,17,3,11,28,"6-5","Y","Y","N",7,1,3,95,1950,285,1045,33,3135
"2379","T1",2025-10-26,"Kasimpasa","Besiktas",1,1,"D",1,1,"D",4.1,3.7,1.73,"1-1","1-1",12,4,20,6,1,2,0,0,8,0,14,10,2,8,24,"8-0","Y","N","N",3,0,2,30,200,60,240,16,480
"2380","T1",2025-10-27,"Gaziantep","Fenerbahce",0,4,"A",0,2,"A",NA,NA,NA,"0-2","0-4",8,5,20,13,2,5,1,0,6,4,12,15,4,10,27,"6-4","Y","Y","Y",7,1,4,95,2250,380,950,40,3800
"2381","T1",2025-10-27,"Samsunspor","Rizespor",1,1,"D",1,1,"D",1.87,3.4,3.75,"1-1","1-1",26,7,8,1,0,2,0,0,7,4,9,14,2,11,23,"7-4","Y","N","N",2,0,2,20,0,40,220,22,440
"2382","T1",2025-10-31,"Buyuksehyr","Kocaelispor",1,0,"H",0,0,"D",1.75,3.5,4.2,"0-0","1-0",16,4,11,6,2,2,0,0,6,5,12,18,1,11,30,"6-5","N","N","N",4,0,1,40,400,40,440,11,440
"2383","T1",2025-11-01,"Goztep","Genclerbirligi",1,0,"H",1,0,"H",1.44,4,6.5,"1-0","1-0",15,3,13,3,0,1,0,0,6,3,14,10,1,9,24,"6-3","N","N","N",1,0,1,10,0,10,90,9,90
"2384","T1",2025-11-01,"Galatasaray","Trabzonspor",0,0,"D",0,0,"D",1.36,4.8,6.5,"0-0","0-0",23,5,9,2,0,1,0,1,8,4,12,9,0,12,21,"8-4","N","N","N",1,1,0,35,0,0,420,0,0
"2385","T1",2025-11-02,"Konyaspor","Samsunspor",1,3,"A",0,2,"A",NA,NA,NA,"0-2","1-3",23,7,12,3,1,2,0,0,9,5,10,12,4,14,22,"9-5","Y","Y","Y",3,0,4,30,200,120,420,56,1680
"2386","T1",2025-11-02,"Kayserispor","Kasimpasa",3,2,"H",2,1,"H",NA,NA,NA,"2-1","3-2",11,3,11,4,3,1,0,0,4,6,12,15,5,10,27,"4-6","Y","Y","Y",4,0,5,40,300,200,400,50,2000
"2387","T1",2025-11-02,"Besiktas","Fenerbahce",2,3,"A",2,2,"D",NA,NA,NA,"2-2","2-3",9,3,23,11,1,5,1,0,1,6,8,17,5,7,25,"1-6","Y","Y","Y",6,1,5,85,1750,425,595,35,2975
"2388","T1",2025-11-03,"Alanyaspor","Gaziantep",0,0,"D",0,0,"D",NA,NA,NA,"0-0","0-0",8,3,13,3,3,0,0,0,4,4,10,13,0,8,23,"4-4","N","N","N",3,0,0,30,0,0,240,0,0
"2389","T1",2025-11-03,"Eyupspor","Antalyaspor",0,1,"A",0,0,"D",1.8,3.4,4.1,"0-0","0-1",15,5,7,1,2,2,0,0,5,2,8,9,1,7,17,"5-2","N","N","N",4,0,1,40,400,40,280,7,280
"2390","T1",2025-11-03,"Rizespor","Karagumruk",1,0,"H",0,0,"D",1.67,3.7,4.5,"0-0","1-0",13,4,14,0,3,3,0,0,4,4,14,13,1,8,27,"4-4","N","N","N",6,0,1,60,900,60,480,8,480
"2391","T1",2025-11-07,"Genclerbirligi","Buyuksehyr",2,1,"H",1,0,"H",3,3.4,2.25,"1-0","2-1",15,7,19,3,2,3,0,0,4,9,20,8,3,13,28,"4-9","Y","Y","N",5,0,3,50,600,150,650,39,1950
"2392","T1",2025-11-08,"Gaziantep","Rizespor",2,2,"D",1,1,"D",2.1,3.4,3.13,"1-1","2-2",15,9,11,3,2,2,0,0,3,2,14,15,4,5,29,"3-2","Y","Y","Y",4,0,4,40,400,160,200,20,800
"2393","T1",2025-11-08,"Trabzonspor","Alanyaspor",1,1,"D",1,0,"H",1.62,3.7,4.8,"1-0","1-1",16,3,24,3,1,3,0,0,1,7,13,10,2,8,23,"1-7","Y","N","N",4,0,2,40,300,80,320,16,640
"2394","T1",2025-11-08,"Antalyaspor","Besiktas",1,3,"A",0,2,"A",5,4,1.55,"0-2","1-3",5,1,13,5,3,1,0,0,3,3,13,18,4,6,31,"3-3","Y","Y","Y",4,0,4,40,300,160,240,24,960
"2395","T1",2025-11-08,"Kasimpasa","Goztep",0,2,"A",0,0,"D",3.3,3.25,2.05,"0-0","0-2",12,3,15,3,1,3,0,0,5,2,7,24,2,7,31,"5-2","Y","N","N",4,0,2,40,300,80,280,14,560
"2396","T1",2025-11-09,"Karagumruk","Konyaspor",2,0,"H",2,0,"H",3,3.4,2.15,"2-0","2-0",10,4,12,3,2,2,0,0,4,7,17,11,2,11,28,"4-7","Y","N","N",4,0,2,40,400,80,440,22,880
"2397","T1",2025-11-09,"Kocaelispor","Galatasaray",1,0,"H",1,0,"H",6.5,4.5,1.4,"1-0","1-0",9,3,12,3,2,1,0,0,1,7,13,9,1,8,22,"1-7","N","N","N",3,0,1,30,200,30,240,8,240
"2398","T1",2025-11-09,"Fenerbahce","Kayserispor",4,2,"H",2,0,"H",1.14,7,13,"2-0","4-2",28,9,5,3,1,3,0,0,8,2,13,7,6,10,20,"8-2","Y","Y","Y",4,0,6,40,300,240,400,60,2400
"2399","T1",2025-11-09,"Samsunspor","Eyupspor",1,0,"H",0,0,"D",1.7,3.6,4.4,"0-0","1-0",17,7,2,1,2,3,0,0,14,0,19,13,1,14,32,"14-0","N","N","N",5,0,1,50,600,50,700,14,700
"2400","T1",2025-11-22,"Kayserispor","Gaziantep",0,3,"A",0,2,"A",2.45,3.5,2.5,"0-2","0-3",15,1,6,3,1,1,0,0,3,0,14,11,3,3,25,"3-0","Y","Y","N",2,0,3,20,100,60,60,9,180
"2401","T1",2025-11-22,"Eyupspor","Karagumruk",1,1,"D",0,0,"D",1.8,3.5,3.9,"0-0","1-1",12,4,9,2,1,2,0,0,5,6,16,18,2,11,34,"5-6","Y","N","N",3,0,2,30,200,60,330,22,660
"2402","T1",2025-11-22,"Galatasaray","Genclerbirligi",3,2,"H",0,1,"A",1.13,7,15,"0-1","3-2",28,9,11,5,3,3,1,1,4,2,11,6,5,6,17,"4-2","Y","Y","Y",6,2,5,110,3025,550,660,30,3300
"2403","T1",2025-11-23,"Goztep","Kocaelispor",0,0,"D",0,0,"D",1.65,3.5,5,"0-0","0-0",8,0,10,3,2,4,0,0,4,6,16,7,0,10,23,"4-6","N","N","N",6,0,0,60,800,0,600,0,0
"2404","T1",2025-11-23,"Alanyaspor","Kasimpasa",1,2,"A",1,0,"H",1.8,3.5,3.9,"1-0","1-2",17,6,9,4,1,2,0,0,13,1,9,16,3,14,25,"13-1","Y","Y","N",3,0,3,30,200,90,420,42,1260
"2405","T1",2025-11-23,"Besiktas","Samsunspor",1,1,"D",0,0,"D",1.85,3.5,3.7,"0-0","1-1",14,2,14,6,2,2,0,0,4,3,10,17,2,7,27,"4-3","Y","N","N",4,0,2,40,400,80,280,14,560
"2406","T1",2025-11-23,"Rizespor","Fenerbahce",2,5,"A",2,0,"H",5.5,4.1,1.5,"2-0","2-5",6,2,28,14,3,1,1,0,5,9,16,6,7,14,22,"5-9","Y","Y","Y",4,1,7,65,550,455,910,98,6370
"2407","T1",2025-11-24,"Buyuksehyr","Trabzonspor",3,4,"A",2,1,"H",2.5,3.3,2.55,"2-1","3-4",9,3,22,12,2,2,1,0,1,10,15,11,7,11,26,"1-10","Y","Y","Y",4,1,7,65,900,455,715,77,5005
"2408","T1",2025-11-24,"Konyaspor","Antalyaspor",0,0,"D",0,0,"D",1.65,3.7,4.6,"0-0","0-0",12,1,4,0,1,2,0,0,10,2,15,8,0,12,23,"10-2","N","N","N",3,0,0,30,200,0,360,0,0
